                                                                        S0000001
,,31HOpen CASCADE IGES processor 7.9,13HFilename.iges,                  G0000001
16HOpen CASCADE 7.9,31HOpen CASCADE IGES processor 7.9,32,308,15,308,15,G0000002
,1.,2,2HMM,1,0.01,15H20261004.214557,1E-07,20.002098,7Hjiayuxu,,11,0,   G0000003
15H20261004.214557,;                                                    G0000004
     186       1       0       0       0       0       0       000000000D0000001
     186       0       0       1       0                               0D0000002
     514       2       0       0       0       0       0       000010000D0000003
     514       0       0       4       1                               0D0000004
     510       6       0       0       0       0       0       000010000D0000005
     510       0       0       1       1                               0D0000006
     190       7       0       0       0       0       0       000010000D0000007
     190       0       0       1       1                               0D0000008
     116       8       0       0       0       0       0       000010400D0000009
     116       0       0       1       0                               0D0000010
     123       9       0       0       0       0       0       000010200D0000011
     123       0       0       1       0                               0D0000012
     123      10       0       0       0       0       0       000010200D0000013
     123       0       0       1       0                               0D0000014
     508      11       0       0       0       0       0       000010000D0000015
     508       0       0       1       1                               0D0000016
     504      12       0       0       0       0       0       000010001D0000017
     504       0       0      24       1                               0D0000018
     110      36       0       0       0       0       0       000010000D0000019
     110       0       0       1       0                               0D0000020
     502      37       0       0       0       0       0       000010000D0000021
     502       0       0      15       1                               0D0000022
     110      52       0       0       0       0       0       000010000D0000023
     110       0       0       1       0                               0D0000024
     110      53       0       0       0       0       0       000010000D0000025
     110       0       0       1       0                               0D0000026
     110      54       0       0       0       0       0       000010000D0000027
     110       0       0       1       0                               0D0000028
     100      55       0       0       0       0      31       000010000D0000029
     100       0       0       1       0                               0D0000030
     124      56       0       0       0       0       0       000000000D0000031
     124       0       0       2       0                               0D0000032
     110      58       0       0       0       0       0       000010000D0000033
     110       0       0       1       0                               0D0000034
     100      59       0       0       0       0      37       000010000D0000035
     100       0       0       1       0                               0D0000036
     124      60       0       0       0       0       0       000000000D0000037
     124       0       0       2       0                               0D0000038
     110      62       0       0       0       0       0       000010000D0000039
     110       0       0       1       0                               0D0000040
     110      63       0       0       0       0       0       000010000D0000041
     110       0       0       1       0                               0D0000042
     100      64       0       0       0       0      45       000010000D0000043
     100       0       0       1       0                               0D0000044
     124      65       0       0       0       0       0       000000000D0000045
     124       0       0       1       0                               0D0000046
     110      66       0       0       0       0       0       000010000D0000047
     110       0       0       1       0                               0D0000048
     100      67       0       0       0       0      51       000010000D0000049
     100       0       0       1       0                               0D0000050
     124      68       0       0       0       0       0       000000000D0000051
     124       0       0       1       0                               0D0000052
     100      69       0       0       0       0      55       000010000D0000053
     100       0       0       1       0                               0D0000054
     124      70       0       0       0       0       0       000000000D0000055
     124       0       0       2       0                               0D0000056
     110      72       0       0       0       0       0       000010000D0000057
     110       0       0       1       0                               0D0000058
     100      73       0       0       0       0      61       000010000D0000059
     100       0       0       1       0                               0D0000060
     124      74       0       0       0       0       0       000000000D0000061
     124       0       0       2       0                               0D0000062
     110      76       0       0       0       0       0       000010000D0000063
     110       0       0       1       0                               0D0000064
     110      77       0       0       0       0       0       000010000D0000065
     110       0       0       1       0                               0D0000066
     110      78       0       0       0       0       0       000010000D0000067
     110       0       0       1       0                               0D0000068
     110      79       0       0       0       0       0       000010000D0000069
     110       0       0       1       0                               0D0000070
     110      80       0       0       0       0       0       000010000D0000071
     110       0       0       1       0                               0D0000072
     100      81       0       0       0       0      75       000010000D0000073
     100       0       0       1       0                               0D0000074
     124      82       0       0       0       0       0       000000000D0000075
     124       0       0       1       0                               0D0000076
     110      83       0       0       0       0       0       000010000D0000077
     110       0       0       1       0                               0D0000078
     100      84       0       0       0       0      81       000010000D0000079
     100       0       0       1       0                               0D0000080
     124      85       0       0       0       0       0       000000000D0000081
     124       0       0       1       0                               0D0000082
     110      86       0       0       0       0       0       000010000D0000083
     110       0       0       1       0                               0D0000084
     100      87       0       0       0       0      87       000010000D0000085
     100       0       0       1       0                               0D0000086
     124      88       0       0       0       0       0       000000000D0000087
     124       0       0       1       0                               0D0000088
     110      89       0       0       0       0       0       000010000D0000089
     110       0       0       1       0                               0D0000090
     100      90       0       0       0       0      93       000010000D0000091
     100       0       0       1       0                               0D0000092
     124      91       0       0       0       0       0       000000000D0000093
     124       0       0       1       0                               0D0000094
     110      92       0       0       0       0       0       000010000D0000095
     110       0       0       1       0                               0D0000096
     100      93       0       0       0       0      99       000010000D0000097
     100       0       0       1       0                               0D0000098
     124      94       0       0       0       0       0       000000000D0000099
     124       0       0       2       0                               0D0000100
     110      96       0       0       0       0       0       000010000D0000101
     110       0       0       1       0                               0D0000102
     100      97       0       0       0       0     105       000010000D0000103
     100       0       0       1       0                               0D0000104
     124      98       0       0       0       0       0       000000000D0000105
     124       0       0       2       0                               0D0000106
     110     100       0       0       0       0       0       000010000D0000107
     110       0       0       1       0                               0D0000108
     110     101       0       0       0       0       0       000010000D0000109
     110       0       0       1       0                               0D0000110
     110     102       0       0       0       0       0       000010000D0000111
     110       0       0       1       0                               0D0000112
     110     103       0       0       0       0       0       000010000D0000113
     110       0       0       1       0                               0D0000114
     110     104       0       0       0       0       0       000010000D0000115
     110       0       0       1       0                               0D0000116
     110     105       0       0       0       0       0       000010000D0000117
     110       0       0       1       0                               0D0000118
     110     106       0       0       0       0       0       000010000D0000119
     110       0       0       1       0                               0D0000120
     110     107       0       0       0       0       0       000010000D0000121
     110       0       0       1       0                               0D0000122
     110     108       0       0       0       0       0       000010000D0000123
     110       0       0       1       0                               0D0000124
     110     109       0       0       0       0       0       000010000D0000125
     110       0       0       1       0                               0D0000126
     110     110       0       0       0       0       0       000010000D0000127
     110       0       0       1       0                               0D0000128
     100     111       0       0       0       0     131       000010000D0000129
     100       0       0       1       0                               0D0000130
     124     112       0       0       0       0       0       000000000D0000131
     124       0       0       2       0                               0D0000132
     110     114       0       0       0       0       0       000010000D0000133
     110       0       0       1       0                               0D0000134
     110     115       0       0       0       0       0       000010000D0000135
     110       0       0       1       0                               0D0000136
     100     116       0       0       0       0     139       000010000D0000137
     100       0       0       1       0                               0D0000138
     124     117       0       0       0       0       0       000000000D0000139
     124       0       0       2       0                               0D0000140
     110     119       0       0       0       0       0       000010000D0000141
     110       0       0       1       0                               0D0000142
     110     120       0       0       0       0       0       000010000D0000143
     110       0       0       1       0                               0D0000144
     110     121       0       0       0       0       0       000010000D0000145
     110       0       0       1       0                               0D0000146
     110     122       0       0       0       0       0       000010000D0000147
     110       0       0       1       0                               0D0000148
     110     123       0       0       0       0       0       000010000D0000149
     110       0       0       1       0                               0D0000150
     100     124       0       0       0       0     153       000010000D0000151
     100       0       0       1       0                               0D0000152
     124     125       0       0       0       0       0       000000000D0000153
     124       0       0       1       0                               0D0000154
     110     126       0       0       0       0       0       000010000D0000155
     110       0       0       1       0                               0D0000156
     100     127       0       0       0       0     159       000010000D0000157
     100       0       0       1       0                               0D0000158
     124     128       0       0       0       0       0       000000000D0000159
     124       0       0       1       0                               0D0000160
     110     129       0       0       0       0       0       000010000D0000161
     110       0       0       1       0                               0D0000162
     110     130       0       0       0       0       0       000010000D0000163
     110       0       0       1       0                               0D0000164
     110     131       0       0       0       0       0       000010000D0000165
     110       0       0       1       0                               0D0000166
     110     132       0       0       0       0       0       000010000D0000167
     110       0       0       1       0                               0D0000168
     100     133       0       0       0       0     171       000010000D0000169
     100       0       0       1       0                               0D0000170
     124     134       0       0       0       0       0       000000000D0000171
     124       0       0       2       0                               0D0000172
     110     136       0       0       0       0       0       000010000D0000173
     110       0       0       1       0                               0D0000174
     110     137       0       0       0       0       0       000010000D0000175
     110       0       0       1       0                               0D0000176
     100     138       0       0       0       0     179       000010000D0000177
     100       0       0       1       0                               0D0000178
     124     139       0       0       0       0       0       000000000D0000179
     124       0       0       2       0                               0D0000180
     110     141       0       0       0       0       0       000010000D0000181
     110       0       0       1       0                               0D0000182
     110     142       0       0       0       0       0       000010000D0000183
     110       0       0       1       0                               0D0000184
     110     143       0       0       0       0       0       000010000D0000185
     110       0       0       1       0                               0D0000186
     110     144       0       0       0       0       0       000010000D0000187
     110       0       0       1       0                               0D0000188
     110     145       0       0       0       0       0       000010000D0000189
     110       0       0       1       0                               0D0000190
     110     146       0       0       0       0       0       000010000D0000191
     110       0       0       1       0                               0D0000192
     110     147       0       0       0       0       0       000010000D0000193
     110       0       0       1       0                               0D0000194
     110     148       0       0       0       0       0       000010000D0000195
     110       0       0       1       0                               0D0000196
     100     149       0       0       0       0     199       000010000D0000197
     100       0       0       1       0                               0D0000198
     124     150       0       0       0       0       0       000000000D0000199
     124       0       0       1       0                               0D0000200
     110     151       0       0       0       0       0       000010000D0000201
     110       0       0       1       0                               0D0000202
     110     152       0       0       0       0       0       000010000D0000203
     110       0       0       1       0                               0D0000204
     110     153       0       0       0       0       0       000010000D0000205
     110       0       0       1       0                               0D0000206
     100     154       0       0       0       0     209       000010000D0000207
     100       0       0       1       0                               0D0000208
     124     155       0       0       0       0       0       000000000D0000209
     124       0       0       1       0                               0D0000210
     110     156       0       0       0       0       0       000010000D0000211
     110       0       0       1       0                               0D0000212
     110     157       0       0       0       0       0       000010000D0000213
     110       0       0       1       0                               0D0000214
     110     158       0       0       0       0       0       000010000D0000215
     110       0       0       1       0                               0D0000216
     100     159       0       0       0       0     219       000010000D0000217
     100       0       0       1       0                               0D0000218
     124     160       0       0       0       0       0       000000000D0000219
     124       0       0       1       0                               0D0000220
     110     161       0       0       0       0       0       000010000D0000221
     110       0       0       1       0                               0D0000222
     100     162       0       0       0       0     225       000010000D0000223
     100       0       0       1       0                               0D0000224
     124     163       0       0       0       0       0       000000000D0000225
     124       0       0       1       0                               0D0000226
     110     164       0       0       0       0       0       000010000D0000227
     110       0       0       1       0                               0D0000228
     110     165       0       0       0       0       0       000010000D0000229
     110       0       0       1       0                               0D0000230
     110     166       0       0       0       0       0       000010000D0000231
     110       0       0       1       0                               0D0000232
     110     167       0       0       0       0       0       000010000D0000233
     110       0       0       1       0                               0D0000234
     110     168       0       0       0       0       0       000010000D0000235
     110       0       0       1       0                               0D0000236
     100     169       0       0       0       0     239       000010000D0000237
     100       0       0       1       0                               0D0000238
     124     170       0       0       0       0       0       000000000D0000239
     124       0       0       2       0                               0D0000240
     110     172       0       0       0       0       0       000010000D0000241
     110       0       0       1       0                               0D0000242
     110     173       0       0       0       0       0       000010000D0000243
     110       0       0       1       0                               0D0000244
     110     174       0       0       0       0       0       000010000D0000245
     110       0       0       1       0                               0D0000246
     100     175       0       0       0       0     249       000010000D0000247
     100       0       0       1       0                               0D0000248
     124     176       0       0       0       0       0       000000000D0000249
     124       0       0       2       0                               0D0000250
     110     178       0       0       0       0       0       000010000D0000251
     110       0       0       1       0                               0D0000252
     110     179       0       0       0       0       0       000010000D0000253
     110       0       0       1       0                               0D0000254
     110     180       0       0       0       0       0       000010000D0000255
     110       0       0       1       0                               0D0000256
     110     181       0       0       0       0       0       000010000D0000257
     110       0       0       1       0                               0D0000258
     110     182       0       0       0       0       0       000010000D0000259
     110       0       0       1       0                               0D0000260
     110     183       0       0       0       0       0       000010000D0000261
     110       0       0       1       0                               0D0000262
     110     184       0       0       0       0       0       000010000D0000263
     110       0       0       1       0                               0D0000264
     508     185       0       0       0       0       0       000010000D0000265
     508       0       0       1       1                               0D0000266
     508     186       0       0       0       0       0       000010000D0000267
     508       0       0       1       1                               0D0000268
     508     187       0       0       0       0       0       000010000D0000269
     508       0       0       1       1                               0D0000270
     510     188       0       0       0       0       0       000010000D0000271
     510       0       0       1       1                               0D0000272
     190     189       0       0       0       0       0       000010000D0000273
     190       0       0       1       1                               0D0000274
     116     190       0       0       0       0       0       000010400D0000275
     116       0       0       1       0                               0D0000276
     123     191       0       0       0       0       0       000010200D0000277
     123       0       0       1       0                               0D0000278
     123     192       0       0       0       0       0       000010200D0000279
     123       0       0       1       0                               0D0000280
     508     193       0       0       0       0       0       000010000D0000281
     508       0       0       1       1                               0D0000282
     508     194       0       0       0       0       0       000010000D0000283
     508       0       0       1       1                               0D0000284
     508     195       0       0       0       0       0       000010000D0000285
     508       0       0       1       1                               0D0000286
     508     196       0       0       0       0       0       000010000D0000287
     508       0       0       1       1                               0D0000288
     510     197       0       0       0       0       0       000010000D0000289
     510       0       0       1       1                               0D0000290
     190     198       0       0       0       0       0       000010000D0000291
     190       0       0       1       1                               0D0000292
     116     199       0       0       0       0       0       000010400D0000293
     116       0       0       1       0                               0D0000294
     123     200       0       0       0       0       0       000010200D0000295
     123       0       0       1       0                               0D0000296
     123     201       0       0       0       0       0       000010200D0000297
     123       0       0       1       0                               0D0000298
     508     202       0       0       0       0       0       000010000D0000299
     508       0       0       2       1                               0D0000300
     510     204       0       0       0       0       0       000010000D0000301
     510       0       0       1       1                               0D0000302
     190     205       0       0       0       0       0       000010000D0000303
     190       0       0       1       1                               0D0000304
     116     206       0       0       0       0       0       000010400D0000305
     116       0       0       1       0                               0D0000306
     123     207       0       0       0       0       0       000010200D0000307
     123       0       0       1       0                               0D0000308
     123     208       0       0       0       0       0       000010200D0000309
     123       0       0       1       0                               0D0000310
     508     209       0       0       0       0       0       000010000D0000311
     508       0       0       2       1                               0D0000312
     510     211       0       0       0       0       0       000010000D0000313
     510       0       0       1       1                               0D0000314
     190     212       0       0       0       0       0       000010000D0000315
     190       0       0       1       1                               0D0000316
     116     213       0       0       0       0       0       000010400D0000317
     116       0       0       1       0                               0D0000318
     123     214       0       0       0       0       0       000010200D0000319
     123       0       0       1       0                               0D0000320
     123     215       0       0       0       0       0       000010200D0000321
     123       0       0       1       0                               0D0000322
     508     216       0       0       0       0       0       000010000D0000323
     508       0       0       2       1                               0D0000324
     510     218       0       0       0       0       0       000010000D0000325
     510       0       0       1       1                               0D0000326
     192     219       0       0       0       0       0       000010000D0000327
     192       0       0       1       1                               0D0000328
     116     220       0       0       0       0       0       000010400D0000329
     116       0       0       1       0                               0D0000330
     123     221       0       0       0       0       0       000010200D0000331
     123       0       0       1       0                               0D0000332
     123     222       0       0       0       0       0       000010200D0000333
     123       0       0       1       0                               0D0000334
     508     223       0       0       0       0       0       000010000D0000335
     508       0       0       2       1                               0D0000336
     110     225       0       0       0       0       0       000010000D0000337
     110       0       0       1       0                               0D0000338
     110     226       0       0       0       0       0       000010000D0000339
     110       0       0       1       0                               0D0000340
     110     227       0       0       0       0       0       000010000D0000341
     110       0       0       1       0                               0D0000342
     110     228       0       0       0       0       0       000010000D0000343
     110       0       0       1       0                               0D0000344
     510     229       0       0       0       0       0       000010000D0000345
     510       0       0       1       1                               0D0000346
     190     230       0       0       0       0       0       000010000D0000347
     190       0       0       1       1                               0D0000348
     116     231       0       0       0       0       0       000010400D0000349
     116       0       0       1       0                               0D0000350
     123     232       0       0       0       0       0       000010200D0000351
     123       0       0       1       0                               0D0000352
     123     233       0       0       0       0       0       000010200D0000353
     123       0       0       1       0                               0D0000354
     508     234       0       0       0       0       0       000010000D0000355
     508       0       0       1       1                               0D0000356
     510     235       0       0       0       0       0       000010000D0000357
     510       0       0       1       1                               0D0000358
     192     236       0       0       0       0       0       000010000D0000359
     192       0       0       1       1                               0D0000360
     116     237       0       0       0       0       0       000010400D0000361
     116       0       0       1       0                               0D0000362
     123     238       0       0       0       0       0       000010200D0000363
     123       0       0       1       0                               0D0000364
     123     239       0       0       0       0       0       000010200D0000365
     123       0       0       1       0                               0D0000366
     508     240       0       0       0       0       0       000010000D0000367
     508       0       0       2       1                               0D0000368
     110     242       0       0       0       0       0       000010000D0000369
     110       0       0       1       0                               0D0000370
     110     243       0       0       0       0       0       000010000D0000371
     110       0       0       1       0                               0D0000372
     110     244       0       0       0       0       0       000010000D0000373
     110       0       0       1       0                               0D0000374
     110     245       0       0       0       0       0       000010000D0000375
     110       0       0       1       0                               0D0000376
     510     246       0       0       0       0       0       000010000D0000377
     510       0       0       1       1                               0D0000378
     190     247       0       0       0       0       0       000010000D0000379
     190       0       0       1       1                               0D0000380
     116     248       0       0       0       0       0       000010400D0000381
     116       0       0       1       0                               0D0000382
     123     249       0       0       0       0       0       000010200D0000383
     123       0       0       1       0                               0D0000384
     123     250       0       0       0       0       0       000010200D0000385
     123       0       0       1       0                               0D0000386
     508     251       0       0       0       0       0       000010000D0000387
     508       0       0       1       1                               0D0000388
     510     252       0       0       0       0       0       000010000D0000389
     510       0       0       1       1                               0D0000390
     190     253       0       0       0       0       0       000010000D0000391
     190       0       0       1       1                               0D0000392
     116     254       0       0       0       0       0       000010400D0000393
     116       0       0       1       0                               0D0000394
     123     255       0       0       0       0       0       000010200D0000395
     123       0       0       1       0                               0D0000396
     123     256       0       0       0       0       0       000010200D0000397
     123       0       0       1       0                               0D0000398
     508     257       0       0       0       0       0       000010000D0000399
     508       0       0       1       1                               0D0000400
     510     258       0       0       0       0       0       000010000D0000401
     510       0       0       1       1                               0D0000402
     192     259       0       0       0       0       0       000010000D0000403
     192       0       0       1       1                               0D0000404
     116     260       0       0       0       0       0       000010400D0000405
     116       0       0       1       0                               0D0000406
     123     261       0       0       0       0       0       000010200D0000407
     123       0       0       1       0                               0D0000408
     123     262       0       0       0       0       0       000010200D0000409
     123       0       0       1       0                               0D0000410
     508     263       0       0       0       0       0       000010000D0000411
     508       0       0       2       1                               0D0000412
     110     265       0       0       0       0       0       000010000D0000413
     110       0       0       1       0                               0D0000414
     110     266       0       0       0       0       0       000010000D0000415
     110       0       0       1       0                               0D0000416
     110     267       0       0       0       0       0       000010000D0000417
     110       0       0       1       0                               0D0000418
     126     268       0       0       0       0       0       000010000D0000419
     126       0       0       2       0                               0D0000420
     510     270       0       0       0       0       0       000010000D0000421
     510       0       0       1       1                               0D0000422
     192     271       0       0       0       0       0       000010000D0000423
     192       0       0       1       1                               0D0000424
     116     272       0       0       0       0       0       000010400D0000425
     116       0       0       1       0                               0D0000426
     123     273       0       0       0       0       0       000010200D0000427
     123       0       0       1       0                               0D0000428
     123     274       0       0       0       0       0       000010200D0000429
     123       0       0       1       0                               0D0000430
     508     275       0       0       0       0       0       000010000D0000431
     508       0       0       2       1                               0D0000432
     110     277       0       0       0       0       0       000010000D0000433
     110       0       0       1       0                               0D0000434
     126     278       0       0       0       0       0       000010000D0000435
     126       0       0       2       0                               0D0000436
     110     280       0       0       0       0       0       000010000D0000437
     110       0       0       1       0                               0D0000438
     110     281       0       0       0       0       0       000010000D0000439
     110       0       0       1       0                               0D0000440
     510     282       0       0       0       0       0       000010000D0000441
     510       0       0       1       1                               0D0000442
     190     283       0       0       0       0       0       000010000D0000443
     190       0       0       1       1                               0D0000444
     116     284       0       0       0       0       0       000010400D0000445
     116       0       0       1       0                               0D0000446
     123     285       0       0       0       0       0       000010200D0000447
     123       0       0       1       0                               0D0000448
     123     286       0       0       0       0       0       000010200D0000449
     123       0       0       1       0                               0D0000450
     508     287       0       0       0       0       0       000010000D0000451
     508       0       0       1       1                               0D0000452
     510     288       0       0       0       0       0       000010000D0000453
     510       0       0       1       1                               0D0000454
     192     289       0       0       0       0       0       000010000D0000455
     192       0       0       1       1                               0D0000456
     116     290       0       0       0       0       0       000010400D0000457
     116       0       0       1       0                               0D0000458
     123     291       0       0       0       0       0       000010200D0000459
     123       0       0       1       0                               0D0000460
     123     292       0       0       0       0       0       000010200D0000461
     123       0       0       1       0                               0D0000462
     508     293       0       0       0       0       0       000010000D0000463
     508       0       0       2       1                               0D0000464
     110     295       0       0       0       0       0       000010000D0000465
     110       0       0       1       0                               0D0000466
     110     296       0       0       0       0       0       000010000D0000467
     110       0       0       1       0                               0D0000468
     110     297       0       0       0       0       0       000010000D0000469
     110       0       0       1       0                               0D0000470
     110     298       0       0       0       0       0       000010000D0000471
     110       0       0       1       0                               0D0000472
     510     299       0       0       0       0       0       000010000D0000473
     510       0       0       1       1                               0D0000474
     190     300       0       0       0       0       0       000010000D0000475
     190       0       0       1       1                               0D0000476
     116     301       0       0       0       0       0       000010400D0000477
     116       0       0       1       0                               0D0000478
     123     302       0       0       0       0       0       000010200D0000479
     123       0       0       1       0                               0D0000480
     123     303       0       0       0       0       0       000010200D0000481
     123       0       0       1       0                               0D0000482
     508     304       0       0       0       0       0       000010000D0000483
     508       0       0       1       1                               0D0000484
     510     305       0       0       0       0       0       000010000D0000485
     510       0       0       1       1                               0D0000486
     192     306       0       0       0       0       0       000010000D0000487
     192       0       0       1       1                               0D0000488
     116     307       0       0       0       0       0       000010400D0000489
     116       0       0       1       0                               0D0000490
     123     308       0       0       0       0       0       000010200D0000491
     123       0       0       1       0                               0D0000492
     123     309       0       0       0       0       0       000010200D0000493
     123       0       0       1       0                               0D0000494
     508     310       0       0       0       0       0       000010000D0000495
     508       0       0       2       1                               0D0000496
     110     312       0       0       0       0       0       000010000D0000497
     110       0       0       1       0                               0D0000498
     110     313       0       0       0       0       0       000010000D0000499
     110       0       0       1       0                               0D0000500
     110     314       0       0       0       0       0       000010000D0000501
     110       0       0       1       0                               0D0000502
     110     315       0       0       0       0       0       000010000D0000503
     110       0       0       1       0                               0D0000504
     510     316       0       0       0       0       0       000010000D0000505
     510       0       0       1       1                               0D0000506
     190     317       0       0       0       0       0       000010000D0000507
     190       0       0       1       1                               0D0000508
     116     318       0       0       0       0       0       000010400D0000509
     116       0       0       1       0                               0D0000510
     123     319       0       0       0       0       0       000010200D0000511
     123       0       0       1       0                               0D0000512
     123     320       0       0       0       0       0       000010200D0000513
     123       0       0       1       0                               0D0000514
     508     321       0       0       0       0       0       000010000D0000515
     508       0       0       1       1                               0D0000516
     510     322       0       0       0       0       0       000010000D0000517
     510       0       0       1       1                               0D0000518
     190     323       0       0       0       0       0       000010000D0000519
     190       0       0       1       1                               0D0000520
     116     324       0       0       0       0       0       000010400D0000521
     116       0       0       1       0                               0D0000522
     123     325       0       0       0       0       0       000010200D0000523
     123       0       0       1       0                               0D0000524
     123     326       0       0       0       0       0       000010200D0000525
     123       0       0       1       0                               0D0000526
     508     327       0       0       0       0       0       000010000D0000527
     508       0       0       2       1                               0D0000528
     510     329       0       0       0       0       0       000010000D0000529
     510       0       0       1       1                               0D0000530
     190     330       0       0       0       0       0       000010000D0000531
     190       0       0       1       1                               0D0000532
     116     331       0       0       0       0       0       000010400D0000533
     116       0       0       1       0                               0D0000534
     123     332       0       0       0       0       0       000010200D0000535
     123       0       0       1       0                               0D0000536
     123     333       0       0       0       0       0       000010200D0000537
     123       0       0       1       0                               0D0000538
     508     334       0       0       0       0       0       000010000D0000539
     508       0       0       1       1                               0D0000540
     510     335       0       0       0       0       0       000010000D0000541
     510       0       0       1       1                               0D0000542
     192     336       0       0       0       0       0       000010000D0000543
     192       0       0       1       1                               0D0000544
     116     337       0       0       0       0       0       000010400D0000545
     116       0       0       1       0                               0D0000546
     123     338       0       0       0       0       0       000010200D0000547
     123       0       0       1       0                               0D0000548
     123     339       0       0       0       0       0       000010200D0000549
     123       0       0       1       0                               0D0000550
     508     340       0       0       0       0       0       000010000D0000551
     508       0       0       2       1                               0D0000552
     110     342       0       0       0       0       0       000010000D0000553
     110       0       0       1       0                               0D0000554
     110     343       0       0       0       0       0       000010000D0000555
     110       0       0       1       0                               0D0000556
     110     344       0       0       0       0       0       000010000D0000557
     110       0       0       1       0                               0D0000558
     110     345       0       0       0       0       0       000010000D0000559
     110       0       0       1       0                               0D0000560
     510     346       0       0       0       0       0       000010000D0000561
     510       0       0       1       1                               0D0000562
     190     347       0       0       0       0       0       000010000D0000563
     190       0       0       1       1                               0D0000564
     116     348       0       0       0       0       0       000010400D0000565
     116       0       0       1       0                               0D0000566
     123     349       0       0       0       0       0       000010200D0000567
     123       0       0       1       0                               0D0000568
     123     350       0       0       0       0       0       000010200D0000569
     123       0       0       1       0                               0D0000570
     508     351       0       0       0       0       0       000010000D0000571
     508       0       0       1       1                               0D0000572
     510     352       0       0       0       0       0       000010000D0000573
     510       0       0       1       1                               0D0000574
     192     353       0       0       0       0       0       000010000D0000575
     192       0       0       1       1                               0D0000576
     116     354       0       0       0       0       0       000010400D0000577
     116       0       0       1       0                               0D0000578
     123     355       0       0       0       0       0       000010200D0000579
     123       0       0       1       0                               0D0000580
     123     356       0       0       0       0       0       000010200D0000581
     123       0       0       1       0                               0D0000582
     508     357       0       0       0       0       0       000010000D0000583
     508       0       0       2       1                               0D0000584
     110     359       0       0       0       0       0       000010000D0000585
     110       0       0       1       0                               0D0000586
     110     360       0       0       0       0       0       000010000D0000587
     110       0       0       1       0                               0D0000588
     110     361       0       0       0       0       0       000010000D0000589
     110       0       0       1       0                               0D0000590
     110     362       0       0       0       0       0       000010000D0000591
     110       0       0       1       0                               0D0000592
     510     363       0       0       0       0       0       000010000D0000593
     510       0       0       1       1                               0D0000594
     190     364       0       0       0       0       0       000010000D0000595
     190       0       0       1       1                               0D0000596
     116     365       0       0       0       0       0       000010400D0000597
     116       0       0       1       0                               0D0000598
     123     366       0       0       0       0       0       000010200D0000599
     123       0       0       1       0                               0D0000600
     123     367       0       0       0       0       0       000010200D0000601
     123       0       0       1       0                               0D0000602
     508     368       0       0       0       0       0       000010000D0000603
     508       0       0       1       1                               0D0000604
     510     369       0       0       0       0       0       000010000D0000605
     510       0       0       1       1                               0D0000606
     192     370       0       0       0       0       0       000010000D0000607
     192       0       0       1       1                               0D0000608
     116     371       0       0       0       0       0       000010400D0000609
     116       0       0       1       0                               0D0000610
     123     372       0       0       0       0       0       000010200D0000611
     123       0       0       1       0                               0D0000612
     123     373       0       0       0       0       0       000010200D0000613
     123       0       0       1       0                               0D0000614
     508     374       0       0       0       0       0       000010000D0000615
     508       0       0       2       1                               0D0000616
     110     376       0       0       0       0       0       000010000D0000617
     110       0       0       1       0                               0D0000618
     110     377       0       0       0       0       0       000010000D0000619
     110       0       0       1       0                               0D0000620
     110     378       0       0       0       0       0       000010000D0000621
     110       0       0       1       0                               0D0000622
     126     379       0       0       0       0       0       000010000D0000623
     126       0       0       2       0                               0D0000624
     510     381       0       0       0       0       0       000010000D0000625
     510       0       0       1       1                               0D0000626
     192     382       0       0       0       0       0       000010000D0000627
     192       0       0       1       1                               0D0000628
     116     383       0       0       0       0       0       000010400D0000629
     116       0       0       1       0                               0D0000630
     123     384       0       0       0       0       0       000010200D0000631
     123       0       0       1       0                               0D0000632
     123     385       0       0       0       0       0       000010200D0000633
     123       0       0       1       0                               0D0000634
     508     386       0       0       0       0       0       000010000D0000635
     508       0       0       2       1                               0D0000636
     110     388       0       0       0       0       0       000010000D0000637
     110       0       0       1       0                               0D0000638
     126     389       0       0       0       0       0       000010000D0000639
     126       0       0       2       0                               0D0000640
     110     391       0       0       0       0       0       000010000D0000641
     110       0       0       1       0                               0D0000642
     110     392       0       0       0       0       0       000010000D0000643
     110       0       0       1       0                               0D0000644
     510     393       0       0       0       0       0       000010000D0000645
     510       0       0       1       1                               0D0000646
     190     394       0       0       0       0       0       000010000D0000647
     190       0       0       1       1                               0D0000648
     116     395       0       0       0       0       0       000010400D0000649
     116       0       0       1       0                               0D0000650
     123     396       0       0       0       0       0       000010200D0000651
     123       0       0       1       0                               0D0000652
     123     397       0       0       0       0       0       000010200D0000653
     123       0       0       1       0                               0D0000654
     508     398       0       0       0       0       0       000010000D0000655
     508       0       0       1       1                               0D0000656
     510     399       0       0       0       0       0       000010000D0000657
     510       0       0       1       1                               0D0000658
     190     400       0       0       0       0       0       000010000D0000659
     190       0       0       1       1                               0D0000660
     116     401       0       0       0       0       0       000010400D0000661
     116       0       0       1       0                               0D0000662
     123     402       0       0       0       0       0       000010200D0000663
     123       0       0       1       0                               0D0000664
     123     403       0       0       0       0       0       000010200D0000665
     123       0       0       1       0                               0D0000666
     508     404       0       0       0       0       0       000010000D0000667
     508       0       0       1       1                               0D0000668
     510     405       0       0       0       0       0       000010000D0000669
     510       0       0       1       1                               0D0000670
     192     406       0       0       0       0       0       000010000D0000671
     192       0       0       1       1                               0D0000672
     116     407       0       0       0       0       0       000010400D0000673
     116       0       0       1       0                               0D0000674
     123     408       0       0       0       0       0       000010200D0000675
     123       0       0       1       0                               0D0000676
     123     409       0       0       0       0       0       000010200D0000677
     123       0       0       1       0                               0D0000678
     508     410       0       0       0       0       0       000010000D0000679
     508       0       0       2       1                               0D0000680
     110     412       0       0       0       0       0       000010000D0000681
     110       0       0       1       0                               0D0000682
     110     413       0       0       0       0       0       000010000D0000683
     110       0       0       1       0                               0D0000684
     110     414       0       0       0       0       0       000010000D0000685
     110       0       0       1       0                               0D0000686
     110     415       0       0       0       0       0       000010000D0000687
     110       0       0       1       0                               0D0000688
     510     416       0       0       0       0       0       000010000D0000689
     510       0       0       1       1                               0D0000690
     190     417       0       0       0       0       0       000010000D0000691
     190       0       0       1       1                               0D0000692
     116     418       0       0       0       0       0       000010400D0000693
     116       0       0       1       0                               0D0000694
     123     419       0       0       0       0       0       000010200D0000695
     123       0       0       1       0                               0D0000696
     123     420       0       0       0       0       0       000010200D0000697
     123       0       0       1       0                               0D0000698
     508     421       0       0       0       0       0       000010000D0000699
     508       0       0       1       1                               0D0000700
     510     422       0       0       0       0       0       000010000D0000701
     510       0       0       1       1                               0D0000702
     192     423       0       0       0       0       0       000010000D0000703
     192       0       0       1       1                               0D0000704
     116     424       0       0       0       0       0       000010400D0000705
     116       0       0       1       0                               0D0000706
     123     425       0       0       0       0       0       000010200D0000707
     123       0       0       1       0                               0D0000708
     123     426       0       0       0       0       0       000010200D0000709
     123       0       0       1       0                               0D0000710
     508     427       0       0       0       0       0       000010000D0000711
     508       0       0       2       1                               0D0000712
     110     429       0       0       0       0       0       000010000D0000713
     110       0       0       1       0                               0D0000714
     110     430       0       0       0       0       0       000010000D0000715
     110       0       0       1       0                               0D0000716
     110     431       0       0       0       0       0       000010000D0000717
     110       0       0       1       0                               0D0000718
     110     432       0       0       0       0       0       000010000D0000719
     110       0       0       1       0                               0D0000720
     510     433       0       0       0       0       0       000010000D0000721
     510       0       0       1       1                               0D0000722
     190     434       0       0       0       0       0       000010000D0000723
     190       0       0       1       1                               0D0000724
     116     435       0       0       0       0       0       000010400D0000725
     116       0       0       1       0                               0D0000726
     123     436       0       0       0       0       0       000010200D0000727
     123       0       0       1       0                               0D0000728
     123     437       0       0       0       0       0       000010200D0000729
     123       0       0       1       0                               0D0000730
     508     438       0       0       0       0       0       000010000D0000731
     508       0       0       1       1                               0D0000732
     510     439       0       0       0       0       0       000010000D0000733
     510       0       0       1       1                               0D0000734
     190     440       0       0       0       0       0       000010000D0000735
     190       0       0       1       1                               0D0000736
     116     441       0       0       0       0       0       000010400D0000737
     116       0       0       1       0                               0D0000738
     123     442       0       0       0       0       0       000010200D0000739
     123       0       0       1       0                               0D0000740
     123     443       0       0       0       0       0       000010200D0000741
     123       0       0       1       0                               0D0000742
     508     444       0       0       0       0       0       000010000D0000743
     508       0       0       1       1                               0D0000744
     510     445       0       0       0       0       0       000010000D0000745
     510       0       0       1       1                               0D0000746
     190     446       0       0       0       0       0       000010000D0000747
     190       0       0       1       1                               0D0000748
     116     447       0       0       0       0       0       000010400D0000749
     116       0       0       1       0                               0D0000750
     123     448       0       0       0       0       0       000010200D0000751
     123       0       0       1       0                               0D0000752
     123     449       0       0       0       0       0       000010200D0000753
     123       0       0       1       0                               0D0000754
     508     450       0       0       0       0       0       000010000D0000755
     508       0       0       1       1                               0D0000756
     508     451       0       0       0       0       0       000010000D0000757
     508       0       0       1       1                               0D0000758
     510     452       0       0       0       0       0       000010000D0000759
     510       0       0       1       1                               0D0000760
     190     453       0       0       0       0       0       000010000D0000761
     190       0       0       1       1                               0D0000762
     116     454       0       0       0       0       0       000010400D0000763
     116       0       0       1       0                               0D0000764
     123     455       0       0       0       0       0       000010200D0000765
     123       0       0       1       0                               0D0000766
     123     456       0       0       0       0       0       000010200D0000767
     123       0       0       1       0                               0D0000768
     508     457       0       0       0       0       0       000010000D0000769
     508       0       0       1       1                               0D0000770
     510     458       0       0       0       0       0       000010000D0000771
     510       0       0       1       1                               0D0000772
     190     459       0       0       0       0       0       000010000D0000773
     190       0       0       1       1                               0D0000774
     116     460       0       0       0       0       0       000010400D0000775
     116       0       0       1       0                               0D0000776
     123     461       0       0       0       0       0       000010200D0000777
     123       0       0       1       0                               0D0000778
     123     462       0       0       0       0       0       000010200D0000779
     123       0       0       1       0                               0D0000780
     508     463       0       0       0       0       0       000010000D0000781
     508       0       0       1       1                               0D0000782
     510     464       0       0       0       0       0       000010000D0000783
     510       0       0       1       1                               0D0000784
     190     465       0       0       0       0       0       000010000D0000785
     190       0       0       1       1                               0D0000786
     116     466       0       0       0       0       0       000010400D0000787
     116       0       0       1       0                               0D0000788
     123     467       0       0       0       0       0       000010200D0000789
     123       0       0       1       0                               0D0000790
     123     468       0       0       0       0       0       000010200D0000791
     123       0       0       1       0                               0D0000792
     508     469       0       0       0       0       0       000010000D0000793
     508       0       0       1       1                               0D0000794
     508     470       0       0       0       0       0       000010000D0000795
     508       0       0       1       1                               0D0000796
     510     471       0       0       0       0       0       000010000D0000797
     510       0       0       1       1                               0D0000798
     190     472       0       0       0       0       0       000010000D0000799
     190       0       0       1       1                               0D0000800
     116     473       0       0       0       0       0       000010400D0000801
     116       0       0       1       0                               0D0000802
     123     474       0       0       0       0       0       000010200D0000803
     123       0       0       1       0                               0D0000804
     123     475       0       0       0       0       0       000010200D0000805
     123       0       0       1       0                               0D0000806
     508     476       0       0       0       0       0       000010000D0000807
     508       0       0       1       1                               0D0000808
     510     477       0       0       0       0       0       000010000D0000809
     510       0       0       1       1                               0D0000810
     190     478       0       0       0       0       0       000010000D0000811
     190       0       0       1       1                               0D0000812
     116     479       0       0       0       0       0       000010400D0000813
     116       0       0       1       0                               0D0000814
     123     480       0       0       0       0       0       000010200D0000815
     123       0       0       1       0                               0D0000816
     123     481       0       0       0       0       0       000010200D0000817
     123       0       0       1       0                               0D0000818
     508     482       0       0       0       0       0       000010000D0000819
     508       0       0       1       1                               0D0000820
     510     483       0       0       0       0       0       000010000D0000821
     510       0       0       1       1                               0D0000822
     190     484       0       0       0       0       0       000010000D0000823
     190       0       0       1       1                               0D0000824
     116     485       0       0       0       0       0       000010400D0000825
     116       0       0       1       0                               0D0000826
     123     486       0       0       0       0       0       000010200D0000827
     123       0       0       1       0                               0D0000828
     123     487       0       0       0       0       0       000010200D0000829
     123       0       0       1       0                               0D0000830
     508     488       0       0       0       0       0       000010000D0000831
     508       0       0       1       1                               0D0000832
     510     489       0       0       0       0       0       000010000D0000833
     510       0       0       1       1                               0D0000834
     190     490       0       0       0       0       0       000010000D0000835
     190       0       0       1       1                               0D0000836
     116     491       0       0       0       0       0       000010400D0000837
     116       0       0       1       0                               0D0000838
     123     492       0       0       0       0       0       000010200D0000839
     123       0       0       1       0                               0D0000840
     123     493       0       0       0       0       0       000010200D0000841
     123       0       0       1       0                               0D0000842
     508     494       0       0       0       0       0       000010000D0000843
     508       0       0       1       1                               0D0000844
186,3,1,0;                                                       0000001P0000001
514,40,5,0,271,0,289,1,301,0,313,1,325,1,345,1,357,1,377,0,389,  0000003P0000002
1,401,0,421,0,441,0,453,1,473,1,485,1,505,0,517,1,529,0,541,1,   0000003P0000003
561,1,573,1,593,1,605,0,625,0,645,0,657,0,669,1,689,1,701,1,721, 0000003P0000004
1,733,1,745,1,759,1,771,1,783,1,797,1,809,1,821,0,833,1;         0000003P0000005
510,7,4,1,15,265,267,269;                                        0000005P0000006
190,9,11,13;                                                     0000007P0000007
116,0.,0.,0.,0;                                                  0000009P0000008
123,1.,0.,0.;                                                    0000011P0000009
123,0.,0.,1.;                                                    0000013P0000010
508,4,0,17,1,0,0,0,17,2,1,0,0,17,3,1,0,0,17,4,0,0;               0000015P0000011
504,98,19,21,1,21,2,23,21,1,21,3,25,21,3,21,4,27,21,2,21,4,29,   0000017P0000012
21,5,21,6,33,21,5,21,7,35,21,8,21,7,39,21,6,21,8,41,21,9,21,10,  0000017P0000013
43,21,11,21,9,47,21,11,21,12,49,21,10,21,12,53,21,13,21,14,57,   0000017P0000014
21,13,21,15,59,21,16,21,15,63,21,14,21,16,65,21,1,21,17,67,21,2, 0000017P0000015
21,18,69,21,17,21,18,71,21,19,21,20,73,21,19,21,21,77,21,21,21,  0000017P0000016
22,79,21,22,21,20,83,21,23,21,24,85,21,25,21,23,89,21,25,21,26,  0000017P0000017
91,21,24,21,26,95,21,27,21,28,97,21,27,21,29,101,21,29,21,30,    0000017P0000018
103,21,30,21,28,107,21,4,21,31,109,21,18,21,32,111,21,32,21,31,  0000017P0000019
113,21,3,21,33,115,21,17,21,34,117,21,34,21,33,119,21,31,21,35,  0000017P0000020
121,21,35,21,36,123,21,36,21,33,125,21,37,21,6,127,21,5,21,38,   0000017P0000021
129,21,38,21,37,133,21,37,21,39,135,21,39,21,8,137,21,39,21,40,  0000017P0000022
141,21,7,21,40,143,21,38,21,40,145,21,9,21,41,147,21,41,21,42,   0000017P0000023
149,21,10,21,42,151,21,43,21,41,155,21,11,21,43,157,21,42,21,44, 0000017P0000024
161,21,12,21,44,163,21,43,21,44,165,21,45,21,14,167,21,13,21,46, 0000017P0000025
169,21,46,21,45,173,21,45,21,47,175,21,47,21,16,177,21,47,21,48, 0000017P0000026
181,21,15,21,48,183,21,46,21,48,185,21,34,21,49,187,21,49,21,50, 0000017P0000027
189,21,50,21,32,191,21,51,21,52,193,21,51,21,19,195,21,52,21,20, 0000017P0000028
197,21,53,21,52,201,21,22,21,53,203,21,54,21,53,205,21,21,21,54, 0000017P0000029
207,21,51,21,54,211,21,23,21,55,213,21,55,21,56,215,21,24,21,56, 0000017P0000030
217,21,57,21,55,221,21,25,21,57,223,21,56,21,58,227,21,26,21,58, 0000017P0000031
229,21,57,21,58,231,21,59,21,60,233,21,59,21,27,235,21,60,21,28, 0000017P0000032
237,21,61,21,60,241,21,30,21,61,243,21,62,21,61,245,21,29,21,62, 0000017P0000033
247,21,59,21,62,251,21,35,21,50,253,21,36,21,49,255,21,63,21,35, 0000017P0000034
257,21,64,21,63,259,21,64,21,36,261,21,64,21,49,263,21,63,21,50; 0000017P0000035
110,0.,0.,0.,0.,0.,17.;                                          0000019P0000036
502,64,0.,0.,0.,0.,0.,17.,0.,20.,0.,0.,20.,17.,4.440892099E-16,  0000021P0000037
2.,7.495,8.881784197E-16,3.75,7.495,4.440892099E-16,2.,9.5,      0000021P0000038
8.881784197E-16,3.75,9.5,0.,8.5,5.5,0.,11.,5.5,0.,8.5,11.5,0.,   0000021P0000039
11.,11.5,4.440892099E-16,17.,7.495,8.881784197E-16,18.75,7.495,  0000021P0000040
4.440892099E-16,17.,9.5,8.881784197E-16,18.75,9.5,20.,0.,0.,20., 0000021P0000041
0.,17.,17.,0.,7.495,17.,0.,9.5,18.75,0.,7.495,18.75,0.,9.5,11.5, 0000021P0000042
0.,5.5,9.,0.,5.5,11.5,0.,11.5,9.,0.,11.5,2.,0.,7.495,2.,0.,9.5,  0000021P0000043
3.75,-4.758708757E-32,7.495,3.75,0.,9.5,3.,20.,17.,20.,3.,17.,   0000021P0000044
3.,20.,0.,20.,3.,0.,3.,20.,15.,3.,20.,2.,-0.75,3.75,7.495,-0.75, 0000021P0000045
2.,7.495,-0.75,3.75,9.5,-0.75,2.,9.5,3.,8.5,5.5,3.,11.,5.5,3.,   0000021P0000046
8.5,11.5,3.,11.,11.5,-0.75,18.75,7.495,-0.75,17.,7.495,-0.75,    0000021P0000047
18.75,9.5,-0.75,17.,9.5,20.,3.,2.,20.,3.,15.,17.,-0.75,7.495,    0000021P0000048
17.,-0.75,9.5,18.75,-0.75,9.5,18.75,-0.75,7.495,11.5,3.,5.5,9.,  0000021P0000049
3.,5.5,11.5,3.,11.5,9.,3.,11.5,2.,-0.75,7.495,2.,-0.75,9.5,3.75, 0000021P0000050
-0.75,9.5,3.75,-0.75,7.495,3.,3.,15.,3.,3.,2.;                   0000021P0000051
110,0.,0.,0.,0.,20.,0.;                                          0000023P0000052
110,0.,20.,0.,0.,20.,17.;                                        0000025P0000053
110,0.,0.,17.,0.,20.,17.;                                        0000027P0000054
100,0.,0.,0.,-0.875,0.,0.875,0.;                                 0000029P0000055
124,2.220446049E-16,0.,1.,6.661338148E-16,1.,0.,                 0000031P0000056
-2.220446049E-16,2.875,0.,1.,0.,7.495;                           0000031P0000057
110,4.440892099E-16,2.,7.495,4.440892099E-16,2.,9.5;             0000033P0000058
100,0.,0.,0.,0.875,0.,-0.875,0.;                                 0000035P0000059
124,2.220446049E-16,0.,1.,6.661338148E-16,1.,0.,                 0000037P0000060
-2.220446049E-16,2.875,0.,1.,0.,9.5;                             0000037P0000061
110,8.326672685E-16,3.75,7.495,8.326672685E-16,3.75,9.5;         0000039P0000062
110,0.,8.5,5.5,0.,11.,5.5;                                       0000041P0000063
100,0.,0.,0.,-3.,0.,3.,0.;                                       0000043P0000064
124,0.,0.,1.,0.,0.,1.,0.,8.5,-1.,0.,0.,8.5;                      0000045P0000065
110,0.,8.5,11.5,0.,11.,11.5;                                     0000047P0000066
100,0.,0.,0.,3.,0.,-3.,0.;                                       0000049P0000067
124,0.,0.,1.,0.,0.,1.,0.,11.,-1.,0.,0.,8.5;                      0000051P0000068
100,0.,0.,0.,-0.875,0.,0.875,0.;                                 0000053P0000069
124,2.220446049E-16,0.,1.,6.661338148E-16,1.,0.,                 0000055P0000070
-2.220446049E-16,17.875,0.,1.,0.,7.495;                          0000055P0000071
110,4.440892099E-16,17.,7.495,4.440892099E-16,17.,9.5;           0000057P0000072
100,0.,0.,0.,0.875,0.,-0.875,0.;                                 0000059P0000073
124,2.220446049E-16,0.,1.,6.661338148E-16,1.,0.,                 0000061P0000074
-2.220446049E-16,17.875,0.,1.,0.,9.5;                            0000061P0000075
110,8.326672685E-16,18.75,7.495,8.326672685E-16,18.75,9.5;       0000063P0000076
110,0.,0.,0.,20.,0.,0.;                                          0000065P0000077
110,0.,0.,17.,20.,0.,17.;                                        0000067P0000078
110,20.,0.,0.,20.,0.,17.;                                        0000069P0000079
110,17.,0.,7.495,17.,0.,9.5;                                     0000071P0000080
100,0.,0.,0.,-0.875,0.,0.875,0.;                                 0000073P0000081
124,1.,0.,0.,17.875,0.,0.,-1.,0.,0.,1.,0.,7.495;                 0000075P0000082
110,18.75,0.,7.495,18.75,0.,9.5;                                 0000077P0000083
100,0.,0.,0.,0.875,0.,-0.875,0.;                                 0000079P0000084
124,1.,0.,0.,17.875,0.,0.,-1.,0.,0.,1.,0.,9.5;                   0000081P0000085
110,11.5,0.,5.5,9.,0.,5.5;                                       0000083P0000086
100,0.,0.,0.,-3.,0.,3.,0.;                                       0000085P0000087
124,0.,-1.,0.,11.5,0.,0.,1.,0.,-1.,0.,0.,8.5;                    0000087P0000088
110,11.5,0.,11.5,9.,0.,11.5;                                     0000089P0000089
100,0.,0.,0.,3.,0.,-3.,0.;                                       0000091P0000090
124,0.,-1.,0.,9.,0.,0.,1.,0.,-1.,0.,0.,8.5;                      0000093P0000091
110,2.,0.,7.495,2.,0.,9.5;                                       0000095P0000092
100,0.,0.,0.,-0.875,0.,0.875,0.;                                 0000097P0000093
124,1.,0.,0.,2.875,0.,2.220446049E-16,-1.,0.,0.,1.,              0000099P0000094
2.220446049E-16,7.495;                                           0000099P0000095
110,3.75,0.,7.495,3.75,0.,9.5;                                   0000101P0000096
100,0.,0.,0.,0.875,0.,-0.875,0.;                                 0000103P0000097
124,1.,0.,0.,2.875,0.,2.220446049E-16,-1.,0.,0.,1.,              0000105P0000098
2.220446049E-16,9.5;                                             0000105P0000099
110,0.,20.,17.,3.,20.,17.;                                       0000107P0000100
110,20.,0.,17.,20.,3.,17.;                                       0000109P0000101
110,20.,3.,17.,3.,20.,17.;                                       0000111P0000102
110,0.,20.,0.,3.,20.,0.;                                         0000113P0000103
110,20.,0.,0.,20.,3.,0.;                                         0000115P0000104
110,20.,3.,0.,3.,20.,0.;                                         0000117P0000105
110,3.,20.,17.,3.,20.,15.;                                       0000119P0000106
110,3.,20.,15.,3.,20.,2.;                                        0000121P0000107
110,3.,20.,2.,3.,20.,0.;                                         0000123P0000108
110,-0.75,3.75,7.495,8.881784197E-16,3.75,7.495;                 0000125P0000109
110,4.440892099E-16,2.,7.495,-0.75,2.,7.495;                     0000127P0000110
100,0.,0.,0.,-0.875,0.,0.875,0.;                                 0000129P0000111
124,2.220446049E-16,0.,1.,-0.75,1.,0.,-2.220446049E-16,2.875,0., 0000131P0000112
1.,0.,7.495;                                                     0000131P0000113
110,-0.75,3.75,7.495,-0.75,3.75,9.5;                             0000133P0000114
110,-0.75,3.75,9.5,8.881784197E-16,3.75,9.5;                     0000135P0000115
100,0.,0.,0.,0.875,0.,-0.875,0.;                                 0000137P0000116
124,2.220446049E-16,0.,1.,-0.75,1.,0.,-2.220446049E-16,2.875,0., 0000139P0000117
1.,0.,9.5;                                                       0000139P0000118
110,4.440892099E-16,2.,9.5,-0.75,2.,9.5;                         0000141P0000119
110,-0.75,2.,7.495,-0.75,2.,9.5;                                 0000143P0000120
110,0.,8.5,5.5,3.,8.5,5.5;                                       0000145P0000121
110,3.,8.5,5.5,3.,11.,5.5;                                       0000147P0000122
110,0.,11.,5.5,3.,11.,5.5;                                       0000149P0000123
100,0.,0.,0.,-3.,0.,3.,0.;                                       0000151P0000124
124,0.,0.,1.,3.,0.,1.,0.,8.5,-1.,0.,0.,8.5;                      0000153P0000125
110,0.,8.5,11.5,3.,8.5,11.5;                                     0000155P0000126
100,0.,0.,0.,3.,0.,-3.,0.;                                       0000157P0000127
124,0.,0.,1.,3.,0.,1.,0.,11.,-1.,0.,0.,8.5;                      0000159P0000128
110,0.,11.,11.5,3.,11.,11.5;                                     0000161P0000129
110,3.,8.5,11.5,3.,11.,11.5;                                     0000163P0000130
110,-0.75,18.75,7.495,8.881784197E-16,18.75,7.495;               0000165P0000131
110,4.440892099E-16,17.,7.495,-0.75,17.,7.495;                   0000167P0000132
100,0.,0.,0.,-0.875,0.,0.875,0.;                                 0000169P0000133
124,2.220446049E-16,0.,1.,-0.75,1.,0.,-2.220446049E-16,17.875,   0000171P0000134
0.,1.,0.,7.495;                                                  0000171P0000135
110,-0.75,18.75,7.495,-0.75,18.75,9.5;                           0000173P0000136
110,-0.75,18.75,9.5,8.881784197E-16,18.75,9.5;                   0000175P0000137
100,0.,0.,0.,0.875,0.,-0.875,0.;                                 0000177P0000138
124,2.220446049E-16,0.,1.,-0.75,1.,0.,-2.220446049E-16,17.875,   0000179P0000139
0.,1.,0.,9.5;                                                    0000179P0000140
110,4.440892099E-16,17.,9.5,-0.75,17.,9.5;                       0000181P0000141
110,-0.75,17.,7.495,-0.75,17.,9.5;                               0000183P0000142
110,20.,3.,0.,20.,3.,2.;                                         0000185P0000143
110,20.,3.,2.,20.,3.,15.;                                        0000187P0000144
110,20.,3.,15.,20.,3.,17.;                                       0000189P0000145
110,17.,-0.75,7.495,17.,-0.75,9.5;                               0000191P0000146
110,17.,-0.75,7.495,17.,0.,7.495;                                0000193P0000147
110,17.,-0.75,9.5,17.,0.,9.5;                                    0000195P0000148
100,0.,0.,0.,0.875,0.,-0.875,0.;                                 0000197P0000149
124,1.,0.,0.,17.875,0.,0.,-1.,-0.75,0.,1.,0.,9.5;                0000199P0000150
110,18.75,0.,9.5,18.75,-0.75,9.5;                                0000201P0000151
110,18.75,-0.75,7.495,18.75,-0.75,9.5;                           0000203P0000152
110,18.75,0.,7.495,18.75,-0.75,7.495;                            0000205P0000153
100,0.,0.,0.,-0.875,0.,0.875,0.;                                 0000207P0000154
124,1.,0.,0.,17.875,0.,0.,-1.,-0.75,0.,1.,0.,7.495;              0000209P0000155
110,11.5,0.,5.5,11.5,3.,5.5;                                     0000211P0000156
110,11.5,3.,5.5,9.,3.,5.5;                                       0000213P0000157
110,9.,0.,5.5,9.,3.,5.5;                                         0000215P0000158
100,0.,0.,0.,-3.,0.,3.,0.;                                       0000217P0000159
124,0.,-1.,0.,11.5,0.,0.,1.,3.,-1.,0.,0.,8.5;                    0000219P0000160
110,11.5,0.,11.5,11.5,3.,11.5;                                   0000221P0000161
100,0.,0.,0.,3.,0.,-3.,0.;                                       0000223P0000162
124,0.,-1.,0.,9.,0.,0.,1.,3.,-1.,0.,0.,8.5;                      0000225P0000163
110,9.,0.,11.5,9.,3.,11.5;                                       0000227P0000164
110,11.5,3.,11.5,9.,3.,11.5;                                     0000229P0000165
110,2.,-0.75,7.495,2.,-0.75,9.5;                                 0000231P0000166
110,2.,-0.75,7.495,2.,0.,7.495;                                  0000233P0000167
110,2.,-0.75,9.5,2.,0.,9.5;                                      0000235P0000168
100,0.,0.,0.,0.875,0.,-0.875,0.;                                 0000237P0000169
124,1.,0.,0.,2.875,0.,2.220446049E-16,-1.,-0.75,0.,1.,           0000239P0000170
2.220446049E-16,9.5;                                             0000239P0000171
110,3.75,0.,9.5,3.75,-0.75,9.5;                                  0000241P0000172
110,3.75,-0.75,7.495,3.75,-0.75,9.5;                             0000243P0000173
110,3.75,-4.758708757E-32,7.495,3.75,-0.75,7.495;                0000245P0000174
100,0.,0.,0.,-0.875,0.,0.875,0.;                                 0000247P0000175
124,1.,0.,0.,2.875,0.,2.220446049E-16,-1.,-0.75,0.,1.,           0000249P0000176
2.220446049E-16,7.495;                                           0000249P0000177
110,3.,20.,15.,20.,3.,15.;                                       0000251P0000178
110,3.,20.,2.,20.,3.,2.;                                         0000253P0000179
110,3.,3.,15.,3.,20.,15.;                                        0000255P0000180
110,3.,3.,2.,3.,3.,15.;                                          0000257P0000181
110,3.,3.,2.,3.,20.,2.;                                          0000259P0000182
110,3.,3.,2.,20.,3.,2.;                                          0000261P0000183
110,3.,3.,15.,20.,3.,15.;                                        0000263P0000184
508,4,0,17,5,0,0,0,17,6,1,0,0,17,7,0,0,0,17,8,0,0;               0000265P0000185
508,4,0,17,9,0,0,0,17,10,0,0,0,17,11,1,0,0,17,12,0,0;            0000267P0000186
508,4,0,17,13,0,0,0,17,14,1,0,0,17,15,0,0,0,17,16,0,0;           0000269P0000187
510,273,4,1,281,283,285,287;                                     0000271P0000188
190,275,277,279;                                                 0000273P0000189
116,0.,0.,0.,0;                                                  0000275P0000190
123,0.,1.,0.;                                                    0000277P0000191
123,0.,-0.,1.;                                                   0000279P0000192
508,4,0,17,17,0,0,0,17,1,1,0,0,17,18,1,0,0,17,19,0,0;            0000281P0000193
508,4,0,17,20,0,0,0,17,21,1,0,0,17,22,1,0,0,17,23,1,0;           0000283P0000194
508,4,0,17,24,0,0,0,17,25,0,0,0,17,26,1,0,0,17,27,0,0;           0000285P0000195
508,4,0,17,28,0,0,0,17,29,1,0,0,17,30,1,0,0,17,31,1,0;           0000287P0000196
510,291,1,1,299;                                                 0000289P0000197
190,293,295,297;                                                 0000291P0000198
116,0.,0.,17.,0;                                                 0000293P0000199
123,0.,0.,1.;                                                    0000295P0000200
123,1.,0.,-0.;                                                   0000297P0000201
508,5,0,17,32,0,0,0,17,4,0,0,0,17,18,1,0,0,17,33,1,0,0,17,34,1,  0000299P0000202
0;                                                               0000299P0000203
510,303,1,1,311;                                                 0000301P0000204
190,305,307,309;                                                 0000303P0000205
116,0.,0.,0.,0;                                                  0000305P0000206
123,0.,0.,1.;                                                    0000307P0000207
123,1.,0.,-0.;                                                   0000309P0000208
508,5,0,17,35,0,0,0,17,2,0,0,0,17,17,1,0,0,17,36,1,0,0,17,37,1,  0000311P0000209
0;                                                               0000311P0000210
510,315,1,1,323;                                                 0000313P0000211
190,317,319,321;                                                 0000315P0000212
116,0.,20.,0.,0;                                                 0000317P0000213
123,0.,1.,0.;                                                    0000319P0000214
123,0.,-0.,1.;                                                   0000321P0000215
508,6,0,17,35,0,0,0,17,3,1,0,0,17,32,1,0,0,17,38,1,0,0,17,39,1,  0000323P0000216
0,0,17,40,1,0;                                                   0000323P0000217
510,327,1,1,335;                                                 0000325P0000218
192,329,331,0.875,333;                                           0000327P0000219
116,-0.75,2.875,7.495,0;                                         0000329P0000220
123,1.,-2.220446049E-16,0.;                                      0000331P0000221
123,2.220446049E-16,1.,0.;                                       0000333P0000222
508,4,0,17,41,1,1,0,337,0,17,5,0,1,0,339,0,17,42,1,1,0,341,0,17, 0000335P0000223
43,1,1,0,343;                                                    0000335P0000224
110,360.,0.,0.,360.,0.75,0.;                                     0000337P0000225
110,360.,0.75,0.,180.,0.75,0.;                                   0000339P0000226
110,180.,0.75,0.,180.,-4.440892099E-16,0.;                       0000341P0000227
110,180.,0.,0.,360.,0.,0.;                                       0000343P0000228
510,347,1,1,355;                                                 0000345P0000229
190,349,351,353;                                                 0000347P0000230
116,8.326672685E-16,3.75,7.495,0;                                0000349P0000231
123,2.220446049E-16,1.,0.;                                       0000351P0000232
123,0.,-0.,1.;                                                   0000353P0000233
508,4,0,17,8,0,0,0,17,41,0,0,0,17,44,1,0,0,17,45,1,0;            0000355P0000234
510,359,1,1,367;                                                 0000357P0000235
192,361,363,0.875,365;                                           0000359P0000236
116,-0.75,2.875,9.5,0;                                           0000361P0000237
123,1.,-2.220446049E-16,0.;                                      0000363P0000238
123,2.220446049E-16,1.,0.;                                       0000365P0000239
508,4,0,17,7,0,1,0,369,0,17,45,0,1,0,371,0,17,46,1,1,0,373,0,17, 0000367P0000240
47,0,1,0,375;                                                    0000367P0000241
110,180.,0.75,0.,0.,0.75,0.;                                     0000369P0000242
110,0.,0.75,0.,0.,0.,0.;                                         0000371P0000243
110,0.,0.,0.,180.,0.,0.;                                         0000373P0000244
110,180.,-4.440892099E-16,0.,180.,0.75,0.;                       0000375P0000245
510,379,1,1,387;                                                 0000377P0000246
190,381,383,385;                                                 0000379P0000247
116,4.440892099E-16,2.,7.495,0;                                  0000381P0000248
123,2.220446049E-16,1.,0.;                                       0000383P0000249
123,0.,-0.,1.;                                                   0000385P0000250
508,4,0,17,6,0,0,0,17,42,1,0,0,17,48,1,0,0,17,47,0,0;            0000387P0000251
510,391,1,1,399;                                                 0000389P0000252
190,393,395,397;                                                 0000391P0000253
116,0.,8.5,5.5,0;                                                0000393P0000254
123,0.,0.,1.;                                                    0000395P0000255
123,1.,0.,-0.;                                                   0000397P0000256
508,4,0,17,9,0,0,0,17,49,1,0,0,17,50,1,0,0,17,51,0,0;            0000399P0000257
510,403,1,1,411;                                                 0000401P0000258
192,405,407,3.,409;                                              0000403P0000259
116,0.,8.5,8.5,0;                                                0000405P0000260
123,1.,0.,0.;                                                    0000407P0000261
123,0.,0.,-1.;                                                   0000409P0000262
508,4,0,17,52,0,1,0,413,0,17,53,0,1,0,415,0,17,10,1,1,0,417,0,   0000411P0000263
17,49,1,1,0,419;                                                 0000411P0000264
110,360.,3.,0.,180.,3.,0.;                                       0000413P0000265
110,180.,3.,0.,180.,6.7E-16,0.;                                  0000415P0000266
110,180.,0.,0.,360.,0.,0.;                                       0000417P0000267
126,1,1,1,0,1,0,0.,0.,3.,3.,1.,1.,360.,0.,0.,360.,3.,0.,0.,3.,   0000419P0000268
0.,0.,1.;                                                        0000419P0000269
510,423,1,1,431;                                                 0000421P0000270
192,425,427,3.,429;                                              0000423P0000271
116,0.,11.,8.5,0;                                                0000425P0000272
123,1.,0.,0.;                                                    0000427P0000273
123,0.,0.,-1.;                                                   0000429P0000274
508,4,0,17,54,0,1,0,433,0,17,51,0,1,0,435,0,17,12,1,1,0,437,0,   0000431P0000275
17,55,1,1,0,439;                                                 0000431P0000276
110,180.,3.,0.,0.,3.,0.;                                         0000433P0000277
126,1,1,1,0,1,0,0.,0.,3.,3.,1.,1.,0.,3.,0.,0.,0.,0.,0.,3.,0.,0., 0000435P0000278
1.;                                                              0000435P0000279
110,0.,0.,0.,180.,0.,0.;                                         0000437P0000280
110,180.,6.7E-16,0.,180.,3.,0.;                                  0000439P0000281
510,443,1,1,451;                                                 0000441P0000282
190,445,447,449;                                                 0000443P0000283
116,0.,8.5,11.5,0;                                               0000445P0000284
123,0.,0.,1.;                                                    0000447P0000285
123,1.,0.,-0.;                                                   0000449P0000286
508,4,0,17,11,0,0,0,17,53,1,0,0,17,56,1,0,0,17,55,0,0;           0000451P0000287
510,455,1,1,463;                                                 0000453P0000288
192,457,459,0.875,461;                                           0000455P0000289
116,-0.75,17.875,7.495,0;                                        0000457P0000290
123,1.,-2.220446049E-16,0.;                                      0000459P0000291
123,2.220446049E-16,1.,0.;                                       0000461P0000292
508,4,0,17,57,1,1,0,465,0,17,13,0,1,0,467,0,17,58,1,1,0,469,0,   0000463P0000293
17,59,1,1,0,471;                                                 0000463P0000294
110,360.,0.,0.,360.,0.75,0.;                                     0000465P0000295
110,360.,0.75,0.,180.,0.75,0.;                                   0000467P0000296
110,180.,0.75,0.,180.,-4.440892099E-16,0.;                       0000469P0000297
110,180.,0.,0.,360.,0.,0.;                                       0000471P0000298
510,475,1,1,483;                                                 0000473P0000299
190,477,479,481;                                                 0000475P0000300
116,8.326672685E-16,18.75,7.495,0;                               0000477P0000301
123,2.220446049E-16,1.,0.;                                       0000479P0000302
123,0.,-0.,1.;                                                   0000481P0000303
508,4,0,17,16,0,0,0,17,57,0,0,0,17,60,1,0,0,17,61,1,0;           0000483P0000304
510,487,1,1,495;                                                 0000485P0000305
192,489,491,0.875,493;                                           0000487P0000306
116,-0.75,17.875,9.5,0;                                          0000489P0000307
123,1.,-2.220446049E-16,0.;                                      0000491P0000308
123,2.220446049E-16,1.,0.;                                       0000493P0000309
508,4,0,17,15,0,1,0,497,0,17,61,0,1,0,499,0,17,62,1,1,0,501,0,   0000495P0000310
17,63,0,1,0,503;                                                 0000495P0000311
110,180.,0.75,0.,0.,0.75,0.;                                     0000497P0000312
110,0.,0.75,0.,0.,0.,0.;                                         0000499P0000313
110,0.,0.,0.,180.,0.,0.;                                         0000501P0000314
110,180.,-4.440892099E-16,0.,180.,0.75,0.;                       0000503P0000315
510,507,1,1,515;                                                 0000505P0000316
190,509,511,513;                                                 0000507P0000317
116,4.440892099E-16,17.,7.495,0;                                 0000509P0000318
123,2.220446049E-16,1.,0.;                                       0000511P0000319
123,0.,-0.,1.;                                                   0000513P0000320
508,4,0,17,14,0,0,0,17,58,1,0,0,17,64,1,0,0,17,63,0,0;           0000515P0000321
510,519,1,1,527;                                                 0000517P0000322
190,521,523,525;                                                 0000519P0000323
116,20.,0.,0.,0;                                                 0000521P0000324
123,1.,0.,0.;                                                    0000523P0000325
123,0.,0.,1.;                                                    0000525P0000326
508,6,0,17,33,0,0,0,17,19,0,0,0,17,36,1,0,0,17,65,1,0,0,17,66,1, 0000527P0000327
0,0,17,67,1,0;                                                   0000527P0000328
510,531,1,1,539;                                                 0000529P0000329
190,533,535,537;                                                 0000531P0000330
116,17.,-0.75,7.495,0;                                           0000533P0000331
123,1.,0.,0.;                                                    0000535P0000332
123,0.,0.,1.;                                                    0000537P0000333
508,4,0,17,68,0,0,0,17,69,1,0,0,17,20,1,0,0,17,70,0,0;           0000539P0000334
510,543,1,1,551;                                                 0000541P0000335
192,545,547,0.875,549;                                           0000543P0000336
116,17.875,0.,9.5,0;                                             0000545P0000337
123,0.,-1.,0.;                                                   0000547P0000338
123,1.,0.,0.;                                                    0000549P0000339
508,4,0,17,71,0,1,0,553,0,17,72,0,1,0,555,0,17,23,1,1,0,557,0,   0000551P0000340
17,70,0,1,0,559;                                                 0000551P0000341
110,180.,0.75,0.,0.,0.75,0.;                                     0000553P0000342
110,0.,0.75,0.,0.,0.,0.;                                         0000555P0000343
110,0.,0.,0.,180.,0.,0.;                                         0000557P0000344
110,180.,0.,0.,180.,0.75,0.;                                     0000559P0000345
510,563,1,1,571;                                                 0000561P0000346
190,565,567,569;                                                 0000563P0000347
116,18.75,-0.75,7.495,0;                                         0000565P0000348
123,1.,0.,0.;                                                    0000567P0000349
123,0.,0.,1.;                                                    0000569P0000350
508,4,0,17,73,0,0,0,17,74,0,0,0,17,22,1,0,0,17,72,1,0;           0000571P0000351
510,575,1,1,583;                                                 0000573P0000352
192,577,579,0.875,581;                                           0000575P0000353
116,17.875,0.,7.495,0;                                           0000577P0000354
123,0.,-1.,0.;                                                   0000579P0000355
123,1.,0.,0.;                                                    0000581P0000356
508,4,0,17,74,1,1,0,585,0,17,75,0,1,0,587,0,17,69,1,1,0,589,0,   0000583P0000357
17,21,1,1,0,591;                                                 0000583P0000358
110,360.,0.,0.,360.,0.75,0.;                                     0000585P0000359
110,360.,0.75,0.,180.,0.75,0.;                                   0000587P0000360
110,180.,0.75,0.,180.,0.,0.;                                     0000589P0000361
110,180.,0.,0.,360.,0.,0.;                                       0000591P0000362
510,595,1,1,603;                                                 0000593P0000363
190,597,599,601;                                                 0000595P0000364
116,11.5,0.,5.5,0;                                               0000597P0000365
123,0.,0.,1.;                                                    0000599P0000366
123,0.,1.,0.;                                                    0000601P0000367
508,4,0,17,24,0,0,0,17,76,1,0,0,17,77,1,0,0,17,78,0,0;           0000603P0000368
510,607,1,1,615;                                                 0000605P0000369
192,609,611,3.,613;                                              0000607P0000370
116,11.5,0.,8.5,0;                                               0000609P0000371
123,0.,1.,0.;                                                    0000611P0000372
123,0.,0.,-1.;                                                   0000613P0000373
508,4,0,17,79,0,1,0,617,0,17,80,0,1,0,619,0,17,25,1,1,0,621,0,   0000615P0000374
17,76,1,1,0,623;                                                 0000615P0000375
110,360.,3.,0.,180.,3.,0.;                                       0000617P0000376
110,180.,3.,0.,180.,6.7E-16,0.;                                  0000619P0000377
110,180.,0.,0.,360.,0.,0.;                                       0000621P0000378
126,1,1,1,0,1,0,0.,0.,3.,3.,1.,1.,360.,0.,0.,360.,3.,0.,0.,3.,   0000623P0000379
0.,0.,1.;                                                        0000623P0000380
510,627,1,1,635;                                                 0000625P0000381
192,629,631,3.,633;                                              0000627P0000382
116,9.,0.,8.5,0;                                                 0000629P0000383
123,0.,1.,0.;                                                    0000631P0000384
123,0.,0.,-1.;                                                   0000633P0000385
508,4,0,17,81,0,1,0,637,0,17,78,0,1,0,639,0,17,27,1,1,0,641,0,   0000635P0000386
17,82,1,1,0,643;                                                 0000635P0000387
110,180.,3.,0.,0.,3.,0.;                                         0000637P0000388
126,1,1,1,0,1,0,0.,0.,3.,3.,1.,1.,0.,3.,0.,0.,0.,0.,0.,3.,0.,0., 0000639P0000389
1.;                                                              0000639P0000390
110,0.,0.,0.,180.,0.,0.;                                         0000641P0000391
110,180.,6.7E-16,0.,180.,3.,0.;                                  0000643P0000392
510,647,1,1,655;                                                 0000645P0000393
190,649,651,653;                                                 0000647P0000394
116,11.5,0.,11.5,0;                                              0000649P0000395
123,0.,0.,1.;                                                    0000651P0000396
123,0.,1.,0.;                                                    0000653P0000397
508,4,0,17,26,0,0,0,17,80,1,0,0,17,83,1,0,0,17,82,0,0;           0000655P0000398
510,659,1,1,667;                                                 0000657P0000399
190,661,663,665;                                                 0000659P0000400
116,2.,-0.75,7.495,0;                                            0000661P0000401
123,1.,0.,0.;                                                    0000663P0000402
123,0.,0.,1.;                                                    0000665P0000403
508,4,0,17,84,0,0,0,17,85,1,0,0,17,28,1,0,0,17,86,0,0;           0000667P0000404
510,671,1,1,679;                                                 0000669P0000405
192,673,675,0.875,677;                                           0000671P0000406
116,2.875,0.,9.5,0;                                              0000673P0000407
123,0.,-1.,2.220446049E-16;                                      0000675P0000408
123,1.,0.,0.;                                                    0000677P0000409
508,4,0,17,87,0,1,0,681,0,17,88,0,1,0,683,0,17,31,1,1,0,685,0,   0000679P0000410
17,86,0,1,0,687;                                                 0000679P0000411
110,180.,0.75,0.,0.,0.75,0.;                                     0000681P0000412
110,0.,0.75,-0.,0.,-4.662936703E-32,-0.;                         0000683P0000413
110,0.,0.,0.,180.,0.,0.;                                         0000685P0000414
110,180.,0.,0.,180.,0.75,0.;                                     0000687P0000415
510,691,1,1,699;                                                 0000689P0000416
190,693,695,697;                                                 0000691P0000417
116,3.75,-0.75,7.495,0;                                          0000693P0000418
123,1.,0.,0.;                                                    0000695P0000419
123,0.,0.,1.;                                                    0000697P0000420
508,4,0,17,89,0,0,0,17,90,0,0,0,17,30,1,0,0,17,88,1,0;           0000699P0000421
510,703,1,1,711;                                                 0000701P0000422
192,705,707,0.875,709;                                           0000703P0000423
116,2.875,0.,7.495,0;                                            0000705P0000424
123,0.,-1.,2.220446049E-16;                                      0000707P0000425
123,1.,0.,0.;                                                    0000709P0000426
508,4,0,17,90,1,1,0,713,0,17,91,0,1,0,715,0,17,85,1,1,0,717,0,   0000711P0000427
17,29,1,1,0,719;                                                 0000711P0000428
110,360.,0.,0.,360.,0.75,0.;                                     0000713P0000429
110,360.,0.75,0.,180.,0.75,0.;                                   0000715P0000430
110,180.,0.75,0.,180.,0.,0.;                                     0000717P0000431
110,180.,0.,0.,360.,0.,0.;                                       0000719P0000432
510,723,1,1,731;                                                 0000721P0000433
190,725,727,729;                                                 0000723P0000434
116,23.,0.,0.,0;                                                 0000725P0000435
123,0.707106781,0.707106781,0.;                                  0000727P0000436
123,0.,-0.,1.;                                                   0000729P0000437
508,4,0,17,34,0,0,0,17,67,0,0,0,17,92,0,0,0,17,38,0,0;           0000731P0000438
510,735,1,1,743;                                                 0000733P0000439
190,737,739,741;                                                 0000735P0000440
116,23.,0.,0.,0;                                                 0000737P0000441
123,0.707106781,0.707106781,0.;                                  0000739P0000442
123,0.,-0.,1.;                                                   0000741P0000443
508,4,0,17,93,1,0,0,17,65,0,0,0,17,37,1,0,0,17,40,0,0;           0000743P0000444
510,747,2,1,755,757;                                             0000745P0000445
190,749,751,753;                                                 0000747P0000446
116,3.,3.,2.,0;                                                  0000749P0000447
123,1.,0.,0.;                                                    0000751P0000448
123,0.,0.,1.;                                                    0000753P0000449
508,4,0,17,94,0,0,0,17,95,0,0,0,17,96,1,0,0,17,39,0,0;           0000755P0000450
508,4,0,17,50,0,0,0,17,52,0,0,0,17,56,1,0,0,17,54,0,0;           0000757P0000451
510,761,1,1,769;                                                 0000759P0000452
190,763,765,767;                                                 0000761P0000453
116,-0.75,2.875,8.4975,0;                                        0000763P0000454
123,-1.,2.220446049E-16,-6.E-17;                                 0000765P0000455
123,-6.E-17,1.33226763E-32,1.;                                   0000767P0000456
508,4,0,17,43,0,0,0,17,48,1,0,0,17,46,0,0,0,17,44,0,0;           0000769P0000457
510,773,1,1,781;                                                 0000771P0000458
190,775,777,779;                                                 0000773P0000459
116,-0.75,17.875,8.4975,0;                                       0000775P0000460
123,-1.,2.220446049E-16,-6.E-17;                                 0000777P0000461
123,-6.E-17,1.33226763E-32,1.;                                   0000779P0000462
508,4,0,17,59,0,0,0,17,64,1,0,0,17,62,0,0,0,17,60,0,0;           0000781P0000463
510,785,2,1,793,795;                                             0000783P0000464
190,787,789,791;                                                 0000785P0000465
116,3.,3.,2.,0;                                                  0000787P0000466
123,0.,1.,0.;                                                    0000789P0000467
123,0.,-0.,1.;                                                   0000791P0000468
508,4,0,17,97,0,0,0,17,95,1,0,0,17,98,1,0,0,17,66,0,0;           0000793P0000469
508,4,0,17,77,0,0,0,17,79,0,0,0,17,83,1,0,0,17,81,0,0;           0000795P0000470
510,799,1,1,807;                                                 0000797P0000471
190,801,803,805;                                                 0000799P0000472
116,17.875,-0.75,8.4975,0;                                       0000801P0000473
123,0.,-1.,8.E-17;                                               0000803P0000474
123,0.,-8.E-17,-1.;                                              0000805P0000475
508,4,0,17,75,1,0,0,17,73,1,0,0,17,71,1,0,0,17,68,0,0;           0000807P0000476
510,811,1,1,819;                                                 0000809P0000477
190,813,815,817;                                                 0000811P0000478
116,2.875,-0.75,8.4975,0;                                        0000813P0000479
123,4.162356598E-32,-1.,8.224261104E-17;                         0000815P0000480
123,0.,-8.224261104E-17,-1.;                                     0000817P0000481
508,4,0,17,91,1,0,0,17,89,1,0,0,17,87,1,0,0,17,84,0,0;           0000819P0000482
510,823,1,1,831;                                                 0000821P0000483
190,825,827,829;                                                 0000823P0000484
116,3.,3.,15.,0;                                                 0000825P0000485
123,0.,0.,1.;                                                    0000827P0000486
123,1.,0.,-0.;                                                   0000829P0000487
508,3,0,17,94,0,0,0,17,98,1,0,0,17,92,0,0;                       0000831P0000488
510,835,1,1,843;                                                 0000833P0000489
190,837,839,841;                                                 0000835P0000490
116,3.,3.,2.,0;                                                  0000837P0000491
123,0.,0.,1.;                                                    0000839P0000492
123,1.,0.,-0.;                                                   0000841P0000493
508,3,0,17,96,0,0,0,17,97,1,0,0,17,93,0,0;                       0000843P0000494
S      1G      4D    844P    494                                        T0000001
