                                                                        S0000001
,,31HOpen CASCADE IGES processor 7.9,13HFilename.iges,                  G0000001
16HOpen CASCADE 7.9,31HOpen CASCADE IGES processor 7.9,32,308,15,308,15,G0000002
,1.,2,2HMM,1,0.01,15H20261004.214557,4.01529E-07,54.012189,7Hjiayuxu,,  G0000003
11,0,15H20261004.214557,;                                               G0000004
     402       1       0       0       0       0       0       000000000D0000001
     402       0       0       1       1                               0D0000002
     186       2       0       0       0       0       0       000020000D0000003
     186       0       0       1       0                               0D0000004
     514       3       0       0       0       0       0       000010000D0000005
     514       0       0       2       1                               0D0000006
     510       5       0       0       0       0       0       000010000D0000007
     510       0       0       1       1                               0D0000008
     190       6       0       0       0       0       0       000010000D0000009
     190       0       0       1       1                               0D0000010
     116       7       0       0       0       0       0       000010400D0000011
     116       0       0       1       0                               0D0000012
     123       8       0       0       0       0       0       000010200D0000013
     123       0       0       1       0                               0D0000014
     123       9       0       0       0       0       0       000010200D0000015
     123       0       0       1       0                               0D0000016
     508      10       0       0       0       0       0       000010000D0000017
     508       0       0       1       1                               0D0000018
     504      11       0       0       0       0       0       000010001D0000019
     504       0       0       7       1                               0D0000020
     100      18       0       0       0       0       0       000010000D0000021
     100       0       0       1       0                               0D0000022
     502      19       0       0       0       0       0       000010000D0000023
     502       0       0      10       1                               0D0000024
     100      29       0       0       0       0       0       000010000D0000025
     100       0       0       1       0                               0D0000026
     126      30       0       0       0       0       0       000010000D0000027
     126       0       0      55       0                               0D0000028
     110      85       0       0       0       0       0       000010000D0000029
     110       0       0       2       0                               0D0000030
     100      87       0       0       0       0      33       000010000D0000031
     100       0       0       1       0                               0D0000032
     124      88       0       0       0       0       0       000000000D0000033
     124       0       0       1       0                               0D0000034
     110      89       0       0       0       0       0       000010000D0000035
     110       0       0       2       0                               0D0000036
     110      91       0       0       0       0       0       000010000D0000037
     110       0       0       2       0                               0D0000038
     110      93       0       0       0       0       0       000010000D0000039
     110       0       0       1       0                               0D0000040
     126      94       0       0       0       0       0       000010000D0000041
     126       0       0      50       0                               0D0000042
     126     144       0       0       0       0       0       000010000D0000043
     126       0       0      18       0                               0D0000044
     110     162       0       0       0       0       0       000010000D0000045
     110       0       0       2       0                               0D0000046
     110     164       0       0       0       0       0       000010000D0000047
     110       0       0       2       0                               0D0000048
     110     166       0       0       0       0       0       000010000D0000049
     110       0       0       1       0                               0D0000050
     110     167       0       0       0       0       0       000010000D0000051
     110       0       0       1       0                               0D0000052
     100     168       0       0       0       0      55       000010000D0000053
     100       0       0       1       0                               0D0000054
     124     169       0       0       0       0       0       000000000D0000055
     124       0       0       1       0                               0D0000056
     104     170       0       0       0       0      59       000010000D0000057
     104       0       0       2       1                               0D0000058
     124     172       0       0       0       0       0       000000000D0000059
     124       0       0       2       0                               0D0000060
     104     174       0       0       0       0      63       000010000D0000061
     104       0       0       2       1                               0D0000062
     124     176       0       0       0       0       0       000000000D0000063
     124       0       0       2       0                               0D0000064
     104     178       0       0       0       0      67       000010000D0000065
     104       0       0       2       1                               0D0000066
     124     180       0       0       0       0       0       000000000D0000067
     124       0       0       2       0                               0D0000068
     104     182       0       0       0       0      71       000010000D0000069
     104       0       0       2       1                               0D0000070
     124     184       0       0       0       0       0       000000000D0000071
     124       0       0       2       0                               0D0000072
     104     186       0       0       0       0      75       000010000D0000073
     104       0       0       2       1                               0D0000074
     124     188       0       0       0       0       0       000000000D0000075
     124       0       0       2       0                               0D0000076
     104     190       0       0       0       0      79       000010000D0000077
     104       0       0       2       1                               0D0000078
     124     192       0       0       0       0       0       000000000D0000079
     124       0       0       2       0                               0D0000080
     104     194       0       0       0       0      83       000010000D0000081
     104       0       0       2       1                               0D0000082
     124     196       0       0       0       0       0       000000000D0000083
     124       0       0       2       0                               0D0000084
     104     198       0       0       0       0      87       000010000D0000085
     104       0       0       2       1                               0D0000086
     124     200       0       0       0       0       0       000000000D0000087
     124       0       0       2       0                               0D0000088
     110     202       0       0       0       0       0       000010000D0000089
     110       0       0       1       0                               0D0000090
     100     203       0       0       0       0      93       000010000D0000091
     100       0       0       1       0                               0D0000092
     124     204       0       0       0       0       0       000000000D0000093
     124       0       0       2       0                               0D0000094
     110     206       0       0       0       0       0       000010000D0000095
     110       0       0       1       0                               0D0000096
     126     207       0       0       0       0       0       000010000D0000097
     126       0       0      55       0                               0D0000098
     126     262       0       0       0       0       0       000010000D0000099
     126       0       0      54       0                               0D0000100
     100     316       0       0       0       0     103       000010000D0000101
     100       0       0       1       0                               0D0000102
     124     317       0       0       0       0       0       000000000D0000103
     124       0       0       2       0                               0D0000104
     110     319       0       0       0       0       0       000010000D0000105
     110       0       0       1       0                               0D0000106
     508     320       0       0       0       0       0       000010000D0000107
     508       0       0       1       1                               0D0000108
     510     321       0       0       0       0       0       000010000D0000109
     510       0       0       1       1                               0D0000110
     192     322       0       0       0       0       0       000010000D0000111
     192       0       0       1       1                               0D0000112
     116     323       0       0       0       0       0       000010400D0000113
     116       0       0       1       0                               0D0000114
     123     324       0       0       0       0       0       000010200D0000115
     123       0       0       1       0                               0D0000116
     123     325       0       0       0       0       0       000010200D0000117
     123       0       0       1       0                               0D0000118
     508     326       0       0       0       0       0       000010000D0000119
     508       0       0       4       1                               0D0000120
     126     330       0       0       0       0       0       000010000D0000121
     126       0       0      44       0                               0D0000122
     110     374       0       0       0       0       0       000010000D0000123
     110       0       0       1       0                               0D0000124
     110     375       0       0       0       0       0       000010000D0000125
     110       0       0       1       0                               0D0000126
     110     376       0       0       0       0       0       000010000D0000127
     110       0       0       1       0                               0D0000128
     110     377       0       0       0       0       0       000010000D0000129
     110       0       0       1       0                               0D0000130
     110     378       0       0       0       0       0       000010000D0000131
     110       0       0       1       0                               0D0000132
     110     379       0       0       0       0       0       000010000D0000133
     110       0       0       1       0                               0D0000134
     110     380       0       0       0       0       0       000010000D0000135
     110       0       0       1       0                               0D0000136
     110     381       0       0       0       0       0       000010000D0000137
     110       0       0       1       0                               0D0000138
     126     382       0       0       0       0       0       000010000D0000139
     126       0       0      40       0                               0D0000140
     126     422       0       0       0       0       0       000010000D0000141
     126       0       0      13       0                               0D0000142
     126     435       0       0       0       0       0       000010000D0000143
     126       0       0       2       0                               0D0000144
     126     437       0       0       0       0       0       000010000D0000145
     126       0       0       2       0                               0D0000146
     510     439       0       0       0       0       0       000010000D0000147
     510       0       0       1       1                               0D0000148
     192     440       0       0       0       0       0       000010000D0000149
     192       0       0       1       1                               0D0000150
     116     441       0       0       0       0       0       000010400D0000151
     116       0       0       1       0                               0D0000152
     123     442       0       0       0       0       0       000010200D0000153
     123       0       0       1       0                               0D0000154
     123     443       0       0       0       0       0       000010200D0000155
     123       0       0       1       0                               0D0000156
     508     444       0       0       0       0       0       000010000D0000157
     508       0       0       2       1                               0D0000158
     110     446       0       0       0       0       0       000010000D0000159
     110       0       0       1       0                               0D0000160
     110     447       0       0       0       0       0       000010000D0000161
     110       0       0       1       0                               0D0000162
     110     448       0       0       0       0       0       000010000D0000163
     110       0       0       1       0                               0D0000164
     110     449       0       0       0       0       0       000010000D0000165
     110       0       0       1       0                               0D0000166
     110     450       0       0       0       0       0       000010000D0000167
     110       0       0       1       0                               0D0000168
     110     451       0       0       0       0       0       000010000D0000169
     110       0       0       1       0                               0D0000170
     508     452       0       0       0       0       0       000010000D0000171
     508       0       0       2       1                               0D0000172
     126     454       0       0       0       0       0       000010000D0000173
     126       0       0       9       0                               0D0000174
     126     463       0       0       0       0       0       000010000D0000175
     126       0       0       8       0                               0D0000176
     126     471       0       0       0       0       0       000010000D0000177
     126       0       0       9       0                               0D0000178
     126     480       0       0       0       0       0       000010000D0000179
     126       0       0       8       0                               0D0000180
     510     488       0       0       0       0       0       000010000D0000181
     510       0       0       1       1                               0D0000182
     192     489       0       0       0       0       0       000010000D0000183
     192       0       0       1       1                               0D0000184
     116     490       0       0       0       0       0       000010400D0000185
     116       0       0       1       0                               0D0000186
     123     491       0       0       0       0       0       000010200D0000187
     123       0       0       1       0                               0D0000188
     123     492       0       0       0       0       0       000010200D0000189
     123       0       0       1       0                               0D0000190
     508     493       0       0       0       0       0       000010000D0000191
     508       0       0       2       1                               0D0000192
     126     495       0       0       0       0       0       000010000D0000193
     126       0       0       9       0                               0D0000194
     110     504       0       0       0       0       0       000010000D0000195
     110       0       0       1       0                               0D0000196
     126     505       0       0       0       0       0       000010000D0000197
     126       0       0      43       0                               0D0000198
     126     548       0       0       0       0       0       000010000D0000199
     126       0       0       2       0                               0D0000200
     126     550       0       0       0       0       0       000010000D0000201
     126       0       0       8       0                               0D0000202
     510     558       0       0       0       0       0       000010000D0000203
     510       0       0       1       1                               0D0000204
     192     559       0       0       0       0       0       000010000D0000205
     192       0       0       1       1                               0D0000206
     116     560       0       0       0       0       0       000010400D0000207
     116       0       0       1       0                               0D0000208
     123     561       0       0       0       0       0       000010200D0000209
     123       0       0       1       0                               0D0000210
     123     562       0       0       0       0       0       000010200D0000211
     123       0       0       1       0                               0D0000212
     508     563       0       0       0       0       0       000010000D0000213
     508       0       0       2       1                               0D0000214
     126     565       0       0       0       0       0       000010000D0000215
     126       0       0      40       0                               0D0000216
     110     605       0       0       0       0       0       000010000D0000217
     110       0       0       1       0                               0D0000218
     126     606       0       0       0       0       0       000010000D0000219
     126       0       0       8       0                               0D0000220
     126     614       0       0       0       0       0       000010000D0000221
     126       0       0       9       0                               0D0000222
     126     623       0       0       0       0       0       000010000D0000223
     126       0       0       2       0                               0D0000224
     126     625       0       0       0       0       0       000010000D0000225
     126       0       0      14       0                               0D0000226
     510     639       0       0       0       0       0       000010000D0000227
     510       0       0       1       1                               0D0000228
     190     640       0       0       0       0       0       000010000D0000229
     190       0       0       1       1                               0D0000230
     116     641       0       0       0       0       0       000010400D0000231
     116       0       0       1       0                               0D0000232
     123     642       0       0       0       0       0       000010200D0000233
     123       0       0       1       0                               0D0000234
     123     643       0       0       0       0       0       000010200D0000235
     123       0       0       1       0                               0D0000236
     508     644       0       0       0       0       0       000010000D0000237
     508       0       0       1       1                               0D0000238
     508     645       0       0       0       0       0       000010000D0000239
     508       0       0       1       1                               0D0000240
     510     646       0       0       0       0       0       000010000D0000241
     510       0       0       1       1                               0D0000242
     192     647       0       0       0       0       0       000010000D0000243
     192       0       0       1       1                               0D0000244
     116     648       0       0       0       0       0       000010400D0000245
     116       0       0       1       0                               0D0000246
     123     649       0       0       0       0       0       000010200D0000247
     123       0       0       1       0                               0D0000248
     123     650       0       0       0       0       0       000010200D0000249
     123       0       0       1       0                               0D0000250
     508     651       0       0       0       0       0       000010000D0000251
     508       0       0       3       1                               0D0000252
     110     654       0       0       0       0       0       000010000D0000253
     110       0       0       1       0                               0D0000254
     110     655       0       0       0       0       0       000010000D0000255
     110       0       0       1       0                               0D0000256
     110     656       0       0       0       0       0       000010000D0000257
     110       0       0       1       0                               0D0000258
     126     657       0       0       0       0       0       000010000D0000259
     126       0       0       9       0                               0D0000260
     126     666       0       0       0       0       0       000010000D0000261
     126       0       0       8       0                               0D0000262
     126     674       0       0       0       0       0       000010000D0000263
     126       0       0       9       0                               0D0000264
     126     683       0       0       0       0       0       000010000D0000265
     126       0       0       8       0                               0D0000266
     510     691       0       0       0       0       0       000010000D0000267
     510       0       0       1       1                               0D0000268
     192     692       0       0       0       0       0       000010000D0000269
     192       0       0       1       1                               0D0000270
     116     693       0       0       0       0       0       000010400D0000271
     116       0       0       1       0                               0D0000272
     123     694       0       0       0       0       0       000010200D0000273
     123       0       0       1       0                               0D0000274
     123     695       0       0       0       0       0       000010200D0000275
     123       0       0       1       0                               0D0000276
     508     696       0       0       0       0       0       000010000D0000277
     508       0       0       3       1                               0D0000278
     126     699       0       0       0       0       0       000010000D0000279
     126       0       0       9       0                               0D0000280
     126     708       0       0       0       0       0       000010000D0000281
     126       0       0       8       0                               0D0000282
     110     716       0       0       0       0       0       000010000D0000283
     110       0       0       1       0                               0D0000284
     126     717       0       0       0       0       0       000010000D0000285
     126       0       0      43       0                               0D0000286
     126     760       0       0       0       0       0       000010000D0000287
     126       0       0      43       0                               0D0000288
     110     803       0       0       0       0       0       000010000D0000289
     110       0       0       2       0                               0D0000290
     126     805       0       0       0       0       0       000010000D0000291
     126       0       0       9       0                               0D0000292
     126     814       0       0       0       0       0       000010000D0000293
     126       0       0       8       0                               0D0000294
     510     822       0       0       0       0       0       000010000D0000295
     510       0       0       1       1                               0D0000296
     190     823       0       0       0       0       0       000010000D0000297
     190       0       0       1       1                               0D0000298
     116     824       0       0       0       0       0       000010400D0000299
     116       0       0       1       0                               0D0000300
     123     825       0       0       0       0       0       000010200D0000301
     123       0       0       1       0                               0D0000302
     123     826       0       0       0       0       0       000010200D0000303
     123       0       0       1       0                               0D0000304
     508     827       0       0       0       0       0       000010000D0000305
     508       0       0       1       1                               0D0000306
     508     828       0       0       0       0       0       000010000D0000307
     508       0       0       1       1                               0D0000308
     510     829       0       0       0       0       0       000010000D0000309
     510       0       0       1       1                               0D0000310
     192     830       0       0       0       0       0       000010000D0000311
     192       0       0       1       1                               0D0000312
     116     831       0       0       0       0       0       000010400D0000313
     116       0       0       1       0                               0D0000314
     123     832       0       0       0       0       0       000010200D0000315
     123       0       0       1       0                               0D0000316
     123     833       0       0       0       0       0       000010200D0000317
     123       0       0       1       0                               0D0000318
     508     834       0       0       0       0       0       000010000D0000319
     508       0       0       2       1                               0D0000320
     126     836       0       0       0       0       0       000010000D0000321
     126       0       0      44       0                               0D0000322
     126     880       0       0       0       0       0       000010000D0000323
     126       0       0      44       0                               0D0000324
     110     924       0       0       0       0       0       000010000D0000325
     110       0       0       1       0                               0D0000326
     110     925       0       0       0       0       0       000010000D0000327
     110       0       0       1       0                               0D0000328
     110     926       0       0       0       0       0       000010000D0000329
     110       0       0       1       0                               0D0000330
402,1,3;                                                         0000001P0000001
186,5,1,0;                                                       0000003P0000002
514,10,7,0,109,0,147,1,181,0,203,0,227,1,241,1,267,0,295,1,309,  0000005P0000003
0;                                                               0000005P0000004
510,9,2,1,17,107;                                                0000007P0000005
190,11,13,15;                                                    0000009P0000006
116,0.,0.,0.,0;                                                  0000011P0000007
123,0.,0.,1.;                                                    0000013P0000008
123,1.,0.,0.;                                                    0000015P0000009
508,1,0,19,1,1,0;                                                0000017P0000010
504,30,21,23,1,23,1,25,23,2,23,2,27,23,3,23,4,29,23,4,23,5,31,   0000019P0000011
23,5,23,5,35,23,6,23,4,37,23,7,23,6,39,23,2,23,7,41,23,8,23,7,   0000019P0000012
43,23,9,23,8,45,23,9,23,10,47,23,10,23,3,49,23,1,23,11,51,23,11, 0000019P0000013
23,12,53,23,12,23,12,57,23,11,23,13,61,23,14,23,11,65,23,15,23,  0000019P0000014
14,69,23,13,23,15,73,23,6,23,16,77,23,16,23,10,81,23,17,23,6,85, 0000019P0000015
23,10,23,17,89,23,11,23,18,91,23,18,23,18,95,23,6,23,19,97,23,   0000019P0000016
20,23,19,99,23,19,23,20,101,23,21,23,21,105,23,19,23,21;         0000019P0000017
100,0.,0.,0.,13.5,0.,13.5,0.;                                    0000021P0000018
502,21,13.5,-3.306546358E-15,0.,11.5,0.,0.,-11.5,                0000023P0000019
1.570092459E-15,34.071067812,11.5,-6.232975897E-16,34.071067812, 0000023P0000020
11.5,0.,54.,11.5,0.,27.,11.5,-2.193390048E-15,19.928932188,      0000023P0000021
-11.332349905,-1.956488085,19.663253744,-11.5,-1.570092459E-15,  0000023P0000022
19.928932188,-11.5,3.127151469E-31,27.,13.5,-7.342007797E-31,    0000023P0000023
27.,13.5,-3.306546358E-15,54.,8.266365894E-16,-13.5,40.5,        0000023P0000024
-1.653273179E-15,-13.5,13.5,-13.5,3.671003898E-31,27.,           0000023P0000025
1.408343819E-15,-11.5,38.5,-1.408343819E-15,-11.5,15.5,13.5,     0000023P0000026
-27.,27.,11.5,-7.071067812,27.,-11.5,-7.071067812,27.,11.5,-27., 0000023P0000027
27.;                                                             0000023P0000028
100,0.,0.,0.,11.5,0.,11.5,0.;                                    0000025P0000029
126,57,8,0,0,1,0,0.,0.,0.,0.,0.,0.,0.,0.,0.,4.236015966E-02,     0000027P0000030
4.236015966E-02,4.236015966E-02,4.236015966E-02,4.236015966E-02, 0000027P0000031
4.236015966E-02,4.236015966E-02,0.159610385,0.159610385,         0000027P0000032
0.159610385,0.159610385,0.159610385,0.159610385,0.159610385,     0000027P0000033
0.337838062,0.337838062,0.337838062,0.337838062,0.337838062,     0000027P0000034
0.337838062,0.337838062,0.550368917,0.550368917,0.550368917,     0000027P0000035
0.550368917,0.550368917,0.550368917,0.550368917,0.651920339,     0000027P0000036
0.651920339,0.651920339,0.651920339,0.651920339,0.651920339,     0000027P0000037
0.651920339,0.744032191,0.744032191,0.744032191,0.744032191,     0000027P0000038
0.744032191,0.744032191,0.744032191,0.891736743,0.891736743,     0000027P0000039
0.891736743,0.891736743,0.891736743,0.891736743,0.891736743,1.,  0000027P0000040
1.,1.,1.,1.,1.,1.,1.,1.,1.,1.,1.,1.,1.,1.,1.,1.,1.,1.,1.,1.,1.,  0000027P0000041
1.,1.,1.,1.,1.,1.,1.,1.,1.,1.,1.,1.,1.,1.,1.,1.,1.,1.,1.,1.,1.,  0000027P0000042
1.,1.,1.,1.,1.,1.,1.,1.,1.,1.,1.,1.,1.,1.,1.,1.,1.,1.,1.,1.,1.,  0000027P0000043
1.,1.,1.,-11.5,0.,34.071067812,-11.5,-0.265731151,34.071067812,  0000027P0000044
-11.492980109,-0.523790531,34.082484092,-11.479660914,           0000027P0000045
-0.773705527,34.104146879,-11.460748506,-1.015028688,            0000027P0000046
34.134762365,-11.43699643,-1.247111007,34.172893896,             0000027P0000047
-11.409248197,-1.46901258,34.216964379,-11.378460374,            0000027P0000048
-1.679550642,34.265279931,-11.255044902,-2.425354584,            0000027P0000049
34.456671591,-11.140685181,-2.928785331,34.629660244,            0000027P0000050
-11.009855957,-3.390960661,34.820089541,-10.868321676,           0000027P0000051
-3.814241149,35.016732559,-10.720143913,-4.203344118,            0000027P0000052
35.213334385,-10.566286446,-4.567100515,35.409154196,            0000027P0000053
-10.402690228,-4.918875086,35.608921127,-9.938379793,            0000027P0000054
-5.818186679,36.146708088,-9.630680802,-6.333430408,             0000027P0000055
36.479313581,-9.296789777,-6.823983966,36.813723165,             0000027P0000056
-8.936275152,-7.293256928,37.147059039,-8.546499175,             0000027P0000057
-7.744822066,37.47851361,-8.122619477,-8.181518475,37.807909279, 0000027P0000058
-7.65792472,-8.604387352,38.134286674,-6.532266735,-9.496838275, 0000027P0000059
38.836390943,-5.881857372,-9.935092548,39.190135328,             0000027P0000060
-5.143810291,-10.365100947,39.542092332,-4.269622052,            0000027P0000061
-10.788394521,39.894836809,-3.222235553,-11.178611379,           0000027P0000062
40.224632115,-1.97391758,-11.478405097,40.482202426,             0000027P0000063
-0.512498602,-11.607425816,40.591354992,1.923974772,             0000027P0000064
-11.365519521,40.385564749,2.636321559,-11.232214267,            0000027P0000065
40.272299551,3.276314461,-11.062725937,40.128777488,3.850123941, 0000027P0000066
-10.871046866,39.967367484,4.366617907,-10.666392739,            0000027P0000067
39.796200659,4.83689288,-10.45316734,39.619134118,5.273731277,   0000027P0000068
-10.230753781,39.435814584,6.069453136,-9.777598463,             0000027P0000069
39.065899576,6.424564913,-9.553670951,38.884553016,6.758046295,  0000027P0000070
-9.323184998,38.699577878,7.071794974,-9.087357412,38.512227845, 0000027P0000071
7.367817114,-8.846798871,38.32325169,7.648165902,-8.601502354,   0000027P0000072
38.132923034,7.914881719,-8.350807608,37.941082754,8.578918992,  0000027P0000073
-7.680486144,37.436286747,8.947565205,-7.26066743,37.127983667,  0000027P0000074
9.287078775,-6.829273653,36.820173893,9.604144581,-6.380088899,  0000027P0000075
36.510337649,9.901288075,-5.907502983,36.197706803,10.177818239, 0000027P0000076
-5.407766111,35.884758399,10.431024783,-4.879177756,             0000027P0000077
35.577855648,10.823158193,-3.912043132,35.073552557,             0000027P0000078
10.965156765,-3.510306605,34.880871144,11.098820668,             0000027P0000079
-3.083954874,34.692843107,11.227088859,-2.608542064,             0000027P0000080
34.504577887,11.344895744,-2.070009014,34.323318487,             0000027P0000081
11.440052151,-1.461787686,34.168563198,11.5,-0.77666609,         0000027P0000082
34.071067812,11.5,-3.552713679E-15,34.071067812,0.,1.,           0000027P0000083
2.574363329E-04,0.449989828,0.893033644;                         0000027P0000084
110,11.5,-2.816687638E-15,34.071067812,11.5,-2.816687638E-15,    0000029P0000085
54.;                                                             0000029P0000086
100,0.,0.,0.,11.5,0.,11.5,0.;                                    0000031P0000087
124,1.,0.,0.,0.,0.,1.,0.,0.,0.,0.,1.,54.;                        0000033P0000088
110,11.5,-2.816687638E-15,27.,11.5,-2.816687638E-15,             0000035P0000089
34.071067812;                                                    0000035P0000090
110,11.5,-2.816687638E-15,19.928932188,11.5,-2.816687638E-15,    0000037P0000091
27.;                                                             0000037P0000092
110,11.5,-2.816687638E-15,0.,11.5,-2.816687638E-15,19.928932188; 0000039P0000093
126,50,8,0,0,1,0,4.448450255E-02,4.448450255E-02,                0000041P0000094
4.448450255E-02,4.448450255E-02,4.448450255E-02,4.448450255E-02, 0000041P0000095
4.448450255E-02,4.448450255E-02,4.448450255E-02,0.159610385,     0000041P0000096
0.159610385,0.159610385,0.159610385,0.159610385,0.159610385,     0000041P0000097
0.159610385,0.337838062,0.337838062,0.337838062,0.337838062,     0000041P0000098
0.337838062,0.337838062,0.337838062,0.550368917,0.550368917,     0000041P0000099
0.550368917,0.550368917,0.550368917,0.550368917,0.550368917,     0000041P0000100
0.651920339,0.651920339,0.651920339,0.651920339,0.651920339,     0000041P0000101
0.651920339,0.651920339,0.744032191,0.744032191,0.744032191,     0000041P0000102
0.744032191,0.744032191,0.744032191,0.744032191,0.891736743,     0000041P0000103
0.891736743,0.891736743,0.891736743,0.891736743,0.891736743,     0000041P0000104
0.891736743,1.,1.,1.,1.,1.,1.,1.,1.,1.,1.,1.,1.,1.,1.,1.,1.,1.,  0000041P0000105
1.,1.,1.,1.,1.,1.,1.,1.,1.,1.,1.,1.,1.,1.,1.,1.,1.,1.,1.,1.,1.,  0000041P0000106
1.,1.,1.,1.,1.,1.,1.,1.,1.,1.,1.,1.,1.,1.,1.,1.,1.,1.,1.,1.,1.,  0000041P0000107
1.,-11.332349983,-1.956488106,19.663253773,-11.240428754,        0000041P0000108
-2.488918896,19.521271007,-11.126410743,-2.978836617,            0000041P0000109
19.349608675,-10.997012593,-3.429194036,19.162096717,            0000041P0000110
-10.857571637,-3.84239066,18.969020718,-10.711771476,            0000041P0000111
-4.223104066,18.776018064,-10.560351586,-4.579849107,            0000041P0000112
18.583602562,-10.399352061,-4.9253407,18.387212445,-9.938379793, 0000041P0000113
-5.818186679,17.853291912,-9.630680802,-6.333430408,             0000041P0000114
17.520686419,-9.296789777,-6.823983966,17.186276835,             0000041P0000115
-8.936275152,-7.293256928,16.852940961,-8.546499175,             0000041P0000116
-7.744822066,16.52148639,-8.122619477,-8.181518475,16.192090721, 0000041P0000117
-7.65792472,-8.604387352,15.865713326,-6.532266735,-9.496838275, 0000041P0000118
15.163609057,-5.881857372,-9.935092548,14.809864672,             0000041P0000119
-5.143810291,-10.365100947,14.457907668,-4.269622052,            0000041P0000120
-10.788394521,14.105163191,-3.222235553,-11.178611379,           0000041P0000121
13.775367885,-1.97391758,-11.478405097,13.517797574,             0000041P0000122
-0.512498602,-11.607425816,13.408645008,1.923974772,             0000041P0000123
-11.365519521,13.614435251,2.636321559,-11.232214267,            0000041P0000124
13.727700449,3.276314461,-11.062725937,13.871222512,3.850123941, 0000041P0000125
-10.871046866,14.032632516,4.366617907,-10.666392739,            0000041P0000126
14.203799341,4.83689288,-10.45316734,14.380865882,5.273731277,   0000041P0000127
-10.230753781,14.564185416,6.069453136,-9.777598463,             0000041P0000128
14.934100424,6.424564913,-9.553670951,15.115446984,6.758046295,  0000041P0000129
-9.323184998,15.300422122,7.071794974,-9.087357412,15.487772155, 0000041P0000130
7.367817114,-8.846798871,15.67674831,7.648165902,-8.601502354,   0000041P0000131
15.867076966,7.914881719,-8.350807608,16.058917246,8.578918992,  0000041P0000132
-7.680486144,16.563713253,8.947565205,-7.26066743,16.872016333,  0000041P0000133
9.287078775,-6.829273653,17.179826107,9.604144581,-6.380088899,  0000041P0000134
17.489662351,9.901288075,-5.907502983,17.802293197,10.177818239, 0000041P0000135
-5.407766111,18.115241601,10.431024783,-4.879177756,             0000041P0000136
18.422144352,10.823158193,-3.912043132,18.926447443,             0000041P0000137
10.965156765,-3.510306605,19.119128856,11.098820668,             0000041P0000138
-3.083954874,19.307156893,11.227088859,-2.608542064,             0000041P0000139
19.495422113,11.344895744,-2.070009014,19.676681513,             0000041P0000140
11.440052151,-1.461787686,19.831436802,11.5,-0.77666609,         0000041P0000141
19.928932188,11.5,-3.552713679E-15,19.928932188,4.448450255E-02, 0000041P0000142
1.,-2.574363329E-04,-0.449989828,0.893033644;                    0000041P0000143
126,15,8,0,0,1,0,0.,0.,0.,0.,0.,0.,0.,0.,0.,4.236015966E-02,     0000043P0000144
4.236015966E-02,4.236015966E-02,4.236015966E-02,4.236015966E-02, 0000043P0000145
4.236015966E-02,4.236015966E-02,4.448450255E-02,4.448450255E-02, 0000043P0000146
4.448450255E-02,4.448450255E-02,4.448450255E-02,4.448450255E-02, 0000043P0000147
4.448450255E-02,4.448450255E-02,4.448450255E-02,1.,1.,1.,1.,1.,  0000043P0000148
1.,1.,1.,1.,1.,1.,1.,1.,1.,1.,1.,-11.5,0.,19.928932188,-11.5,    0000043P0000149
-0.265731151,19.928932188,-11.492980109,-0.523790531,            0000043P0000150
19.917515908,-11.479660914,-0.773705527,19.895853121,            0000043P0000151
-11.460748506,-1.015028688,19.865237635,-11.43699643,            0000043P0000152
-1.247111007,19.827106104,-11.409248197,-1.46901258,             0000043P0000153
19.783035621,-11.378460374,-1.679550642,19.734720069,            0000043P0000154
-11.34406364,-1.887411286,19.681377908,-11.342413256,            0000043P0000155
-1.897323015,19.678819938,-11.340755136,-1.907220176,            0000043P0000156
19.676251423,-11.339089322,-1.917102787,19.673672453,            0000043P0000157
-11.337415857,-1.926970867,19.671083116,-11.335734784,           0000043P0000158
-1.936824434,19.668483498,-11.334046145,-1.946663508,            0000043P0000159
19.665873688,-11.332349983,-1.956488106,19.663253773,0.,         0000043P0000160
4.448450255E-02,-2.574363329E-04,-0.449989828,0.893033644;       0000043P0000161
110,-11.5,-5.995204333E-15,19.928932188,-11.5,-5.995204333E-15,  0000045P0000162
27.;                                                             0000045P0000163
110,-11.5,-5.995204333E-15,27.,-11.5,-5.995204333E-15,           0000047P0000164
34.071067812;                                                    0000047P0000165
110,13.5,-3.306546358E-15,0.,13.5,-3.306546358E-15,27.;          0000049P0000166
110,13.5,-3.306546358E-15,27.,13.5,-3.306546358E-15,54.;         0000051P0000167
100,0.,0.,0.,13.5,0.,13.5,0.;                                    0000053P0000168
124,1.,0.,0.,0.,0.,1.,0.,0.,0.,0.,1.,54.;                        0000055P0000169
104,2.743484225E-03,0.,5.48696845E-03,0.,-0.,-1.,0.,             0000057P0000170
-3.552713679E-15,-13.5,19.091883092,-3.306546358E-15;            0000057P0000171
124,0.,-1.,0.,0.,-0.707106781,0.,-0.707106781,0.,0.707106781,0., 0000059P0000172
-0.707106781,27.;                                                0000059P0000173
104,2.743484225E-03,0.,5.48696845E-03,0.,-0.,-1.,0.,             0000061P0000174
19.091883092,0.,0.,13.5;                                         0000061P0000175
124,0.,1.,0.,0.,-0.707106781,0.,-0.707106781,0.,-0.707106781,0., 0000063P0000176
0.707106781,27.;                                                 0000063P0000177
104,2.743484225E-03,0.,5.48696845E-03,0.,-0.,-1.,0.,             0000065P0000178
-3.552713679E-15,-13.5,19.091883092,-3.306546358E-15;            0000065P0000179
124,0.,1.,0.,0.,-0.707106781,0.,-0.707106781,0.,-0.707106781,0., 0000067P0000180
0.707106781,27.;                                                 0000067P0000181
104,2.743484225E-03,0.,5.48696845E-03,0.,-0.,-1.,0.,             0000069P0000182
19.091883092,0.,0.,13.5;                                         0000069P0000183
124,0.,-1.,0.,0.,-0.707106781,0.,-0.707106781,0.,0.707106781,0., 0000071P0000184
-0.707106781,27.;                                                0000071P0000185
104,3.780718336E-03,0.,7.561436673E-03,0.,-0.,-1.,0.,            0000073P0000186
-3.552713679E-15,-11.5,16.263455967,-2.816687638E-15;            0000073P0000187
124,0.,-1.,0.,0.,-0.707106781,0.,-0.707106781,0.,0.707106781,0., 0000075P0000188
-0.707106781,27.;                                                0000075P0000189
104,3.780718336E-03,0.,7.561436673E-03,0.,-0.,-1.,0.,            0000077P0000190
16.263455967,0.,0.,11.5;                                         0000077P0000191
124,0.,-1.,0.,0.,-0.707106781,0.,-0.707106781,0.,0.707106781,0., 0000079P0000192
-0.707106781,27.;                                                0000079P0000193
104,3.780718336E-03,0.,7.561436673E-03,0.,-0.,-1.,0.,            0000081P0000194
16.263455967,0.,0.,11.5;                                         0000081P0000195
124,0.,1.,0.,0.,-0.707106781,0.,-0.707106781,0.,-0.707106781,0., 0000083P0000196
0.707106781,27.;                                                 0000083P0000197
104,3.780718336E-03,0.,7.561436673E-03,0.,-0.,-1.,0.,            0000085P0000198
-3.552713679E-15,-11.5,16.263455967,-2.816687638E-15;            0000085P0000199
124,0.,1.,0.,0.,-0.707106781,0.,-0.707106781,0.,-0.707106781,0., 0000087P0000200
0.707106781,27.;                                                 0000087P0000201
110,13.5,-7.342007797E-31,27.,13.5,-27.,27.;                     0000089P0000202
100,0.,0.,0.,13.5,0.,13.5,0.;                                    0000091P0000203
124,1.,0.,0.,0.,0.,2.220446049E-16,-1.,-27.,0.,1.,               0000093P0000204
2.220446049E-16,27.;                                             0000093P0000205
110,11.5,0.,27.,11.5,-7.071067812,27.;                           0000095P0000206
126,57,8,0,0,1,0,0.,0.,0.,0.,0.,0.,0.,0.,0.,9.364780698E-02,     0000097P0000207
9.364780698E-02,9.364780698E-02,9.364780698E-02,9.364780698E-02, 0000097P0000208
9.364780698E-02,9.364780698E-02,0.216442408,0.216442408,         0000097P0000209
0.216442408,0.216442408,0.216442408,0.216442408,0.216442408,     0000097P0000210
0.33641837,0.33641837,0.33641837,0.33641837,0.33641837,          0000097P0000211
0.33641837,0.33641837,0.458783088,0.458783088,0.458783088,       0000097P0000212
0.458783088,0.458783088,0.458783088,0.458783088,0.54809339,      0000097P0000213
0.54809339,0.54809339,0.54809339,0.54809339,0.54809339,          0000097P0000214
0.54809339,0.754091882,0.754091882,0.754091882,0.754091882,      0000097P0000215
0.754091882,0.754091882,0.754091882,0.887476087,0.887476087,     0000097P0000216
0.887476087,0.887476087,0.887476087,0.887476087,0.887476087,1.,  0000097P0000217
1.,1.,1.,1.,1.,1.,1.,1.,1.,1.,1.,1.,1.,1.,1.,1.,1.,1.,1.,1.,1.,  0000097P0000218
1.,1.,1.,1.,1.,1.,1.,1.,1.,1.,1.,1.,1.,1.,1.,1.,1.,1.,1.,1.,1.,  0000097P0000219
1.,1.,1.,1.,1.,1.,1.,1.,1.,1.,1.,1.,1.,1.,1.,1.,1.,1.,1.,1.,1.,  0000097P0000220
1.,1.,1.,-11.5,-7.071067812,27.,-11.5,-7.071067812,26.355130524, 0000097P0000221
-11.458688322,-7.138274529,25.775676878,-11.390636073,           0000097P0000222
-7.248864315,25.25255957,-11.304645642,-7.383959748,             0000097P0000223
24.780682025,-11.207617801,-7.530541072,24.354939432,            0000097P0000224
-11.104022449,-7.681888446,23.967231195,-10.993782719,           0000097P0000225
-7.837688615,23.604763273,-10.71088584,-8.221934402,             0000097P0000226
22.784651286,-10.533142213,-8.452896756,22.343189677,            0000097P0000227
-10.34095988,-8.690188432,21.924879776,-10.136698051,            0000097P0000228
-8.929065111,21.528590953,-9.921670081,-9.167118479,             0000097P0000229
21.151855739,-9.695394995,-9.40436238,20.79050884,-9.454697013,  0000097P0000230
-9.642963083,20.438833465,-8.936624102,-10.124671452,            0000097P0000231
19.749598634,-8.66636366,-10.361833739,19.420075693,             0000097P0000232
-8.380313591,-10.598159632,19.099516127,-8.076585768,            0000097P0000233
-10.83363658,18.78659837,-7.753034588,-11.067976038,             0000097P0000234
18.480741703,-7.407359436,-11.300446218,18.18209371,-7.03723714, 0000097P0000235
-11.529741942,17.891572771,-6.235832154,-11.982504098,           0000097P0000236
17.324771431,-5.815397856,-12.199038408,17.057302364,            0000097P0000237
-5.365622317,-12.409875989,16.799484807,-4.873294442,            0000097P0000238
-12.617379826,16.548090364,-4.326480834,-12.819573331,           0000097P0000239
16.305309902,-3.715222697,-13.009989221,16.078461734,            0000097P0000240
-3.032000005,-13.17768834,15.879833886,-1.717234895,             0000097P0000241
-13.402156435,15.614863813,-1.088126948,-13.482364404,           0000097P0000242
15.52053761,-0.415279673,-13.530854758,15.463823002,0.276457774, 0000097P0000243
-13.537949556,15.455568942,0.9615064,-13.50155528,15.498086013,  0000097P0000244
1.614388615,-13.427157757,15.585311231,2.209786601,-13.32784555, 0000097P0000245
15.702400787,3.876008461,-12.985930864,16.107012536,4.87984351,  0000097P0000246
-12.658276894,16.497089594,5.733972199,-12.288942624,            0000097P0000247
16.942021087,6.458976912,-11.909604112,17.407715038,7.081017956, 0000097P0000248
-11.535769319,17.875548199,7.629655254,-11.167921909,            0000097P0000249
18.346703579,8.139198706,-10.789876006,18.840972357,8.95787417,  0000097P0000250
-10.108497983,19.772005075,9.252894502,-9.843651719,             0000097P0000251
20.143247243,9.528294366,-9.579455835,20.52440271,9.787967502,   0000097P0000252
-9.314123087,20.920266933,10.033197986,-9.04743914,21.334779184, 0000097P0000253
10.263311015,-8.781382733,21.770515731,10.476362799,             0000097P0000254
-8.520304438,22.228742227,10.833113342,-8.060065483,             0000097P0000255
23.116039239,10.973272127,-7.869441246,23.515641788,             0000097P0000256
11.105198483,-7.683456219,23.939913544,11.231639768,             0000097P0000257
-7.497551604,24.412622678,11.347580809,-7.318951493,             0000097P0000258
24.947507831,11.441150038,-7.166777743,25.55107907,11.5,         0000097P0000259
-7.071067812,26.230478364,11.5,-7.071067812,27.,0.,1.,           0000097P0000260
1.805419983E-04,-0.89322618,0.449607561;                         0000097P0000261
126,57,8,0,0,1,0,0.,0.,0.,0.,0.,0.,0.,0.,0.,9.364780698E-02,     0000099P0000262
9.364780698E-02,9.364780698E-02,9.364780698E-02,9.364780698E-02, 0000099P0000263
9.364780698E-02,9.364780698E-02,0.216442408,0.216442408,         0000099P0000264
0.216442408,0.216442408,0.216442408,0.216442408,0.216442408,     0000099P0000265
0.336418371,0.336418371,0.336418371,0.336418371,0.336418371,     0000099P0000266
0.336418371,0.336418371,0.458783088,0.458783088,0.458783088,     0000099P0000267
0.458783088,0.458783088,0.458783088,0.458783088,0.54809339,      0000099P0000268
0.54809339,0.54809339,0.54809339,0.54809339,0.54809339,          0000099P0000269
0.54809339,0.754091882,0.754091882,0.754091882,0.754091882,      0000099P0000270
0.754091882,0.754091882,0.754091882,0.887476087,0.887476087,     0000099P0000271
0.887476087,0.887476087,0.887476087,0.887476087,0.887476087,1.,  0000099P0000272
1.,1.,1.,1.,1.,1.,1.,1.,1.,1.,1.,1.,1.,1.,1.,1.,1.,1.,1.,1.,1.,  0000099P0000273
1.,1.,1.,1.,1.,1.,1.,1.,1.,1.,1.,1.,1.,1.,1.,1.,1.,1.,1.,1.,1.,  0000099P0000274
1.,1.,1.,1.,1.,1.,1.,1.,1.,1.,1.,1.,1.,1.,1.,1.,1.,1.,1.,1.,1.,  0000099P0000275
1.,1.,1.,11.5,-7.071067812,27.,11.5,-7.071067812,27.644869476,   0000099P0000276
11.458688322,-7.138274529,28.224323122,11.390636073,             0000099P0000277
-7.248864315,28.74744043,11.304645642,-7.383959748,29.219317975, 0000099P0000278
11.207617801,-7.530541072,29.645060568,11.104022449,             0000099P0000279
-7.681888446,30.032768805,10.993782719,-7.837688615,             0000099P0000280
30.395236727,10.71088584,-8.221934402,31.215348714,10.533142213, 0000099P0000281
-8.452896756,31.656810323,10.34095988,-8.690188432,32.075120224, 0000099P0000282
10.136698051,-8.929065111,32.471409047,9.921670081,-9.167118479, 0000099P0000283
32.848144261,9.695394995,-9.40436238,33.20949116,9.454697013,    0000099P0000284
-9.642963083,33.561166535,8.936624102,-10.124671452,             0000099P0000285
34.250401366,8.66636366,-10.361833739,34.579924307,8.380313591,  0000099P0000286
-10.598159632,34.900483873,8.076585768,-10.83363658,35.21340163, 0000099P0000287
7.753034588,-11.067976038,35.519258297,7.407359436,              0000099P0000288
-11.300446218,35.81790629,7.03723714,-11.529741942,36.108427229, 0000099P0000289
6.235832154,-11.982504098,36.675228569,5.815397856,              0000099P0000290
-12.199038408,36.942697636,5.365622317,-12.409875989,            0000099P0000291
37.200515193,4.873294442,-12.617379826,37.451909636,4.326480834, 0000099P0000292
-12.819573331,37.694690098,3.715222697,-13.009989221,            0000099P0000293
37.921538266,3.032000005,-13.17768834,38.120166114,1.717234895,  0000099P0000294
-13.402156435,38.385136187,1.088126948,-13.482364404,            0000099P0000295
38.47946239,0.415279673,-13.530854758,38.536176998,-0.276457774, 0000099P0000296
-13.537949556,38.544431058,-0.9615064,-13.50155528,38.501913987, 0000099P0000297
-1.614388615,-13.427157757,38.414688769,-2.209786601,            0000099P0000298
-13.32784555,38.297599213,-3.876008461,-12.985930864,            0000099P0000299
37.892987464,-4.879843509,-12.658276894,37.502910406,-5.7339722, 0000099P0000300
-12.288942624,37.057978914,-6.458976913,-11.909604112,           0000099P0000301
36.592284961,-7.081017955,-11.53576932,36.124451802,             0000099P0000302
-7.629655255,-11.167921909,35.65329642,-8.139198706,             0000099P0000303
-10.789876007,35.159027643,-8.95787417,-10.108497983,            0000099P0000304
34.227994925,-9.252894502,-9.843651719,33.856752757,             0000099P0000305
-9.528294366,-9.579455835,33.47559729,-9.787967502,-9.314123087, 0000099P0000306
33.079733067,-10.033197986,-9.04743914,32.665220816,             0000099P0000307
-10.263311015,-8.781382733,32.229484269,-10.476362799,           0000099P0000308
-8.520304438,31.771257773,-10.833113342,-8.060065483,            0000099P0000309
30.883960761,-10.973272127,-7.869441246,30.484358212,            0000099P0000310
-11.105198483,-7.683456219,30.060086456,-11.231639768,           0000099P0000311
-7.497551604,29.587377322,-11.347580809,-7.318951493,            0000099P0000312
29.052492169,-11.441150038,-7.166777743,28.44892093,-11.5,       0000099P0000313
-7.071067812,27.769521636,-11.5,-7.071067812,27.,0.,1.,          0000099P0000314
1.805419982E-04,0.89322618,0.449607561;                          0000099P0000315
100,0.,0.,0.,11.5,0.,11.5,0.;                                    0000101P0000316
124,1.,0.,0.,0.,0.,2.220446049E-16,-1.,-27.,0.,1.,               0000103P0000317
2.220446049E-16,27.;                                             0000103P0000318
110,11.5,-7.071067812,27.,11.5,-27.,27.;                         0000105P0000319
508,1,0,19,2,0,0;                                                0000107P0000320
510,111,1,1,119;                                                 0000109P0000321
192,113,115,11.5,117;                                            0000111P0000322
116,0.,0.,0.,0;                                                  0000113P0000323
123,0.,0.,1.;                                                    0000115P0000324
123,1.,0.,0.;                                                    0000117P0000325
508,13,0,19,3,1,1,0,121,0,19,4,1,1,0,123,0,19,5,0,1,0,125,0,19,  0000119P0000326
4,0,1,0,127,0,19,6,0,1,0,129,0,19,7,0,1,0,131,0,19,8,0,1,0,133,  0000119P0000327
0,19,2,1,1,0,135,0,19,8,1,1,0,137,0,19,9,0,1,0,139,0,19,10,0,1,  0000119P0000328
0,141,0,19,11,1,1,0,143,0,19,12,1,1,0,145;                       0000119P0000329
126,57,8,1,0,1,0,0.,0.,0.,0.,0.,0.,0.,0.,0.,4.236015966E-02,     0000121P0000330
4.236015966E-02,4.236015966E-02,4.236015966E-02,4.236015966E-02, 0000121P0000331
4.236015966E-02,4.236015966E-02,0.159610385,0.159610385,         0000121P0000332
0.159610385,0.159610385,0.159610385,0.159610385,0.159610385,     0000121P0000333
0.337838062,0.337838062,0.337838062,0.337838062,0.337838062,     0000121P0000334
0.337838062,0.337838062,0.550368917,0.550368917,0.550368917,     0000121P0000335
0.550368917,0.550368917,0.550368917,0.550368917,0.651920339,     0000121P0000336
0.651920339,0.651920339,0.651920339,0.651920339,0.651920339,     0000121P0000337
0.651920339,0.744032191,0.744032191,0.744032191,0.744032191,     0000121P0000338
0.744032191,0.744032191,0.744032191,0.891736743,0.891736743,     0000121P0000339
0.891736743,0.891736743,0.891736743,0.891736743,0.891736743,1.,  0000121P0000340
1.,1.,1.,1.,1.,1.,1.,1.,1.,1.,1.,1.,1.,1.,1.,1.,1.,1.,1.,1.,1.,  0000121P0000341
1.,1.,1.,1.,1.,1.,1.,1.,1.,1.,1.,1.,1.,1.,1.,1.,1.,1.,1.,1.,1.,  0000121P0000342
1.,1.,1.,1.,1.,1.,1.,1.,1.,1.,1.,1.,1.,1.,1.,1.,1.,1.,1.,1.,1.,  0000121P0000343
1.,1.,1.,180.,34.071067812,0.,181.323936823,34.071067812,0.,     0000121P0000344
182.609652377,34.082484092,0.,183.85586357,34.104146879,0.,      0000121P0000345
185.061163695,34.134762365,0.,186.222888432,34.172893896,0.,     0000121P0000346
187.336655233,34.216964379,0.,188.396576112,34.265279931,0.,     0000121P0000347
192.162883584,34.456671591,0.,194.730463621,34.629660244,0.,     0000121P0000348
197.118479261,34.820089541,0.,199.337805973,35.016732559,0.,     0000121P0000349
201.409163433,35.213334385,0.,203.374913875,35.409154196,0.,     0000121P0000350
205.306146357,35.608921127,0.,210.348670991,36.146708088,0.,     0000121P0000351
213.332973514,36.479313581,0.,216.280851779,36.813723165,0.,     0000121P0000352
219.219467562,37.147059039,0.,222.181540703,37.47851361,0.,      0000121P0000353
225.204182125,37.807909279,0.,228.327317876,38.134286674,0.,     0000121P0000354
235.484381425,38.836390943,0.,239.380362389,39.190135328,0.,     0000121P0000355
243.618986836,39.542092332,0.,248.427877139,39.894836809,0.,     0000121P0000356
253.932232695,40.224632115,0.,260.233231884,40.482202426,0.,     0000121P0000357
267.415471496,40.591354992,0.,279.614255175,40.385564749,0.,     0000121P0000358
283.211674001,40.272299551,0.,286.496357025,40.128777488,0.,     0000121P0000359
289.500192674,39.967367484,0.,292.261148835,39.796200659,0.,     0000121P0000360
294.829027068,39.619134118,0.,297.268732957,39.435814584,0.,     0000121P0000361
301.831016647,39.065899576,0.,303.920548903,38.884553016,0.,     0000121P0000362
305.937336886,38.699577878,0.,307.889883789,38.512227845,0.,     0000121P0000363
309.787722256,38.32325169,0.,311.64168241,38.132923034,0.,       0000121P0000364
313.464224141,37.941082754,0.,318.165191265,37.436286747,0.,     0000121P0000365
320.943756808,37.127983667,0.,323.672386236,36.820173893,0.,     0000121P0000366
326.404072668,36.510337649,0.,329.176936044,36.197706803,0.,     0000121P0000367
332.014535049,35.884758399,0.,334.929122396,35.577855648,0.,     0000121P0000368
340.128630488,35.073552557,0.,342.249378451,34.880871144,0.,     0000121P0000369
344.472851953,34.692843107,0.,346.922029278,34.504577887,0.,     0000121P0000370
349.66003429,34.323318487,0.,352.716980147,34.168563198,0.,      0000121P0000371
356.130461822,34.071067812,0.,360.,34.071067812,0.,0.,1.,-0.,    0000121P0000372
-0.,1.;                                                          0000121P0000373
110,360.,34.071067812,0.,360.,54.,0.;                            0000123P0000374
110,360.,54.,0.,0.,54.,0.;                                       0000125P0000375
110,2.37142157E-11,54.,0.,2.37142157E-11,34.071067812,0.;        0000127P0000376
110,0.,34.071067812,0.,0.,27.,0.;                                0000129P0000377
110,0.,27.,0.,0.,19.928932188,0.;                                0000131P0000378
110,0.,19.928932188,0.,0.,0.,0.;                                 0000133P0000379
110,0.,0.,0.,360.,0.,0.;                                         0000135P0000380
110,360.,0.,0.,360.,19.928932188,0.;                             0000137P0000381
126,50,8,1,0,1,0,0.,0.,0.,0.,0.,0.,0.,0.,0.,0.108263257,         0000139P0000382
0.108263257,0.108263257,0.108263257,0.108263257,0.108263257,     0000139P0000383
0.108263257,0.255967809,0.255967809,0.255967809,0.255967809,     0000139P0000384
0.255967809,0.255967809,0.255967809,0.348079661,0.348079661,     0000139P0000385
0.348079661,0.348079661,0.348079661,0.348079661,0.348079661,     0000139P0000386
0.449631083,0.449631083,0.449631083,0.449631083,0.449631083,     0000139P0000387
0.449631083,0.449631083,0.662161938,0.662161938,0.662161938,     0000139P0000388
0.662161938,0.662161938,0.662161938,0.662161938,0.840389615,     0000139P0000389
0.840389615,0.840389615,0.840389615,0.840389615,0.840389615,     0000139P0000390
0.840389615,0.955515497,0.955515497,0.955515497,0.955515497,     0000139P0000391
0.955515497,0.955515497,0.955515497,0.955515497,0.955515497,1.,  0000139P0000392
1.,1.,1.,1.,1.,1.,1.,1.,1.,1.,1.,1.,1.,1.,1.,1.,1.,1.,1.,1.,1.,  0000139P0000393
1.,1.,1.,1.,1.,1.,1.,1.,1.,1.,1.,1.,1.,1.,1.,1.,1.,1.,1.,1.,1.,  0000139P0000394
1.,1.,1.,1.,1.,1.,1.,1.,360.,19.928932188,0.,356.130461822,      0000139P0000395
19.928932188,0.,352.716980147,19.831436802,0.,349.66003429,      0000139P0000396
19.676681513,0.,346.922029278,19.495422113,0.,344.472851953,     0000139P0000397
19.307156893,0.,342.249378451,19.119128856,0.,340.128630488,     0000139P0000398
18.926447443,0.,334.929122396,18.422144352,0.,332.014535049,     0000139P0000399
18.115241601,0.,329.176936044,17.802293197,0.,326.404072668,     0000139P0000400
17.489662351,0.,323.672386236,17.179826107,0.,320.943756808,     0000139P0000401
16.872016333,0.,318.165191265,16.563713253,0.,313.464224141,     0000139P0000402
16.058917246,0.,311.64168241,15.867076966,0.,309.787722256,      0000139P0000403
15.67674831,0.,307.889883789,15.487772155,0.,305.937336886,      0000139P0000404
15.300422122,0.,303.920548903,15.115446984,0.,301.831016647,     0000139P0000405
14.934100424,0.,297.268732957,14.564185416,0.,294.829027068,     0000139P0000406
14.380865882,0.,292.261148835,14.203799341,0.,289.500192674,     0000139P0000407
14.032632516,0.,286.496357025,13.871222512,0.,283.211674001,     0000139P0000408
13.727700449,0.,279.614255175,13.614435251,0.,267.415471496,     0000139P0000409
13.408645008,0.,260.233231884,13.517797574,0.,253.932232695,     0000139P0000410
13.775367885,0.,248.427877139,14.105163191,0.,243.618986836,     0000139P0000411
14.457907668,0.,239.380362389,14.809864672,0.,235.484381425,     0000139P0000412
15.163609057,0.,228.327317876,15.865713326,0.,225.204182125,     0000139P0000413
16.192090721,0.,222.181540703,16.52148639,0.,219.219467562,      0000139P0000414
16.852940961,0.,216.280851779,17.186276835,0.,213.332973514,     0000139P0000415
17.520686419,0.,210.348670991,17.853291912,0.,205.342399665,     0000139P0000416
18.387212445,0.,203.444917011,18.583602562,0.,201.515976626,     0000139P0000417
18.776018064,0.,199.487715319,18.969020718,0.,197.319045188,     0000139P0000418
19.162096717,0.,194.989232314,19.349608675,0.,192.487284467,     0000139P0000419
19.521271007,0.,189.795342682,19.663253773,0.,0.,0.955515497,    0000139P0000420
-0.,-0.,1.;                                                      0000139P0000421
126,15,8,1,0,1,0,0.955515497,0.955515497,0.955515497,            0000141P0000422
0.955515497,0.955515497,0.955515497,0.955515497,0.955515497,     0000141P0000423
0.955515497,0.95763984,0.95763984,0.95763984,0.95763984,         0000141P0000424
0.95763984,0.95763984,0.95763984,1.,1.,1.,1.,1.,1.,1.,1.,1.,1.,  0000141P0000425
1.,1.,1.,1.,1.,1.,1.,1.,1.,1.,1.,1.,1.,1.,1.,189.795342682,      0000141P0000426
19.663253773,0.,189.745670034,19.665873688,0.,189.695932696,     0000141P0000427
19.668483498,0.,189.646130554,19.671083116,0.,189.596263496,     0000141P0000428
19.673672453,0.,189.546331409,19.676251423,0.,189.496334176,     0000141P0000429
19.678819938,0.,189.446271684,19.681377908,0.,188.396576112,     0000141P0000430
19.734720069,0.,187.336655233,19.783035621,0.,186.222888432,     0000141P0000431
19.827106104,0.,185.061163695,19.865237635,0.,183.85586357,      0000141P0000432
19.895853121,0.,182.609652377,19.917515908,0.,181.323936823,     0000141P0000433
19.928932188,0.,180.,19.928932188,0.,0.955515497,1.,-0.,-0.,1.;  0000141P0000434
126,1,1,1,0,1,0,19.928932188,19.928932188,27.,27.,1.,1.,180.,    0000143P0000435
19.928932188,0.,180.,27.,0.,19.928932188,27.,0.,0.,1.;           0000143P0000436
126,1,1,1,0,1,0,27.,27.,34.071067812,34.071067812,1.,1.,180.,    0000145P0000437
27.,0.,180.,34.071067812,0.,27.,34.071067812,0.,0.,1.;           0000145P0000438
510,149,2,1,157,171;                                             0000147P0000439
192,151,153,13.5,155;                                            0000149P0000440
116,0.,0.,0.,0;                                                  0000151P0000441
123,0.,0.,1.;                                                    0000153P0000442
123,1.,0.,0.;                                                    0000155P0000443
508,6,0,19,1,1,1,0,159,0,19,13,1,1,0,161,0,19,14,1,1,0,163,0,19, 0000157P0000444
15,0,1,0,165,0,19,14,0,1,0,167,0,19,13,0,1,0,169;                0000157P0000445
110,0.,0.,0.,360.,0.,0.;                                         0000159P0000446
110,360.,0.,0.,360.,27.,0.;                                      0000161P0000447
110,360.,27.,0.,360.,54.,0.;                                     0000163P0000448
110,360.,54.,0.,0.,54.,0.;                                       0000165P0000449
110,2.37142157E-11,54.,0.,2.37142157E-11,27.,0.;                 0000167P0000450
110,2.37142157E-11,27.,0.,2.37142157E-11,0.,0.;                  0000169P0000451
508,4,0,19,16,0,1,0,173,0,19,17,0,1,0,175,0,19,18,0,1,0,177,0,   0000171P0000452
19,19,0,1,0,179;                                                 0000171P0000453
126,8,8,1,0,1,0,4.71238898,4.71238898,4.71238898,4.71238898,     0000173P0000454
4.71238898,4.71238898,4.71238898,4.71238898,4.71238898,          0000173P0000455
6.283185307,6.283185307,6.283185307,6.283185307,6.283185307,     0000173P0000456
6.283185307,6.283185307,6.283185307,6.283185307,1.,1.,1.,1.,1.,  0000173P0000457
1.,1.,1.,1.,270.,40.5,0.,281.250000043,40.499999997,0.,          0000173P0000458
292.500000029,39.90517952,0.,303.750000014,38.715543622,0.,315., 0000173P0000459
36.979993132,0.,326.249999986,34.796429028,0.,337.499999971,     0000173P0000460
32.301438238,0.,348.749999957,29.650718812,0.,360.,27.,0.,       0000173P0000461
4.71238898,6.283185307,-0.,-0.,1.;                               0000173P0000462
126,8,8,1,0,1,0,0.,0.,0.,0.,0.,0.,0.,0.,0.,1.570796327,          0000175P0000463
1.570796327,1.570796327,1.570796327,1.570796327,1.570796327,     0000175P0000464
1.570796327,1.570796327,1.570796327,1.,1.,1.,1.,1.,1.,1.,1.,1.,  0000175P0000465
360.,27.,0.,348.749999957,24.349281188,0.,337.499999971,         0000175P0000466
21.698561762,0.,326.249999986,19.203570971,0.,315.,17.020006868, 0000175P0000467
0.,303.750000015,15.284456378,0.,292.500000029,14.09482048,0.,   0000175P0000468
281.250000043,13.500000003,0.,270.,13.5,0.,0.,1.570796327,-0.,   0000175P0000469
-0.,1.;                                                          0000175P0000470
126,8,8,1,0,1,0,4.71238895,4.71238895,4.71238895,4.71238895,     0000177P0000471
4.71238895,4.71238895,4.71238895,4.71238895,4.71238895,          0000177P0000472
6.283185277,6.283185277,6.283185277,6.283185277,6.283185277,     0000177P0000473
6.283185277,6.283185277,6.283185277,6.283185277,1.,1.,1.,1.,1.,  0000177P0000474
1.,1.,1.,1.,270.,13.5,0.,258.749999957,13.500000003,0.,          0000177P0000475
247.499999971,14.09482048,0.,236.249999987,15.284456378,0.,      0000177P0000476
224.999999998,17.020006868,0.,213.750000015,19.203570972,0.,     0000177P0000477
202.500000028,21.698561762,0.,191.250000043,24.349281188,0.,     0000177P0000478
180.,27.,0.,4.71238895,6.283185277,-0.,-0.,1.;                   0000177P0000479
126,8,8,1,0,1,0,0.,0.,0.,0.,0.,0.,0.,0.,0.,1.570796326,          0000179P0000480
1.570796326,1.570796326,1.570796326,1.570796326,1.570796326,     0000179P0000481
1.570796326,1.570796326,1.570796326,1.,1.,1.,1.,1.,1.,1.,1.,1.,  0000179P0000482
180.000000053,27.000000013,0.,191.25000009,29.650718823,0.,      0000179P0000483
202.500000069,32.301438247,0.,213.750000046,34.796429035,0.,     0000179P0000484
225.000000028,36.979993136,0.,236.250000004,38.715543624,0.,     0000179P0000485
247.499999985,39.905179521,0.,258.749999964,40.499999997,0.,     0000179P0000486
270.,40.5,0.,0.,1.570796326,-0.,-0.,1.;                          0000179P0000487
510,183,1,1,191;                                                 0000181P0000488
192,185,187,11.5,189;                                            0000183P0000489
116,0.,0.,0.,0;                                                  0000185P0000490
123,0.,0.,1.;                                                    0000187P0000491
123,1.,0.,0.;                                                    0000189P0000492
508,5,0,19,20,0,1,0,193,0,19,6,1,1,0,195,0,19,3,0,1,0,197,0,19,  0000191P0000493
12,0,1,0,199,0,19,21,0,1,0,201;                                  0000191P0000494
126,8,8,1,0,1,0,4.71238898,4.71238898,4.71238898,4.71238898,     0000193P0000495
4.71238898,4.71238898,4.71238898,4.71238898,4.71238898,          0000193P0000496
6.283185307,6.283185307,6.283185307,6.283185307,6.283185307,     0000193P0000497
6.283185307,6.283185307,6.283185307,6.283185307,1.,1.,1.,1.,1.,  0000193P0000498
1.,1.,1.,1.,270.,38.5,0.,281.250000043,38.499999998,0.,          0000193P0000499
292.500000029,37.993301073,0.,303.750000014,36.97990753,0.,315., 0000193P0000500
35.501475631,0.,326.249999986,33.641402506,0.,337.499999971,     0000193P0000501
31.516039981,0.,348.749999957,29.258019728,0.,360.,27.,0.,       0000193P0000502
4.71238898,6.283185307,-0.,-0.,1.;                               0000193P0000503
110,360.,27.,0.,360.,34.071067812,0.;                            0000195P0000504
126,57,8,1,0,1,0,0.,0.,0.,0.,0.,0.,0.,0.,0.,0.108263257,         0000197P0000505
0.108263257,0.108263257,0.108263257,0.108263257,0.108263257,     0000197P0000506
0.108263257,0.255967809,0.255967809,0.255967809,0.255967809,     0000197P0000507
0.255967809,0.255967809,0.255967809,0.348079661,0.348079661,     0000197P0000508
0.348079661,0.348079661,0.348079661,0.348079661,0.348079661,     0000197P0000509
0.449631083,0.449631083,0.449631083,0.449631083,0.449631083,     0000197P0000510
0.449631083,0.449631083,0.662161938,0.662161938,0.662161938,     0000197P0000511
0.662161938,0.662161938,0.662161938,0.662161938,0.840389615,     0000197P0000512
0.840389615,0.840389615,0.840389615,0.840389615,0.840389615,     0000197P0000513
0.840389615,0.95763984,0.95763984,0.95763984,0.95763984,         0000197P0000514
0.95763984,0.95763984,0.95763984,1.,1.,1.,1.,1.,1.,1.,1.,1.,1.,  0000197P0000515
1.,1.,1.,1.,1.,1.,1.,1.,1.,1.,1.,1.,1.,1.,1.,1.,1.,1.,1.,1.,1.,  0000197P0000516
1.,1.,1.,1.,1.,1.,1.,1.,1.,1.,1.,1.,1.,1.,1.,1.,1.,1.,1.,1.,1.,  0000197P0000517
1.,1.,1.,1.,1.,1.,1.,1.,1.,1.,1.,1.,1.,1.,1.,360.,34.071067812,  0000197P0000518
0.,356.130461822,34.071067812,0.,352.716980147,34.168563198,0.,  0000197P0000519
349.66003429,34.323318487,0.,346.922029278,34.504577887,0.,      0000197P0000520
344.472851953,34.692843107,0.,342.249378451,34.880871144,0.,     0000197P0000521
340.128630488,35.073552557,0.,334.929122396,35.577855648,0.,     0000197P0000522
332.014535049,35.884758399,0.,329.176936044,36.197706803,0.,     0000197P0000523
326.404072668,36.510337649,0.,323.672386236,36.820173893,0.,     0000197P0000524
320.943756808,37.127983667,0.,318.165191265,37.436286747,0.,     0000197P0000525
313.464224141,37.941082754,0.,311.64168241,38.132923034,0.,      0000197P0000526
309.787722256,38.32325169,0.,307.889883789,38.512227845,0.,      0000197P0000527
305.937336886,38.699577878,0.,303.920548903,38.884553016,0.,     0000197P0000528
301.831016647,39.065899576,0.,297.268732957,39.435814584,0.,     0000197P0000529
294.829027068,39.619134118,0.,292.261148835,39.796200659,0.,     0000197P0000530
289.500192674,39.967367484,0.,286.496357025,40.128777488,0.,     0000197P0000531
283.211674001,40.272299551,0.,279.614255175,40.385564749,0.,     0000197P0000532
267.415471496,40.591354992,0.,260.233231884,40.482202426,0.,     0000197P0000533
253.932232695,40.224632115,0.,248.427877139,39.894836809,0.,     0000197P0000534
243.618986836,39.542092332,0.,239.380362389,39.190135328,0.,     0000197P0000535
235.484381425,38.836390943,0.,228.327317876,38.134286674,0.,     0000197P0000536
225.204182125,37.807909279,0.,222.181540703,37.47851361,0.,      0000197P0000537
219.219467562,37.147059039,0.,216.280851779,36.813723165,0.,     0000197P0000538
213.332973514,36.479313581,0.,210.348670991,36.146708088,0.,     0000197P0000539
205.306146357,35.608921127,0.,203.374913875,35.409154196,0.,     0000197P0000540
201.409163433,35.213334385,0.,199.337805973,35.016732559,0.,     0000197P0000541
197.118479261,34.820089541,0.,194.730463621,34.629660244,0.,     0000197P0000542
192.162883584,34.456671591,0.,188.396576112,34.265279931,0.,     0000197P0000543
187.336655233,34.216964379,0.,186.222888432,34.172893896,0.,     0000197P0000544
185.061163695,34.134762365,0.,183.85586357,34.104146879,0.,      0000197P0000545
182.609652377,34.082484092,0.,181.323936823,34.071067812,0.,     0000197P0000546
180.,34.071067812,0.,0.,1.,0.,0.,1.;                             0000197P0000547
126,1,1,1,0,1,0,19.928932188,19.928932188,27.,27.,1.,1.,180.,    0000199P0000548
34.071067812,0.,180.,27.,0.,19.928932188,27.,0.,0.,1.;           0000199P0000549
126,8,8,1,0,1,0,0.,0.,0.,0.,0.,0.,0.,0.,0.,1.570796327,          0000201P0000550
1.570796327,1.570796327,1.570796327,1.570796327,1.570796327,     0000201P0000551
1.570796327,1.570796327,1.570796327,1.,1.,1.,1.,1.,1.,1.,1.,1.,  0000201P0000552
179.999999939,26.999999988,0.,191.24999999,29.258019718,0.,      0000201P0000553
202.499999983,31.516039972,0.,213.749999975,33.641402499,0.,     0000201P0000554
224.999999969,35.501475627,0.,236.249999962,36.979907528,0.,     0000201P0000555
247.499999956,37.993301072,0.,258.749999949,38.499999998,0.,     0000201P0000556
270.,38.5,0.,0.,1.570796327,-0.,-0.,1.;                          0000201P0000557
510,205,1,1,213;                                                 0000203P0000558
192,207,209,11.5,211;                                            0000205P0000559
116,0.,0.,0.,0;                                                  0000207P0000560
123,0.,0.,1.;                                                    0000209P0000561
123,1.,0.,0.;                                                    0000211P0000562
508,6,0,19,9,1,1,0,215,0,19,7,1,1,0,217,0,19,22,0,1,0,219,0,19,  0000213P0000563
23,0,1,0,221,0,19,11,0,1,0,223,0,19,10,1,1,0,225;                0000213P0000564
126,50,8,1,0,1,0,4.448450255E-02,4.448450255E-02,                0000215P0000565
4.448450255E-02,4.448450255E-02,4.448450255E-02,4.448450255E-02, 0000215P0000566
4.448450255E-02,4.448450255E-02,4.448450255E-02,0.159610385,     0000215P0000567
0.159610385,0.159610385,0.159610385,0.159610385,0.159610385,     0000215P0000568
0.159610385,0.337838062,0.337838062,0.337838062,0.337838062,     0000215P0000569
0.337838062,0.337838062,0.337838062,0.550368917,0.550368917,     0000215P0000570
0.550368917,0.550368917,0.550368917,0.550368917,0.550368917,     0000215P0000571
0.651920339,0.651920339,0.651920339,0.651920339,0.651920339,     0000215P0000572
0.651920339,0.651920339,0.744032191,0.744032191,0.744032191,     0000215P0000573
0.744032191,0.744032191,0.744032191,0.744032191,0.891736743,     0000215P0000574
0.891736743,0.891736743,0.891736743,0.891736743,0.891736743,     0000215P0000575
0.891736743,1.,1.,1.,1.,1.,1.,1.,1.,1.,1.,1.,1.,1.,1.,1.,1.,1.,  0000215P0000576
1.,1.,1.,1.,1.,1.,1.,1.,1.,1.,1.,1.,1.,1.,1.,1.,1.,1.,1.,1.,1.,  0000215P0000577
1.,1.,1.,1.,1.,1.,1.,1.,1.,1.,1.,1.,1.,1.,1.,1.,1.,1.,1.,1.,1.,  0000215P0000578
1.,189.795342682,19.663253773,0.,192.487284467,19.521271007,0.,  0000215P0000579
194.989232314,19.349608675,0.,197.319045188,19.162096717,0.,     0000215P0000580
199.487715319,18.969020718,0.,201.515976626,18.776018064,0.,     0000215P0000581
203.444917011,18.583602562,0.,205.342399665,18.387212445,0.,     0000215P0000582
210.348670991,17.853291912,0.,213.332973514,17.520686419,0.,     0000215P0000583
216.280851779,17.186276835,0.,219.219467562,16.852940961,0.,     0000215P0000584
222.181540703,16.52148639,0.,225.204182125,16.192090721,0.,      0000215P0000585
228.327317876,15.865713326,0.,235.484381425,15.163609057,0.,     0000215P0000586
239.380362389,14.809864672,0.,243.618986836,14.457907668,0.,     0000215P0000587
248.427877139,14.105163191,0.,253.932232695,13.775367885,0.,     0000215P0000588
260.233231884,13.517797574,0.,267.415471496,13.408645008,0.,     0000215P0000589
279.614255175,13.614435251,0.,283.211674001,13.727700449,0.,     0000215P0000590
286.496357025,13.871222512,0.,289.500192674,14.032632516,0.,     0000215P0000591
292.261148835,14.203799341,0.,294.829027068,14.380865882,0.,     0000215P0000592
297.268732957,14.564185416,0.,301.831016647,14.934100424,0.,     0000215P0000593
303.920548903,15.115446984,0.,305.937336886,15.300422122,0.,     0000215P0000594
307.889883789,15.487772155,0.,309.787722256,15.67674831,0.,      0000215P0000595
311.64168241,15.867076966,0.,313.464224141,16.058917246,0.,      0000215P0000596
318.165191265,16.563713253,0.,320.943756808,16.872016333,0.,     0000215P0000597
323.672386236,17.179826107,0.,326.404072668,17.489662351,0.,     0000215P0000598
329.176936044,17.802293197,0.,332.014535049,18.115241601,0.,     0000215P0000599
334.929122396,18.422144352,0.,340.128630488,18.926447443,0.,     0000215P0000600
342.249378451,19.119128856,0.,344.472851953,19.307156893,0.,     0000215P0000601
346.922029278,19.495422113,0.,349.66003429,19.676681513,0.,      0000215P0000602
352.716980147,19.831436802,0.,356.130461822,19.928932188,0.,     0000215P0000603
360.,19.928932188,0.,4.448450255E-02,1.,0.,0.,1.;                0000215P0000604
110,360.,19.928932188,0.,360.,27.,0.;                            0000217P0000605
126,8,8,1,0,1,0,0.,0.,0.,0.,0.,0.,0.,0.,0.,1.570796327,          0000219P0000606
1.570796327,1.570796327,1.570796327,1.570796327,1.570796327,     0000219P0000607
1.570796327,1.570796327,1.570796327,1.,1.,1.,1.,1.,1.,1.,1.,1.,  0000219P0000608
360.,27.,0.,348.749999957,24.741980272,0.,337.499999971,         0000219P0000609
22.483960019,0.,326.249999986,20.358597494,0.,315.,18.49852437,  0000219P0000610
0.,303.750000015,17.02009247,0.,292.500000029,16.006698927,0.,   0000219P0000611
281.250000043,15.500000002,0.,270.,15.5,0.,0.,1.570796327,-0.,   0000219P0000612
-0.,1.;                                                          0000219P0000613
126,8,8,1,0,1,0,4.712388947,4.712388947,4.712388947,4.712388947, 0000221P0000614
4.712388947,4.712388947,4.712388947,4.712388947,4.712388947,     0000221P0000615
6.283185273,6.283185273,6.283185273,6.283185273,6.283185273,     0000221P0000616
6.283185273,6.283185273,6.283185273,6.283185273,1.,1.,1.,1.,1.,  0000221P0000617
1.,1.,1.,1.,270.,15.5,0.,258.749999957,15.500000002,0.,          0000221P0000618
247.499999972,16.006698927,0.,236.249999985,17.02009247,0.,      0000221P0000619
225.000000001,18.498524369,0.,213.750000013,20.358597494,0.,     0000221P0000620
202.500000029,22.483960019,0.,191.250000043,24.741980272,0.,     0000221P0000621
180.,27.,0.,4.712388947,6.283185273,-0.,-0.,1.;                  0000221P0000622
126,1,1,1,0,1,0,27.,27.,34.071067812,34.071067812,1.,1.,180.,    0000223P0000623
27.,0.,180.,19.928932188,0.,27.,34.071067812,0.,0.,1.;           0000223P0000624
126,15,8,1,0,1,0,0.,0.,0.,0.,0.,0.,0.,0.,0.,4.236015966E-02,     0000225P0000625
4.236015966E-02,4.236015966E-02,4.236015966E-02,4.236015966E-02, 0000225P0000626
4.236015966E-02,4.236015966E-02,4.448450255E-02,4.448450255E-02, 0000225P0000627
4.448450255E-02,4.448450255E-02,4.448450255E-02,4.448450255E-02, 0000225P0000628
4.448450255E-02,4.448450255E-02,4.448450255E-02,1.,1.,1.,1.,1.,  0000225P0000629
1.,1.,1.,1.,1.,1.,1.,1.,1.,1.,1.,180.,19.928932188,0.,           0000225P0000630
181.323936823,19.928932188,0.,182.609652377,19.917515908,0.,     0000225P0000631
183.85586357,19.895853121,0.,185.061163695,19.865237635,0.,      0000225P0000632
186.222888432,19.827106104,0.,187.336655233,19.783035621,0.,     0000225P0000633
188.396576112,19.734720069,0.,189.446271684,19.681377908,0.,     0000225P0000634
189.496334176,19.678819938,0.,189.546331409,19.676251423,0.,     0000225P0000635
189.596263496,19.673672453,0.,189.646130554,19.671083116,0.,     0000225P0000636
189.695932696,19.668483498,0.,189.745670034,19.665873688,0.,     0000225P0000637
189.795342682,19.663253773,0.,0.,4.448450255E-02,0.,0.,1.;       0000225P0000638
510,229,2,1,237,239;                                             0000227P0000639
190,231,233,235;                                                 0000229P0000640
116,0.,0.,54.,0;                                                 0000231P0000641
123,0.,0.,1.;                                                    0000233P0000642
123,1.,0.,0.;                                                    0000235P0000643
508,1,0,19,15,1,0;                                               0000237P0000644
508,1,0,19,5,0,0;                                                0000239P0000645
510,243,1,1,251;                                                 0000241P0000646
192,245,247,13.5,249;                                            0000243P0000647
116,0.,0.,27.,0;                                                 0000245P0000648
123,0.,-1.,2.220446049E-16;                                      0000247P0000649
123,1.,0.,0.;                                                    0000249P0000650
508,7,0,19,24,1,1,0,253,0,19,25,0,1,0,255,0,19,24,0,1,0,257,0,   0000251P0000651
19,16,1,1,0,259,0,19,19,1,1,0,261,0,19,18,1,1,0,263,0,19,17,1,1, 0000251P0000652
0,265;                                                           0000251P0000653
110,360.,0.,0.,360.,27.,0.;                                      0000253P0000654
110,360.,27.,0.,0.,27.,0.;                                       0000255P0000655
110,2.37142157E-11,27.,0.,2.37142157E-11,0.,0.;                  0000257P0000656
126,8,8,1,0,1,0,4.71238898,4.71238898,4.71238898,4.71238898,     0000259P0000657
4.71238898,4.71238898,4.71238898,4.71238898,4.71238898,          0000259P0000658
6.283185307,6.283185307,6.283185307,6.283185307,6.283185307,     0000259P0000659
6.283185307,6.283185307,6.283185307,6.283185307,1.,1.,1.,1.,1.,  0000259P0000660
1.,1.,1.,1.,-1.132636063E-14,-3.372263786E-15,0.,11.250000043,   0000259P0000661
2.650718812,0.,22.500000029,5.301438238,0.,33.750000014,         0000259P0000662
7.796429029,0.,45.,9.979993132,0.,56.249999986,11.715543622,0.,  0000259P0000663
67.499999971,12.90517952,0.,78.749999957,13.499999997,0.,90.,    0000259P0000664
13.5,0.,4.71238898,6.283185307,-0.,-0.,1.;                       0000259P0000665
126,8,8,1,0,1,0,0.,0.,0.,0.,0.,0.,0.,0.,0.,1.570796326,          0000261P0000666
1.570796326,1.570796326,1.570796326,1.570796326,1.570796326,     0000261P0000667
1.570796326,1.570796326,1.570796326,1.,1.,1.,1.,1.,1.,1.,1.,1.,  0000261P0000668
90.,13.5,0.,101.250000036,13.499999997,0.,112.500000015,         0000261P0000669
12.905179521,0.,123.749999994,11.715543624,0.,134.999999973,     0000261P0000670
9.979993136,0.,146.249999952,7.796429035,0.,157.499999931,       0000261P0000671
5.301438247,0.,168.74999991,2.650718823,0.,179.999999947,        0000261P0000672
1.255580824E-08,0.,0.,1.570796326,-0.,-0.,1.;                    0000261P0000673
126,8,8,1,0,1,0,4.71238898,4.71238898,4.71238898,4.71238898,     0000263P0000674
4.71238898,4.71238898,4.71238898,4.71238898,4.71238898,          0000263P0000675
6.283185307,6.283185307,6.283185307,6.283185307,6.283185307,     0000263P0000676
6.283185307,6.283185307,6.283185307,6.283185307,1.,1.,1.,1.,1.,  0000263P0000677
1.,1.,1.,1.,180.,-1.548834272E-15,0.,191.250000043,2.650718812,  0000263P0000678
0.,202.500000028,5.301438238,0.,213.750000015,7.796429029,0.,    0000263P0000679
224.999999998,9.979993132,0.,236.249999987,11.715543622,0.,      0000263P0000680
247.499999971,12.90517952,0.,258.749999957,13.499999997,0.,270., 0000263P0000681
13.5,0.,4.71238898,6.283185307,-0.,-0.,1.;                       0000263P0000682
126,8,8,1,0,1,0,0.,0.,0.,0.,0.,0.,0.,0.,0.,1.570796327,          0000265P0000683
1.570796327,1.570796327,1.570796327,1.570796327,1.570796327,     0000265P0000684
1.570796327,1.570796327,1.570796327,1.,1.,1.,1.,1.,1.,1.,1.,1.,  0000265P0000685
270.,13.5,0.,281.250000043,13.499999997,0.,292.500000029,        0000265P0000686
12.90517952,0.,303.750000014,11.715543622,0.,315.,9.979993132,   0000265P0000687
0.,326.249999985,7.796429029,0.,337.499999971,5.301438238,0.,    0000265P0000688
348.749999957,2.650718812,0.,360.,8.43825333E-16,0.,0.,          0000265P0000689
1.570796327,-0.,-0.,1.;                                          0000265P0000690
510,269,1,1,277;                                                 0000267P0000691
192,271,273,11.5,275;                                            0000269P0000692
116,0.,0.,27.,0;                                                 0000271P0000693
123,0.,-1.,2.220446049E-16;                                      0000273P0000694
123,1.,0.,0.;                                                    0000275P0000695
508,8,0,19,23,1,1,0,279,0,19,22,1,1,0,281,0,19,26,1,1,0,283,0,   0000277P0000696
19,27,0,1,0,285,0,19,28,0,1,0,287,0,19,26,0,1,0,289,0,19,20,1,1, 0000277P0000697
0,291,0,19,21,1,1,0,293;                                         0000277P0000698
126,8,8,1,0,1,0,4.71238898,4.71238898,4.71238898,4.71238898,     0000279P0000699
4.71238898,4.71238898,4.71238898,4.71238898,4.71238898,          0000279P0000700
6.283185307,6.283185307,6.283185307,6.283185307,6.283185307,     0000279P0000701
6.283185307,6.283185307,6.283185307,6.283185307,1.,1.,1.,1.,1.,  0000279P0000702
1.,1.,1.,1.,180.,-4.025292633E-12,0.,191.250000043,2.258019728,  0000279P0000703
0.,202.500000029,4.516039981,0.,213.750000014,6.641402506,0.,    0000279P0000704
225.,8.501475631,0.,236.249999985,9.97990753,0.,247.499999972,   0000279P0000705
10.993301073,0.,258.749999957,11.499999998,0.,270.,11.5,0.,      0000279P0000706
4.71238898,6.283185307,-0.,-0.,1.;                               0000279P0000707
126,8,8,1,0,1,0,0.,0.,0.,0.,0.,0.,0.,0.,0.,1.570796327,          0000281P0000708
1.570796327,1.570796327,1.570796327,1.570796327,1.570796327,     0000281P0000709
1.570796327,1.570796327,1.570796327,1.,1.,1.,1.,1.,1.,1.,1.,1.,  0000281P0000710
270.,11.5,0.,281.250000043,11.499999998,0.,292.500000029,        0000281P0000711
10.993301073,0.,303.750000014,9.97990753,0.,315.,8.501475631,0., 0000281P0000712
326.249999985,6.641402506,0.,337.499999971,4.516039981,0.,       0000281P0000713
348.749999957,2.258019728,0.,360.,7.188141716E-16,0.,0.,         0000281P0000714
1.570796327,-0.,-0.,1.;                                          0000281P0000715
110,360.,-6.254302938E-31,0.,360.,7.071067812,0.;                0000283P0000716
126,57,8,1,0,1,0,0.,0.,0.,0.,0.,0.,0.,0.,0.,0.112523913,         0000285P0000717
0.112523913,0.112523913,0.112523913,0.112523913,0.112523913,     0000285P0000718
0.112523913,0.245908118,0.245908118,0.245908118,0.245908118,     0000285P0000719
0.245908118,0.245908118,0.245908118,0.45190661,0.45190661,       0000285P0000720
0.45190661,0.45190661,0.45190661,0.45190661,0.45190661,          0000285P0000721
0.541216912,0.541216912,0.541216912,0.541216912,0.541216912,     0000285P0000722
0.541216912,0.541216912,0.66358163,0.66358163,0.66358163,        0000285P0000723
0.66358163,0.66358163,0.66358163,0.66358163,0.783557592,         0000285P0000724
0.783557592,0.783557592,0.783557592,0.783557592,0.783557592,     0000285P0000725
0.783557592,0.906352193,0.906352193,0.906352193,0.906352193,     0000285P0000726
0.906352193,0.906352193,0.906352193,1.,1.,1.,1.,1.,1.,1.,1.,1.,  0000285P0000727
1.,1.,1.,1.,1.,1.,1.,1.,1.,1.,1.,1.,1.,1.,1.,1.,1.,1.,1.,1.,1.,  0000285P0000728
1.,1.,1.,1.,1.,1.,1.,1.,1.,1.,1.,1.,1.,1.,1.,1.,1.,1.,1.,1.,1.,  0000285P0000729
1.,1.,1.,1.,1.,1.,1.,1.,1.,1.,1.,1.,1.,1.,1.,1.,360.,            0000285P0000730
7.071067812,0.,356.166057217,7.071067812,0.,352.781087798,       0000285P0000731
7.166777743,0.,349.748030117,7.318951493,0.,347.029563326,       0000285P0000732
7.497551604,0.,344.595707513,7.683456219,0.,342.384671259,       0000285P0000733
7.869441246,0.,340.27693731,8.060065483,0.,335.51227045,         0000285P0000734
8.520304438,0.,332.998077466,8.781382733,0.,330.548202491,       0000285P0000735
9.04743914,0.,328.154055691,9.314123087,0.,325.800180006,        0000285P0000736
9.579455835,0.,323.461474326,9.843651719,0.,321.101832097,       0000285P0000737
10.108497983,0.,314.924954536,10.789876006,0.,311.399210218,     0000285P0000738
11.167921909,0.,307.807258261,11.535769319,0.,303.948068609,     0000285P0000739
11.909604112,0.,299.683256733,12.288942624,0.,294.927005833,     0000285P0000740
12.658276894,0.,289.608231796,12.985930864,0.,281.065458191,     0000285P0000741
13.32784555,0.,278.045138072,13.427157757,0.,274.773717441,      0000285P0000742
13.50155528,0.,271.371420352,13.537949556,0.,267.942800113,      0000285P0000743
13.530854758,0.,264.590363477,13.482364404,0.,261.424930411,     0000285P0000744
13.402156435,0.,254.742749717,13.17768834,0.,251.210270347,      0000285P0000745
13.009989221,0.,247.975033058,12.819573331,0.,245.004190628,     0000285P0000746
12.617379826,0.,242.256934915,12.409875989,0.,239.678892384,     0000285P0000747
12.199038408,0.,237.199130487,11.982504098,0.,232.308625102,     0000285P0000748
11.529741942,0.,229.967272973,11.300446218,0.,227.695414851,     0000285P0000749
11.067976038,0.,225.481442367,10.83363658,0.,223.312669887,      0000285P0000750
10.598159632,0.,221.175260098,10.361833739,0.,219.053847725,     0000285P0000751
10.124671452,0.,214.757999006,9.642963083,0.,212.63683198,       0000285P0000752
9.40436238,0.,210.515679143,9.167118479,0.,208.358175772,        0000285P0000753
8.929065111,0.,206.141234067,8.690188432,0.,203.85202514,        0000285P0000754
8.452896756,0.,201.483982555,8.221934402,0.,197.161721146,       0000285P0000755
7.837688615,0.,195.275475335,7.681888446,0.,193.277895534,       0000285P0000756
7.530541072,0.,191.105944039,7.383959748,0.,188.721421732,       0000285P0000757
7.248864315,0.,186.099910044,7.138274529,0.,183.212895592,       0000285P0000758
7.071067812,0.,180.,7.071067812,0.,0.,1.,0.,0.,1.;               0000285P0000759
126,57,8,1,0,1,0,0.,0.,0.,0.,0.,0.,0.,0.,0.,0.112523913,         0000287P0000760
0.112523913,0.112523913,0.112523913,0.112523913,0.112523913,     0000287P0000761
0.112523913,0.245908118,0.245908118,0.245908118,0.245908118,     0000287P0000762
0.245908118,0.245908118,0.245908118,0.45190661,0.45190661,       0000287P0000763
0.45190661,0.45190661,0.45190661,0.45190661,0.45190661,          0000287P0000764
0.541216912,0.541216912,0.541216912,0.541216912,0.541216912,     0000287P0000765
0.541216912,0.541216912,0.663581629,0.663581629,0.663581629,     0000287P0000766
0.663581629,0.663581629,0.663581629,0.663581629,0.783557592,     0000287P0000767
0.783557592,0.783557592,0.783557592,0.783557592,0.783557592,     0000287P0000768
0.783557592,0.906352193,0.906352193,0.906352193,0.906352193,     0000287P0000769
0.906352193,0.906352193,0.906352193,1.,1.,1.,1.,1.,1.,1.,1.,1.,  0000287P0000770
1.,1.,1.,1.,1.,1.,1.,1.,1.,1.,1.,1.,1.,1.,1.,1.,1.,1.,1.,1.,1.,  0000287P0000771
1.,1.,1.,1.,1.,1.,1.,1.,1.,1.,1.,1.,1.,1.,1.,1.,1.,1.,1.,1.,1.,  0000287P0000772
1.,1.,1.,1.,1.,1.,1.,1.,1.,1.,1.,1.,1.,1.,1.,1.,180.,            0000287P0000773
7.071067812,0.,176.166057217,7.071067812,0.,172.781087798,       0000287P0000774
7.166777743,0.,169.748030117,7.318951493,0.,167.029563326,       0000287P0000775
7.497551604,0.,164.595707513,7.683456219,0.,162.384671259,       0000287P0000776
7.869441246,0.,160.27693731,8.060065483,0.,155.51227045,         0000287P0000777
8.520304438,0.,152.998077466,8.781382733,0.,150.548202491,       0000287P0000778
9.04743914,0.,148.154055691,9.314123087,0.,145.800180006,        0000287P0000779
9.579455835,0.,143.461474326,9.843651719,0.,141.101832097,       0000287P0000780
10.108497983,0.,134.924954534,10.789876007,0.,131.399210223,     0000287P0000781
11.167921909,0.,127.807258253,11.53576932,0.,123.948068613,      0000287P0000782
11.909604112,0.,119.683256734,12.288942624,0.,114.92700583,      0000287P0000783
12.658276894,0.,109.608231797,12.985930864,0.,101.065458191,     0000287P0000784
13.32784555,0.,98.045138072,13.427157757,0.,94.773717441,        0000287P0000785
13.50155528,0.,91.371420352,13.537949556,0.,87.942800113,        0000287P0000786
13.530854758,0.,84.590363477,13.482364404,0.,81.424930411,       0000287P0000787
13.402156435,0.,74.742749717,13.17768834,0.,71.210270347,        0000287P0000788
13.009989221,0.,67.975033058,12.819573331,0.,65.004190628,       0000287P0000789
12.617379826,0.,62.256934915,12.409875989,0.,59.678892384,       0000287P0000790
12.199038408,0.,57.199130487,11.982504098,0.,52.308625102,       0000287P0000791
11.529741942,0.,49.967272973,11.300446218,0.,47.695414851,       0000287P0000792
11.067976038,0.,45.481442367,10.83363658,0.,43.312669887,        0000287P0000793
10.598159632,0.,41.175260098,10.361833739,0.,39.053847725,       0000287P0000794
10.124671452,0.,34.757999006,9.642963083,0.,32.63683198,         0000287P0000795
9.40436238,0.,30.515679143,9.167118479,0.,28.358175772,          0000287P0000796
8.929065111,0.,26.141234067,8.690188432,0.,23.85202514,          0000287P0000797
8.452896756,0.,21.483982555,8.221934402,0.,17.161721146,         0000287P0000798
7.837688615,0.,15.275475335,7.681888446,0.,13.277895534,         0000287P0000799
7.530541072,0.,11.105944039,7.383959748,0.,8.721421732,          0000287P0000800
7.248864315,0.,6.099910044,7.138274529,0.,3.212895592,           0000287P0000801
7.071067812,0.,0.,7.071067812,0.,0.,1.,0.,0.,1.;                 0000287P0000802
110,2.37142157E-11,7.071067812,-0.,2.37142157E-11,               0000289P0000803
-6.254302938E-31,-0.;                                            0000289P0000804
126,8,8,1,0,1,0,4.71238898,4.71238898,4.71238898,4.71238898,     0000291P0000805
4.71238898,4.71238898,4.71238898,4.71238898,4.71238898,          0000291P0000806
6.283185307,6.283185307,6.283185307,6.283185307,6.283185307,     0000291P0000807
6.283185307,6.283185307,6.283185307,6.283185307,1.,1.,1.,1.,1.,  0000291P0000808
1.,1.,1.,1.,-1.263750715E-14,-2.872669148E-15,0.,11.250000043,   0000291P0000809
2.258019728,0.,22.500000029,4.516039981,0.,33.750000014,         0000291P0000810
6.641402506,0.,45.,8.501475631,0.,56.249999986,9.97990753,0.,    0000291P0000811
67.499999971,10.993301073,0.,78.749999957,11.499999998,0.,90.,   0000291P0000812
11.5,0.,4.71238898,6.283185307,-0.,-0.,1.;                       0000291P0000813
126,8,8,1,0,1,0,0.,0.,0.,0.,0.,0.,0.,0.,0.,1.570796327,          0000293P0000814
1.570796327,1.570796327,1.570796327,1.570796327,1.570796327,     0000293P0000815
1.570796327,1.570796327,1.570796327,1.,1.,1.,1.,1.,1.,1.,1.,1.,  0000293P0000816
90.,11.5,0.,101.250000051,11.499999998,0.,112.500000044,         0000293P0000817
10.993301072,0.,123.750000036,9.979907528,0.,135.000000031,      0000293P0000818
8.501475627,0.,146.250000023,6.6414025,0.,157.500000017,         0000293P0000819
4.516039972,0.,168.75000001,2.258019718,0.,180.000000061,        0000293P0000820
-1.218504392E-08,-0.,0.,1.570796327,-0.,-0.,1.;                  0000293P0000821
510,297,2,1,305,307;                                             0000295P0000822
190,299,301,303;                                                 0000297P0000823
116,0.,-27.,27.,0;                                               0000299P0000824
123,0.,-1.,2.220446049E-16;                                      0000301P0000825
123,1.,0.,0.;                                                    0000303P0000826
508,1,0,19,25,1,0;                                               0000305P0000827
508,1,0,19,29,0,0;                                               0000307P0000828
510,311,1,1,319;                                                 0000309P0000829
192,313,315,11.5,317;                                            0000311P0000830
116,0.,0.,27.,0;                                                 0000313P0000831
123,0.,-1.,2.220446049E-16;                                      0000315P0000832
123,1.,0.,0.;                                                    0000317P0000833
508,5,0,19,28,1,1,0,321,0,19,27,1,1,0,323,0,19,30,1,1,0,325,0,   0000319P0000834
19,29,0,1,0,327,0,19,30,0,1,0,329;                               0000319P0000835
126,57,8,1,0,1,0,0.,0.,0.,0.,0.,0.,0.,0.,0.,9.364780698E-02,     0000321P0000836
9.364780698E-02,9.364780698E-02,9.364780698E-02,9.364780698E-02, 0000321P0000837
9.364780698E-02,9.364780698E-02,0.216442408,0.216442408,         0000321P0000838
0.216442408,0.216442408,0.216442408,0.216442408,0.216442408,     0000321P0000839
0.336418371,0.336418371,0.336418371,0.336418371,0.336418371,     0000321P0000840
0.336418371,0.336418371,0.458783088,0.458783088,0.458783088,     0000321P0000841
0.458783088,0.458783088,0.458783088,0.458783088,0.54809339,      0000321P0000842
0.54809339,0.54809339,0.54809339,0.54809339,0.54809339,          0000321P0000843
0.54809339,0.754091882,0.754091882,0.754091882,0.754091882,      0000321P0000844
0.754091882,0.754091882,0.754091882,0.887476087,0.887476087,     0000321P0000845
0.887476087,0.887476087,0.887476087,0.887476087,0.887476087,1.,  0000321P0000846
1.,1.,1.,1.,1.,1.,1.,1.,1.,1.,1.,1.,1.,1.,1.,1.,1.,1.,1.,1.,1.,  0000321P0000847
1.,1.,1.,1.,1.,1.,1.,1.,1.,1.,1.,1.,1.,1.,1.,1.,1.,1.,1.,1.,1.,  0000321P0000848
1.,1.,1.,1.,1.,1.,1.,1.,1.,1.,1.,1.,1.,1.,1.,1.,1.,1.,1.,1.,1.,  0000321P0000849
1.,1.,1.,0.,7.071067812,0.,3.212895592,7.071067812,0.,           0000321P0000850
6.099910044,7.138274529,0.,8.721421732,7.248864315,0.,           0000321P0000851
11.105944039,7.383959748,0.,13.277895534,7.530541072,0.,         0000321P0000852
15.275475335,7.681888446,0.,17.161721146,7.837688615,0.,         0000321P0000853
21.483982555,8.221934402,0.,23.85202514,8.452896756,0.,          0000321P0000854
26.141234067,8.690188432,0.,28.358175772,8.929065111,0.,         0000321P0000855
30.515679143,9.167118479,0.,32.63683198,9.40436238,0.,           0000321P0000856
34.757999006,9.642963083,0.,39.053847725,10.124671452,0.,        0000321P0000857
41.175260098,10.361833739,0.,43.312669887,10.598159632,0.,       0000321P0000858
45.481442367,10.83363658,0.,47.695414851,11.067976038,0.,        0000321P0000859
49.967272973,11.300446218,0.,52.308625102,11.529741942,0.,       0000321P0000860
57.199130487,11.982504098,0.,59.678892384,12.199038408,0.,       0000321P0000861
62.256934915,12.409875989,0.,65.004190628,12.617379826,0.,       0000321P0000862
67.975033058,12.819573331,0.,71.210270347,13.009989221,0.,       0000321P0000863
74.742749717,13.17768834,0.,81.424930411,13.402156435,0.,        0000321P0000864
84.590363477,13.482364404,0.,87.942800113,13.530854758,0.,       0000321P0000865
91.371420352,13.537949556,0.,94.773717441,13.50155528,0.,        0000321P0000866
98.045138072,13.427157757,0.,101.065458191,13.32784555,0.,       0000321P0000867
109.608231797,12.985930864,0.,114.92700583,12.658276894,0.,      0000321P0000868
119.683256734,12.288942624,0.,123.948068613,11.909604112,0.,     0000321P0000869
127.807258253,11.53576932,0.,131.399210223,11.167921909,0.,      0000321P0000870
134.924954534,10.789876007,0.,141.101832097,10.108497983,0.,     0000321P0000871
143.461474326,9.843651719,0.,145.800180006,9.579455835,0.,       0000321P0000872
148.154055691,9.314123087,0.,150.548202491,9.04743914,0.,        0000321P0000873
152.998077466,8.781382733,0.,155.51227045,8.520304438,0.,        0000321P0000874
160.27693731,8.060065483,0.,162.384671259,7.869441246,0.,        0000321P0000875
164.595707513,7.683456219,0.,167.029563326,7.497551604,0.,       0000321P0000876
169.748030117,7.318951493,0.,172.781087798,7.166777743,0.,       0000321P0000877
176.166057217,7.071067812,0.,180.,7.071067812,0.,0.,1.,-0.,-0.,  0000321P0000878
1.;                                                              0000321P0000879
126,57,8,1,0,1,0,0.,0.,0.,0.,0.,0.,0.,0.,0.,9.364780698E-02,     0000323P0000880
9.364780698E-02,9.364780698E-02,9.364780698E-02,9.364780698E-02, 0000323P0000881
9.364780698E-02,9.364780698E-02,0.216442408,0.216442408,         0000323P0000882
0.216442408,0.216442408,0.216442408,0.216442408,0.216442408,     0000323P0000883
0.33641837,0.33641837,0.33641837,0.33641837,0.33641837,          0000323P0000884
0.33641837,0.33641837,0.458783088,0.458783088,0.458783088,       0000323P0000885
0.458783088,0.458783088,0.458783088,0.458783088,0.54809339,      0000323P0000886
0.54809339,0.54809339,0.54809339,0.54809339,0.54809339,          0000323P0000887
0.54809339,0.754091882,0.754091882,0.754091882,0.754091882,      0000323P0000888
0.754091882,0.754091882,0.754091882,0.887476087,0.887476087,     0000323P0000889
0.887476087,0.887476087,0.887476087,0.887476087,0.887476087,1.,  0000323P0000890
1.,1.,1.,1.,1.,1.,1.,1.,1.,1.,1.,1.,1.,1.,1.,1.,1.,1.,1.,1.,1.,  0000323P0000891
1.,1.,1.,1.,1.,1.,1.,1.,1.,1.,1.,1.,1.,1.,1.,1.,1.,1.,1.,1.,1.,  0000323P0000892
1.,1.,1.,1.,1.,1.,1.,1.,1.,1.,1.,1.,1.,1.,1.,1.,1.,1.,1.,1.,1.,  0000323P0000893
1.,1.,1.,180.,7.071067812,0.,183.212895592,7.071067812,0.,       0000323P0000894
186.099910044,7.138274529,0.,188.721421732,7.248864315,0.,       0000323P0000895
191.105944039,7.383959748,0.,193.277895534,7.530541072,0.,       0000323P0000896
195.275475335,7.681888446,0.,197.161721146,7.837688615,0.,       0000323P0000897
201.483982555,8.221934402,0.,203.85202514,8.452896756,0.,        0000323P0000898
206.141234067,8.690188432,0.,208.358175772,8.929065111,0.,       0000323P0000899
210.515679143,9.167118479,0.,212.63683198,9.40436238,0.,         0000323P0000900
214.757999006,9.642963083,0.,219.053847725,10.124671452,0.,      0000323P0000901
221.175260098,10.361833739,0.,223.312669887,10.598159632,0.,     0000323P0000902
225.481442367,10.83363658,0.,227.695414851,11.067976038,0.,      0000323P0000903
229.967272973,11.300446218,0.,232.308625102,11.529741942,0.,     0000323P0000904
237.199130487,11.982504098,0.,239.678892384,12.199038408,0.,     0000323P0000905
242.256934915,12.409875989,0.,245.004190628,12.617379826,0.,     0000323P0000906
247.975033058,12.819573331,0.,251.210270347,13.009989221,0.,     0000323P0000907
254.742749717,13.17768834,0.,261.424930411,13.402156435,0.,      0000323P0000908
264.590363477,13.482364404,0.,267.942800113,13.530854758,0.,     0000323P0000909
271.371420352,13.537949556,0.,274.773717441,13.50155528,0.,      0000323P0000910
278.045138072,13.427157757,0.,281.065458191,13.32784555,0.,      0000323P0000911
289.608231796,12.985930864,0.,294.927005833,12.658276894,0.,     0000323P0000912
299.683256733,12.288942624,0.,303.948068609,11.909604112,0.,     0000323P0000913
307.807258261,11.535769319,0.,311.399210218,11.167921909,0.,     0000323P0000914
314.924954536,10.789876006,0.,321.101832097,10.108497983,0.,     0000323P0000915
323.461474326,9.843651719,0.,325.800180006,9.579455835,0.,       0000323P0000916
328.154055691,9.314123087,0.,330.548202491,9.04743914,0.,        0000323P0000917
332.998077466,8.781382733,0.,335.51227045,8.520304438,0.,        0000323P0000918
340.27693731,8.060065483,0.,342.384671259,7.869441246,0.,        0000323P0000919
344.595707513,7.683456219,0.,347.029563326,7.497551604,0.,       0000323P0000920
349.748030117,7.318951493,0.,352.781087798,7.166777743,0.,       0000323P0000921
356.166057217,7.071067812,0.,360.,7.071067812,0.,0.,1.,-0.,-0.,  0000323P0000922
1.;                                                              0000323P0000923
110,360.,7.071067812,0.,360.,27.,0.;                             0000325P0000924
110,360.,27.,0.,0.,27.,0.;                                       0000327P0000925
110,2.37142157E-11,27.,0.,2.37142157E-11,7.071067812,0.;         0000329P0000926
S      1G      4D    330P    926                                        T0000001
