                                                                        S0000001
,,31HOpen CASCADE IGES processor 7.9,13HFilename.iges,                  G0000001
16HOpen CASCADE 7.9,31HOpen CASCADE IGES processor 7.9,32,308,15,308,15,G0000002
,1.,2,2HMM,1,0.01,15H20261004.214557,1E-07,20.002098,7Hjiayuxu,,11,0,   G0000003
15H20261004.214557,;                                                    G0000004
     186       1       0       0       0       0       0       000000000D0000001
     186       0       0       1       0                               0D0000002
     514       2       0       0       0       0       0       000010000D0000003
     514       0       0       4       1                               0D0000004
     510       6       0       0       0       0       0       000010000D0000005
     510       0       0       1       1                               0D0000006
     190       7       0       0       0       0       0       000010000D0000007
     190       0       0       1       1                               0D0000008
     116       8       0       0       0       0       0       000010400D0000009
     116       0       0       1       0                               0D0000010
     123       9       0       0       0       0       0       000010200D0000011
     123       0       0       1       0                               0D0000012
     123      10       0       0       0       0       0       000010200D0000013
     123       0       0       1       0                               0D0000014
     508      11       0       0       0       0       0       000010000D0000015
     508       0       0       1       1                               0D0000016
     504      12       0       0       0       0       0       000010001D0000017
     504       0       0      24       1                               0D0000018
     110      36       0       0       0       0       0       000010000D0000019
     110       0       0       1       0                               0D0000020
     502      37       0       0       0       0       0       000010000D0000021
     502       0       0      15       1                               0D0000022
     110      52       0       0       0       0       0       000010000D0000023
     110       0       0       1       0                               0D0000024
     110      53       0       0       0       0       0       000010000D0000025
     110       0       0       1       0                               0D0000026
     110      54       0       0       0       0       0       000010000D0000027
     110       0       0       1       0                               0D0000028
     110      55       0       0       0       0       0       000010000D0000029
     110       0       0       1       0                               0D0000030
     100      56       0       0       0       0      33       000010000D0000031
     100       0       0       1       0                               0D0000032
     124      57       0       0       0       0       0       000000000D0000033
     124       0       0       2       0                               0D0000034
     110      59       0       0       0       0       0       000010000D0000035
     110       0       0       1       0                               0D0000036
     100      60       0       0       0       0      39       000010000D0000037
     100       0       0       1       0                               0D0000038
     124      61       0       0       0       0       0       000000000D0000039
     124       0       0       2       0                               0D0000040
     100      63       0       0       0       0      43       000010000D0000041
     100       0       0       1       0                               0D0000042
     124      64       0       0       0       0       0       000000000D0000043
     124       0       0       2       0                               0D0000044
     110      66       0       0       0       0       0       000010000D0000045
     110       0       0       1       0                               0D0000046
     100      67       0       0       0       0      49       000010000D0000047
     100       0       0       1       0                               0D0000048
     124      68       0       0       0       0       0       000000000D0000049
     124       0       0       2       0                               0D0000050
     110      70       0       0       0       0       0       000010000D0000051
     110       0       0       1       0                               0D0000052
     110      71       0       0       0       0       0       000010000D0000053
     110       0       0       1       0                               0D0000054
     100      72       0       0       0       0      57       000010000D0000055
     100       0       0       1       0                               0D0000056
     124      73       0       0       0       0       0       000000000D0000057
     124       0       0       2       0                               0D0000058
     110      75       0       0       0       0       0       000010000D0000059
     110       0       0       1       0                               0D0000060
     100      76       0       0       0       0      63       000010000D0000061
     100       0       0       1       0                               0D0000062
     124      77       0       0       0       0       0       000000000D0000063
     124       0       0       2       0                               0D0000064
     110      79       0       0       0       0       0       000010000D0000065
     110       0       0       1       0                               0D0000066
     110      80       0       0       0       0       0       000010000D0000067
     110       0       0       2       0                               0D0000068
     110      82       0       0       0       0       0       000010000D0000069
     110       0       0       1       0                               0D0000070
     110      83       0       0       0       0       0       000010000D0000071
     110       0       0       1       0                               0D0000072
     100      84       0       0       0       0      75       000010000D0000073
     100       0       0       1       0                               0D0000074
     124      85       0       0       0       0       0       000000000D0000075
     124       0       0       2       0                               0D0000076
     110      87       0       0       0       0       0       000010000D0000077
     110       0       0       1       0                               0D0000078
     100      88       0       0       0       0      81       000010000D0000079
     100       0       0       1       0                               0D0000080
     124      89       0       0       0       0       0       000000000D0000081
     124       0       0       2       0                               0D0000082
     110      91       0       0       0       0       0       000010000D0000083
     110       0       0       1       0                               0D0000084
     100      92       0       0       0       0      87       000010000D0000085
     100       0       0       1       0                               0D0000086
     124      93       0       0       0       0       0       000000000D0000087
     124       0       0       2       0                               0D0000088
     110      95       0       0       0       0       0       000010000D0000089
     110       0       0       1       0                               0D0000090
     100      96       0       0       0       0      93       000010000D0000091
     100       0       0       1       0                               0D0000092
     124      97       0       0       0       0       0       000000000D0000093
     124       0       0       2       0                               0D0000094
     100      99       0       0       0       0      97       000010000D0000095
     100       0       0       1       0                               0D0000096
     124     100       0       0       0       0       0       000000000D0000097
     124       0       0       2       0                               0D0000098
     110     102       0       0       0       0       0       000010000D0000099
     110       0       0       1       0                               0D0000100
     100     103       0       0       0       0     103       000010000D0000101
     100       0       0       1       0                               0D0000102
     124     104       0       0       0       0       0       000000000D0000103
     124       0       0       2       0                               0D0000104
     110     106       0       0       0       0       0       000010000D0000105
     110       0       0       1       0                               0D0000106
     110     107       0       0       0       0       0       000010000D0000107
     110       0       0       1       0                               0D0000108
     110     108       0       0       0       0       0       000010000D0000109
     110       0       0       1       0                               0D0000110
     110     109       0       0       0       0       0       000010000D0000111
     110       0       0       1       0                               0D0000112
     110     110       0       0       0       0       0       000010000D0000113
     110       0       0       1       0                               0D0000114
     110     111       0       0       0       0       0       000010000D0000115
     110       0       0       1       0                               0D0000116
     110     112       0       0       0       0       0       000010000D0000117
     110       0       0       1       0                               0D0000118
     110     113       0       0       0       0       0       000010000D0000119
     110       0       0       1       0                               0D0000120
     110     114       0       0       0       0       0       000010000D0000121
     110       0       0       1       0                               0D0000122
     110     115       0       0       0       0       0       000010000D0000123
     110       0       0       1       0                               0D0000124
     110     116       0       0       0       0       0       000010000D0000125
     110       0       0       1       0                               0D0000126
     110     117       0       0       0       0       0       000010000D0000127
     110       0       0       1       0                               0D0000128
     110     118       0       0       0       0       0       000010000D0000129
     110       0       0       1       0                               0D0000130
     100     119       0       0       0       0     133       000010000D0000131
     100       0       0       1       0                               0D0000132
     124     120       0       0       0       0       0       000000000D0000133
     124       0       0       2       0                               0D0000134
     110     122       0       0       0       0       0       000010000D0000135
     110       0       0       1       0                               0D0000136
     110     123       0       0       0       0       0       000010000D0000137
     110       0       0       1       0                               0D0000138
     110     124       0       0       0       0       0       000010000D0000139
     110       0       0       1       0                               0D0000140
     100     125       0       0       0       0     143       000010000D0000141
     100       0       0       1       0                               0D0000142
     124     126       0       0       0       0       0       000000000D0000143
     124       0       0       2       0                               0D0000144
     100     128       0       0       0       0     147       000010000D0000145
     100       0       0       1       0                               0D0000146
     124     129       0       0       0       0       0       000000000D0000147
     124       0       0       2       0                               0D0000148
     110     131       0       0       0       0       0       000010000D0000149
     110       0       0       1       0                               0D0000150
     110     132       0       0       0       0       0       000010000D0000151
     110       0       0       1       0                               0D0000152
     110     133       0       0       0       0       0       000010000D0000153
     110       0       0       1       0                               0D0000154
     110     134       0       0       0       0       0       000010000D0000155
     110       0       0       1       0                               0D0000156
     110     135       0       0       0       0       0       000010000D0000157
     110       0       0       1       0                               0D0000158
     110     136       0       0       0       0       0       000010000D0000159
     110       0       0       1       0                               0D0000160
     100     137       0       0       0       0     163       000010000D0000161
     100       0       0       1       0                               0D0000162
     124     138       0       0       0       0       0       000000000D0000163
     124       0       0       2       0                               0D0000164
     110     140       0       0       0       0       0       000010000D0000165
     110       0       0       1       0                               0D0000166
     110     141       0       0       0       0       0       000010000D0000167
     110       0       0       1       0                               0D0000168
     110     142       0       0       0       0       0       000010000D0000169
     110       0       0       1       0                               0D0000170
     100     143       0       0       0       0     173       000010000D0000171
     100       0       0       1       0                               0D0000172
     124     144       0       0       0       0       0       000000000D0000173
     124       0       0       2       0                               0D0000174
     110     146       0       0       0       0       0       000010000D0000175
     110       0       0       1       0                               0D0000176
     110     147       0       0       0       0       0       000010000D0000177
     110       0       0       1       0                               0D0000178
     110     148       0       0       0       0       0       000010000D0000179
     110       0       0       1       0                               0D0000180
     100     149       0       0       0       0     183       000010000D0000181
     100       0       0       1       0                               0D0000182
     124     150       0       0       0       0       0       000000000D0000183
     124       0       0       2       0                               0D0000184
     110     152       0       0       0       0       0       000010000D0000185
     110       0       0       1       0                               0D0000186
     110     153       0       0       0       0       0       000010000D0000187
     110       0       0       1       0                               0D0000188
     110     154       0       0       0       0       0       000010000D0000189
     110       0       0       1       0                               0D0000190
     110     155       0       0       0       0       0       000010000D0000191
     110       0       0       1       0                               0D0000192
     110     156       0       0       0       0       0       000010000D0000193
     110       0       0       1       0                               0D0000194
     110     157       0       0       0       0       0       000010000D0000195
     110       0       0       1       0                               0D0000196
     100     158       0       0       0       0     199       000010000D0000197
     100       0       0       1       0                               0D0000198
     124     159       0       0       0       0       0       000000000D0000199
     124       0       0       2       0                               0D0000200
     110     161       0       0       0       0       0       000010000D0000201
     110       0       0       1       0                               0D0000202
     110     162       0       0       0       0       0       000010000D0000203
     110       0       0       1       0                               0D0000204
     110     163       0       0       0       0       0       000010000D0000205
     110       0       0       1       0                               0D0000206
     100     164       0       0       0       0     209       000010000D0000207
     100       0       0       1       0                               0D0000208
     124     165       0       0       0       0       0       000000000D0000209
     124       0       0       2       0                               0D0000210
     110     167       0       0       0       0       0       000010000D0000211
     110       0       0       1       0                               0D0000212
     110     168       0       0       0       0       0       000010000D0000213
     110       0       0       1       0                               0D0000214
     110     169       0       0       0       0       0       000010000D0000215
     110       0       0       1       0                               0D0000216
     100     170       0       0       0       0     219       000010000D0000217
     100       0       0       1       0                               0D0000218
     124     171       0       0       0       0       0       000000000D0000219
     124       0       0       2       0                               0D0000220
     110     173       0       0       0       0       0       000010000D0000221
     110       0       0       1       0                               0D0000222
     110     174       0       0       0       0       0       000010000D0000223
     110       0       0       1       0                               0D0000224
     110     175       0       0       0       0       0       000010000D0000225
     110       0       0       1       0                               0D0000226
     100     176       0       0       0       0     229       000010000D0000227
     100       0       0       1       0                               0D0000228
     124     177       0       0       0       0       0       000000000D0000229
     124       0       0       2       0                               0D0000230
     100     179       0       0       0       0     233       000010000D0000231
     100       0       0       1       0                               0D0000232
     124     180       0       0       0       0       0       000000000D0000233
     124       0       0       2       0                               0D0000234
     110     182       0       0       0       0       0       000010000D0000235
     110       0       0       1       0                               0D0000236
     110     183       0       0       0       0       0       000010000D0000237
     110       0       0       1       0                               0D0000238
     110     184       0       0       0       0       0       000010000D0000239
     110       0       0       1       0                               0D0000240
     110     185       0       0       0       0       0       000010000D0000241
     110       0       0       1       0                               0D0000242
     110     186       0       0       0       0       0       000010000D0000243
     110       0       0       1       0                               0D0000244
     110     187       0       0       0       0       0       000010000D0000245
     110       0       0       1       0                               0D0000246
     100     188       0       0       0       0     249       000010000D0000247
     100       0       0       1       0                               0D0000248
     124     189       0       0       0       0       0       000000000D0000249
     124       0       0       2       0                               0D0000250
     110     191       0       0       0       0       0       000010000D0000251
     110       0       0       1       0                               0D0000252
     110     192       0       0       0       0       0       000010000D0000253
     110       0       0       1       0                               0D0000254
     110     193       0       0       0       0       0       000010000D0000255
     110       0       0       1       0                               0D0000256
     110     194       0       0       0       0       0       000010000D0000257
     110       0       0       1       0                               0D0000258
     110     195       0       0       0       0       0       000010000D0000259
     110       0       0       1       0                               0D0000260
     110     196       0       0       0       0       0       000010000D0000261
     110       0       0       1       0                               0D0000262
     110     197       0       0       0       0       0       000010000D0000263
     110       0       0       1       0                               0D0000264
     508     198       0       0       0       0       0       000010000D0000265
     508       0       0       1       1                               0D0000266
     508     199       0       0       0       0       0       000010000D0000267
     508       0       0       1       1                               0D0000268
     508     200       0       0       0       0       0       000010000D0000269
     508       0       0       1       1                               0D0000270
     510     201       0       0       0       0       0       000010000D0000271
     510       0       0       1       1                               0D0000272
     190     202       0       0       0       0       0       000010000D0000273
     190       0       0       1       1                               0D0000274
     116     203       0       0       0       0       0       000010400D0000275
     116       0       0       1       0                               0D0000276
     123     204       0       0       0       0       0       000010200D0000277
     123       0       0       1       0                               0D0000278
     123     205       0       0       0       0       0       000010200D0000279
     123       0       0       1       0                               0D0000280
     508     206       0       0       0       0       0       000010000D0000281
     508       0       0       1       1                               0D0000282
     508     207       0       0       0       0       0       000010000D0000283
     508       0       0       1       1                               0D0000284
     508     208       0       0       0       0       0       000010000D0000285
     508       0       0       1       1                               0D0000286
     508     209       0       0       0       0       0       000010000D0000287
     508       0       0       1       1                               0D0000288
     510     210       0       0       0       0       0       000010000D0000289
     510       0       0       1       1                               0D0000290
     190     211       0       0       0       0       0       000010000D0000291
     190       0       0       1       1                               0D0000292
     116     212       0       0       0       0       0       000010400D0000293
     116       0       0       1       0                               0D0000294
     123     213       0       0       0       0       0       000010200D0000295
     123       0       0       1       0                               0D0000296
     123     214       0       0       0       0       0       000010200D0000297
     123       0       0       1       0                               0D0000298
     508     215       0       0       0       0       0       000010000D0000299
     508       0       0       2       1                               0D0000300
     510     217       0       0       0       0       0       000010000D0000301
     510       0       0       1       1                               0D0000302
     190     218       0       0       0       0       0       000010000D0000303
     190       0       0       1       1                               0D0000304
     116     219       0       0       0       0       0       000010400D0000305
     116       0       0       1       0                               0D0000306
     123     220       0       0       0       0       0       000010200D0000307
     123       0       0       1       0                               0D0000308
     123     221       0       0       0       0       0       000010200D0000309
     123       0       0       1       0                               0D0000310
     508     222       0       0       0       0       0       000010000D0000311
     508       0       0       2       1                               0D0000312
     510     224       0       0       0       0       0       000010000D0000313
     510       0       0       1       1                               0D0000314
     190     225       0       0       0       0       0       000010000D0000315
     190       0       0       1       1                               0D0000316
     116     226       0       0       0       0       0       000010400D0000317
     116       0       0       1       0                               0D0000318
     123     227       0       0       0       0       0       000010200D0000319
     123       0       0       1       0                               0D0000320
     123     228       0       0       0       0       0       000010200D0000321
     123       0       0       1       0                               0D0000322
     508     229       0       0       0       0       0       000010000D0000323
     508       0       0       2       1                               0D0000324
     510     231       0       0       0       0       0       000010000D0000325
     510       0       0       1       1                               0D0000326
     190     232       0       0       0       0       0       000010000D0000327
     190       0       0       1       1                               0D0000328
     116     233       0       0       0       0       0       000010400D0000329
     116       0       0       1       0                               0D0000330
     123     234       0       0       0       0       0       000010200D0000331
     123       0       0       1       0                               0D0000332
     123     235       0       0       0       0       0       000010200D0000333
     123       0       0       1       0                               0D0000334
     508     236       0       0       0       0       0       000010000D0000335
     508       0       0       1       1                               0D0000336
     510     237       0       0       0       0       0       000010000D0000337
     510       0       0       1       1                               0D0000338
     192     238       0       0       0       0       0       000010000D0000339
     192       0       0       1       1                               0D0000340
     116     239       0       0       0       0       0       000010400D0000341
     116       0       0       1       0                               0D0000342
     123     240       0       0       0       0       0       000010200D0000343
     123       0       0       1       0                               0D0000344
     123     241       0       0       0       0       0       000010200D0000345
     123       0       0       1       0                               0D0000346
     508     242       0       0       0       0       0       000010000D0000347
     508       0       0       2       1                               0D0000348
     110     244       0       0       0       0       0       000010000D0000349
     110       0       0       1       0                               0D0000350
     110     245       0       0       0       0       0       000010000D0000351
     110       0       0       1       0                               0D0000352
     110     246       0       0       0       0       0       000010000D0000353
     110       0       0       1       0                               0D0000354
     110     247       0       0       0       0       0       000010000D0000355
     110       0       0       1       0                               0D0000356
     510     248       0       0       0       0       0       000010000D0000357
     510       0       0       1       1                               0D0000358
     190     249       0       0       0       0       0       000010000D0000359
     190       0       0       1       1                               0D0000360
     116     250       0       0       0       0       0       000010400D0000361
     116       0       0       1       0                               0D0000362
     123     251       0       0       0       0       0       000010200D0000363
     123       0       0       1       0                               0D0000364
     123     252       0       0       0       0       0       000010200D0000365
     123       0       0       1       0                               0D0000366
     508     253       0       0       0       0       0       000010000D0000367
     508       0       0       1       1                               0D0000368
     510     254       0       0       0       0       0       000010000D0000369
     510       0       0       1       1                               0D0000370
     192     255       0       0       0       0       0       000010000D0000371
     192       0       0       1       1                               0D0000372
     116     256       0       0       0       0       0       000010400D0000373
     116       0       0       1       0                               0D0000374
     123     257       0       0       0       0       0       000010200D0000375
     123       0       0       1       0                               0D0000376
     123     258       0       0       0       0       0       000010200D0000377
     123       0       0       1       0                               0D0000378
     508     259       0       0       0       0       0       000010000D0000379
     508       0       0       2       1                               0D0000380
     110     261       0       0       0       0       0       000010000D0000381
     110       0       0       1       0                               0D0000382
     110     262       0       0       0       0       0       000010000D0000383
     110       0       0       1       0                               0D0000384
     110     263       0       0       0       0       0       000010000D0000385
     110       0       0       1       0                               0D0000386
     110     264       0       0       0       0       0       000010000D0000387
     110       0       0       1       0                               0D0000388
     510     265       0       0       0       0       0       000010000D0000389
     510       0       0       1       1                               0D0000390
     192     266       0       0       0       0       0       000010000D0000391
     192       0       0       1       1                               0D0000392
     116     267       0       0       0       0       0       000010400D0000393
     116       0       0       1       0                               0D0000394
     123     268       0       0       0       0       0       000010200D0000395
     123       0       0       1       0                               0D0000396
     123     269       0       0       0       0       0       000010200D0000397
     123       0       0       1       0                               0D0000398
     508     270       0       0       0       0       0       000010000D0000399
     508       0       0       2       1                               0D0000400
     110     272       0       0       0       0       0       000010000D0000401
     110       0       0       1       0                               0D0000402
     110     273       0       0       0       0       0       000010000D0000403
     110       0       0       1       0                               0D0000404
     110     274       0       0       0       0       0       000010000D0000405
     110       0       0       1       0                               0D0000406
     110     275       0       0       0       0       0       000010000D0000407
     110       0       0       1       0                               0D0000408
     510     276       0       0       0       0       0       000010000D0000409
     510       0       0       1       1                               0D0000410
     190     277       0       0       0       0       0       000010000D0000411
     190       0       0       1       1                               0D0000412
     116     278       0       0       0       0       0       000010400D0000413
     116       0       0       1       0                               0D0000414
     123     279       0       0       0       0       0       000010200D0000415
     123       0       0       1       0                               0D0000416
     123     280       0       0       0       0       0       000010200D0000417
     123       0       0       1       0                               0D0000418
     508     281       0       0       0       0       0       000010000D0000419
     508       0       0       1       1                               0D0000420
     510     282       0       0       0       0       0       000010000D0000421
     510       0       0       1       1                               0D0000422
     190     283       0       0       0       0       0       000010000D0000423
     190       0       0       1       1                               0D0000424
     116     284       0       0       0       0       0       000010400D0000425
     116       0       0       1       0                               0D0000426
     123     285       0       0       0       0       0       000010200D0000427
     123       0       0       1       0                               0D0000428
     123     286       0       0       0       0       0       000010200D0000429
     123       0       0       1       0                               0D0000430
     508     287       0       0       0       0       0       000010000D0000431
     508       0       0       1       1                               0D0000432
     510     288       0       0       0       0       0       000010000D0000433
     510       0       0       1       1                               0D0000434
     192     289       0       0       0       0       0       000010000D0000435
     192       0       0       1       1                               0D0000436
     116     290       0       0       0       0       0       000010400D0000437
     116       0       0       1       0                               0D0000438
     123     291       0       0       0       0       0       000010200D0000439
     123       0       0       1       0                               0D0000440
     123     292       0       0       0       0       0       000010200D0000441
     123       0       0       1       0                               0D0000442
     508     293       0       0       0       0       0       000010000D0000443
     508       0       0       2       1                               0D0000444
     110     295       0       0       0       0       0       000010000D0000445
     110       0       0       1       0                               0D0000446
     110     296       0       0       0       0       0       000010000D0000447
     110       0       0       1       0                               0D0000448
     110     297       0       0       0       0       0       000010000D0000449
     110       0       0       1       0                               0D0000450
     110     298       0       0       0       0       0       000010000D0000451
     110       0       0       1       0                               0D0000452
     510     299       0       0       0       0       0       000010000D0000453
     510       0       0       1       1                               0D0000454
     190     300       0       0       0       0       0       000010000D0000455
     190       0       0       1       1                               0D0000456
     116     301       0       0       0       0       0       000010400D0000457
     116       0       0       1       0                               0D0000458
     123     302       0       0       0       0       0       000010200D0000459
     123       0       0       1       0                               0D0000460
     123     303       0       0       0       0       0       000010200D0000461
     123       0       0       1       0                               0D0000462
     508     304       0       0       0       0       0       000010000D0000463
     508       0       0       1       1                               0D0000464
     510     305       0       0       0       0       0       000010000D0000465
     510       0       0       1       1                               0D0000466
     192     306       0       0       0       0       0       000010000D0000467
     192       0       0       1       1                               0D0000468
     116     307       0       0       0       0       0       000010400D0000469
     116       0       0       1       0                               0D0000470
     123     308       0       0       0       0       0       000010200D0000471
     123       0       0       1       0                               0D0000472
     123     309       0       0       0       0       0       000010200D0000473
     123       0       0       1       0                               0D0000474
     508     310       0       0       0       0       0       000010000D0000475
     508       0       0       2       1                               0D0000476
     110     312       0       0       0       0       0       000010000D0000477
     110       0       0       1       0                               0D0000478
     110     313       0       0       0       0       0       000010000D0000479
     110       0       0       1       0                               0D0000480
     110     314       0       0       0       0       0       000010000D0000481
     110       0       0       1       0                               0D0000482
     110     315       0       0       0       0       0       000010000D0000483
     110       0       0       1       0                               0D0000484
     510     316       0       0       0       0       0       000010000D0000485
     510       0       0       1       1                               0D0000486
     190     317       0       0       0       0       0       000010000D0000487
     190       0       0       1       1                               0D0000488
     116     318       0       0       0       0       0       000010400D0000489
     116       0       0       1       0                               0D0000490
     123     319       0       0       0       0       0       000010200D0000491
     123       0       0       1       0                               0D0000492
     123     320       0       0       0       0       0       000010200D0000493
     123       0       0       1       0                               0D0000494
     508     321       0       0       0       0       0       000010000D0000495
     508       0       0       1       1                               0D0000496
     510     322       0       0       0       0       0       000010000D0000497
     510       0       0       1       1                               0D0000498
     192     323       0       0       0       0       0       000010000D0000499
     192       0       0       1       1                               0D0000500
     116     324       0       0       0       0       0       000010400D0000501
     116       0       0       1       0                               0D0000502
     123     325       0       0       0       0       0       000010200D0000503
     123       0       0       1       0                               0D0000504
     123     326       0       0       0       0       0       000010200D0000505
     123       0       0       1       0                               0D0000506
     508     327       0       0       0       0       0       000010000D0000507
     508       0       0       2       1                               0D0000508
     110     329       0       0       0       0       0       000010000D0000509
     110       0       0       1       0                               0D0000510
     110     330       0       0       0       0       0       000010000D0000511
     110       0       0       1       0                               0D0000512
     110     331       0       0       0       0       0       000010000D0000513
     110       0       0       1       0                               0D0000514
     110     332       0       0       0       0       0       000010000D0000515
     110       0       0       1       0                               0D0000516
     510     333       0       0       0       0       0       000010000D0000517
     510       0       0       1       1                               0D0000518
     190     334       0       0       0       0       0       000010000D0000519
     190       0       0       1       1                               0D0000520
     116     335       0       0       0       0       0       000010400D0000521
     116       0       0       1       0                               0D0000522
     123     336       0       0       0       0       0       000010200D0000523
     123       0       0       1       0                               0D0000524
     123     337       0       0       0       0       0       000010200D0000525
     123       0       0       1       0                               0D0000526
     508     338       0       0       0       0       0       000010000D0000527
     508       0       0       2       1                               0D0000528
     510     340       0       0       0       0       0       000010000D0000529
     510       0       0       1       1                               0D0000530
     190     341       0       0       0       0       0       000010000D0000531
     190       0       0       1       1                               0D0000532
     116     342       0       0       0       0       0       000010400D0000533
     116       0       0       1       0                               0D0000534
     123     343       0       0       0       0       0       000010200D0000535
     123       0       0       1       0                               0D0000536
     123     344       0       0       0       0       0       000010200D0000537
     123       0       0       1       0                               0D0000538
     508     345       0       0       0       0       0       000010000D0000539
     508       0       0       1       1                               0D0000540
     510     346       0       0       0       0       0       000010000D0000541
     510       0       0       1       1                               0D0000542
     192     347       0       0       0       0       0       000010000D0000543
     192       0       0       1       1                               0D0000544
     116     348       0       0       0       0       0       000010400D0000545
     116       0       0       1       0                               0D0000546
     123     349       0       0       0       0       0       000010200D0000547
     123       0       0       1       0                               0D0000548
     123     350       0       0       0       0       0       000010200D0000549
     123       0       0       1       0                               0D0000550
     508     351       0       0       0       0       0       000010000D0000551
     508       0       0       2       1                               0D0000552
     110     353       0       0       0       0       0       000010000D0000553
     110       0       0       1       0                               0D0000554
     110     354       0       0       0       0       0       000010000D0000555
     110       0       0       1       0                               0D0000556
     110     355       0       0       0       0       0       000010000D0000557
     110       0       0       1       0                               0D0000558
     110     356       0       0       0       0       0       000010000D0000559
     110       0       0       1       0                               0D0000560
     510     357       0       0       0       0       0       000010000D0000561
     510       0       0       1       1                               0D0000562
     190     358       0       0       0       0       0       000010000D0000563
     190       0       0       1       1                               0D0000564
     116     359       0       0       0       0       0       000010400D0000565
     116       0       0       1       0                               0D0000566
     123     360       0       0       0       0       0       000010200D0000567
     123       0       0       1       0                               0D0000568
     123     361       0       0       0       0       0       000010200D0000569
     123       0       0       1       0                               0D0000570
     508     362       0       0       0       0       0       000010000D0000571
     508       0       0       1       1                               0D0000572
     510     363       0       0       0       0       0       000010000D0000573
     510       0       0       1       1                               0D0000574
     192     364       0       0       0       0       0       000010000D0000575
     192       0       0       1       1                               0D0000576
     116     365       0       0       0       0       0       000010400D0000577
     116       0       0       1       0                               0D0000578
     123     366       0       0       0       0       0       000010200D0000579
     123       0       0       1       0                               0D0000580
     123     367       0       0       0       0       0       000010200D0000581
     123       0       0       1       0                               0D0000582
     508     368       0       0       0       0       0       000010000D0000583
     508       0       0       2       1                               0D0000584
     110     370       0       0       0       0       0       000010000D0000585
     110       0       0       1       0                               0D0000586
     110     371       0       0       0       0       0       000010000D0000587
     110       0       0       1       0                               0D0000588
     110     372       0       0       0       0       0       000010000D0000589
     110       0       0       1       0                               0D0000590
     110     373       0       0       0       0       0       000010000D0000591
     110       0       0       1       0                               0D0000592
     510     374       0       0       0       0       0       000010000D0000593
     510       0       0       1       1                               0D0000594
     190     375       0       0       0       0       0       000010000D0000595
     190       0       0       1       1                               0D0000596
     116     376       0       0       0       0       0       000010400D0000597
     116       0       0       1       0                               0D0000598
     123     377       0       0       0       0       0       000010200D0000599
     123       0       0       1       0                               0D0000600
     123     378       0       0       0       0       0       000010200D0000601
     123       0       0       1       0                               0D0000602
     508     379       0       0       0       0       0       000010000D0000603
     508       0       0       1       1                               0D0000604
     510     380       0       0       0       0       0       000010000D0000605
     510       0       0       1       1                               0D0000606
     192     381       0       0       0       0       0       000010000D0000607
     192       0       0       1       1                               0D0000608
     116     382       0       0       0       0       0       000010400D0000609
     116       0       0       1       0                               0D0000610
     123     383       0       0       0       0       0       000010200D0000611
     123       0       0       1       0                               0D0000612
     123     384       0       0       0       0       0       000010200D0000613
     123       0       0       1       0                               0D0000614
     508     385       0       0       0       0       0       000010000D0000615
     508       0       0       2       1                               0D0000616
     110     387       0       0       0       0       0       000010000D0000617
     110       0       0       1       0                               0D0000618
     110     388       0       0       0       0       0       000010000D0000619
     110       0       0       1       0                               0D0000620
     110     389       0       0       0       0       0       000010000D0000621
     110       0       0       1       0                               0D0000622
     110     390       0       0       0       0       0       000010000D0000623
     110       0       0       1       0                               0D0000624
     510     391       0       0       0       0       0       000010000D0000625
     510       0       0       1       1                               0D0000626
     190     392       0       0       0       0       0       000010000D0000627
     190       0       0       1       1                               0D0000628
     116     393       0       0       0       0       0       000010400D0000629
     116       0       0       1       0                               0D0000630
     123     394       0       0       0       0       0       000010200D0000631
     123       0       0       1       0                               0D0000632
     123     395       0       0       0       0       0       000010200D0000633
     123       0       0       1       0                               0D0000634
     508     396       0       0       0       0       0       000010000D0000635
     508       0       0       1       1                               0D0000636
     510     397       0       0       0       0       0       000010000D0000637
     510       0       0       1       1                               0D0000638
     192     398       0       0       0       0       0       000010000D0000639
     192       0       0       1       1                               0D0000640
     116     399       0       0       0       0       0       000010400D0000641
     116       0       0       1       0                               0D0000642
     123     400       0       0       0       0       0       000010200D0000643
     123       0       0       1       0                               0D0000644
     123     401       0       0       0       0       0       000010200D0000645
     123       0       0       1       0                               0D0000646
     508     402       0       0       0       0       0       000010000D0000647
     508       0       0       2       1                               0D0000648
     110     404       0       0       0       0       0       000010000D0000649
     110       0       0       1       0                               0D0000650
     110     405       0       0       0       0       0       000010000D0000651
     110       0       0       1       0                               0D0000652
     110     406       0       0       0       0       0       000010000D0000653
     110       0       0       1       0                               0D0000654
     110     407       0       0       0       0       0       000010000D0000655
     110       0       0       1       0                               0D0000656
     510     408       0       0       0       0       0       000010000D0000657
     510       0       0       1       1                               0D0000658
     192     409       0       0       0       0       0       000010000D0000659
     192       0       0       1       1                               0D0000660
     116     410       0       0       0       0       0       000010400D0000661
     116       0       0       1       0                               0D0000662
     123     411       0       0       0       0       0       000010200D0000663
     123       0       0       1       0                               0D0000664
     123     412       0       0       0       0       0       000010200D0000665
     123       0       0       1       0                               0D0000666
     508     413       0       0       0       0       0       000010000D0000667
     508       0       0       2       1                               0D0000668
     110     415       0       0       0       0       0       000010000D0000669
     110       0       0       1       0                               0D0000670
     110     416       0       0       0       0       0       000010000D0000671
     110       0       0       1       0                               0D0000672
     110     417       0       0       0       0       0       000010000D0000673
     110       0       0       1       0                               0D0000674
     110     418       0       0       0       0       0       000010000D0000675
     110       0       0       1       0                               0D0000676
     510     419       0       0       0       0       0       000010000D0000677
     510       0       0       1       1                               0D0000678
     190     420       0       0       0       0       0       000010000D0000679
     190       0       0       1       1                               0D0000680
     116     421       0       0       0       0       0       000010400D0000681
     116       0       0       1       0                               0D0000682
     123     422       0       0       0       0       0       000010200D0000683
     123       0       0       1       0                               0D0000684
     123     423       0       0       0       0       0       000010200D0000685
     123       0       0       1       0                               0D0000686
     508     424       0       0       0       0       0       000010000D0000687
     508       0       0       1       1                               0D0000688
     510     425       0       0       0       0       0       000010000D0000689
     510       0       0       1       1                               0D0000690
     190     426       0       0       0       0       0       000010000D0000691
     190       0       0       1       1                               0D0000692
     116     427       0       0       0       0       0       000010400D0000693
     116       0       0       1       0                               0D0000694
     123     428       0       0       0       0       0       000010200D0000695
     123       0       0       1       0                               0D0000696
     123     429       0       0       0       0       0       000010200D0000697
     123       0       0       1       0                               0D0000698
     508     430       0       0       0       0       0       000010000D0000699
     508       0       0       1       1                               0D0000700
     510     431       0       0       0       0       0       000010000D0000701
     510       0       0       1       1                               0D0000702
     192     432       0       0       0       0       0       000010000D0000703
     192       0       0       1       1                               0D0000704
     116     433       0       0       0       0       0       000010400D0000705
     116       0       0       1       0                               0D0000706
     123     434       0       0       0       0       0       000010200D0000707
     123       0       0       1       0                               0D0000708
     123     435       0       0       0       0       0       000010200D0000709
     123       0       0       1       0                               0D0000710
     508     436       0       0       0       0       0       000010000D0000711
     508       0       0       2       1                               0D0000712
     110     438       0       0       0       0       0       000010000D0000713
     110       0       0       1       0                               0D0000714
     110     439       0       0       0       0       0       000010000D0000715
     110       0       0       1       0                               0D0000716
     110     440       0       0       0       0       0       000010000D0000717
     110       0       0       1       0                               0D0000718
     110     441       0       0       0       0       0       000010000D0000719
     110       0       0       1       0                               0D0000720
     510     442       0       0       0       0       0       000010000D0000721
     510       0       0       1       1                               0D0000722
     190     443       0       0       0       0       0       000010000D0000723
     190       0       0       1       1                               0D0000724
     116     444       0       0       0       0       0       000010400D0000725
     116       0       0       1       0                               0D0000726
     123     445       0       0       0       0       0       000010200D0000727
     123       0       0       1       0                               0D0000728
     123     446       0       0       0       0       0       000010200D0000729
     123       0       0       1       0                               0D0000730
     508     447       0       0       0       0       0       000010000D0000731
     508       0       0       1       1                               0D0000732
     510     448       0       0       0       0       0       000010000D0000733
     510       0       0       1       1                               0D0000734
     190     449       0       0       0       0       0       000010000D0000735
     190       0       0       1       1                               0D0000736
     116     450       0       0       0       0       0       000010400D0000737
     116       0       0       1       0                               0D0000738
     123     451       0       0       0       0       0       000010200D0000739
     123       0       0       1       0                               0D0000740
     123     452       0       0       0       0       0       000010200D0000741
     123       0       0       1       0                               0D0000742
     508     453       0       0       0       0       0       000010000D0000743
     508       0       0       1       1                               0D0000744
     510     454       0       0       0       0       0       000010000D0000745
     510       0       0       1       1                               0D0000746
     190     455       0       0       0       0       0       000010000D0000747
     190       0       0       1       1                               0D0000748
     116     456       0       0       0       0       0       000010400D0000749
     116       0       0       1       0                               0D0000750
     123     457       0       0       0       0       0       000010200D0000751
     123       0       0       1       0                               0D0000752
     123     458       0       0       0       0       0       000010200D0000753
     123       0       0       1       0                               0D0000754
     508     459       0       0       0       0       0       000010000D0000755
     508       0       0       1       1                               0D0000756
     508     460       0       0       0       0       0       000010000D0000757
     508       0       0       1       1                               0D0000758
     510     461       0       0       0       0       0       000010000D0000759
     510       0       0       1       1                               0D0000760
     190     462       0       0       0       0       0       000010000D0000761
     190       0       0       1       1                               0D0000762
     116     463       0       0       0       0       0       000010400D0000763
     116       0       0       1       0                               0D0000764
     123     464       0       0       0       0       0       000010200D0000765
     123       0       0       1       0                               0D0000766
     123     465       0       0       0       0       0       000010200D0000767
     123       0       0       1       0                               0D0000768
     508     466       0       0       0       0       0       000010000D0000769
     508       0       0       1       1                               0D0000770
     510     467       0       0       0       0       0       000010000D0000771
     510       0       0       1       1                               0D0000772
     190     468       0       0       0       0       0       000010000D0000773
     190       0       0       1       1                               0D0000774
     116     469       0       0       0       0       0       000010400D0000775
     116       0       0       1       0                               0D0000776
     123     470       0       0       0       0       0       000010200D0000777
     123       0       0       1       0                               0D0000778
     123     471       0       0       0       0       0       000010200D0000779
     123       0       0       1       0                               0D0000780
     508     472       0       0       0       0       0       000010000D0000781
     508       0       0       1       1                               0D0000782
     510     473       0       0       0       0       0       000010000D0000783
     510       0       0       1       1                               0D0000784
     190     474       0       0       0       0       0       000010000D0000785
     190       0       0       1       1                               0D0000786
     116     475       0       0       0       0       0       000010400D0000787
     116       0       0       1       0                               0D0000788
     123     476       0       0       0       0       0       000010200D0000789
     123       0       0       1       0                               0D0000790
     123     477       0       0       0       0       0       000010200D0000791
     123       0       0       1       0                               0D0000792
     508     478       0       0       0       0       0       000010000D0000793
     508       0       0       1       1                               0D0000794
     508     479       0       0       0       0       0       000010000D0000795
     508       0       0       1       1                               0D0000796
     510     480       0       0       0       0       0       000010000D0000797
     510       0       0       1       1                               0D0000798
     190     481       0       0       0       0       0       000010000D0000799
     190       0       0       1       1                               0D0000800
     116     482       0       0       0       0       0       000010400D0000801
     116       0       0       1       0                               0D0000802
     123     483       0       0       0       0       0       000010200D0000803
     123       0       0       1       0                               0D0000804
     123     484       0       0       0       0       0       000010200D0000805
     123       0       0       1       0                               0D0000806
     508     485       0       0       0       0       0       000010000D0000807
     508       0       0       1       1                               0D0000808
     510     486       0       0       0       0       0       000010000D0000809
     510       0       0       1       1                               0D0000810
     190     487       0       0       0       0       0       000010000D0000811
     190       0       0       1       1                               0D0000812
     116     488       0       0       0       0       0       000010400D0000813
     116       0       0       1       0                               0D0000814
     123     489       0       0       0       0       0       000010200D0000815
     123       0       0       1       0                               0D0000816
     123     490       0       0       0       0       0       000010200D0000817
     123       0       0       1       0                               0D0000818
     508     491       0       0       0       0       0       000010000D0000819
     508       0       0       1       1                               0D0000820
     510     492       0       0       0       0       0       000010000D0000821
     510       0       0       1       1                               0D0000822
     190     493       0       0       0       0       0       000010000D0000823
     190       0       0       1       1                               0D0000824
     116     494       0       0       0       0       0       000010400D0000825
     116       0       0       1       0                               0D0000826
     123     495       0       0       0       0       0       000010200D0000827
     123       0       0       1       0                               0D0000828
     123     496       0       0       0       0       0       000010200D0000829
     123       0       0       1       0                               0D0000830
     508     497       0       0       0       0       0       000010000D0000831
     508       0       0       1       1                               0D0000832
     510     498       0       0       0       0       0       000010000D0000833
     510       0       0       1       1                               0D0000834
     190     499       0       0       0       0       0       000010000D0000835
     190       0       0       1       1                               0D0000836
     116     500       0       0       0       0       0       000010400D0000837
     116       0       0       1       0                               0D0000838
     123     501       0       0       0       0       0       000010200D0000839
     123       0       0       1       0                               0D0000840
     123     502       0       0       0       0       0       000010200D0000841
     123       0       0       1       0                               0D0000842
     508     503       0       0       0       0       0       000010000D0000843
     508       0       0       1       1                               0D0000844
186,3,1,0;                                                       0000001P0000001
514,40,5,0,271,0,289,0,301,1,313,0,325,1,337,1,357,0,369,1,389,  0000003P0000002
0,409,1,421,0,433,0,453,1,465,1,485,0,497,1,517,0,529,1,541,1,   0000003P0000003
561,0,573,1,593,1,605,1,625,0,637,1,657,0,677,1,689,0,701,0,721, 0000003P0000004
0,733,0,745,0,759,1,771,1,783,1,797,0,809,0,821,1,833,1;         0000003P0000005
510,7,4,1,15,265,267,269;                                        0000005P0000006
190,9,11,13;                                                     0000007P0000007
116,0.,0.,0.,0;                                                  0000009P0000008
123,1.22E-15,-1.,1.44E-15;                                       0000011P0000009
123,-2.22E-15,1.44E-15,1.;                                       0000013P0000010
508,4,0,17,1,1,0,0,17,2,1,0,0,17,3,0,0,0,17,4,0,0;               0000015P0000011
504,98,19,21,1,21,2,23,21,2,21,3,25,21,4,21,3,27,21,1,21,4,29,   0000017P0000012
21,5,21,6,31,21,5,21,7,35,21,7,21,8,37,21,8,21,6,41,21,9,21,10,  0000017P0000013
45,21,9,21,11,47,21,12,21,11,51,21,10,21,12,53,21,13,21,14,55,   0000017P0000014
21,13,21,15,59,21,15,21,16,61,21,16,21,14,65,21,17,21,18,67,21,  0000017P0000015
18,21,2,69,21,17,21,1,71,21,19,21,20,73,21,19,21,21,77,21,21,21, 0000017P0000016
22,79,21,22,21,20,83,21,23,21,24,85,21,23,21,25,89,21,25,21,26,  0000017P0000017
91,21,26,21,24,95,21,27,21,28,99,21,27,21,29,101,21,30,21,29,    0000017P0000018
105,21,28,21,30,107,21,4,21,31,109,21,31,21,32,111,21,32,21,17,  0000017P0000019
113,21,3,21,33,115,21,33,21,34,117,21,34,21,18,119,21,35,21,33,  0000017P0000020
121,21,36,21,35,123,21,31,21,36,125,21,5,21,37,127,21,37,21,38,  0000017P0000021
129,21,6,21,38,131,21,39,21,38,135,21,8,21,39,137,21,7,21,40,    0000017P0000022
139,21,40,21,39,141,21,37,21,40,145,21,41,21,42,149,21,41,21,9,  0000017P0000023
151,21,42,21,10,153,21,41,21,43,155,21,43,21,11,157,21,42,21,44, 0000017P0000024
159,21,44,21,12,161,21,44,21,43,165,21,13,21,45,167,21,45,21,46, 0000017P0000025
169,21,14,21,46,171,21,47,21,46,175,21,16,21,47,177,21,15,21,48, 0000017P0000026
179,21,48,21,47,181,21,45,21,48,185,21,32,21,49,187,21,50,21,49, 0000017P0000027
189,21,50,21,34,191,21,19,21,51,193,21,51,21,52,195,21,20,21,52, 0000017P0000028
197,21,53,21,52,201,21,22,21,53,203,21,21,21,54,205,21,54,21,53, 0000017P0000029
207,21,51,21,54,211,21,23,21,55,213,21,55,21,56,215,21,24,21,56, 0000017P0000030
217,21,57,21,56,221,21,26,21,57,223,21,25,21,58,225,21,58,21,57, 0000017P0000031
227,21,55,21,58,231,21,59,21,60,235,21,59,21,27,237,21,60,21,28, 0000017P0000032
239,21,59,21,61,241,21,61,21,29,243,21,60,21,62,245,21,62,21,30, 0000017P0000033
247,21,62,21,61,251,21,36,21,49,253,21,50,21,35,255,21,63,21,36, 0000017P0000034
257,21,35,21,64,259,21,64,21,63,261,21,50,21,64,263,21,49,21,63; 0000017P0000035
110,0.,0.,0.,17.,-1.7E-14,-2.89E-15;                             0000019P0000036
502,64,0.,0.,0.,17.,-2.8E-14,1.6E-14,17.,-8.E-15,20.,-4.4E-14,   0000021P0000037
2.E-14,20.,9.5,-3.E-15,4.,7.5,-1.E-15,4.,9.5,-6.E-15,2.,7.5,     0000021P0000038
-4.E-15,2.,5.5,1.E-15,10.,11.5,-9.E-15,10.,5.5,4.E-15,13.,11.5,  0000021P0000039
-6.E-15,13.,9.5,2.3E-14,19.,7.5,2.5E-14,19.,9.5,2.E-14,17.,7.5,  0000021P0000040
2.2E-14,17.,-7.E-15,-20.,4.7E-14,17.,-20.,6.3E-14,9.5,-17.,      0000021P0000041
6.E-14,7.5,-17.,5.6E-14,9.5,-19.,6.3E-14,7.5,-19.,5.9E-14,7.5,   0000021P0000042
-4.,3.7E-14,9.5,-4.,4.1E-14,7.5,-2.,3.4E-14,9.5,-2.,3.8E-14,     0000021P0000043
11.5,-10.,3.4E-14,5.5,-10.,2.8E-14,11.5,-13.,5.4E-14,5.5,-13.,   0000021P0000044
4.4E-14,-4.5E-14,-3.,20.,-1.3E-14,-20.,3.,17.,-3.,20.,17.,-20.,  0000021P0000045
3.,15.,-3.,20.,2.,-3.,20.,9.5,1.,4.,7.5,1.,4.,7.5,1.,2.,9.5,1.,  0000021P0000046
2.,5.5,-3.,10.,11.5,-3.,10.,5.5,-3.,13.,11.5,-3.,13.,9.5,1.,19., 0000021P0000047
7.5,1.,19.,7.5,1.,17.,9.5,1.,17.,2.,-20.,3.,15.,-20.,3.,9.5,     0000021P0000048
-17.,-1.,7.5,-17.,-1.,7.5,-19.,-1.,9.5,-19.,-1.,7.5,-4.,-1.,9.5, 0000021P0000049
-4.,-1.,9.5,-2.,-1.,7.5,-2.,-1.,11.5,-10.,3.,5.5,-10.,3.,11.5,   0000021P0000050
-13.,3.,5.5,-13.,3.,2.,-3.,3.,15.,-3.,3.;                        0000021P0000051
110,17.,1.349E-14,1.6E-14,17.,-1.091E-14,20.;                    0000023P0000052
110,-4.4E-14,-1.554E-14,20.,17.,-3.254E-14,20.;                  0000025P0000053
110,0.,0.,0.,-4.E-14,-2.44E-14,20.;                              0000027P0000054
110,9.5,5.2E-16,4.,7.5,1.3E-15,4.;                               0000029P0000055
100,0.,0.,0.,1.,0.,-1.,0.;                                       0000031P0000056
124,-2.2E-16,1.,3.9E-16,9.5,1.05E-15,-3.9E-16,1.,-5.3E-16,1.,    0000033P0000057
2.2E-16,-1.05E-15,3.;                                            0000033P0000058
110,9.5,-1.59E-15,2.,7.5,-8.1E-16,2.;                            0000035P0000059
100,0.,0.,0.,-1.,-8.881784197E-16,1.,-8.881784197E-16;           0000037P0000060
124,-2.2E-16,1.,3.9E-16,7.5,1.05E-15,-3.9E-16,1.,2.4E-16,1.,     0000039P0000061
2.2E-16,-1.05E-15,3.;                                            0000039P0000062
100,0.,0.,0.,-7.105427358E-15,-3.,5.329070518E-15,3.;            0000041P0000063
124,1.44E-15,1.,-1.22E-15,8.5,1.7E-16,-1.22E-15,-1.,-3.05E-15,   0000043P0000064
-1.,1.44E-15,-1.7E-16,10.;                                       0000043P0000065
110,5.5,-8.5E-16,10.,5.5,1.4E-16,13.;                            0000045P0000066
100,0.,0.,0.,3.552713679E-15,3.,-7.105427358E-15,-3.;            0000047P0000067
124,1.44E-15,1.,-1.22E-15,8.5,1.7E-16,-1.22E-15,-1.,-2.05E-15,   0000049P0000068
-1.,1.44E-15,-1.7E-16,13.;                                       0000049P0000069
110,11.5,-5.51E-15,10.,11.5,-4.52E-15,13.;                       0000051P0000070
110,9.5,1.634E-14,19.,7.5,1.712E-14,19.;                         0000053P0000071
100,0.,0.,0.,1.,0.,-1.,0.;                                       0000055P0000072
124,-2.2E-16,1.,3.9E-16,9.5,1.05E-15,-3.9E-16,1.,1.529E-14,1.,   0000057P0000073
2.2E-16,-1.05E-15,18.;                                           0000057P0000074
110,9.5,1.423E-14,17.,7.5,1.501E-14,17.;                         0000059P0000075
100,0.,0.,0.,-1.,0.,1.,0.;                                       0000061P0000076
124,-2.2E-16,1.,3.9E-16,7.5,1.05E-15,-3.9E-16,1.,1.606E-14,1.,   0000063P0000077
2.2E-16,-1.05E-15,18.;                                           0000063P0000078
110,-7.E-15,-20.,3.331E-14,17.,-20.,3.042E-14;                   0000065P0000079
110,17.,-20.,-2.131628207E-14,17.,-2.842170943E-14,              0000067P0000080
-5.011628207E-14;                                                0000067P0000081
110,3.775E-14,-20.,2.887E-14,-5.E-17,0.,7.E-17;                  0000069P0000082
110,9.5,-17.,5.834E-14,7.5,-17.,5.556E-14;                       0000071P0000083
100,0.,0.,0.,1.,0.,-1.,0.;                                       0000073P0000084
124,-1.621688677E-46,1.,1.39E-15,9.5,1.,2.2379E-30,-1.61E-15,    0000075P0000085
-18.,-1.61E-15,1.39E-15,-1.,5.995E-14;                           0000075P0000086
110,9.5,-19.,6.156E-14,7.5,-19.,5.878E-14;                       0000077P0000087
100,0.,0.,0.,-1.,0.,1.,0.;                                       0000079P0000088
124,-1.621688677E-46,1.,1.39E-15,7.5,1.,2.2379E-30,-1.61E-15,    0000081P0000089
-18.,-1.61E-15,1.39E-15,-1.,5.718E-14;                           0000081P0000090
110,7.5,-4.,3.462E-14,9.5,-4.,3.74E-14;                          0000083P0000091
100,0.,0.,0.,-1.,0.,1.,0.;                                       0000085P0000092
124,-1.621688677E-46,1.,1.39E-15,7.5,1.,2.2379E-30,-1.61E-15,    0000087P0000093
-3.,-1.61E-15,1.39E-15,-1.,3.301E-14;                            0000087P0000094
110,7.5,-2.,3.139E-14,9.5,-2.,3.417E-14;                         0000089P0000095
100,0.,0.,0.,1.,0.,-1.,0.;                                       0000091P0000096
124,-1.621688677E-46,1.,1.39E-15,9.5,1.,2.2379E-30,-1.61E-15,    0000093P0000097
-3.,-1.61E-15,1.39E-15,-1.,3.578E-14;                            0000093P0000098
100,0.,0.,0.,1.776356839E-15,3.,-1.776356839E-15,-3.;            0000095P0000099
124,4.4E-16,1.,-4.4E-16,8.5,-1.,4.4E-16,1.39E-15,-10.,1.39E-15,  0000097P0000100
4.4E-16,1.,3.658E-14;                                            0000097P0000101
110,11.5,-10.,4.016E-14,11.5,-13.,4.415E-14;                     0000099P0000102
100,0.,0.,0.,-1.776356839E-15,-3.,1.776356839E-15,3.;            0000101P0000103
124,4.4E-16,1.,-4.4E-16,8.5,-1.,4.4E-16,1.39E-15,-13.,1.39E-15,  0000103P0000104
4.4E-16,1.,4.047E-14;                                            0000103P0000105
110,5.5,-10.,3.322E-14,5.5,-13.,3.721E-14;                       0000105P0000106
110,-3.997E-14,2.E-14,20.,-3.43E-14,-3.,20.;                     0000107P0000107
110,-3.431E-14,-3.,20.,3.180448404E-14,-20.,3.;                  0000109P0000108
110,3.175E-14,-20.,3.,3.775E-14,-20.,4.707345624E-14;            0000111P0000109
110,17.,-8.E-15,20.,17.,-3.,20.;                                 0000113P0000110
110,17.,-3.,20.,17.,-20.,3.;                                     0000115P0000111
110,17.,-20.,3.,17.,-20.,6.30606678E-14;                         0000117P0000112
110,15.,-3.,20.,17.,-3.,20.;                                     0000119P0000113
110,2.,-3.,20.,15.,-3.,20.;                                      0000121P0000114
110,-4.5E-14,-3.,20.,2.,-3.,20.;                                 0000123P0000115
110,9.5,-3.E-15,4.,9.5,1.,4.;                                    0000125P0000116
110,9.5,1.,4.,7.5,1.,4.;                                         0000127P0000117
110,7.5,-1.E-15,4.,7.5,1.,4.;                                    0000129P0000118
100,0.,0.,0.,-1.,-8.881784197E-16,1.,-8.881784197E-16;           0000131P0000119
124,-2.2E-16,1.,3.9E-16,7.5,1.05E-15,-3.9E-16,1.,1.,1.,2.2E-16,  0000133P0000120
-1.05E-15,3.;                                                    0000133P0000121
110,7.5,-4.E-15,2.,7.5,1.,2.;                                    0000135P0000122
110,9.5,-6.E-15,2.,9.5,1.,2.;                                    0000137P0000123
110,9.5,1.,2.,7.5,1.,2.;                                         0000139P0000124
100,0.,0.,0.,1.,0.,-1.,0.;                                       0000141P0000125
124,-2.2E-16,1.,3.9E-16,9.5,1.05E-15,-3.9E-16,1.,1.,1.,2.2E-16,  0000143P0000126
-1.05E-15,3.;                                                    0000143P0000127
100,0.,0.,0.,-5.329070518E-15,-3.,7.105427358E-15,3.;            0000145P0000128
124,1.78E-15,1.,-8.3E-16,8.5,5.E-16,-8.3E-16,-1.,-3.,-1.,        0000147P0000129
1.78E-15,-5.E-16,10.;                                            0000147P0000130
110,5.5,-3.,10.,5.5,8.881784197E-16,10.;                         0000149P0000131
110,11.5,-3.,10.,11.5,-8.881784197E-15,10.;                      0000151P0000132
110,5.5,-3.,10.,5.5,-3.,13.;                                     0000153P0000133
110,5.5,-3.,13.,5.5,3.996802889E-15,13.;                         0000155P0000134
110,11.5,-3.,10.,11.5,-3.,13.;                                   0000157P0000135
110,11.5,-3.,13.,11.5,-6.217248938E-15,13.;                      0000159P0000136
100,0.,0.,0.,5.329070518E-15,3.,-5.329070518E-15,-3.;            0000161P0000137
124,1.78E-15,1.,-8.3E-16,8.5,5.E-16,-8.3E-16,-1.,-3.,-1.,        0000163P0000138
1.78E-15,-5.E-16,13.;                                            0000163P0000139
110,9.5,2.3E-14,19.,9.5,1.,19.;                                  0000165P0000140
110,9.5,1.,19.,7.5,1.,19.;                                       0000167P0000141
110,7.5,2.5E-14,19.,7.5,1.,19.;                                  0000169P0000142
100,0.,0.,0.,-1.,0.,1.,0.;                                       0000171P0000143
124,-2.2E-16,1.,3.9E-16,7.5,1.05E-15,-3.9E-16,1.,1.,1.,2.2E-16,  0000173P0000144
-1.05E-15,18.;                                                   0000173P0000145
110,7.5,2.2E-14,17.,7.5,1.,17.;                                  0000175P0000146
110,9.5,2.E-14,17.,9.5,1.,17.;                                   0000177P0000147
110,9.5,1.,17.,7.5,1.,17.;                                       0000179P0000148
100,0.,0.,0.,1.,0.,-1.,0.;                                       0000181P0000149
124,-2.2E-16,1.,3.9E-16,9.5,1.05E-15,-3.9E-16,1.,1.,1.,2.2E-16,  0000183P0000150
-1.05E-15,18.;                                                   0000183P0000151
110,-1.3E-14,-20.,3.,2.,-20.,3.;                                 0000185P0000152
110,15.,-20.,3.,2.,-20.,3.;                                      0000187P0000153
110,15.,-20.,3.,17.,-20.,3.;                                     0000189P0000154
110,9.5,-17.,6.E-14,9.5,-17.,-1.;                                0000191P0000155
110,9.5,-17.,-1.,7.5,-17.,-1.;                                   0000193P0000156
110,7.5,-17.,5.6E-14,7.5,-17.,-1.;                               0000195P0000157
100,0.,0.,0.,-1.,0.,1.,0.;                                       0000197P0000158
124,-1.621688677E-46,1.,1.39E-15,7.5,1.,2.2379E-30,-1.61E-15,    0000199P0000159
-18.,-1.61E-15,1.39E-15,-1.,-1.;                                 0000199P0000160
110,7.5,-19.,5.9E-14,7.5,-19.,-1.;                               0000201P0000161
110,9.5,-19.,6.3E-14,9.5,-19.,-1.;                               0000203P0000162
110,9.5,-19.,-1.,7.5,-19.,-1.;                                   0000205P0000163
100,0.,0.,0.,1.,0.,-1.,0.;                                       0000207P0000164
124,-1.621688677E-46,1.,1.39E-15,9.5,1.,2.2379E-30,-1.61E-15,    0000209P0000165
-18.,-1.61E-15,1.39E-15,-1.,-1.;                                 0000209P0000166
110,7.5,-4.,3.7E-14,7.5,-4.,-1.;                                 0000211P0000167
110,7.5,-4.,-1.,9.5,-4.,-1.;                                     0000213P0000168
110,9.5,-4.,4.1E-14,9.5,-4.,-1.;                                 0000215P0000169
100,0.,0.,0.,1.,0.,-1.,0.;                                       0000217P0000170
124,-1.621688677E-46,1.,1.39E-15,9.5,1.,2.2379E-30,-1.61E-15,    0000219P0000171
-3.,-1.61E-15,1.39E-15,-1.,-1.;                                  0000219P0000172
110,9.5,-2.,3.8E-14,9.5,-2.,-1.;                                 0000221P0000173
110,7.5,-2.,3.4E-14,7.5,-2.,-1.;                                 0000223P0000174
110,7.5,-2.,-1.,9.5,-2.,-1.;                                     0000225P0000175
100,0.,0.,0.,-1.,0.,1.,0.;                                       0000227P0000176
124,-1.621688677E-46,1.,1.39E-15,7.5,1.,2.2379E-30,-1.61E-15,    0000229P0000177
-3.,-1.61E-15,1.39E-15,-1.,-1.;                                  0000229P0000178
100,0.,0.,0.,1.776356839E-15,3.,0.,-3.;                          0000231P0000179
124,2.8E-16,1.,1.83E-30,8.5,-1.,2.8E-16,1.83E-15,-10.,1.83E-15,  0000233P0000180
-2.3424E-30,1.,3.;                                               0000233P0000181
110,11.5,-10.,3.,11.5,-10.,3.419486916E-14;                      0000235P0000182
110,5.5,-10.,3.,5.5,-10.,2.797762022E-14;                        0000237P0000183
110,11.5,-10.,3.,11.5,-13.,3.;                                   0000239P0000184
110,11.5,-13.,3.,11.5,-13.,5.41788836E-14;                       0000241P0000185
110,5.5,-10.,3.,5.5,-13.,3.;                                     0000243P0000186
110,5.5,-13.,3.,5.5,-13.,4.396483178E-14;                        0000245P0000187
100,0.,0.,0.,0.,-3.,1.776356839E-15,3.;                          0000247P0000188
124,2.8E-16,1.,1.83E-30,8.5,-1.,2.8E-16,1.83E-15,-13.,1.83E-15,  0000249P0000189
-2.3424E-30,1.,3.;                                               0000249P0000190
110,2.,-3.,20.,2.,-20.,3.;                                       0000251P0000191
110,15.,-20.,3.,15.,-3.,20.;                                     0000253P0000192
110,2.,-3.,3.,2.,-3.,20.;                                        0000255P0000193
110,15.,-3.,20.,15.,-3.,3.;                                      0000257P0000194
110,15.,-3.,3.,2.,-3.,3.;                                        0000259P0000195
110,15.,-20.,3.,15.,-3.,3.;                                      0000261P0000196
110,2.,-20.,3.,2.,-3.,3.;                                        0000263P0000197
508,4,0,17,5,0,0,0,17,6,1,0,0,17,7,1,0,0,17,8,1,0;               0000265P0000198
508,4,0,17,9,0,0,0,17,10,1,0,0,17,11,0,0,0,17,12,0,0;            0000267P0000199
508,4,0,17,13,0,0,0,17,14,1,0,0,17,15,1,0,0,17,16,1,0;           0000269P0000200
510,273,4,1,281,283,285,287;                                     0000271P0000201
190,275,277,279;                                                 0000273P0000202
116,2.887E-14,-20.,3.331E-14,0;                                  0000275P0000203
123,-2.05E-15,-5.6E-16,1.;                                       0000277P0000204
123,-1.44E-15,1.,5.6E-16;                                        0000279P0000205
508,4,0,17,17,1,0,0,17,18,1,0,0,17,1,0,0,0,17,19,0,0;            0000281P0000206
508,4,0,17,20,0,0,0,17,21,1,0,0,17,22,1,0,0,17,23,1,0;           0000283P0000207
508,4,0,17,24,0,0,0,17,25,1,0,0,17,26,1,0,0,17,27,1,0;           0000285P0000208
508,4,0,17,28,0,0,0,17,29,1,0,0,17,30,0,0,0,17,31,0,0;           0000287P0000209
510,291,1,1,299;                                                 0000289P0000210
190,293,295,297;                                                 0000291P0000211
116,-4.29E-15,-7.723674436,7.723674436,0;                        0000293P0000212
123,1.,-1.E-15,-4.4E-16;                                         0000295P0000213
123,4.4E-16,-1.22E-15,1.;                                        0000297P0000214
508,5,0,17,4,1,0,0,17,32,1,0,0,17,33,1,0,0,17,34,1,0,0,17,19,1,  0000299P0000215
0;                                                               0000299P0000216
510,303,1,1,311;                                                 0000301P0000217
190,305,307,309;                                                 0000303P0000218
116,17.,-7.723674436,7.723674436,0;                              0000305P0000219
123,1.,-1.E-15,-4.4E-16;                                         0000307P0000220
123,4.4E-16,-1.22E-15,1.;                                        0000309P0000221
508,5,0,17,2,1,0,0,17,35,1,0,0,17,36,1,0,0,17,37,1,0,0,17,18,1,  0000311P0000222
0;                                                               0000311P0000223
510,315,1,1,323;                                                 0000313P0000224
190,317,319,321;                                                 0000315P0000225
116,-4.441E-14,-1.554E-14,20.,0;                                 0000317P0000226
123,2.05E-15,5.6E-16,-1.;                                        0000319P0000227
123,1.44E-15,-1.,-5.6E-16;                                       0000321P0000228
508,6,0,17,3,1,0,0,17,35,1,0,0,17,38,0,0,0,17,39,0,0,0,17,40,0,  0000323P0000229
0,0,17,32,0,0;                                                   0000323P0000230
510,327,1,1,335;                                                 0000325P0000231
190,329,331,333;                                                 0000327P0000232
116,9.5,-2.28E-15,4.,0;                                          0000329P0000233
123,-4.4E-16,1.5E-15,1.;                                         0000331P0000234
123,-1.,7.8E-16,-4.4E-16;                                        0000333P0000235
508,4,0,17,41,1,0,0,17,42,1,0,0,17,43,0,0,0,17,5,0,0;            0000335P0000236
510,339,1,1,347;                                                 0000337P0000237
192,341,343,1.,345;                                              0000339P0000238
116,7.5,-2.E-15,3.,0;                                            0000341P0000239
123,-3.3E-16,-1.,1.72E-15;                                       0000343P0000240
123,-6.7E-16,1.72E-15,1.;                                        0000345P0000241
508,4,0,17,8,1,1,0,349,0,17,43,1,1,0,351,0,17,44,0,1,0,353,0,17, 0000347P0000242
45,0,1,0,355;                                                    0000347P0000243
110,180.,0.,0.,0.,0.,0.;                                         0000349P0000244
110,-2.37142157E-11,2.8E-16,0.,-2.37142157E-11,-1.,0.;           0000351P0000245
110,0.,-1.,0.,180.,-1.,0.;                                       0000353P0000246
110,180.,-1.,0.,180.,7.2E-16,0.;                                 0000355P0000247
510,359,1,1,367;                                                 0000357P0000248
190,361,363,365;                                                 0000359P0000249
116,9.5,-4.83E-15,2.,0;                                          0000361P0000250
123,-4.4E-16,1.5E-15,1.;                                         0000363P0000251
123,-1.,7.8E-16,-4.4E-16;                                        0000365P0000252
508,4,0,17,46,1,0,0,17,47,1,0,0,17,45,0,0,0,17,7,0,0;            0000367P0000253
510,371,1,1,379;                                                 0000369P0000254
192,373,375,1.,377;                                              0000371P0000255
116,9.5,-3.55E-15,3.,0;                                          0000373P0000256
123,-3.3E-16,-1.,1.72E-15;                                       0000375P0000257
123,-6.7E-16,1.72E-15,1.;                                        0000377P0000258
508,4,0,17,6,1,1,0,381,0,17,46,1,1,0,383,0,17,48,0,1,0,385,0,17, 0000379P0000259
41,0,1,0,387;                                                    0000379P0000260
110,360.,0.,0.,180.,0.,0.;                                       0000381P0000261
110,180.,1.17E-15,0.,180.,-1.,0.;                                0000383P0000262
110,180.,-1.,0.,360.,-1.,0.;                                     0000385P0000263
110,360.,-1.,0.,360.,7.2E-16,0.;                                 0000387P0000264
510,391,1,1,399;                                                 0000389P0000265
192,393,395,3.,397;                                              0000391P0000266
116,8.5,-3.,10.,0;                                               0000393P0000267
123,1.1E-16,-1.,1.17E-15;                                        0000395P0000268
123,1.44E-15,-1.17E-15,-1.;                                      0000397P0000269
508,4,0,17,49,0,1,0,401,0,17,50,1,1,0,403,0,17,9,1,1,0,405,0,17, 0000399P0000270
51,0,1,0,407;                                                    0000399P0000271
110,450.,0.,0.,270.,0.,0.;                                       0000401P0000272
110,270.,0.,0.,270.,-3.,0.;                                      0000403P0000273
110,270.,-3.,0.,450.,-3.,0.;                                     0000405P0000274
110,450.,-3.,0.,450.,0.,0.;                                      0000407P0000275
510,411,1,1,419;                                                 0000409P0000276
190,413,415,417;                                                 0000411P0000277
116,5.5,-3.,10.,0;                                               0000413P0000278
123,1.,-9.4E-16,1.1E-16;                                         0000415P0000279
123,-1.1E-16,-1.7E-16,1.;                                        0000417P0000280
508,4,0,17,52,0,0,0,17,50,1,0,0,17,10,1,0,0,17,53,0,0;           0000419P0000281
510,423,1,1,431;                                                 0000421P0000282
190,425,427,429;                                                 0000423P0000283
116,11.5,-3.,10.,0;                                              0000425P0000284
123,1.,-9.4E-16,1.1E-16;                                         0000427P0000285
123,-1.1E-16,-1.7E-16,1.;                                        0000429P0000286
508,4,0,17,54,0,0,0,17,51,1,0,0,17,12,1,0,0,17,55,0,0;           0000431P0000287
510,435,1,1,443;                                                 0000433P0000288
192,437,439,3.,441;                                              0000435P0000289
116,8.5,-3.,13.,0;                                               0000437P0000290
123,1.1E-16,-1.,1.17E-15;                                        0000439P0000291
123,1.44E-15,-1.17E-15,-1.;                                      0000441P0000292
508,4,0,17,56,0,1,0,445,0,17,55,1,1,0,447,0,17,11,1,1,0,449,0,   0000443P0000293
17,53,0,1,0,451;                                                 0000443P0000294
110,270.,0.,0.,90.,0.,0.;                                        0000445P0000295
110,90.,0.,0.,90.,-3.,0.;                                        0000447P0000296
110,90.,-3.,0.,270.,-3.,0.;                                      0000449P0000297
110,270.,-3.,0.,270.,0.,0.;                                      0000451P0000298
510,455,1,1,463;                                                 0000453P0000299
190,457,459,461;                                                 0000455P0000300
116,9.5,1.688E-14,19.,0;                                         0000457P0000301
123,-4.4E-16,1.5E-15,1.;                                         0000459P0000302
123,-1.,7.8E-16,-4.4E-16;                                        0000461P0000303
508,4,0,17,57,1,0,0,17,58,1,0,0,17,59,0,0,0,17,13,0,0;           0000463P0000304
510,467,1,1,475;                                                 0000465P0000305
192,469,471,1.,473;                                              0000467P0000306
116,7.5,1.715E-14,18.,0;                                         0000469P0000307
123,-3.3E-16,-1.,1.72E-15;                                       0000471P0000308
123,-6.7E-16,1.72E-15,1.;                                        0000473P0000309
508,4,0,17,16,1,1,0,477,0,17,59,1,1,0,479,0,17,60,0,1,0,481,0,   0000475P0000310
17,61,0,1,0,483;                                                 0000475P0000311
110,180.,0.,0.,0.,0.,0.;                                         0000477P0000312
110,-2.37142157E-11,-6.57E-15,0.,-2.37142157E-11,-1.,0.;         0000479P0000313
110,0.,-1.,0.,180.,-1.,0.;                                       0000481P0000314
110,180.,-1.,-0.,180.,-6.12E-15,-0.;                             0000483P0000315
510,487,1,1,495;                                                 0000485P0000316
190,489,491,493;                                                 0000487P0000317
116,9.5,1.432E-14,17.,0;                                         0000489P0000318
123,-4.4E-16,1.5E-15,1.;                                         0000491P0000319
123,-1.,7.8E-16,-4.4E-16;                                        0000493P0000320
508,4,0,17,62,1,0,0,17,63,1,0,0,17,61,0,0,0,17,15,0,0;           0000495P0000321
510,499,1,1,507;                                                 0000497P0000322
192,501,503,1.,505;                                              0000499P0000323
116,9.5,1.56E-14,18.,0;                                          0000501P0000324
123,-3.3E-16,-1.,1.72E-15;                                       0000503P0000325
123,-6.7E-16,1.72E-15,1.;                                        0000505P0000326
508,4,0,17,14,1,1,0,509,0,17,62,1,1,0,511,0,17,64,0,1,0,513,0,   0000507P0000327
17,57,0,1,0,515;                                                 0000507P0000328
110,360.,0.,0.,180.,0.,0.;                                       0000509P0000329
110,180.,-5.68E-15,-0.,180.,-1.,-0.;                             0000511P0000330
110,180.,-1.,0.,360.,-1.,0.;                                     0000513P0000331
110,360.,-1.,-0.,360.,-6.12E-15,-0.;                             0000515P0000332
510,519,1,1,527;                                                 0000517P0000333
190,521,523,525;                                                 0000519P0000334
116,2.22E-14,-20.,3.,0;                                          0000521P0000335
123,-1.22E-15,1.,-1.44E-15;                                      0000523P0000336
123,2.22E-15,-1.44E-15,-1.;                                      0000525P0000337
508,6,0,17,65,1,0,0,17,66,0,0,0,17,67,1,0,0,17,37,1,0,0,17,17,0, 0000527P0000338
0,0,17,34,0,0;                                                   0000527P0000339
510,531,1,1,539;                                                 0000529P0000340
190,533,535,537;                                                 0000531P0000341
116,9.5,-17.,5.781E-14,0;                                        0000533P0000342
123,4.4E-16,1.,-1.11E-15;                                        0000535P0000343
123,-1.,4.4E-16,-1.83E-15;                                       0000537P0000344
508,4,0,17,68,1,0,0,17,69,1,0,0,17,70,0,0,0,17,20,0,0;           0000539P0000345
510,543,1,1,551;                                                 0000541P0000346
192,545,547,1.,549;                                              0000543P0000347
116,7.5,-18.,5.548E-14,0;                                        0000545P0000348
123,-1.83E-15,1.33E-15,1.;                                       0000547P0000349
123,2.2E-16,1.,-1.33E-15;                                        0000549P0000350
508,4,0,17,23,1,1,0,553,0,17,70,1,1,0,555,0,17,71,0,1,0,557,0,   0000551P0000351
17,72,0,1,0,559;                                                 0000551P0000352
110,180.,0.,0.,0.,0.,0.;                                         0000553P0000353
110,-2.37142157E-11,1.85E-15,0.,-2.37142157E-11,-1.,0.;          0000555P0000354
110,0.,-1.,0.,180.,-1.,0.;                                       0000557P0000355
110,180.,-1.,0.,180.,2.18E-15,0.;                                0000559P0000356
510,563,1,1,571;                                                 0000561P0000357
190,565,567,569;                                                 0000563P0000358
116,9.5,-19.,6.048E-14,0;                                        0000565P0000359
123,4.4E-16,1.,-1.11E-15;                                        0000567P0000360
123,-1.,4.4E-16,-1.83E-15;                                       0000569P0000361
508,4,0,17,73,1,0,0,17,74,1,0,0,17,72,0,0,0,17,22,0,0;           0000571P0000362
510,575,1,1,583;                                                 0000573P0000363
192,577,579,1.,581;                                              0000575P0000364
116,9.5,-18.,5.915E-14,0;                                        0000577P0000365
123,-1.83E-15,1.33E-15,1.;                                       0000579P0000366
123,2.2E-16,1.,-1.33E-15;                                        0000581P0000367
508,4,0,17,21,1,1,0,585,0,17,73,1,1,0,587,0,17,75,0,1,0,589,0,   0000583P0000368
17,68,0,1,0,591;                                                 0000583P0000369
110,360.,0.,0.,180.,0.,0.;                                       0000585P0000370
110,180.,2.52E-15,0.,180.,-1.,0.;                                0000587P0000371
110,180.,-1.,0.,360.,-1.,0.;                                     0000589P0000372
110,360.,-1.,0.,360.,2.19E-15,0.;                                0000591P0000373
510,595,1,1,603;                                                 0000593P0000374
190,597,599,601;                                                 0000595P0000375
116,7.5,-4.,3.683E-14,0;                                         0000597P0000376
123,-4.4E-16,-1.,1.11E-15;                                       0000599P0000377
123,1.,-4.4E-16,1.83E-15;                                        0000601P0000378
508,4,0,17,76,1,0,0,17,77,1,0,0,17,78,0,0,0,17,24,0,0;           0000603P0000379
510,607,1,1,615;                                                 0000605P0000380
192,609,611,1.,613;                                              0000607P0000381
116,9.5,-3.,3.916E-14,0;                                         0000609P0000382
123,-1.83E-15,1.33E-15,1.;                                       0000611P0000383
123,2.2E-16,1.,-1.33E-15;                                        0000613P0000384
508,4,0,17,27,1,1,0,617,0,17,78,1,1,0,619,0,17,79,0,1,0,621,0,   0000615P0000385
17,80,0,1,0,623;                                                 0000615P0000386
110,360.,0.,0.,180.,0.,0.;                                       0000617P0000387
110,180.,5.E-16,0.,180.,-1.,0.;                                  0000619P0000388
110,180.,-1.,0.,360.,-1.,0.;                                     0000621P0000389
110,360.,-1.,0.,360.,1.7E-16,0.;                                 0000623P0000390
510,627,1,1,635;                                                 0000625P0000391
190,629,631,633;                                                 0000627P0000392
116,7.5,-2.,3.417E-14,0;                                         0000629P0000393
123,-4.4E-16,-1.,1.11E-15;                                       0000631P0000394
123,1.,-4.4E-16,1.83E-15;                                        0000633P0000395
508,4,0,17,81,1,0,0,17,82,1,0,0,17,80,0,0,0,17,26,0,0;           0000635P0000396
510,639,1,1,647;                                                 0000637P0000397
192,641,643,1.,645;                                              0000639P0000398
116,7.5,-3.,3.55E-14,0;                                          0000641P0000399
123,-1.83E-15,1.33E-15,1.;                                       0000643P0000400
123,2.2E-16,1.,-1.33E-15;                                        0000645P0000401
508,4,0,17,25,1,1,0,649,0,17,81,1,1,0,651,0,17,83,0,1,0,653,0,   0000647P0000402
17,76,0,1,0,655;                                                 0000647P0000403
110,180.,0.,0.,0.,0.,0.;                                         0000649P0000404
110,-2.37142157E-11,-1.7E-16,0.,-2.37142157E-11,-1.,0.;          0000651P0000405
110,0.,-1.,0.,180.,-1.,0.;                                       0000653P0000406
110,180.,-1.,0.,180.,1.7E-16,0.;                                 0000655P0000407
510,659,1,1,667;                                                 0000657P0000408
192,661,663,3.,665;                                              0000659P0000409
116,8.5,-10.,3.,0;                                               0000661P0000410
123,-1.33E-15,5.E-16,1.;                                         0000663P0000411
123,4.4E-16,-1.,5.E-16;                                          0000665P0000412
508,4,0,17,84,0,1,0,669,0,17,85,1,1,0,671,0,17,28,1,1,0,673,0,   0000667P0000413
17,86,0,1,0,675;                                                 0000667P0000414
110,270.,0.,0.,90.,0.,0.;                                        0000669P0000415
110,90.,0.,0.,90.,-3.,0.;                                        0000671P0000416
110,90.,-3.,0.,270.,-3.,0.;                                      0000673P0000417
110,270.,-3.,0.,270.,0.,0.;                                      0000675P0000418
510,679,1,1,687;                                                 0000677P0000419
190,681,683,685;                                                 0000679P0000420
116,11.5,-10.,3.,0;                                              0000681P0000421
123,-1.,4.4E-16,-6.7E-16;                                        0000683P0000422
123,-4.4E-16,-1.,1.39E-15;                                       0000685P0000423
508,4,0,17,87,0,0,0,17,85,1,0,0,17,29,1,0,0,17,88,0,0;           0000687P0000424
510,691,1,1,699;                                                 0000689P0000425
190,693,695,697;                                                 0000691P0000426
116,5.5,-10.,3.,0;                                               0000693P0000427
123,-1.,4.4E-16,-6.7E-16;                                        0000695P0000428
123,-4.4E-16,-1.,1.39E-15;                                       0000697P0000429
508,4,0,17,89,0,0,0,17,86,1,0,0,17,31,1,0,0,17,90,0,0;           0000699P0000430
510,703,1,1,711;                                                 0000701P0000431
192,705,707,3.,709;                                              0000703P0000432
116,8.5,-13.,3.,0;                                               0000705P0000433
123,-1.33E-15,5.E-16,1.;                                         0000707P0000434
123,4.4E-16,-1.,5.E-16;                                          0000709P0000435
508,4,0,17,91,0,1,0,713,0,17,90,1,1,0,715,0,17,30,1,1,0,717,0,   0000711P0000436
17,88,0,1,0,719;                                                 0000711P0000437
110,450.,0.,0.,270.,0.,0.;                                       0000713P0000438
110,270.,0.,0.,270.,-3.,0.;                                      0000715P0000439
110,270.,-3.,0.,450.,-3.,0.;                                     0000717P0000440
110,450.,-3.,0.,450.,0.,0.;                                      0000719P0000441
510,723,1,1,731;                                                 0000721P0000442
190,725,727,729;                                                 0000723P0000443
116,-4.008E-14,-3.,20.,0;                                        0000725P0000444
123,5.9E-16,0.707106781,-0.707106781;                            0000727P0000445
123,2.59E-15,-0.707106781,-0.707106781;                          0000729P0000446
508,4,0,17,33,0,0,0,17,40,1,0,0,17,92,1,0,0,17,65,0,0;           0000731P0000447
510,735,1,1,743;                                                 0000733P0000448
190,737,739,741;                                                 0000735P0000449
116,-4.008E-14,-3.,20.,0;                                        0000737P0000450
123,5.9E-16,0.707106781,-0.707106781;                            0000739P0000451
123,2.59E-15,-0.707106781,-0.707106781;                          0000741P0000452
508,4,0,17,93,1,0,0,17,38,1,0,0,17,36,1,0,0,17,67,0,0;           0000743P0000453
510,747,2,1,755,757;                                             0000745P0000454
190,749,751,753;                                                 0000747P0000455
116,8.5,-3.,11.5,0;                                              0000749P0000456
123,-1.01E-15,1.,-1.43E-15;                                      0000751P0000457
123,1.,1.01E-15,-5.6E-16;                                        0000753P0000458
508,4,0,17,94,1,0,0,17,39,1,0,0,17,95,1,0,0,17,96,1,0;           0000755P0000459
508,4,0,17,52,0,0,0,17,49,1,0,0,17,54,1,0,0,17,56,1,0;           0000757P0000460
510,761,1,1,769;                                                 0000759P0000461
190,763,765,767;                                                 0000761P0000462
116,8.5,1.,10.5,0;                                               0000763P0000463
123,-1.1E-16,1.,-1.94E-15;                                       0000765P0000464
123,-6.7E-16,1.94E-15,1.;                                        0000767P0000465
508,4,0,17,48,1,0,0,17,47,1,0,0,17,44,1,0,0,17,42,0,0;           0000769P0000466
510,773,1,1,781;                                                 0000771P0000467
190,775,777,779;                                                 0000773P0000468
116,8.5,1.,10.5,0;                                               0000775P0000469
123,-1.1E-16,1.,-1.94E-15;                                       0000777P0000470
123,-6.7E-16,1.94E-15,1.;                                        0000779P0000471
508,4,0,17,64,1,0,0,17,63,1,0,0,17,60,1,0,0,17,58,0,0;           0000781P0000472
510,785,2,1,793,795;                                             0000783P0000473
190,787,789,791;                                                 0000785P0000474
116,15.,-20.,3.,0;                                               0000787P0000475
123,-1.55E-15,-3.9E-16,1.;                                       0000789P0000476
123,-1.,1.11E-15,-1.55E-15;                                      0000791P0000477
508,4,0,17,97,1,0,0,17,96,1,0,0,17,98,0,0,0,17,66,0,0;           0000793P0000478
508,4,0,17,84,0,0,0,17,87,1,0,0,17,91,0,0,0,17,89,0,0;           0000795P0000479
510,799,1,1,807;                                                 0000797P0000480
190,801,803,805;                                                 0000799P0000481
116,8.5,-10.5,-1.,0;                                             0000801P0000482
123,-2.05E-15,8.9E-16,1.;                                        0000803P0000483
123,1.,-2.2E-16,2.05E-15;                                        0000805P0000484
508,4,0,17,75,0,0,0,17,69,1,0,0,17,71,0,0,0,17,74,0,0;           0000807P0000485
510,811,1,1,819;                                                 0000809P0000486
190,813,815,817;                                                 0000811P0000487
116,8.5,-10.5,-1.,0;                                             0000813P0000488
123,-2.05E-15,8.9E-16,1.;                                        0000815P0000489
123,1.,-2.2E-16,2.05E-15;                                        0000817P0000490
508,4,0,17,83,0,0,0,17,77,1,0,0,17,79,0,0,0,17,82,0,0;           0000819P0000491
510,823,1,1,831;                                                 0000821P0000492
190,825,827,829;                                                 0000823P0000493
116,2.,-20.,3.,0;                                                0000825P0000494
123,1.,-8.3E-16,0.;                                              0000827P0000495
123,-5.063E-31,-6.1E-16,1.;                                      0000829P0000496
508,3,0,17,92,1,0,0,17,98,1,0,0,17,94,1,0;                       0000831P0000497
510,835,1,1,843;                                                 0000833P0000498
190,837,839,841;                                                 0000835P0000499
116,15.,-20.,20.,0;                                              0000837P0000500
123,-1.,8.3E-16,0.;                                              0000839P0000501
123,5.063E-31,6.1E-16,-1.;                                       0000841P0000502
508,3,0,17,93,1,0,0,17,95,1,0,0,17,97,0,0;                       0000843P0000503
S      1G      4D    844P    503                                        T0000001
