                                                                        S0000001
,,31HOpen CASCADE IGES processor 7.9,13HFilename.iges,                  G0000001
16HOpen CASCADE 7.9,31HOpen CASCADE IGES processor 7.9,32,308,15,308,15,G0000002
,1.,2,2HMM,1,0.01,15H20261004.214557,1E-07,4.698089,7Hjiayuxu,,11,0,    G0000003
15H20261004.214557,;                                                    G0000004
     186       1       0       0       0       0       0       000000000D0000001
     186       0       0       1       0                               0D0000002
     514       2       0       0       0       0       0       000010000D0000003
     514       0       0       1       1                               0D0000004
     510       3       0       0       0       0       0       000010000D0000005
     510       0       0       1       1                               0D0000006
     128       4       0       0       0       0       0       000010000D0000007
     128       0       0      20       0                               0D0000008
     508      24       0       0       0       0       0       000010000D0000009
     508       0       0       2       1                               0D0000010
     504      26       0       0       0       0       0       000010001D0000011
     504       0       0       3       1                               0D0000012
     126      29       0       0       0       0       0       000010000D0000013
     126       0       0      15       0                               0D0000014
     502      44       0       0       0       0       0       000010000D0000015
     502       0       0       6       1                               0D0000016
     126      50       0       0       0       0       0       000010000D0000017
     126       0       0      87       0                               0D0000018
     126     137       0       0       0       0       0       000010000D0000019
     126       0       0      15       0                               0D0000020
     126     152       0       0       0       0       0       000010000D0000021
     126       0       0      87       0                               0D0000022
     126     239       0       0       0       0       0       000010000D0000023
     126       0       0      16       0                               0D0000024
     126     255       0       0       0       0       0       000010000D0000025
     126       0       0      88       0                               0D0000026
     126     343       0       0       0       0       0       000010000D0000027
     126       0       0      87       0                               0D0000028
     126     430       0       0       0       0       0       000010000D0000029
     126       0       0      87       0                               0D0000030
     126     517       0       0       0       0       0       000010000D0000031
     126       0       0      87       0                               0D0000032
     126     604       0       0       0       0       0       000010000D0000033
     126       0       0      88       0                               0D0000034
     126     692       0       0       0       0       0       000010000D0000035
     126       0       0      15       0                               0D0000036
     126     707       0       0       0       0       0       000010000D0000037
     126       0       0      94       0                               0D0000038
     110     801       0       0       0       0       0       000010000D0000039
     110       0       0       1       0                               0D0000040
     126     802       0       0       0       0       0       000010000D0000041
     126       0       0      77       0                               0D0000042
     110     879       0       0       0       0       0       000010000D0000043
     110       0       0       1       0                               0D0000044
     126     880       0       0       0       0       0       000010000D0000045
     126       0       0      74       0                               0D0000046
     510     954       0       0       0       0       0       000010000D0000047
     510       0       0       1       1                               0D0000048
     128     955       0       0       0       0       0       000010000D0000049
     128       0       0      20       0                               0D0000050
     508     975       0       0       0       0       0       000010000D0000051
     508       0       0       2       1                               0D0000052
     126     977       0       0       0       0       0       000010000D0000053
     126       0       0       3       0                               0D0000054
     126     980       0       0       0       0       0       000010000D0000055
     126       0       0      77       0                               0D0000056
     126    1057       0       0       0       0       0       000010000D0000057
     126       0       0       3       0                               0D0000058
     126    1060       0       0       0       0       0       000010000D0000059
     126       0       0      75       0                               0D0000060
     510    1135       0       0       0       0       0       000010000D0000061
     510       0       0       1       1                               0D0000062
     190    1136       0       0       0       0       0       000010000D0000063
     190       0       0       1       1                               0D0000064
     116    1137       0       0       0       0       0       000010400D0000065
     116       0       0       1       0                               0D0000066
     123    1138       0       0       0       0       0       000010200D0000067
     123       0       0       1       0                               0D0000068
     123    1139       0       0       0       0       0       000010200D0000069
     123       0       0       1       0                               0D0000070
     508    1140       0       0       0       0       0       000010000D0000071
     508       0       0       1       1                               0D0000072
     510    1141       0       0       0       0       0       000010000D0000073
     510       0       0       1       1                               0D0000074
     128    1142       0       0       0       0       0       000010000D0000075
     128       0       0      19       0                               0D0000076
     508    1161       0       0       0       0       0       000010000D0000077
     508       0       0       2       1                               0D0000078
     126    1163       0       0       0       0       0       000010000D0000079
     126       0       0       3       0                               0D0000080
     126    1166       0       0       0       0       0       000010000D0000081
     126       0       0      78       0                               0D0000082
     110    1244       0       0       0       0       0       000010000D0000083
     110       0       0       1       0                               0D0000084
     126    1245       0       0       0       0       0       000010000D0000085
     126       0       0      76       0                               0D0000086
     510    1321       0       0       0       0       0       000010000D0000087
     510       0       0       1       1                               0D0000088
     190    1322       0       0       0       0       0       000010000D0000089
     190       0       0       1       1                               0D0000090
     116    1323       0       0       0       0       0       000010400D0000091
     116       0       0       1       0                               0D0000092
     123    1324       0       0       0       0       0       000010200D0000093
     123       0       0       1       0                               0D0000094
     123    1325       0       0       0       0       0       000010200D0000095
     123       0       0       1       0                               0D0000096
     508    1326       0       0       0       0       0       000010000D0000097
     508       0       0       1       1                               0D0000098
     510    1327       0       0       0       0       0       000010000D0000099
     510       0       0       1       1                               0D0000100
     128    1328       0       0       0       0       0       000010000D0000101
     128       0       0      20       0                               0D0000102
     508    1348       0       0       0       0       0       000010000D0000103
     508       0       0       2       1                               0D0000104
     126    1350       0       0       0       0       0       000010000D0000105
     126       0       0       3       0                               0D0000106
     126    1353       0       0       0       0       0       000010000D0000107
     126       0       0      77       0                               0D0000108
     110    1430       0       0       0       0       0       000010000D0000109
     110       0       0       1       0                               0D0000110
     126    1431       0       0       0       0       0       000010000D0000111
     126       0       0      75       0                               0D0000112
186,3,1,0;                                                       0000001P0000001
514,6,5,1,47,1,61,1,73,1,87,1,99,1;                              0000003P0000002
510,7,1,1,9;                                                     0000005P0000003
128,1,11,1,11,0,0,1,0,0,0.,0.,2.05,2.05,0.,0.,0.,0.,0.,0.,0.,0., 0000007P0000004
0.,0.,0.,0.,6.39675055,6.39675055,6.39675055,6.39675055,         0000007P0000005
6.39675055,6.39675055,6.39675055,6.39675055,6.39675055,          0000007P0000006
6.39675055,6.39675055,6.39675055,1.,1.,1.,1.,1.,1.,1.,1.,1.,1.,  0000007P0000007
1.,1.,1.,1.,1.,1.,1.,1.,1.,1.,1.,1.,1.,1.,2.55,1.040834086E-15,  0000007P0000008
1.2,4.6,2.828412417E-15,1.2,2.520614645,1.458891662,1.258890927, 0000007P0000009
4.570614645,2.627512831,1.309090909,1.574755664,2.878606681,     0000007P0000010
1.316874109,2.890601995,5.218083019,1.417390277,-0.24921613,     0000007P0000011
3.632414698,1.375045125,-0.404277189,6.619742983,1.524915523,    0000007P0000012
-2.408784345,3.085591418,1.429318235,-4.355883338,5.717114934,   0000007P0000013
1.63153992,-3.92824487,1.205009866,1.489620925,-7.207699183,     0000007P0000014
2.264026258,1.737714718,-3.816633421,-1.371281699,1.539704195,   0000007P0000015
-7.078027486,-2.432162491,1.842469984,-2.199013882,-3.066276322, 0000007P0000016
1.59891626,-4.12146865,-5.663319121,1.947227372,-0.120789898,    0000007P0000017
-3.443975408,1.650643107,-0.280930953,-6.372104855,2.05054196,   0000007P0000018
1.534036409,-2.638685437,1.705265347,2.803270785,-4.925000956,   0000007P0000019
2.153454642,2.333643483,-1.294637276,1.758414692,4.310065954,    0000007P0000020
-2.44370518,2.255470854,2.304737938,2.444249083E-02,1.81128932,  0000007P0000021
4.280710841,1.796030306E-03,2.356741634,0.,2.05,4.581558433E-02, 0000007P0000022
6.314312105;                                                     0000007P0000023
508,4,0,11,1,0,1,0,39,0,11,2,0,1,0,41,0,11,3,1,1,0,43,0,11,4,1,  0000009P0000024
1,0,45;                                                          0000009P0000025
504,12,13,15,1,15,2,17,15,3,15,1,19,15,3,15,4,21,15,4,15,2,23,   0000011P0000026
15,5,15,6,25,15,1,15,5,27,15,2,15,6,29,15,7,15,4,31,15,6,15,7,   0000011P0000027
33,15,8,15,3,35,15,8,15,7,37,15,5,15,8;                          0000011P0000028
126,11,11,0,0,1,0,8.268176969E-02,8.268176969E-02,               0000013P0000029
8.268176969E-02,8.268176969E-02,8.268176969E-02,8.268176969E-02, 0000013P0000030
8.268176969E-02,8.268176969E-02,8.268176969E-02,8.268176969E-02, 0000013P0000031
8.268176969E-02,8.268176969E-02,6.242308954,6.242308954,         0000013P0000032
6.242308954,6.242308954,6.242308954,6.242308954,6.242308954,     0000013P0000033
6.242308954,6.242308954,6.242308954,6.242308954,6.242308954,1.,  0000013P0000034
1.,1.,1.,1.,1.,1.,1.,1.,1.,1.,1.,2.537418865,0.2068441,          0000013P0000035
1.208365204,2.395457495,1.602243689,1.264966842,1.410645654,     0000013P0000036
2.893770893,1.320819109,-0.336553357,3.523592105,1.376495867,    0000013P0000037
-2.338809695,2.972837768,1.429440449,-3.743633651,1.23302541,    0000013P0000038
1.486364761,-3.727435916,-1.119175097,1.536106857,-2.351409034,  0000013P0000039
-2.799327174,1.591743268,-0.447486044,-3.327265868,1.642643931,  0000013P0000040
1.191707979,-2.757309447,1.694826064,2.121126569,-1.587021672,   0000013P0000041
1.746234809,2.2858414,-0.325365061,1.797235768,8.268176969E-02,  0000013P0000042
6.242308954,1.524549065E-03,4.529837514E-02,0.998972338;         0000013P0000043
502,8,2.537418865,0.2068441,1.208365204,2.2858414,-0.325365061,  0000015P0000044
1.797235768,4.593030686,0.20683598,1.208592554,4.270833014,      0000015P0000045
-0.344834438,2.342378321,2.537771211,0.249639527,                0000015P0000046
1.009325246E-02,2.605963617,-0.284110787,0.642116103,            0000015P0000047
4.589972836,-0.303584726,1.187386384,4.593222758,0.249629664,    0000015P0000048
1.036939565E-02;                                                 0000015P0000049
126,100,4,1,0,1,0,0.,0.,0.,0.,0.,2.703709138E-02,                0000017P0000050
2.703709138E-02,2.703709138E-02,5.416364607E-02,5.416364607E-02, 0000017P0000051
5.416364607E-02,8.138463133E-02,8.138463133E-02,8.138463133E-02, 0000017P0000052
0.108705328,0.108705328,0.108705328,0.136131352,0.136131352,     0000017P0000053
0.136131352,0.16366868,0.16366868,0.16366868,0.191323673,        0000017P0000054
0.191323673,0.191323673,0.21910311,0.21910311,0.21910311,        0000017P0000055
0.247014212,0.247014212,0.247014212,0.275064681,0.275064681,     0000017P0000056
0.275064681,0.303262734,0.303262734,0.303262734,0.331617145,     0000017P0000057
0.331617145,0.331617145,0.360137287,0.360137287,0.360137287,     0000017P0000058
0.388833182,0.388833182,0.388833182,0.417715553,0.417715553,     0000017P0000059
0.417715553,0.446795882,0.446795882,0.446795882,0.476086475,     0000017P0000060
0.476086475,0.476086475,0.505600531,0.505600531,0.505600531,     0000017P0000061
0.535352223,0.535352223,0.535352223,0.565356782,0.565356782,     0000017P0000062
0.565356782,0.595630596,0.595630596,0.595630596,0.626191317,     0000017P0000063
0.626191317,0.626191317,0.65705798,0.65705798,0.65705798,        0000017P0000064
0.688251138,0.688251138,0.688251138,0.719793013,0.719793013,     0000017P0000065
0.719793013,0.751707663,0.751707663,0.751707663,0.784021176,     0000017P0000066
0.784021176,0.784021176,0.816761883,0.816761883,0.816761883,     0000017P0000067
0.849960602,0.849960602,0.849960602,0.883650916,0.883650916,     0000017P0000068
0.883650916,0.91786949,0.91786949,0.91786949,0.952656425,        0000017P0000069
0.952656425,0.952656425,1.,1.,1.,1.,1.,1.,1.,1.,1.,1.,1.,1.,1.,  0000017P0000070
1.,1.,1.,1.,1.,1.,1.,1.,1.,1.,1.,1.,1.,1.,1.,1.,1.,1.,1.,1.,1.,  0000017P0000071
1.,1.,1.,1.,1.,1.,1.,1.,1.,1.,1.,1.,1.,1.,1.,1.,1.,1.,1.,1.,1.,  0000017P0000072
1.,1.,1.,1.,1.,1.,1.,1.,1.,1.,1.,1.,1.,1.,1.,1.,1.,1.,1.,1.,1.,  0000017P0000073
1.,1.,1.,1.,1.,1.,1.,1.,1.,1.,1.,1.,1.,1.,1.,1.,1.,1.,1.,1.,1.,  0000017P0000074
1.,1.,1.,1.,1.,1.,1.,1.,1.,4.593030686,0.20683598,1.208592554,   0000017P0000075
4.577607777,0.206836015,1.208591594,4.562200828,0.206836049,     0000017P0000076
1.208590626,4.546810194,0.206836084,1.208589651,4.516011417,     0000017P0000077
0.206836154,1.208587683,4.500603386,0.20683619,1.20858669,       0000017P0000078
4.485212518,0.206836225,1.208585689,4.454412362,0.206836298,     0000017P0000079
1.208583667,4.439003196,0.206836334,1.208582647,4.423612091,     0000017P0000080
0.206836371,1.208581618,4.392810496,0.206836445,1.208579541,     0000017P0000081
4.377400142,0.206836482,1.208578492,4.362008795,0.20683652,      0000017P0000082
1.208577435,4.331205698,0.206836596,1.2085753,4.315794098,       0000017P0000083
0.206836635,1.208574221,4.300402506,0.206836674,1.208573134,     0000017P0000084
4.26959784,0.206836752,1.208570939,4.254184934,0.206836792,      0000017P0000085
1.20856983,4.238793092,0.206836832,1.208568712,4.207986787,      0000017P0000086
0.206836912,1.208566453,4.192572509,0.206836953,1.208565312,     0000017P0000087
4.177180413,0.206836994,1.208564162,4.146372396,0.206837077,     0000017P0000088
1.208561837,4.130956678,0.206837119,1.208560662,4.115564323,     0000017P0000089
0.206837161,1.208559478,4.084754512,0.206837247,1.208557085,     0000017P0000090
4.069337283,0.20683729,1.208555876,4.053944665,0.206837334,      0000017P0000091
1.208554656,4.023132976,0.206837422,1.208552191,4.007714158,     0000017P0000092
0.206837466,1.208550945,3.992321271,0.206837511,1.208549689,     0000017P0000093
3.961507615,0.206837602,1.208547148,3.946087127,0.206837648,     0000017P0000094
1.208545864,3.930693965,0.206837694,1.208544569,3.899878247,     0000017P0000095
0.206837788,1.20854195,3.884456002,0.206837835,1.208540626,      0000017P0000096
3.869062559,0.206837882,1.20853929,3.838244677,0.206837979,      0000017P0000097
1.208536589,3.822820583,0.206838028,1.208535223,3.807426852,     0000017P0000098
0.206838077,1.208533845,3.776606698,0.206838177,1.208531057,     0000017P0000099
3.761180658,0.206838227,1.208529647,3.745786631,0.206838278,     0000017P0000100
1.208528225,3.714964088,0.20683838,1.208525347,3.699535998,      0000017P0000101
0.206838432,1.208523891,3.684141668,0.206838485,1.208522422,     0000017P0000102
3.653316613,0.206838591,1.208519449,3.637886362,0.206838645,     0000017P0000103
1.208517945,3.62249172,0.206838699,1.208516427,3.59166402,       0000017P0000104
0.206838809,1.208513354,3.57623149,0.206838864,1.208511799,      0000017P0000105
3.560836526,0.20683892,1.20851023,3.530006039,0.206839034,       0000017P0000106
1.208507052,3.514571104,0.206839091,1.208505443,3.499175807,     0000017P0000107
0.206839149,1.20850382,3.468342381,0.206839267,1.208500532,      0000017P0000108
3.452904906,0.206839326,1.208498867,3.437509265,0.206839386,     0000017P0000109
1.208497187,3.406672737,0.206839508,1.208493782,3.391232578,     0000017P0000110
0.206839569,1.208492058,3.375836578,0.206839632,1.208490318,     0000017P0000111
3.344996772,0.206839757,1.208486791,3.329553776,0.206839821,     0000017P0000112
1.208485004,3.314157404,0.206839886,1.208483201,3.28331413,      0000017P0000113
0.206840016,1.208479545,3.267868131,0.206840082,1.208477692,     0000017P0000114
3.25247137,0.206840149,1.208475822,3.221624424,0.206840285,      0000017P0000115
1.20847203,3.206175247,0.206840353,1.208470107,3.190778078,      0000017P0000116
0.206840423,1.208468167,3.159927239,0.206840563,1.20846423,      0000017P0000117
3.144474693,0.206840635,1.208462234,3.129077096,0.206840706,     0000017P0000118
1.208460219,3.098222125,0.206840853,1.20845613,3.082766007,      0000017P0000119
0.206840927,1.208454055,3.067367959,0.206841001,1.208451961,     0000017P0000120
3.036508598,0.206841153,1.208447711,3.021048688,0.20684123,      0000017P0000121
1.208445553,3.005650163,0.206841308,1.208443376,2.974786132,     0000017P0000122
0.206841466,1.208438953,2.959322193,0.206841546,1.208436708,     0000017P0000123
2.943923161,0.206841627,1.208434442,2.913054154,0.206841792,     0000017P0000124
1.208429838,2.897585932,0.206841875,1.208427499,2.882186361,     0000017P0000125
0.206841959,1.208425139,2.851312047,0.206842131,1.208420341,     0000017P0000126
2.835839265,0.206842218,1.208417903,2.820439117,0.206842306,     0000017P0000127
1.208415442,2.789559133,0.206842484,1.208410438,2.774081494,     0000017P0000128
0.206842575,1.208407894,2.758680726,0.206842667,1.208405327,     0000017P0000129
2.727794677,0.206842853,1.208400103,2.712311856,0.206842948,     0000017P0000130
1.208397447,2.696910421,0.206843044,1.208394765,2.666017873,     0000017P0000131
0.206843239,1.208389307,2.65052952,0.206843338,1.20838653,       0000017P0000132
2.635127362,0.206843438,1.208383727,2.598969344,0.206843677,     0000017P0000133
1.208377047,2.578287783,0.206843816,1.208373148,2.557770204,     0000017P0000134
0.206843957,1.208369201,2.537418865,0.2068441,1.208365204,0.,1., 0000017P0000135
-2.325630473E-12,0.999362854,3.569153653E-02;                    0000017P0000136
126,11,11,0,0,1,0,4.581558433E-02,4.581558433E-02,               0000019P0000137
4.581558433E-02,4.581558433E-02,4.581558433E-02,4.581558433E-02, 0000019P0000138
4.581558433E-02,4.581558433E-02,4.581558433E-02,4.581558433E-02, 0000019P0000139
4.581558433E-02,4.581558433E-02,6.314312105,6.314312105,         0000019P0000140
6.314312105,6.314312105,6.314312105,6.314312105,6.314312105,     0000019P0000141
6.314312105,6.314312105,6.314312105,6.314312105,6.314312105,1.,  0000019P0000142
1.,1.,1.,1.,1.,1.,1.,1.,1.,1.,1.,4.593030686,0.20683598,         0000019P0000143
1.208592554,4.448502309,2.776470707,1.315440681,2.72271842,      0000019P0000144
5.239409818,1.421529534,-0.501111447,6.514691557,1.526868655,    0000019P0000145
-4.295467558,5.593436657,1.631365445,-7.022527996,2.285028702,   0000019P0000146
1.73537783,-6.982144476,-2.190461897,1.838117221,-4.27095341,    0000019P0000147
-5.392964532,1.940740141,-0.60499969,-6.260967403,2.04209578,    0000019P0000148
2.465368086,-5.046160317,2.142978186,4.105511333,-2.737979024,   0000019P0000149
2.24304291,4.270833014,-0.344834438,2.342378321,4.581558433E-02, 0000019P0000150
6.314312105,1.246037985E-03,4.665590893E-02,0.998910243;         0000019P0000151
126,100,4,1,0,1,0,0.,0.,0.,0.,0.,2.556936084E-02,                0000021P0000152
2.556936084E-02,2.556936084E-02,5.128158642E-02,5.128158642E-02, 0000021P0000153
5.128158642E-02,7.714373285E-02,7.714373285E-02,7.714373285E-02, 0000021P0000154
0.103163273,0.103163273,0.103163273,0.129348127,0.129348127,     0000021P0000155
0.129348127,0.155706695,0.155706695,0.155706695,0.182247894,     0000021P0000156
0.182247894,0.182247894,0.208981198,0.208981198,0.208981198,     0000021P0000157
0.235916679,0.235916679,0.235916679,0.263065057,0.263065057,     0000021P0000158
0.263065057,0.290437752,0.290437752,0.290437752,0.318046939,     0000021P0000159
0.318046939,0.318046939,0.345905616,0.345905616,0.345905616,     0000021P0000160
0.374027668,0.374027668,0.374027668,0.402427951,0.402427951,     0000021P0000161
0.402427951,0.431122371,0.431122371,0.431122371,0.460127983,     0000021P0000162
0.460127983,0.460127983,0.489463096,0.489463096,0.489463096,     0000021P0000163
0.51914739,0.51914739,0.51914739,0.549202045,0.549202045,        0000021P0000164
0.549202045,0.579649893,0.579649893,0.579649893,0.610515575,     0000021P0000165
0.610515575,0.610515575,0.641825731,0.641825731,0.641825731,     0000021P0000166
0.673609206,0.673609206,0.673609206,0.705897283,0.705897283,     0000021P0000167
0.705897283,0.738723947,0.738723947,0.738723947,0.772126187,     0000021P0000168
0.772126187,0.772126187,0.806144337,0.806144337,0.806144337,     0000021P0000169
0.840822463,0.840822463,0.840822463,0.876208811,0.876208811,     0000021P0000170
0.876208811,0.912356313,0.912356313,0.912356313,0.949323178,     0000021P0000171
0.949323178,0.949323178,1.,1.,1.,1.,1.,1.,1.,1.,1.,1.,1.,1.,1.,  0000021P0000172
1.,1.,1.,1.,1.,1.,1.,1.,1.,1.,1.,1.,1.,1.,1.,1.,1.,1.,1.,1.,1.,  0000021P0000173
1.,1.,1.,1.,1.,1.,1.,1.,1.,1.,1.,1.,1.,1.,1.,1.,1.,1.,1.,1.,1.,  0000021P0000174
1.,1.,1.,1.,1.,1.,1.,1.,1.,1.,1.,1.,1.,1.,1.,1.,1.,1.,1.,1.,1.,  0000021P0000175
1.,1.,1.,1.,1.,1.,1.,1.,1.,1.,1.,1.,1.,1.,1.,1.,1.,1.,1.,1.,1.,  0000021P0000176
1.,1.,1.,1.,1.,1.,1.,1.,1.,4.270833014,-0.344834438,2.342378321, 0000021P0000177
4.255936596,-0.344687967,2.338277145,4.241066427,-0.344541759,   0000021P0000178
2.334183306,4.226222923,-0.344395816,2.330096919,4.196507309,    0000021P0000179
-0.344103658,2.321916496,4.181635502,-0.343957446,2.317822545,   0000021P0000180
4.166791519,-0.343811511,2.313736369,4.137073687,-0.343519356,   0000021P0000181
2.305556033,4.122200169,-0.343373139,2.301461965,4.107355688,    0000021P0000182
-0.343227212,2.29737601,4.07763554,-0.342935061,2.289195764,     0000021P0000183
4.062760233,-0.34278884,2.285101572,4.047915235,-0.342642921,    0000021P0000184
2.281015849,4.018192666,-0.342350773,2.272835696,4.003315488,    0000021P0000185
-0.342204547,2.268741376,3.988469952,-0.342058637,2.264655896,   0000021P0000186
3.958744853,-0.341766492,2.25647584,3.943865716,-0.341620262,    0000021P0000187
2.252381384,3.929019621,-0.341474361,2.248296158,3.899291872,    0000021P0000188
-0.341182219,2.240116203,3.884410685,-0.341035984,2.236021604,   0000021P0000189
3.869564007,-0.340890092,2.231936645,3.839833485,-0.340597955,   0000021P0000190
2.223756795,3.824950149,-0.340451714,2.219662046,3.810102864,    0000021P0000191
-0.340305832,2.215577367,3.780369435,-0.340013699,2.207397627,   0000021P0000192
3.765483846,-0.339867452,2.203302721,3.750635927,-0.339721581,   0000021P0000193
2.199218335,3.720899449,-0.339429452,2.191038708,3.706011498,    0000021P0000194
-0.339283199,2.186943637,3.691162915,-0.339137339,2.18285956,    0000021P0000195
3.661423239,-0.338845214,2.174680052,3.646532807,-0.338698955,   0000021P0000196
2.170584806,3.631683531,-0.338553107,2.166501053,3.601940494,    0000021P0000197
-0.338260986,2.158321668,3.587047457,-0.338114721,2.154226239,   0000021P0000198
3.572197454,-0.337968884,2.150142827,3.542450885,-0.337676768,   0000021P0000199
2.141963572,3.527555111,-0.337530496,2.13786795,3.512704345,     0000021P0000200
-0.337384673,2.133784896,3.48295406,-0.337092561,2.125605776,    0000021P0000201
3.468055406,-0.336946282,2.121509951,3.45320384,-0.336800472,    0000021P0000202
2.117427274,3.423449641,-0.336508365,2.109248294,3.408547957,    0000021P0000203
-0.336362078,2.105152256,3.393695549,-0.336216283,2.101069976,   0000021P0000204
3.363937225,-0.335924182,2.092891144,3.349032349,-0.335777886,   0000021P0000205
2.088794881,3.334179054,-0.335632106,2.084713019,3.30441638,     0000021P0000206
-0.33534001,2.07653434,3.289508139,-0.335193706,2.072437841,     0000021P0000207
3.274653909,-0.335047941,2.06835642,3.24488664,-0.334755851,     0000021P0000208
2.060177902,3.22997485,-0.334609539,2.056081154,3.215119632,     0000021P0000209
-0.334463791,2.052000198,3.185347507,-0.334171707,2.043821849,   0000021P0000210
3.17043197,-0.334025385,2.039724838,3.155575707,-0.333879654,    0000021P0000211
2.035644373,3.125798443,-0.333587576,2.0274662,3.110878946,      0000021P0000212
-0.333441245,2.023368913,3.096021576,-0.333295532,2.019288966,   0000021P0000213
3.066238869,-0.333003461,2.011110979,3.051315185,-0.332857119,   0000021P0000214
2.007013399,3.03645664,-0.332711426,2.002934001,3.00666816,      0000021P0000215
-0.332419362,1.994756208,2.991740044,-0.332273009,1.990658321,   0000021P0000216
2.976880249,-0.332127337,1.986579502,2.947085641,-0.33183528,    0000021P0000217
1.978401914,2.93215283,-0.331688916,1.974303702,2.917291703,     0000021P0000218
-0.331543266,1.970225497,2.887490581,-0.331251217,1.962048124,   0000021P0000219
2.872552789,-0.33110484,1.95794957,2.857690242,-0.330959213,     0000021P0000220
1.953872015,2.827882187,-0.330667172,1.945694868,2.812939108,    0000021P0000221
-0.330520782,1.941595953,2.798075041,-0.330375179,1.937519087,   0000021P0000222
2.768259597,-0.330083147,1.929342178,2.7533109,-0.329936744,     0000021P0000223
1.925242881,2.738445205,-0.329791167,1.921166748,2.708621877,    0000021P0000224
-0.329499144,1.912990089,2.693667201,-0.329352726,1.90889039,    0000021P0000225
2.678799758,-0.329207178,1.904815033,2.648968004,-0.328915164,   0000021P0000226
1.89663864,2.634006959,-0.328768731,1.892538516,2.619137637,     0000021P0000227
-0.328623212,1.888463985,2.589296863,-0.328331208,1.880287872,   0000021P0000228
2.574329028,-0.328184758,1.876187298,2.559457677,-0.328039271,   0000021P0000229
1.872113647,2.529607236,-0.327747277,1.86393783,2.514632149,     0000021P0000230
-0.327600811,1.859836781,2.499758605,-0.327455357,1.855764066,   0000021P0000231
2.469897784,-0.327163375,1.847588563,2.454914943,-0.327016891,   0000021P0000232
1.843487013,2.440039023,-0.326871473,1.839415296,2.410167038,    0000021P0000233
-0.326579502,1.831240126,2.395175894,-0.326432999,1.827138046,   0000021P0000234
2.380297393,-0.326287619,1.823067394,2.345290159,-0.325945609,   0000021P0000235
1.813491113,2.325260738,-0.325749969,1.808013192,2.30544436,     0000021P0000236
-0.325556452,1.802594709,2.2858414,-0.325365061,1.797235768,0.,  0000021P0000237
1.,-3.848534478E-11,0.999362854,3.569153065E-02;                 0000021P0000238
126,11,11,0,0,1,0,9.967613275E-02,9.967613275E-02,               0000023P0000239
9.967613275E-02,9.967613275E-02,9.967613275E-02,9.967613275E-02, 0000023P0000240
9.967613275E-02,9.967613275E-02,9.967613275E-02,9.967613275E-02, 0000023P0000241
9.967613275E-02,9.967613275E-02,6.277565151,6.277565151,         0000023P0000242
6.277565151,6.277565151,6.277565151,6.277565151,6.277565151,     0000023P0000243
6.277565151,6.277565151,6.277565151,6.277565151,6.277565151,1.,  0000023P0000244
1.,1.,1.,1.,1.,1.,1.,1.,1.,1.,1.,2.537771211,0.249639527,        0000023P0000245
1.009325246E-02,2.400072625,1.651644783,6.696114621E-02,         0000023P0000246
1.411614362,2.96931807,0.123825714,-0.371715384,3.636302789,     0000023P0000247
0.181195409,-2.457901204,3.09954665,0.236714869,-3.974291646,    0000023P0000248
1.298048835,0.296679439,-4.013081918,-1.222426871,0.350519809,   0000023P0000249
-2.539320497,-3.083949068,0.410729959,-0.438406892,-3.683722111, 0000023P0000250
0.467026662,1.395138731,-3.048939994,0.525348425,2.436410506,    0000023P0000251
-1.722134233,0.583570166,2.605963617,-0.284110787,0.642116103,   0000023P0000252
9.967613275E-02,6.277565151,-6.956787803E-04,4.555144186E-02,    0000023P0000253
0.998961752;                                                     0000023P0000254
126,100,4,1,0,1,0,0.,0.,0.,0.,0.,2.999952995E-02,                0000025P0000255
2.999952995E-02,2.999952995E-02,5.999772659E-02,5.999772659E-02, 0000025P0000256
5.999772659E-02,8.999472074E-02,8.999472074E-02,8.999472074E-02, 0000025P0000257
0.119990643,0.119990643,0.119990643,0.149985625,0.149985625,     0000025P0000258
0.149985625,0.179979796,0.179979796,0.179979796,0.209973288,     0000025P0000259
0.209973288,0.209973288,0.239966231,0.239966231,0.239966231,     0000025P0000260
0.269958756,0.269958756,0.269958756,0.299950994,0.299950994,     0000025P0000261
0.299950994,0.329943074,0.329943074,0.329943074,0.359935127,     0000025P0000262
0.359935127,0.359935127,0.389927284,0.389927284,0.389927284,     0000025P0000263
0.419919676,0.419919676,0.419919676,0.449912431,0.449912431,     0000025P0000264
0.449912431,0.479905681,0.479905681,0.479905681,0.509899555,     0000025P0000265
0.509899555,0.509899555,0.539894184,0.539894184,0.539894184,     0000025P0000266
0.569889697,0.569889697,0.569889697,0.599886224,0.599886224,     0000025P0000267
0.599886224,0.629883895,0.629883895,0.629883895,0.65988284,      0000025P0000268
0.65988284,0.65988284,0.689883187,0.689883187,0.689883187,       0000025P0000269
0.719885067,0.719885067,0.719885067,0.749888608,0.749888608,     0000025P0000270
0.749888608,0.77989394,0.77989394,0.77989394,0.809901192,        0000025P0000271
0.809901192,0.809901192,0.839910492,0.839910492,0.839910492,     0000025P0000272
0.86992197,0.86992197,0.86992197,0.899935753,0.899935753,        0000025P0000273
0.899935753,0.929951971,0.929951971,0.929951971,0.959970752,     0000025P0000274
0.959970752,0.959970752,1.,1.,1.,1.,1.,1.,1.,1.,1.,1.,1.,1.,1.,  0000025P0000275
1.,1.,1.,1.,1.,1.,1.,1.,1.,1.,1.,1.,1.,1.,1.,1.,1.,1.,1.,1.,1.,  0000025P0000276
1.,1.,1.,1.,1.,1.,1.,1.,1.,1.,1.,1.,1.,1.,1.,1.,1.,1.,1.,1.,1.,  0000025P0000277
1.,1.,1.,1.,1.,1.,1.,1.,1.,1.,1.,1.,1.,1.,1.,1.,1.,1.,1.,1.,1.,  0000025P0000278
1.,1.,1.,1.,1.,1.,1.,1.,1.,1.,1.,1.,1.,1.,1.,1.,1.,1.,1.,1.,1.,  0000025P0000279
1.,1.,1.,1.,1.,1.,1.,1.,1.,2.537418865,0.2068441,1.208365204,    0000025P0000280
2.537417705,0.207165058,1.199378387,2.537416622,0.207486021,     0000025P0000281
1.190391425,2.537415615,0.207806989,1.181404322,2.537413752,     0000025P0000282
0.20844892,1.163430249,2.537412897,0.208769883,1.154443279,      0000025P0000283
2.537412118,0.209090851,1.145456183,2.537410713,0.209732782,     0000025P0000284
1.127482109,2.537410086,0.210053745,1.118495132,2.537409536,     0000025P0000285
0.210374713,1.109508041,2.537408587,0.211016644,1.091533967,     0000025P0000286
2.537408189,0.211337608,1.082546982,2.537407867,0.211658575,     0000025P0000287
1.073559898,2.537407375,0.212300506,1.055585822,2.537407205,     0000025P0000288
0.21262147,1.046598831,2.537407112,0.212942437,1.037611752,      0000025P0000289
2.537407076,0.213584369,1.019637675,2.537407135,0.213905333,     0000025P0000290
1.010650677,2.537407269,0.2142263,1.001663604,2.537407691,       0000025P0000291
0.214868231,0.983689525,2.537407978,0.215189196,0.97470252,      0000025P0000292
2.537408341,0.215510162,0.965715453,2.537409218,0.216152094,     0000025P0000293
0.947741374,2.537409734,0.216473059,0.938754361,2.537410325,     0000025P0000294
0.216794025,0.9297673,2.537411659,0.217435956,0.91179322,        0000025P0000295
2.537412402,0.217756921,0.9028062,2.537413222,0.218077888,       0000025P0000296
0.893819145,2.537415013,0.218719819,0.875845063,2.537415984,     0000025P0000297
0.219040784,0.866858036,2.537417032,0.21936175,0.857870987,      0000025P0000298
2.537419279,0.220003682,0.839896904,2.537420479,0.220324647,     0000025P0000299
0.83090987,2.537421755,0.220645613,0.821922827,2.537424458,      0000025P0000300
0.221287545,0.803948743,2.537425886,0.221608511,0.794961702,     0000025P0000301
2.53742739,0.221929476,0.785974664,2.53743055,0.222571408,       0000025P0000302
0.768000579,2.537432206,0.222892374,0.759013531,2.537433938,     0000025P0000303
0.223213339,0.750026499,2.537437554,0.223855271,0.732052413,     0000025P0000304
2.537439438,0.224176237,0.723065357,2.537441399,0.224497202,     0000025P0000305
0.714078332,2.537445471,0.225139134,0.696104244,2.537447583,     0000025P0000306
0.225460101,0.687117181,2.537449771,0.225781066,0.678130161,     0000025P0000307
2.5374543,0.226422997,0.660156072,2.53745664,0.226743964,        0000025P0000308
0.651169002,2.537459056,0.227064929,0.642181988,2.537464041,     0000025P0000309
0.227706861,0.624207898,2.537466609,0.228027828,0.615220821,     0000025P0000310
2.537469253,0.228348792,0.606233813,2.537474693,0.228990724,     0000025P0000311
0.588259721,2.53747749,0.229311692,0.579272637,2.537480362,      0000025P0000312
0.229632656,0.570285635,2.537486258,0.230274588,0.552311541,     0000025P0000313
2.537489282,0.230595555,0.54332445,2.537492382,0.23091652,       0000025P0000314
0.534337454,2.537498734,0.231558451,0.516363359,2.537501986,     0000025P0000315
0.231879419,0.507376261,2.537505314,0.232200383,0.49838927,      0000025P0000316
2.537512122,0.232842315,0.480415174,2.537515602,0.233163283,     0000025P0000317
0.471428069,2.537519158,0.233484247,0.462441084,2.537526421,     0000025P0000318
0.234126179,0.444466987,2.537530129,0.234447147,0.435479874,     0000025P0000319
2.537533913,0.234768111,0.426492895,2.537541632,0.235410043,     0000025P0000320
0.408518796,2.537545567,0.235731012,0.399531676,2.537549578,     0000025P0000321
0.236051975,0.390544703,2.537557753,0.236693907,0.372570603,     0000025P0000322
2.537561916,0.237014876,0.363583476,2.537566155,0.237335839,     0000025P0000323
0.354596508,2.537574785,0.237977771,0.336622406,2.537579176,     0000025P0000324
0.23829874,0.327635272,2.537583643,0.238619703,0.318648311,      0000025P0000325
2.537592729,0.239261635,0.300674207,2.537597347,0.239582605,     0000025P0000326
0.291687066,2.537602042,0.239903567,0.28270011,2.537611582,      0000025P0000327
0.2405455,0.264726005,2.537616429,0.240866469,0.255738857,       0000025P0000328
2.537621351,0.241187432,0.246751907,2.537631346,0.241829364,     0000025P0000329
0.2287778,2.53763642,0.242150334,0.219790645,2.53764157,         0000025P0000330
0.242471296,0.2108037,2.537652021,0.243113229,0.192829593,       0000025P0000331
2.537657322,0.243434199,0.18384243,2.537662699,0.243755161,      0000025P0000332
0.174855491,2.537673605,0.244397094,0.156881382,2.537679134,     0000025P0000333
0.244718064,0.147894212,2.537684739,0.245039026,0.138907278,     0000025P0000334
2.5376961,0.245680958,0.120933168,2.537701856,0.246001929,       0000025P0000335
0.111945991,2.537707688,0.246322891,0.102959063,2.537719504,     0000025P0000336
0.246964823,8.498495074E-02,2.537725487,0.247285794,             0000025P0000337
7.599776657E-02,2.537731547,0.247606756,6.70108443E-02,          0000025P0000338
2.537745863,0.248355688,4.604072531E-02,2.537754178,0.248783652, 0000025P0000339
3.405773732E-02,2.537762628,0.249211599,2.207524137E-02,         0000025P0000340
2.537771211,0.249639527,1.009325246E-02,0.,1.,3.597524982E-10,   0000025P0000341
0.999362854,3.569153051E-02;                                     0000025P0000342
126,100,4,1,0,1,0,0.,0.,0.,0.,0.,3.113352234E-02,                0000027P0000343
3.113352234E-02,3.113352234E-02,6.218795417E-02,6.218795417E-02, 0000027P0000344
6.218795417E-02,9.316424938E-02,9.316424938E-02,9.316424938E-02, 0000027P0000345
0.124063348,0.124063348,0.124063348,0.154886177,0.154886177,     0000027P0000346
0.154886177,0.18563365,0.18563365,0.18563365,0.216306667,        0000027P0000347
0.216306667,0.216306667,0.246906116,0.246906116,0.246906116,     0000027P0000348
0.277432871,0.277432871,0.277432871,0.307887796,0.307887796,     0000027P0000349
0.307887796,0.338271741,0.338271741,0.338271741,0.368585544,     0000027P0000350
0.368585544,0.368585544,0.398830032,0.398830032,0.398830032,     0000027P0000351
0.42900602,0.42900602,0.42900602,0.459114312,0.459114312,        0000027P0000352
0.459114312,0.489155701,0.489155701,0.489155701,0.519130968,     0000027P0000353
0.519130968,0.519130968,0.549040884,0.549040884,0.549040884,     0000027P0000354
0.578886209,0.578886209,0.578886209,0.608667692,0.608667692,     0000027P0000355
0.608667692,0.638386073,0.638386073,0.638386073,0.668042082,     0000027P0000356
0.668042082,0.668042082,0.697636436,0.697636436,0.697636436,     0000027P0000357
0.727169847,0.727169847,0.727169847,0.756643013,0.756643013,     0000027P0000358
0.756643013,0.786056624,0.786056624,0.786056624,0.815411363,     0000027P0000359
0.815411363,0.815411363,0.8447079,0.8447079,0.8447079,           0000027P0000360
0.873946898,0.873946898,0.873946898,0.903129012,0.903129012,     0000027P0000361
0.903129012,0.932254885,0.932254885,0.932254885,0.961325155,     0000027P0000362
0.961325155,0.961325155,1.,1.,1.,1.,1.,1.,1.,1.,1.,1.,1.,1.,1.,  0000027P0000363
1.,1.,1.,1.,1.,1.,1.,1.,1.,1.,1.,1.,1.,1.,1.,1.,1.,1.,1.,1.,1.,  0000027P0000364
1.,1.,1.,1.,1.,1.,1.,1.,1.,1.,1.,1.,1.,1.,1.,1.,1.,1.,1.,1.,1.,  0000027P0000365
1.,1.,1.,1.,1.,1.,1.,1.,1.,1.,1.,1.,1.,1.,1.,1.,1.,1.,1.,1.,1.,  0000027P0000366
1.,1.,1.,1.,1.,1.,1.,1.,1.,1.,1.,1.,1.,1.,1.,1.,1.,1.,1.,1.,1.,  0000027P0000367
1.,1.,1.,1.,1.,1.,1.,1.,1.,2.2858414,-0.325365061,1.797235768,   0000027P0000368
2.28823591,-0.32505604,1.788583192,2.290632544,-0.324746756,     0000027P0000369
1.779923225,2.293031295,-0.324437208,1.771255882,2.297826926,    0000027P0000370
-0.323818373,1.753928517,2.300223794,-0.323509088,1.745268532,   0000027P0000371
2.30262276,-0.323199542,1.736601242,2.307418837,-0.322580709,    0000027P0000372
1.719273913,2.309815938,-0.322271423,1.71061391,2.312215116,     0000027P0000373
-0.321961879,1.701946672,2.317011633,-0.321343047,1.684619379,   0000027P0000374
2.319408963,-0.321033761,1.675959358,2.32180835,-0.320724218,    0000027P0000375
1.667292172,2.326605304,-0.320105388,1.649964914,2.32900286,     0000027P0000376
-0.319796101,1.641304876,2.331402454,-0.31948656,1.632637741,    0000027P0000377
2.336199839,-0.318867731,1.615310517,2.338597618,-0.318558443,   0000027P0000378
1.606650462,2.340997417,-0.318248904,1.597983377,2.345795227,    0000027P0000379
-0.317630076,1.580656187,2.348193228,-0.317320788,1.571996115,   0000027P0000380
2.350593229,-0.317011251,1.563329081,2.355391459,-0.316392424,   0000027P0000381
1.546001924,2.357789679,-0.316083135,1.537341835,2.36018988,     0000027P0000382
-0.3157736,1.52867485,2.364988526,-0.315154774,1.511347726,      0000027P0000383
2.367386962,-0.314845484,1.50268762,2.36978736,-0.314535951,     0000027P0000384
1.494020684,2.374586416,-0.313917126,1.476693593,2.376985066,    0000027P0000385
-0.313607836,1.468033471,2.379385659,-0.313298304,1.459366583,   0000027P0000386
2.384185122,-0.312679481,1.442039524,2.386583983,-0.31237019,    0000027P0000387
1.433379385,2.388984768,-0.31206066,1.424712544,2.393784632,     0000027P0000388
-0.311441838,1.407385518,2.396183702,-0.311132546,1.398725362,   0000027P0000389
2.398584678,-0.310823018,1.390058569,2.403384939,-0.310204197,   0000027P0000390
1.372731573,2.405784215,-0.309894905,1.364071401,2.408185379,    0000027P0000391
-0.309585378,1.355404655,2.412986032,-0.308966558,1.338077691,   0000027P0000392
2.415385512,-0.308657266,1.329417502,2.417786863,-0.308347741,   0000027P0000393
1.320750802,2.422587903,-0.307728922,1.303423868,2.424987585,    0000027P0000394
-0.307419629,1.294763664,2.42738912,-0.307110105,1.28609701,     0000027P0000395
2.432190543,-0.306491287,1.268770106,2.434590425,-0.306181994,   0000027P0000396
1.260109886,2.436992141,-0.305872472,1.251443276,2.441793943,    0000027P0000397
-0.305253655,1.234116403,2.444194022,-0.304944361,1.225456166,   0000027P0000398
2.446595918,-0.304634841,1.216789602,2.451398095,-0.304016025,   0000027P0000399
1.199462758,2.453798368,-0.30370673,1.190802505,2.456200442,     0000027P0000400
-0.303397212,1.182135985,2.461002989,-0.302778397,1.16480917,    0000027P0000401
2.463403455,-0.302469101,1.156148902,2.465805704,-0.302159584,   0000027P0000402
1.147482426,2.470608618,-0.301540771,1.130155639,2.473009274,    0000027P0000403
-0.301231475,1.121495356,2.475411697,-0.300921959,1.112828923,   0000027P0000404
2.480214972,-0.300303147,1.095502164,2.482615817,-0.29999385,    0000027P0000405
1.086841866,2.485018412,-0.299684336,1.078175475,2.489822045,    0000027P0000406
-0.299065524,1.060848745,2.492223077,-0.298756227,1.052188431,   0000027P0000407
2.494625841,-0.298446715,1.043522083,2.499429828,-0.297827904,   0000027P0000408
1.026195381,2.501831044,-0.297518607,1.017535051,2.504233976,    0000027P0000409
-0.297209096,1.008868745,2.509038313,-0.296590286,0.99154207,    0000027P0000410
2.511439711,-0.296280988,0.982881726,2.513842809,-0.295971479,   0000027P0000411
0.974215461,2.518647492,-0.29535267,0.956888813,2.52104907,      0000027P0000412
-0.295043371,0.948228453,2.523452332,-0.294733863,0.93956223,    0000027P0000413
2.528257358,-0.294115055,0.922235608,2.530659114,-0.293805756,   0000027P0000414
0.913575234,2.533062538,-0.29349625,0.904909051,2.537867902,     0000027P0000415
-0.292877443,0.887582456,2.540269834,-0.292568143,0.878922067,   0000027P0000416
2.542673419,-0.292258638,0.870255924,2.547479118,-0.291639832,   0000027P0000417
0.852929354,2.549881224,-0.291330532,0.844268951,2.552284968,    0000027P0000418
-0.291021028,0.835602848,2.557090997,-0.290402223,0.818276304,   0000027P0000419
2.559493276,-0.290092922,0.809615886,2.561897177,-0.28978342,    0000027P0000420
0.800949822,2.566703534,-0.289164616,0.783623304,2.569105983,    0000027P0000421
-0.288855315,0.774962871,2.571510039,-0.288545814,0.766296846,   0000027P0000422
2.576316719,-0.28792701,0.748970353,2.578719337,-0.287617709,    0000027P0000423
0.740309906,2.581123547,-0.287308209,0.73164392,2.585930548,     0000027P0000424
-0.286689407,0.714317451,2.588333332,-0.286380105,0.70565699,    0000027P0000425
2.590737694,-0.286070606,0.696991042,2.596344461,-0.285348899,   0000027P0000426
0.676783234,2.599548078,-0.284936539,0.665237161,2.602754467,    0000027P0000427
-0.284523835,0.653681438,2.605963617,-0.284110787,0.642116103,   0000027P0000428
0.,1.,1.120416311E-09,0.999362854,3.569153082E-02;               0000027P0000429
126,100,4,1,0,1,0,0.,0.,0.,0.,0.,2.986075363E-02,                0000029P0000430
2.986075363E-02,2.986075363E-02,5.972942507E-02,5.972942507E-02, 0000029P0000431
5.972942507E-02,8.960607665E-02,8.960607665E-02,8.960607665E-02, 0000029P0000432
0.119490771,0.119490771,0.119490771,0.149383572,0.149383572,     0000029P0000433
0.149383572,0.179284543,0.179284543,0.179284543,0.209193749,     0000029P0000434
0.209193749,0.209193749,0.239111255,0.239111255,0.239111255,     0000029P0000435
0.269037126,0.269037126,0.269037126,0.298971429,0.298971429,     0000029P0000436
0.298971429,0.32891423,0.32891423,0.32891423,0.358865596,        0000029P0000437
0.358865596,0.358865596,0.388825596,0.388825596,0.388825596,     0000029P0000438
0.418794298,0.418794298,0.418794298,0.44877177,0.44877177,       0000029P0000439
0.44877177,0.478758083,0.478758083,0.478758083,0.508753307,      0000029P0000440
0.508753307,0.508753307,0.538757512,0.538757512,0.538757512,     0000029P0000441
0.568770769,0.568770769,0.568770769,0.598793152,0.598793152,     0000029P0000442
0.598793152,0.628824733,0.628824733,0.628824733,0.658865584,     0000029P0000443
0.658865584,0.658865584,0.688915781,0.688915781,0.688915781,     0000029P0000444
0.718975396,0.718975396,0.718975396,0.749044507,0.749044507,     0000029P0000445
0.749044507,0.779123188,0.779123188,0.779123188,0.809211516,     0000029P0000446
0.809211516,0.809211516,0.839309568,0.839309568,0.839309568,     0000029P0000447
0.869417422,0.869417422,0.869417422,0.899535157,0.899535157,     0000029P0000448
0.899535157,0.929662852,0.929662852,0.929662852,0.959800586,     0000029P0000449
0.959800586,0.959800586,1.,1.,1.,1.,1.,1.,1.,1.,1.,1.,1.,1.,1.,  0000029P0000450
1.,1.,1.,1.,1.,1.,1.,1.,1.,1.,1.,1.,1.,1.,1.,1.,1.,1.,1.,1.,1.,  0000029P0000451
1.,1.,1.,1.,1.,1.,1.,1.,1.,1.,1.,1.,1.,1.,1.,1.,1.,1.,1.,1.,1.,  0000029P0000452
1.,1.,1.,1.,1.,1.,1.,1.,1.,1.,1.,1.,1.,1.,1.,1.,1.,1.,1.,1.,1.,  0000029P0000453
1.,1.,1.,1.,1.,1.,1.,1.,1.,1.,1.,1.,1.,1.,1.,1.,1.,1.,1.,1.,1.,  0000029P0000454
1.,1.,1.,1.,1.,1.,1.,1.,1.,4.589972836,-0.303584726,1.187386384, 0000029P0000455
4.587576793,-0.303894137,1.196049909,4.585181001,-0.304203522,   0000029P0000456
1.204712674,4.58278546,-0.304512879,1.213374677,4.577994249,     0000029P0000457
-0.305131621,1.230699453,4.575598578,-0.305441006,1.239362224,   0000029P0000458
4.573203161,-0.305750363,1.248024228,4.568412196,-0.306369105,   0000029P0000459
1.26534901,4.566016648,-0.30667849,1.274011788,4.563621355,      0000029P0000460
-0.306987848,1.282673792,4.558830637,-0.30760659,1.29999858,     0000029P0000461
4.556435211,-0.307915975,1.308661364,4.554040043,-0.308225332,   0000029P0000462
1.317323369,4.549249574,-0.308844075,1.334648164,4.546854273,    0000029P0000463
-0.30915346,1.343310954,4.54445923,-0.309462818,1.351972959,     0000029P0000464
4.539669011,-0.310081561,1.36929776,4.537273835,-0.310390946,    0000029P0000465
1.377960557,4.534878919,-0.310700304,1.386622562,4.530088952,    0000029P0000466
-0.311319047,1.40394737,4.527693901,-0.311628433,1.412610173,    0000029P0000467
4.525299112,-0.31193779,1.421272179,4.520509398,-0.312556533,    0000029P0000468
1.438596994,4.518114473,-0.312865919,1.447259803,4.515719813,    0000029P0000469
-0.313175277,1.455921809,4.510930354,-0.31379402,1.473246631,    0000029P0000470
4.508535556,-0.314103407,1.481909446,4.506141025,-0.314412764,   0000029P0000471
1.490571452,4.501351823,-0.315031508,1.507896281,4.498957153,    0000029P0000472
-0.315340894,1.516559103,4.496562751,-0.315650252,1.52522111,    0000029P0000473
4.491773808,-0.316268996,1.542545945,4.489379266,-0.316578383,   0000029P0000474
1.551208774,4.486984995,-0.31688774,1.559870781,4.482196311,     0000029P0000475
-0.317506484,1.577195623,4.479801899,-0.317815871,1.585858459,   0000029P0000476
4.477407759,-0.318125229,1.594520466,4.472619337,-0.318743973,   0000029P0000477
1.611845316,4.470225055,-0.319053361,1.620508157,4.467831047,    0000029P0000478
-0.319362718,1.629170165,4.463042889,-0.319981463,1.646495022,   0000029P0000479
4.460648738,-0.32029085,1.65515787,4.458254863,-0.320600208,     0000029P0000480
1.663819878,4.453466969,-0.321218953,1.681144742,4.45107295,     0000029P0000481
-0.321528341,1.689807597,4.44867921,-0.321837698,1.698469606,    0000029P0000482
4.443891582,-0.322456443,1.715794477,4.441497696,-0.322765831,   0000029P0000483
1.724457339,4.43910409,-0.323075189,1.733119347,4.434316731,     0000029P0000484
-0.323693934,1.750444226,4.431922978,-0.324003323,1.759107095,   0000029P0000485
4.429529508,-0.32431268,1.767769104,4.424742419,-0.324931426,    0000029P0000486
1.785093989,4.422348801,-0.325240814,1.793756865,4.419955467,    0000029P0000487
-0.325550172,1.802418874,4.41516865,-0.326168918,1.819743767,    0000029P0000488
4.412775167,-0.326478307,1.82840665,4.41038197,-0.326787664,     0000029P0000489
1.83706866,4.405595427,-0.327406411,1.85439356,4.403202079,      0000029P0000490
-0.3277158,1.86305645,4.400809022,-0.328025157,1.87171846,       0000029P0000491
4.396022753,-0.328643904,1.889043368,4.393629543,-0.328953293,   0000029P0000492
1.897706265,4.391236624,-0.329262651,1.906368275,4.386450633,    0000029P0000493
-0.329881397,1.923693191,4.384057561,-0.330190787,1.932356095,   0000029P0000494
4.381664782,-0.330500144,1.941018106,4.376879069,-0.331118892,   0000029P0000495
1.958343028,4.374486136,-0.331428281,1.96700594,4.372093498,     0000029P0000496
-0.331737639,1.975667951,4.367308066,-0.332356386,1.992992881,   0000029P0000497
4.364915272,-0.332665776,2.0016558,4.362522776,-0.332975134,     0000029P0000498
2.010317812,4.357737627,-0.333593882,2.02764275,4.355344973,     0000029P0000499
-0.333903272,2.036305676,4.35295262,-0.33421263,2.044967688,     0000029P0000500
4.348167755,-0.334831378,2.062292634,4.345775243,-0.335140768,   0000029P0000501
2.070955567,4.343383034,-0.335450126,2.079617579,4.338598455,    0000029P0000502
-0.336068874,2.096942533,4.336206085,-0.336378265,2.105605474,   0000029P0000503
4.333814021,-0.336687622,2.114267487,4.329029729,-0.337306371,   0000029P0000504
2.131592448,4.326637503,-0.337615762,2.140255397,4.324245584,    0000029P0000505
-0.33792512,2.14891741,4.319461583,-0.338543868,2.166242379,     0000029P0000506
4.317069501,-0.33885326,2.174905335,4.314677728,-0.339162617,    0000029P0000507
2.183567349,4.309894019,-0.339781367,2.200892326,4.307502082,    0000029P0000508
-0.340090758,2.20955529,4.305110457,-0.340400116,2.218217303,    0000029P0000509
4.300327041,-0.341018865,2.235542289,4.297935251,-0.341328257,   0000029P0000510
2.24420526,4.295543774,-0.341637615,2.252867275,4.290760654,     0000029P0000511
-0.342256365,2.270192268,4.288369011,-0.342565757,2.278855247,   0000029P0000512
4.285977683,-0.342875114,2.287517262,4.280397409,-0.34359703,    0000029P0000513
2.307730903,4.27720871,-0.344009561,2.319281775,4.274020577,     0000029P0000514
-0.344422031,2.330830917,4.270833014,-0.344834438,2.342378321,   0000029P0000515
0.,1.,-1.818101357E-09,0.999362854,3.569153002E-02;              0000029P0000516
126,100,4,1,0,1,0,0.,0.,0.,0.,0.,3.548623335E-02,                0000031P0000517
3.548623335E-02,3.548623335E-02,7.038636688E-02,7.038636688E-02, 0000031P0000518
7.038636688E-02,0.104739271,0.104739271,0.104739271,0.138580571, 0000031P0000519
0.138580571,0.138580571,0.171942984,0.171942984,0.171942984,     0000031P0000520
0.204856609,0.204856609,0.204856609,0.237349183,0.237349183,     0000031P0000521
0.237349183,0.269446315,0.269446315,0.269446315,0.301171681,     0000031P0000522
0.301171681,0.301171681,0.332547207,0.332547207,0.332547207,     0000031P0000523
0.363593227,0.363593227,0.363593227,0.394328625,0.394328625,     0000031P0000524
0.394328625,0.424770962,0.424770962,0.424770962,0.454936591,     0000031P0000525
0.454936591,0.454936591,0.484840757,0.484840757,0.484840757,     0000031P0000526
0.514497689,0.514497689,0.514497689,0.543920686,0.543920686,     0000031P0000527
0.543920686,0.573122185,0.573122185,0.573122185,0.602113836,     0000031P0000528
0.602113836,0.602113836,0.630906557,0.630906557,0.630906557,     0000031P0000529
0.659510592,0.659510592,0.659510592,0.687935564,0.687935564,     0000031P0000530
0.687935564,0.716190515,0.716190515,0.716190515,0.744283952,     0000031P0000531
0.744283952,0.744283952,0.772223884,0.772223884,0.772223884,     0000031P0000532
0.800017857,0.800017857,0.800017857,0.827672986,0.827672986,     0000031P0000533
0.827672986,0.855195983,0.855195983,0.855195983,0.882593186,     0000031P0000534
0.882593186,0.882593186,0.909870584,0.909870584,0.909870584,     0000031P0000535
0.937033836,0.937033836,0.937033836,0.964088296,0.964088296,     0000031P0000536
0.964088296,1.,1.,1.,1.,1.,1.,1.,1.,1.,1.,1.,1.,1.,1.,1.,1.,1.,  0000031P0000537
1.,1.,1.,1.,1.,1.,1.,1.,1.,1.,1.,1.,1.,1.,1.,1.,1.,1.,1.,1.,1.,  0000031P0000538
1.,1.,1.,1.,1.,1.,1.,1.,1.,1.,1.,1.,1.,1.,1.,1.,1.,1.,1.,1.,1.,  0000031P0000539
1.,1.,1.,1.,1.,1.,1.,1.,1.,1.,1.,1.,1.,1.,1.,1.,1.,1.,1.,1.,1.,  0000031P0000540
1.,1.,1.,1.,1.,1.,1.,1.,1.,1.,1.,1.,1.,1.,1.,1.,1.,1.,1.,1.,1.,  0000031P0000541
1.,1.,1.,1.,1.,2.605963617,-0.284110787,0.642116103,2.620761494, 0000031P0000542
-0.284255529,0.646168863,2.635643621,-0.284401112,0.65024519,    0000031P0000543
2.650609245,-0.284547529,0.654344873,2.680457328,-0.284839584,   0000031P0000544
0.662522407,2.695337078,-0.284985194,0.666599501,2.710296039,    0000031P0000545
-0.285131596,0.670698753,2.740134971,-0.285423659,0.678876502,   0000031P0000546
2.755012504,-0.285569295,0.682954316,2.769965218,-0.285715682,   0000031P0000547
0.687053162,2.799795591,-0.286007752,0.695231114,2.81467105,     0000031P0000548
-0.286153412,0.699309604,2.829617901,-0.286299786,0.703408068,   0000031P0000549
2.859440254,-0.286591863,0.711586214,2.874313773,-0.286737546,   0000031P0000550
0.715665341,2.889255113,-0.286883907,0.719763444,2.919069942,    0000031P0000551
-0.28717599,0.727941774,2.93394164,-0.287321694,0.7320215,       0000031P0000552
2.948877796,-0.287468043,0.736119263,2.978685557,-0.287760132,   0000031P0000553
0.744297769,2.993555543,-0.287905857,0.74837806,3.008486817,     0000031P0000554
-0.288052194,0.752475501,3.03828793,-0.28834429,0.760654176,     0000031P0000555
3.053156305,-0.288490034,0.764734999,3.068082976,-0.28863636,    0000031P0000556
0.768832137,3.097877827,-0.288928461,0.777010972,3.112744683,    0000031P0000557
-0.289074223,0.781092298,3.12766701,-0.289220539,0.785189149,    0000031P0000558
3.157455957,-0.289512646,0.793368137,3.172321378,-0.289658424,   0000031P0000559
0.797449938,3.187239602,-0.289804731,0.801546518,3.217022976,    0000031P0000560
-0.290096843,0.809725652,3.23188704,-0.290242637,0.813807902,    0000031P0000561
3.246801384,-0.290388934,0.817904226,3.276579492,-0.290681051,   0000031P0000562
0.8260835,3.291442271,-0.290826861,0.830166175,3.306352943,      0000031P0000563
-0.29097315,0.834262256,3.33612607,-0.291265272,0.842441665,     0000031P0000564
3.350987629,-0.291411096,0.846524741,3.365894823,-0.291557376,   0000031P0000565
0.850620593,3.395663233,-0.291849502,0.85880013,3.410523634,     0000031P0000566
-0.29199534,0.862883587,3.425427532,-0.292141613,0.866979222,    0000031P0000567
3.45519147,-0.292433744,0.875158882,3.47005077,-0.292579594,     0000031P0000568
0.879242699,3.484951542,-0.29272586,0.883338129,3.514711237,     0000031P0000569
-0.293017994,0.891517907,3.529569488,-0.293163857,0.895602066,   0000031P0000570
3.544467292,-0.293310116,0.899697302,3.574222958,-0.293602255,   0000031P0000571
0.907877192,3.589080209,-0.293748129,0.911961676,3.603975192,    0000031P0000572
-0.293894381,0.916056727,3.63372703,-0.294186524,0.924236727,    0000031P0000573
3.648583327,-0.294332409,0.928321519,3.663475629,-0.294478655,   0000031P0000574
0.932416395,3.693223823,-0.294770801,0.940596499,3.708079209,    0000031P0000575
-0.294916697,0.944681584,3.72296896,-0.295062937,0.948776294,    0000031P0000576
3.752713687,-0.295355087,0.956956498,3.7675682,-0.295500993,     0000031P0000577
0.961041861,3.782455522,-0.295647227,0.965136415,3.812196945,    0000031P0000578
-0.29593938,0.973316714,3.827050623,-0.296085296,0.977402342,    0000031P0000579
3.841935632,-0.296231524,0.981496747,3.871673903,-0.296523681,   0000031P0000580
0.989677139,3.886526782,-0.296669606,0.993763018,3.901409585,    0000031P0000581
-0.296815829,0.997857282,3.93114485,-0.297107989,1.006037763,    0000031P0000582
3.94599696,-0.297253922,1.010123881,3.96087766,-0.297400141,     0000031P0000583
1.014218011,3.990610053,-0.297692304,1.022398578,4.005461427,    0000031P0000584
-0.297838245,1.026484924,4.020340119,-0.297984459,1.030578927,   0000031P0000585
4.050069768,-0.298276626,1.038759576,4.064920434,-0.298422574,   0000031P0000586
1.04284614,4.079797208,-0.298568784,1.046940022,4.109524234,     0000031P0000587
-0.298860953,1.05512075,4.124374218,-0.299006909,1.059207521,    0000031P0000588
4.13924916,-0.299153115,1.063301289,4.168973675,-0.299445287,    0000031P0000589
1.071482093,4.183823003,-0.29959125,1.075569061,4.198696195,     0000031P0000590
-0.299737452,1.07966272,4.228418306,-0.300029626,1.087843598,    0000031P0000591
4.243267002,-0.300175596,1.091930755,4.258138518,-0.300321795,   0000031P0000592
1.096024311,4.287858325,-0.300613971,1.10420526,4.302706412,     0000031P0000593
-0.300759948,1.108292596,4.317576326,-0.300906143,1.112386054,   0000031P0000594
4.347293925,-0.301198322,1.120567071,4.362141423,-0.301344304,   0000031P0000595
1.124654579,4.377009802,-0.301490496,1.128747944,4.406725283,    0000031P0000596
-0.301782677,1.136929027,4.421572213,-0.301928666,1.141016699,   0000031P0000597
4.436439123,-0.302074854,1.145109975,4.46615257,-0.302367038,    0000031P0000598
1.153291122,4.480998952,-0.302513032,1.15737895,4.495864452,     0000031P0000599
-0.302659217,1.161472142,4.530505913,-0.302999885,1.171010842,   0000031P0000600
4.550296183,-0.303194511,1.176460366,4.570118745,-0.30338946,    0000031P0000601
1.181918951,4.589972836,-0.303584726,1.187386384,0.,1.,          0000031P0000602
3.909367149E-11,0.999362854,3.569153037E-02;                     0000031P0000603
126,100,4,1,0,1,0,0.,0.,0.,0.,0.,3.001237254E-02,                0000033P0000604
3.001237254E-02,3.001237254E-02,6.002345766E-02,6.002345766E-02, 0000033P0000605
6.002345766E-02,9.003330521E-02,9.003330521E-02,9.003330521E-02, 0000033P0000606
0.120041965,0.120041965,0.120041965,0.150049487,0.150049487,     0000033P0000607
0.150049487,0.180055922,0.180055922,0.180055922,0.210061318,     0000033P0000608
0.210061318,0.210061318,0.240065727,0.240065727,0.240065727,     0000033P0000609
0.270069197,0.270069197,0.270069197,0.30007178,0.30007178,       0000033P0000610
0.30007178,0.330073524,0.330073524,0.330073524,0.360074481,      0000033P0000611
0.360074481,0.360074481,0.3900747,0.3900747,0.3900747,           0000033P0000612
0.420074231,0.420074231,0.420074231,0.450073124,0.450073124,     0000033P0000613
0.450073124,0.48007143,0.48007143,0.48007143,0.510069198,        0000033P0000614
0.510069198,0.510069198,0.540066478,0.540066478,0.540066478,     0000033P0000615
0.570063321,0.570063321,0.570063321,0.600059776,0.600059776,     0000033P0000616
0.600059776,0.630055895,0.630055895,0.630055895,0.660051726,     0000033P0000617
0.660051726,0.660051726,0.690047321,0.690047321,0.690047321,     0000033P0000618
0.720042728,0.720042728,0.720042728,0.750037999,0.750037999,     0000033P0000619
0.750037999,0.780033184,0.780033184,0.780033184,0.810028332,     0000033P0000620
0.810028332,0.810028332,0.840023494,0.840023494,0.840023494,     0000033P0000621
0.870018721,0.870018721,0.870018721,0.900014061,0.900014061,     0000033P0000622
0.900014061,0.930009567,0.930009567,0.930009567,0.960005286,     0000033P0000623
0.960005286,0.960005286,1.,1.,1.,1.,1.,1.,1.,1.,1.,1.,1.,1.,1.,  0000033P0000624
1.,1.,1.,1.,1.,1.,1.,1.,1.,1.,1.,1.,1.,1.,1.,1.,1.,1.,1.,1.,1.,  0000033P0000625
1.,1.,1.,1.,1.,1.,1.,1.,1.,1.,1.,1.,1.,1.,1.,1.,1.,1.,1.,1.,1.,  0000033P0000626
1.,1.,1.,1.,1.,1.,1.,1.,1.,1.,1.,1.,1.,1.,1.,1.,1.,1.,1.,1.,1.,  0000033P0000627
1.,1.,1.,1.,1.,1.,1.,1.,1.,1.,1.,1.,1.,1.,1.,1.,1.,1.,1.,1.,1.,  0000033P0000628
1.,1.,1.,1.,1.,1.,1.,1.,1.,4.593222758,0.249629664,              0000033P0000629
1.036939565E-02,4.593219217,0.249308719,1.935587559E-02,         0000033P0000630
4.593215718,0.248987768,2.834248891E-02,4.593212262,0.248666813, 0000033P0000631
3.732923312E-02,4.593205432,0.248024907,5.530259289E-02,         0000033P0000632
4.593202059,0.247703957,6.428920843E-02,4.593198728,0.247383002, 0000033P0000633
7.32759499E-02,4.59319215,0.246741096,9.124930914E-02,           0000033P0000634
4.593188903,0.246420145,0.100235927,4.593185699,0.246099191,     0000033P0000635
0.109222666,4.593179373,0.245457285,0.127196024,4.593176252,     0000033P0000636
0.245136334,0.136182644,4.593173173,0.244815379,0.14516938,      0000033P0000637
4.593167099,0.244173474,0.163142739,4.593164104,0.243852523,     0000033P0000638
0.172129361,4.593161151,0.243531568,0.181116094,4.593155329,     0000033P0000639
0.242889662,0.199089452,4.59315246,0.242568712,0.208076076,      0000033P0000640
4.593149633,0.242247757,0.217062807,4.593144063,0.241605851,     0000033P0000641
0.235036164,4.59314132,0.2412849,0.244022791,4.593138619,        0000033P0000642
0.240963946,0.253009518,4.593133301,0.24032204,0.270982875,      0000033P0000643
4.593130684,0.240001089,0.279969504,4.593128109,0.239680135,     0000033P0000644
0.288956229,4.593123042,0.239038229,0.306929585,4.593120551,     0000033P0000645
0.238717278,0.315916216,4.593118102,0.238396324,0.324902939,     0000033P0000646
4.593113288,0.237754418,0.342876294,4.593110923,0.237433467,     0000033P0000647
0.351862928,4.5931086,0.237112513,0.360849647,4.593104038,       0000033P0000648
0.236470607,0.378823002,4.593101799,0.236149656,0.387809638,     0000033P0000649
4.593099602,0.235828702,0.396796355,4.593095292,0.235186796,     0000033P0000650
0.41476971,4.593093179,0.234865845,0.423756348,4.593091108,      0000033P0000651
0.234544891,0.432743062,4.59308705,0.233902985,0.450716416,      0000033P0000652
4.593085063,0.233582034,0.459703056,4.593083118,0.23326108,      0000033P0000653
0.468689768,4.593079312,0.232619174,0.486663121,4.593077451,     0000033P0000654
0.232298223,0.495649764,4.593075632,0.231977269,0.504636472,     0000033P0000655
4.593072078,0.231335363,0.522609826,4.593070344,0.231014412,     0000033P0000656
0.531596471,4.593068651,0.230693458,0.540583176,4.593065349,     0000033P0000657
0.230051553,0.558556529,4.59306374,0.229730601,0.567543176,      0000033P0000658
4.593062173,0.229409647,0.576529879,4.593059123,0.228767742,     0000033P0000659
0.594503232,4.593057641,0.22844679,0.603489881,4.5930562,        0000033P0000660
0.228125836,0.612476582,4.593053402,0.227483931,0.630449934,     0000033P0000661
4.593052045,0.227162979,0.639436585,4.593050731,0.226842026,     0000033P0000662
0.648423283,4.593048185,0.22620012,0.666396634,4.593046955,      0000033P0000663
0.225879168,0.675383288,4.593045766,0.225558215,0.684369983,     0000033P0000664
4.593043473,0.224916309,0.702343334,4.593042368,0.224595357,     0000033P0000665
0.71132999,4.593041305,0.224274404,0.720316683,4.593039264,      0000033P0000666
0.223632499,0.738290033,4.593038286,0.223311547,0.747276692,     0000033P0000667
4.593037349,0.222990594,0.756263381,4.59303556,0.222348688,      0000033P0000668
0.774236732,4.593034707,0.222027736,0.783223392,4.593033897,     0000033P0000669
0.221706783,0.792210079,4.59303236,0.221064878,0.810183429,      0000033P0000670
4.593031634,0.220743925,0.819170092,4.593030949,0.220422972,     0000033P0000671
0.828156776,4.593029665,0.219781067,0.846130125,4.593029064,     0000033P0000672
0.219460115,0.855116791,4.593028506,0.219139162,0.864103472,     0000033P0000673
4.593027473,0.218497256,0.882076821,4.593026999,0.218176304,     0000033P0000674
0.891063489,4.593026567,0.217855351,0.900050167,4.593025787,     0000033P0000675
0.217213446,0.918023516,4.593025438,0.216892493,0.927010186,     0000033P0000676
4.593025132,0.216571541,0.935996862,4.593024604,0.215929635,     0000033P0000677
0.95397021,4.593024382,0.215608683,0.962956882,4.593024202,      0000033P0000678
0.21528773,0.971943555,4.593023926,0.214645825,0.989916903,      0000033P0000679
4.59302383,0.214324872,0.998903578,4.593023776,0.21400392,       0000033P0000680
1.007890248,4.593023753,0.213362014,1.025863596,4.593023783,     0000033P0000681
0.213041062,1.034850272,4.593023855,0.212720109,1.04383694,      0000033P0000682
4.593024084,0.212078204,1.061810287,4.59302424,0.211757251,      0000033P0000683
1.070796966,4.593024438,0.211436299,1.079783632,4.593024919,     0000033P0000684
0.210794394,1.097756978,4.593025201,0.210473441,1.10674366,      0000033P0000685
4.593025526,0.210152488,1.115730322,4.593026259,0.209510583,     0000033P0000686
1.133703668,4.593026667,0.20918963,1.142690352,4.593027118,      0000033P0000687
0.208868678,1.151677012,4.593028267,0.208119788,1.172645949,     0000033P0000688
4.593028999,0.20769185,1.184628205,4.593029805,0.207263914,      0000033P0000689
1.196610409,4.593030686,0.20683598,1.208592554,0.,1.,            0000033P0000690
-5.046447486E-09,0.999362854,3.569153052E-02;                    0000033P0000691
126,11,11,0,0,1,0,5.527536445E-02,5.527536445E-02,               0000035P0000692
5.527536445E-02,5.527536445E-02,5.527536445E-02,5.527536445E-02, 0000035P0000693
5.527536445E-02,5.527536445E-02,5.527536445E-02,5.527536445E-02, 0000035P0000694
5.527536445E-02,5.527536445E-02,6.32951209,6.32951209,           0000035P0000695
6.32951209,6.32951209,6.32951209,6.32951209,6.32951209,          0000035P0000696
6.32951209,6.32951209,6.32951209,6.32951209,6.32951209,1.,1.,1., 0000035P0000697
1.,1.,1.,1.,1.,1.,1.,1.,1.,4.593222758,0.249629664,              0000035P0000698
1.036939565E-02,4.453385659,2.823019257,0.11737094,2.727738225,  0000035P0000699
5.310199571,0.224372485,-0.526803995,6.625561152,0.331374029,    0000035P0000700
-4.402891488,5.725888289,0.438375573,-7.247645566,2.364477172,   0000035P0000701
0.545377118,-7.274574281,-2.279147826,0.652378662,-4.470114229,  0000035P0000702
-5.673766614,0.759380207,-0.604508762,-6.618905398,0.866381751,  0000035P0000703
2.665122934,-5.341888583,0.973383296,4.419909088,-2.875152999,   0000035P0000704
1.08038484,4.589972836,-0.303584726,1.187386384,5.527536445E-02, 0000035P0000705
6.32951209,-9.791234554E-16,4.674944721E-02,0.998906647;         0000035P0000706
126,100,4,1,0,1,0,0.,0.,0.,0.,0.,3.648307992E-02,                0000037P0000707
3.648307992E-02,3.648307992E-02,7.225101807E-02,7.225101807E-02, 0000037P0000708
7.225101807E-02,0.107354391,0.107354391,0.107354391,0.141839332, 0000037P0000709
0.141839332,0.141839332,0.175748008,0.175748008,0.175748008,     0000037P0000710
0.209119043,0.209119043,0.209119043,0.241987876,0.241987876,     0000037P0000711
0.241987876,0.274387089,0.274387089,0.274387089,0.306346684,     0000037P0000712
0.306346684,0.306346684,0.337894337,0.337894337,0.337894337,     0000037P0000713
0.369055616,0.369055616,0.369055616,0.399854178,0.399854178,     0000037P0000714
0.399854178,0.430311942,0.430311942,0.430311942,0.460449244,     0000037P0000715
0.460449244,0.460449244,0.490284977,0.490284977,0.490284977,     0000037P0000716
0.519836715,0.519836715,0.519836715,0.549120823,0.549120823,     0000037P0000717
0.549120823,0.578152557,0.578152557,0.578152557,0.606946156,     0000037P0000718
0.606946156,0.606946156,0.63551492,0.63551492,0.63551492,        0000037P0000719
0.663871288,0.663871288,0.663871288,0.6920269,0.6920269,         0000037P0000720
0.6920269,0.719992662,0.719992662,0.719992662,0.747778797,       0000037P0000721
0.747778797,0.747778797,0.775394895,0.775394895,0.775394895,     0000037P0000722
0.802849963,0.802849963,0.802849963,0.830152464,0.830152464,     0000037P0000723
0.830152464,0.857310352,0.857310352,0.857310352,0.884331112,     0000037P0000724
0.884331112,0.884331112,0.91122179,0.91122179,0.91122179,        0000037P0000725
0.937989024,0.937989024,0.937989024,0.964639067,0.964639067,     0000037P0000726
0.964639067,1.,1.,1.,1.,1.,1.,1.,1.,1.,1.,1.,1.,1.,1.,1.,1.,1.,  0000037P0000727
1.,1.,1.,1.,1.,1.,1.,1.,1.,1.,1.,1.,1.,1.,1.,1.,1.,1.,1.,1.,1.,  0000037P0000728
1.,1.,1.,1.,1.,1.,1.,1.,1.,1.,1.,1.,1.,1.,1.,1.,1.,1.,1.,1.,1.,  0000037P0000729
1.,1.,1.,1.,1.,1.,1.,1.,1.,1.,1.,1.,1.,1.,1.,1.,1.,1.,1.,1.,1.,  0000037P0000730
1.,1.,1.,1.,1.,1.,1.,1.,1.,1.,1.,1.,1.,1.,1.,1.,1.,1.,1.,1.,1.,  0000037P0000731
1.,1.,1.,1.,1.,2.537771211,0.249639527,1.009325246E-02,          0000037P0000732
2.553062644,0.249639396,1.009690484E-02,2.568458336,0.249639267, 0000037P0000733
1.010052588E-02,2.583957624,0.249639139,1.010411564E-02,         0000037P0000734
2.614856025,0.249638887,1.0111163E-02,2.630251147,0.249638764,   0000037P0000735
1.011462182E-02,2.645744386,0.249638641,1.011805072E-02,         0000037P0000736
2.676635815,0.249638401,1.012478578E-02,2.692030423,0.249638282, 0000037P0000737
1.012809302E-02,2.707517998,0.249638165,1.013137166E-02,         0000037P0000738
2.738402933,0.249637935,1.013781471E-02,2.753797077,0.249637822, 0000037P0000739
1.014098013E-02,2.76927934,0.24963771,1.014411817E-02,           0000037P0000740
2.800158217,0.24963749,1.015028783E-02,2.815551939,0.249637381,  0000037P0000741
1.015332034E-02,2.831029217,0.249637274,1.015632666E-02,         0000037P0000742
2.861902432,0.249637063,1.016223995E-02,2.877295769,0.249636959, 0000037P0000743
1.016514775E-02,2.892768362,0.249636856,1.016803047E-02,         0000037P0000744
2.92363628,0.249636653,1.017370306E-02,2.939029265,0.249636554,  0000037P0000745
1.017649368E-02,2.95449745,0.249636455,1.017926028E-02,          0000037P0000746
2.985360404,0.24963626,1.018470658E-02,3.000753064,0.249636165,  0000037P0000747
1.018738696E-02,3.0162171,0.24963607,1.019004432E-02,            0000037P0000748
3.047075395,0.249635883,1.01952776E-02,3.062467755,0.249635791,  0000037P0000749
1.019785414E-02,3.07792788,0.2496357,1.020040862E-02,            0000037P0000750
3.108781798,0.24963552,1.020544115E-02,3.124173878,0.249635431,  0000037P0000751
1.020791976E-02,3.139630314,0.249635344,1.021037722E-02,         0000037P0000752
3.170480115,0.249635171,1.021522033E-02,3.185871933,0.249635085, 0000037P0000753
1.021760649E-02,3.201324886,0.249635001,1.021997236E-02,         0000037P0000754
3.232170808,0.249634834,1.022463655E-02,3.247562382,0.249634752, 0000037P0000755
1.022693534E-02,3.263012044,0.249634671,1.022921465E-02,         0000037P0000756
3.293854308,0.24963451,1.023370966E-02,3.30924565,0.249634431,   0000037P0000757
1.023592578E-02,3.3246922,0.249634353,1.02381232E-02,            0000037P0000758
3.355531012,0.249634198,1.024245807E-02,3.370922135,0.249634122, 0000037P0000759
1.02445959E-02,3.38636574,0.249634046,1.024671577E-02,           0000037P0000760
3.417201288,0.249633896,1.025089891E-02,3.432592202,0.249633823, 0000037P0000761
1.025296253E-02,3.448033018,0.24963375,1.025500889E-02,          0000037P0000762
3.47886548,0.249633605,1.025904812E-02,3.494256194,0.249633534,  0000037P0000763
1.026104132E-02,3.509694367,0.249633464,1.026301793E-02,         0000037P0000764
3.540523905,0.249633324,1.026692057E-02,3.555914427,0.249633255, 0000037P0000765
1.026884689E-02,3.571350094,0.249633187,1.027075726E-02,         0000037P0000766
3.602176861,0.249633052,1.027453011E-02,3.617567198,0.249632986, 0000037P0000767
1.027639286E-02,3.633000488,0.24963292,1.027824027E-02,          0000037P0000768
3.663824625,0.24963279,1.02818897E-02,3.679214783,0.249632725,   0000037P0000769
1.028369198E-02,3.694645815,0.249632661,1.028547949E-02,         0000037P0000770
3.725467455,0.249632535,1.028901147E-02,3.74085744,0.249632473,  0000037P0000771
1.029075616E-02,3.756286326,0.249632411,1.029248664E-02,         0000037P0000772
3.787105594,0.249632289,1.029590675E-02,3.802495409,0.249632229, 0000037P0000773
1.029759657E-02,3.817922256,0.249632169,1.029927272E-02,         0000037P0000774
3.848739267,0.24963205,1.030258618E-02,3.864128916,0.249631992,  0000037P0000775
1.030422369E-02,3.879553824,0.249631934,1.030584801E-02,         0000037P0000776
3.910368686,0.249631819,1.030905974E-02,3.925758173,0.249631763, 0000037P0000777
1.031064732E-02,3.941181236,0.249631706,1.03122222E-02,          0000037P0000778
3.97199405,0.249631595,1.031533681E-02,3.987383379,0.24963154,   0000037P0000779
1.031687671E-02,4.002804685,0.249631486,1.031840437E-02,         0000037P0000780
4.033615546,0.249631378,1.03214262E-02,4.049004718,0.249631324,  0000037P0000781
1.032292054E-02,4.064424351,0.249631271,1.032440306E-02,         0000037P0000782
4.09523335,0.249631167,1.032733621E-02,4.110622368,0.249631115,  0000037P0000783
1.032878697E-02,4.126040406,0.249631063,1.033022634E-02,         0000037P0000784
4.156847625,0.249630962,1.033307464E-02,4.172236491,0.249630911, 0000037P0000785
1.03344837E-02,4.187653009,0.249630861,1.033588177E-02,          0000037P0000786
4.218458528,0.249630763,1.033864886E-02,4.233847244,0.249630714, 0000037P0000787
1.0340018E-02,4.249262311,0.249630665,1.034137653E-02,           0000037P0000788
4.280066206,0.249630569,1.034406583E-02,4.295454772,0.249630522, 0000037P0000789
1.034539671E-02,4.310868456,0.249630474,1.034671735E-02,         0000037P0000790
4.341670795,0.249630381,1.03493321E-02,4.357059213,0.249630335,  0000037P0000791
1.03506263E-02,4.372471577,0.249630289,1.035191062E-02,          0000037P0000792
4.403272427,0.249630198,1.035445387E-02,4.418660699,0.249630153, 0000037P0000793
1.03557129E-02,4.4340718,0.249630108,1.035696237E-02,            0000037P0000794
4.464871224,0.24963002,1.035943702E-02,4.480259351,0.249629976,  0000037P0000795
1.036066228E-02,4.495669247,0.249629933,1.036187831E-02,         0000037P0000796
4.531575638,0.249629833,1.036468663E-02,4.552088372,0.249629776, 0000037P0000797
1.036627199E-02,4.572637725,0.24962972,1.036784158E-02,          0000037P0000798
4.593222758,0.249629664,1.036939565E-02,0.,1.,2.826549354E-14,   0000037P0000799
0.999362854,3.569153054E-02;                                     0000037P0000800
110,0.,6.242308954,0.,0.,8.268176969E-02,0.;                     0000039P0000801
126,100,4,1,0,1,0,0.,0.,0.,0.,0.,4.734357481E-02,                0000041P0000802
4.734357481E-02,4.734357481E-02,8.21305103E-02,8.21305103E-02,   0000041P0000803
8.21305103E-02,0.116349084,0.116349084,0.116349084,0.150039398,  0000041P0000804
0.150039398,0.150039398,0.183238117,0.183238117,0.183238117,     0000041P0000805
0.215978824,0.215978824,0.215978824,0.248292337,0.248292337,     0000041P0000806
0.248292337,0.280206987,0.280206987,0.280206987,0.311748862,     0000041P0000807
0.311748862,0.311748862,0.34294202,0.34294202,0.34294202,        0000041P0000808
0.373808683,0.373808683,0.373808683,0.404369404,0.404369404,     0000041P0000809
0.404369404,0.434643218,0.434643218,0.434643218,0.464647777,     0000041P0000810
0.464647777,0.464647777,0.494399469,0.494399469,0.494399469,     0000041P0000811
0.523913525,0.523913525,0.523913525,0.553204118,0.553204118,     0000041P0000812
0.553204118,0.582284447,0.582284447,0.582284447,0.611166818,     0000041P0000813
0.611166818,0.611166818,0.639862713,0.639862713,0.639862713,     0000041P0000814
0.668382855,0.668382855,0.668382855,0.696737266,0.696737266,     0000041P0000815
0.696737266,0.724935319,0.724935319,0.724935319,0.752985788,     0000041P0000816
0.752985788,0.752985788,0.78089689,0.78089689,0.78089689,        0000041P0000817
0.808676327,0.808676327,0.808676327,0.83633132,0.83633132,       0000041P0000818
0.83633132,0.863868648,0.863868648,0.863868648,0.891294672,      0000041P0000819
0.891294672,0.891294672,0.918615369,0.918615369,0.918615369,     0000041P0000820
0.945836354,0.945836354,0.945836354,0.972962909,0.972962909,     0000041P0000821
0.972962909,1.,1.,1.,1.,1.,1.,1.,1.,1.,1.,1.,1.,1.,1.,1.,1.,1.,  0000041P0000822
1.,1.,1.,1.,1.,1.,1.,1.,1.,1.,1.,1.,1.,1.,1.,1.,1.,1.,1.,1.,1.,  0000041P0000823
1.,1.,1.,1.,1.,1.,1.,1.,1.,1.,1.,1.,1.,1.,1.,1.,1.,1.,1.,1.,1.,  0000041P0000824
1.,1.,1.,1.,1.,1.,1.,1.,1.,1.,1.,1.,1.,1.,1.,1.,1.,1.,1.,1.,1.,  0000041P0000825
1.,1.,1.,1.,1.,1.,1.,1.,1.,1.,1.,1.,1.,1.,1.,1.,1.,1.,1.,1.,1.,  0000041P0000826
1.,1.,1.,1.,1.,0.,8.268176969E-02,0.,2.025111702E-02,            0000041P0000827
8.202369034E-02,0.,4.066978115E-02,8.137417376E-02,0.,           0000041P0000828
6.125372163E-02,8.073314258E-02,0.,9.724461151E-02,              0000041P0000829
7.963566347E-02,0.,0.112576674,7.917535216E-02,0.,0.127995616,   0000041P0000830
7.871953919E-02,0.,0.158751828,7.782420837E-02,0.,0.174086315,   0000041P0000831
7.738454597E-02,0.,0.18950284,7.694916325E-02,0.,0.220258605,    0000041P0000832
7.609353588E-02,0.,0.235595364,7.567316131E-02,0.,0.251009617,   0000041P0000833
7.52568611E-02,0.,0.281764974,7.443834725E-02,0.,0.297103864,    0000041P0000834
7.40360167E-02,0.,0.312515979,7.363756755E-02,0.,0.343270962,    0000041P0000835
7.285379825E-02,0.,0.358611852,7.246837281E-02,0.,0.374021956,   0000041P0000836
7.208664725E-02,0.,0.404776596,7.133545138E-02,0.,0.420119363,   0000041P0000837
7.096588615E-02,0.,0.435527575,7.059984995E-02,0.,0.466281899,   0000041P0000838
6.987923397E-02,0.,0.48162643,6.952456856E-02,0.,0.497032859,    0000041P0000839
6.917327122E-02,0.,0.527786893,6.848140135E-02,0.,0.543133083,   0000041P0000840
6.814075149E-02,0.,0.558537832,6.780331795E-02,0.,0.589291598,   0000041P0000841
6.713850444E-02,0.,0.604639348,6.681105457E-02,0.,0.620042514,   0000041P0000842
6.648667785E-02,0.,0.650796033,6.584736108E-02,0.,0.666145251,   0000041P0000843
6.55323578E-02,0.,0.681546925,6.522029249E-02,0.,0.712300216,    0000041P0000844
6.460503067E-02,0.,0.727650816,6.43017769E-02,0.,0.743051081,    0000041P0000845
6.40013334E-02,0.,0.773804161,6.340879161E-02,0.,0.789156063,    0000041P0000846
6.311664145E-02,0.,0.804554999,6.282718081E-02,0.,0.835307883,   0000041P0000847
6.225612129E-02,0.,0.850661013,6.197447538E-02,0.,0.866058695,   0000041P0000848
6.169540474E-02,0.,0.896811398,6.114467817E-02,0.,0.912165685,   0000041P0000849
6.087297956E-02,0.,0.927562181,6.060374807E-02,0.,0.958314716,   0000041P0000850
6.007228581E-02,0.,0.973670095,5.98100163E-02,0.,0.989065472,    0000041P0000851
5.955011144E-02,0.,1.01981785,5.903691856E-02,0.,1.035174258,    0000041P0000852
5.878359534E-02,0.,1.050568578,5.853253964E-02,0.,1.081320811,   0000041P0000853
5.803668866E-02,0.,1.096678191,5.779186138E-02,0.,1.112071512,   0000041P0000854
5.754920948E-02,0.,1.142823609,5.706983475E-02,0.,1.158181907,   0000041P0000855
5.683308279E-02,0.,1.173574283,5.659841879E-02,0.,1.204326254,   0000041P0000856
5.61347114E-02,0.,1.219685418,5.59056415E-02,0.,1.235076901,     0000041P0000857
5.567857653E-02,0.,1.265828754,5.522977974E-02,0.,1.281188737,   0000041P0000858
5.500802378E-02,0.,1.296579375,5.478819384E-02,0.,1.327331118,   0000041P0000859
5.435359894E-02,0.,1.342691874,5.413881197E-02,0.,1.358081714,   0000041P0000860
5.392587601E-02,0.,1.388833354,5.350481856E-02,0.,1.404194841,   0000041P0000861
5.329667699E-02,0.,1.419583925,5.309031509E-02,0.,1.450335469,   0000041P0000862
5.26821715E-02,0.,1.465697646,5.248037149E-02,0.,1.481086015,    0000041P0000863
5.228028324E-02,0.,1.511837469,5.18844677E-02,0.,1.5272003,      0000041P0000864
5.168872367E-02,0.,1.542587993,5.149462674E-02,0.,1.573339362,   0000041P0000865
5.111058836E-02,0.,1.58870281,5.092063164E-02,0.,1.604089863,    0000041P0000866
5.07322604E-02,0.,1.634841154,5.035948069E-02,0.,1.650205186,    0000041P0000867
5.017505826E-02,0.,1.665591632,4.999216259E-02,0.,1.696342849,   0000041P0000868
4.963015309E-02,0.,1.711707433,4.945102647E-02,0.,1.727093306,   0000041P0000869
4.927337063E-02,0.,1.757844454,4.892167074E-02,0.,1.77320956,    0000041P0000870
4.8747615E-02,0.,1.78859489,4.857497661E-02,0.,1.819345973,      0000041P0000871
4.823315167E-02,0.,1.834711574,4.806395441E-02,0.,1.850096389,   0000041P0000872
4.789612351E-02,0.,1.880847411,4.756376297E-02,0.,1.896213479,   0000041P0000873
4.739922352E-02,0.,1.911597808,4.723600173E-02,0.,1.942348772,   0000041P0000874
4.691271751E-02,0.,1.957715284,4.675264608E-02,0.,1.973099152,   0000041P0000875
4.659384581E-02,0.,2.003850062,4.627927079E-02,0.,2.019216992,   0000041P0000876
4.612348778E-02,0.,2.034600424,4.596893149E-02,0.,2.05,          0000041P0000877
4.581558433E-02,0.,0.,1.,0.,0.,1.;                               0000041P0000878
110,2.05,4.581558433E-02,0.,2.05,6.314312105,0.;                 0000043P0000879
126,100,4,1,0,1,0,0.,0.,0.,0.,0.,2.556936084E-02,                0000045P0000880
2.556936084E-02,2.556936084E-02,5.128158642E-02,5.128158642E-02, 0000045P0000881
5.128158642E-02,7.714373285E-02,7.714373285E-02,7.714373285E-02, 0000045P0000882
0.103163273,0.103163273,0.103163273,0.129348127,0.129348127,     0000045P0000883
0.129348127,0.155706695,0.155706695,0.155706695,0.182247894,     0000045P0000884
0.182247894,0.182247894,0.208981198,0.208981198,0.208981198,     0000045P0000885
0.235916679,0.235916679,0.235916679,0.263065057,0.263065057,     0000045P0000886
0.263065057,0.290437752,0.290437752,0.290437752,0.318046939,     0000045P0000887
0.318046939,0.318046939,0.345905616,0.345905616,0.345905616,     0000045P0000888
0.374027668,0.374027668,0.374027668,0.402427951,0.402427951,     0000045P0000889
0.402427951,0.431122371,0.431122371,0.431122371,0.460127983,     0000045P0000890
0.460127983,0.460127983,0.489463096,0.489463096,0.489463096,     0000045P0000891
0.51914739,0.51914739,0.51914739,0.549202045,0.549202045,        0000045P0000892
0.549202045,0.579649893,0.579649893,0.579649893,0.610515575,     0000045P0000893
0.610515575,0.610515575,0.641825731,0.641825731,0.641825731,     0000045P0000894
0.673609206,0.673609206,0.673609206,0.705897283,0.705897283,     0000045P0000895
0.705897283,0.738723947,0.738723947,0.738723947,0.772126187,     0000045P0000896
0.772126187,0.772126187,0.806144337,0.806144337,0.806144337,     0000045P0000897
0.840822463,0.840822463,0.840822463,0.876208811,0.876208811,     0000045P0000898
0.876208811,0.912356313,0.912356313,0.912356313,0.949323178,     0000045P0000899
0.949323178,0.949323178,1.,1.,1.,1.,1.,1.,1.,1.,1.,1.,1.,1.,1.,  0000045P0000900
1.,1.,1.,1.,1.,1.,1.,1.,1.,1.,1.,1.,1.,1.,1.,1.,1.,1.,1.,1.,1.,  0000045P0000901
1.,1.,1.,1.,1.,1.,1.,1.,1.,1.,1.,1.,1.,1.,1.,1.,1.,1.,1.,1.,1.,  0000045P0000902
1.,1.,1.,1.,1.,1.,1.,1.,1.,1.,1.,1.,1.,1.,1.,1.,1.,1.,1.,1.,1.,  0000045P0000903
1.,1.,1.,1.,1.,1.,1.,1.,1.,1.,1.,1.,1.,1.,1.,1.,1.,1.,1.,1.,1.,  0000045P0000904
1.,1.,1.,1.,1.,1.,1.,1.,1.,2.05,6.314312105,0.,2.034583292,      0000045P0000905
6.314020612,0.,2.0191941,6.313726942,0.,2.003832858,6.313431069, 0000045P0000906
0.,1.973081493,6.312833198,0.,1.957691688,6.312531174,0.,        0000045P0000907
1.942331045,6.312226869,0.,1.911579608,6.311611852,0.,           0000045P0000908
1.89618916,6.311301113,0.,1.880829145,6.310988009,0.,            0000045P0000909
1.850077632,6.310355097,0.,1.834686511,6.310035259,0.,           0000045P0000910
1.819327154,6.30971297,0.,1.78857556,6.309061369,0.,1.773183734, 0000045P0000911
6.308732026,0.,1.757825067,6.308400142,0.,1.727073386,           0000045P0000912
6.307729012,0.,1.711680821,6.307389732,0.,1.696322878,           0000045P0000913
6.307047817,0.,1.665571106,6.306356266,0.,1.650177765,           0000045P0000914
6.306006593,0.,1.634820583,6.305654185,0.,1.604068712,           0000045P0000915
6.304941266,0.,1.588674558,6.304580714,0.,1.573318174,           0000045P0000916
6.304217323,0.,1.542566199,6.303482027,0.,1.52717119,            0000045P0000917
6.303110079,0.,1.511815645,6.302735183,0.,1.481063559,           0000045P0000918
6.301976441,0.,1.465667653,6.301592547,0.,1.45031299,            0000045P0000919
6.301205591,0.,1.419560785,6.300422261,0.,1.404163937,           0000045P0000920
6.300025836,0.,1.388810201,6.299626227,0.,1.358057868,           0000045P0000921
6.298817093,0.,1.34266003,6.298407511,0.,1.327307269,6.29799462, 0000045P0000922
0.,1.2965548,6.297158383,0.,1.281155922,6.296734978,0.,          0000045P0000923
1.265804187,6.29630813,0.,1.235051573,6.295443405,0.,1.2196516,  0000045P0000924
6.295005463,0.,1.204300946,6.294563938,0.,1.173548175,           0000045P0000925
6.293669242,0.,1.158147051,6.293215999,0.,1.142797536,           0000045P0000926
6.292759026,0.,1.112044596,6.291832772,0.,1.09664226,            0000045P0000927
6.291363412,0.,1.081293945,6.290890166,0.,1.050540826,           0000045P0000928
6.28993065,0.,1.035137213,6.289444295,0.,1.019790164,            0000045P0000929
6.288953891,0.,0.98903685,6.287959288,0.,0.973631894,            0000045P0000930
6.287454996,0.,0.95828618,6.286946482,0.,0.927532658,            0000045P0000931
6.285914828,0.,0.912126284,6.285391586,0.,0.89678198,6.28486394, 0000045P0000932
0.,0.866028233,6.283793123,0.,0.850620364,6.28324984,0.,         0000045P0000933
0.83527755,6.282701961,0.,0.80452356,6.281589704,0.,0.789114115, 0000045P0000934
6.281025203,0.,0.773772876,6.280455904,0.,0.743018624,           0000045P0000935
6.27929975,0.,0.727607515,6.278712761,0.,0.712267941,            0000045P0000936
6.278120759,0.,0.681513405,6.276918053,0.,0.666100539,           0000045P0000937
6.276307202,0.,0.650762728,6.275691111,0.,0.620007886,           0000045P0000938
6.274438978,0.,0.604593162,6.273802776,0.,0.589257218,           0000045P0000939
6.273161093,0.,0.558502044,6.271856418,0.,0.543085356,           0000045P0000940
6.271193248,0.,0.527751391,6.270524345,0.,0.496995857,           0000045P0000941
6.269163742,0.,0.481577092,6.268471849,0.,0.466245226,           0000045P0000942
6.267773953,0.,0.4354893,6.266353742,0.,0.420068336,6.265631213, 0000045P0000943
0.,0.404738699,6.264902396,0.,0.373982348,6.263418563,0.,        0000045P0000944
0.358559055,6.262663312,0.,0.343231785,6.26190147,0.,0.31247497, 0000045P0000945
6.260349633,0.,0.297049209,6.259559379,0.,0.281724456,           0000045P0000946
6.258762212,0.,0.250967135,6.257137576,0.,0.235538758,           0000045P0000947
6.256309821,0.,0.220216682,6.255474811,0.,0.18945881,            0000045P0000948
6.253772119,0.,0.174027656,6.25290412,0.,0.158708432,            0000045P0000949
6.252028503,0.,0.127949957,6.250241977,0.,0.112515855,           0000045P0000950
6.249330717,0.,9.719967119E-02,6.248411453,0.,6.116728572E-02,   0000045P0000951
6.246212989,0.,4.05550452E-02,6.24492674,0.,2.016581906E-02,     0000045P0000952
6.243625397,0.,0.,6.242308954,0.,0.,1.,0.,0.,1.;                 0000045P0000953
510,49,1,1,51;                                                   0000047P0000954
128,1,11,1,11,0,0,1,0,0,0.,0.,1.2,1.2,0.,0.,0.,0.,0.,0.,0.,0.,   0000049P0000955
0.,0.,0.,0.,6.39675055,6.39675055,6.39675055,6.39675055,         0000049P0000956
6.39675055,6.39675055,6.39675055,6.39675055,6.39675055,          0000049P0000957
6.39675055,6.39675055,6.39675055,1.,1.,1.,1.,1.,1.,1.,1.,1.,1.,  0000049P0000958
1.,1.,1.,1.,1.,1.,1.,1.,1.,1.,1.,1.,1.,1.,2.55,-1.125835536E-15, 0000049P0000959
5.551115123E-17,2.55,1.040834086E-15,1.2,2.55,1.458892687,       0000049P0000960
5.889092711E-02,2.520614645,1.458891662,1.258890927,1.633593112, 0000049P0000961
2.915491828,0.11766565,1.574755664,2.878606681,1.316874109,      0000049P0000962
-0.200044846,3.743156093,0.177402329,-0.24921613,3.632414698,    0000049P0000963
1.375045125,-2.445014229,3.266013151,0.234141951,-2.408784345,   0000049P0000964
3.085591418,1.429318235,-4.122762702,1.373132709,0.297360752,    0000049P0000965
-3.92824487,1.205009866,1.489620925,-4.14082295,-1.371268309,    0000049P0000966
0.351779665,-3.816633421,-1.371281699,1.539704195,-2.469658453,  0000049P0000967
-3.300493868,0.415325252,-2.199013882,-3.066276322,1.59891626,   0000049P0000968
-0.19496485,-3.802354931,0.47282842,-0.120789898,-3.443975408,   0000049P0000969
1.650643107,1.680205066,-2.968652647,0.533628887,1.534036409,    0000049P0000970
-2.638685437,1.705265347,2.62357753,-1.478445951,0.593852929,    0000049P0000971
2.333643483,-1.294637276,1.758414692,2.624027098,                0000049P0000972
2.264646052E-02,0.654547686,2.304737938,2.444249083E-02,         0000049P0000973
1.81128932,0.,1.2,8.268176969E-02,6.277565151;                   0000049P0000974
508,4,0,11,5,0,1,0,53,0,11,6,0,1,0,55,0,11,1,1,1,0,57,0,11,7,1,  0000051P0000975
1,0,59;                                                          0000051P0000976
126,1,1,1,0,1,0,0.119185399,0.119185399,6.297074418,6.297074418, 0000053P0000977
1.,1.,0.,6.277565151,0.,0.,9.967613275E-02,0.,0.119185399,       0000053P0000978
6.297074418,0.,0.,1.;                                            0000053P0000979
126,100,4,1,0,1,0,0.,0.,0.,0.,0.,4.002924811E-02,                0000055P0000980
4.002924811E-02,4.002924811E-02,7.004802868E-02,7.004802868E-02, 0000055P0000981
7.004802868E-02,0.100064247,0.100064247,0.100064247,0.13007803,  0000055P0000982
0.13007803,0.13007803,0.160089508,0.160089508,0.160089508,       0000055P0000983
0.190098808,0.190098808,0.190098808,0.22010606,0.22010606,       0000055P0000984
0.22010606,0.250111392,0.250111392,0.250111392,0.280114933,      0000055P0000985
0.280114933,0.280114933,0.310116813,0.310116813,0.310116813,     0000055P0000986
0.34011716,0.34011716,0.34011716,0.370116105,0.370116105,        0000055P0000987
0.370116105,0.400113776,0.400113776,0.400113776,0.430110303,     0000055P0000988
0.430110303,0.430110303,0.460105816,0.460105816,0.460105816,     0000055P0000989
0.490100445,0.490100445,0.490100445,0.520094319,0.520094319,     0000055P0000990
0.520094319,0.550087569,0.550087569,0.550087569,0.580080324,     0000055P0000991
0.580080324,0.580080324,0.610072716,0.610072716,0.610072716,     0000055P0000992
0.640064873,0.640064873,0.640064873,0.670056926,0.670056926,     0000055P0000993
0.670056926,0.700049006,0.700049006,0.700049006,0.730041244,     0000055P0000994
0.730041244,0.730041244,0.760033769,0.760033769,0.760033769,     0000055P0000995
0.790026712,0.790026712,0.790026712,0.820020204,0.820020204,     0000055P0000996
0.820020204,0.850014375,0.850014375,0.850014375,0.880009357,     0000055P0000997
0.880009357,0.880009357,0.910005279,0.910005279,0.910005279,     0000055P0000998
0.940002273,0.940002273,0.940002273,0.97000047,0.97000047,       0000055P0000999
0.97000047,1.,1.,1.,1.,1.,1.,1.,1.,1.,1.,1.,1.,1.,1.,1.,1.,1.,   0000055P0001000
1.,1.,1.,1.,1.,1.,1.,1.,1.,1.,1.,1.,1.,1.,1.,1.,1.,1.,1.,1.,1.,  0000055P0001001
1.,1.,1.,1.,1.,1.,1.,1.,1.,1.,1.,1.,1.,1.,1.,1.,1.,1.,1.,1.,1.,  0000055P0001002
1.,1.,1.,1.,1.,1.,1.,1.,1.,1.,1.,1.,1.,1.,1.,1.,1.,1.,1.,1.,1.,  0000055P0001003
1.,1.,1.,1.,1.,1.,1.,1.,1.,1.,1.,1.,1.,1.,1.,1.,1.,1.,1.,1.,1.,  0000055P0001004
1.,1.,1.,1.,1.,0.,9.967613275E-02,0.,1.199925254E-02,            0000055P0001005
9.950668063E-02,0.,2.39990133E-02,9.933720723E-02,0.,            0000055P0001006
3.599926729E-02,9.916771284E-02,0.,5.699960243E-02,              0000055P0001007
9.887107477E-02,0.,6.599947436E-02,9.874394017E-02,0.,           0000055P0001008
7.499960881E-02,9.861679403E-02,0.,9.299962164E-02,              0000055P0001009
9.836248982E-02,0.,0.1019995,9.823533174E-02,0.,0.110999628,     0000055P0001010
9.810816237E-02,0.,0.128999641,9.785381165E-02,0.,0.137999526,   0000055P0001011
9.772663029E-02,0.,0.146999647,9.759943789E-02,0.,0.16499966,    0000055P0001012
9.734504104E-02,0.,0.173999551,9.721783659E-02,0.,0.182999667,   0000055P0001013
9.709062135E-02,0.,0.200999679,9.683617876E-02,0.,0.209999577,   0000055P0001014
9.670895142E-02,0.,0.218999686,9.658171353E-02,0.,0.236999699,   0000055P0001015
9.63272256E-02,0.,0.245999603,9.619997555E-02,0.,0.254999705,    0000055P0001016
9.607271521E-02,0.,0.272999718,9.581818232E-02,0.,0.281999629,   0000055P0001017
9.569090977E-02,0.,0.290999725,9.556362716E-02,0.,0.308999737,   0000055P0001018
9.530904969E-02,0.,0.317999654,9.518175483E-02,0.,0.326999744,   0000055P0001019
9.505445016E-02,0.,0.344999757,9.479982851E-02,0.,0.35399968,    0000055P0001020
9.467251153E-02,0.,0.362999763,9.454518498E-02,0.,0.380999776,   0000055P0001021
9.429051954E-02,0.,0.389999706,9.416318063E-02,0.,0.398999783,   0000055P0001022
9.403583241E-02,0.,0.416999796,9.378112356E-02,0.,0.425999732,   0000055P0001023
9.365376292E-02,0.,0.434999802,9.352639322E-02,0.,0.452999815,   0000055P0001024
9.327164135E-02,0.,0.461999758,9.314425918E-02,0.,0.470999822,   0000055P0001025
9.301686819E-02,0.,0.488999835,9.276207369E-02,0.,0.497999784,   0000055P0001026
9.263467018E-02,0.,0.506999841,9.25072581E-02,0.,0.524999854,    0000055P0001027
9.225242137E-02,0.,0.53399981,9.212499671E-02,0.,0.542999861,    0000055P0001028
9.199756374E-02,0.,0.560999874,9.174268516E-02,0.,0.569999836,   0000055P0001029
9.161523956E-02,0.,0.57899988,9.148778588E-02,0.,0.596999893,    0000055P0001030
9.123286585E-02,0.,0.605999862,9.110539949E-02,0.,0.6149999,     0000055P0001031
9.097792531E-02,0.,0.632999913,9.072296421E-02,0.,0.641999888,   0000055P0001032
9.05954773E-02,0.,0.650999919,9.046798281E-02,0.,0.668999932,    0000055P0001033
9.021298104E-02,0.,0.677999914,9.008547377E-02,0.,0.686999939,   0000055P0001034
8.995795917E-02,0.,0.704999952,8.970291712E-02,0.,0.71399994,    0000055P0001035
8.957538968E-02,0.,0.722999958,8.944785516E-02,0.,0.740999971,   0000055P0001036
8.919277323E-02,0.,0.749999966,8.906522582E-02,0.,0.758999978,   0000055P0001037
8.893767159E-02,0.,0.776999991,8.868255016E-02,0.,0.785999992,   0000055P0001038
8.855498298E-02,0.,0.794999997,8.842740922E-02,0.,0.81300001,    0000055P0001039
8.81722487E-02,0.,0.822000018,8.804466194E-02,0.,0.831000017,    0000055P0001040
8.791706886E-02,0.,0.84900003,8.766186963E-02,0.,0.858000044,    0000055P0001041
8.753426349E-02,0.,0.867000036,8.740665128E-02,0.,0.88500005,    0000055P0001042
8.715141374E-02,0.,0.89400007,8.702378842E-02,0.,0.903000056,    0000055P0001043
8.689615728E-02,0.,0.921000069,8.664088183E-02,0.,0.930000097,   0000055P0001044
8.651323752E-02,0.,0.939000076,8.638558764E-02,0.,0.957000089,   0000055P0001045
8.613027467E-02,0.,0.966000123,8.600261157E-02,0.,0.975000095,   0000055P0001046
8.587494316E-02,0.,0.993000108,8.561959306E-02,0.,1.002000149,   0000055P0001047
8.549191137E-02,0.,1.011000115,8.536422462E-02,0.,1.029000128,   0000055P0001048
8.510883779E-02,0.,1.038000175,8.498113772E-02,0.,1.047000135,   0000055P0001049
8.485343282E-02,0.,1.065000148,8.459800966E-02,0.,1.074000201,   0000055P0001050
8.447029139E-02,0.,1.083000154,8.434256855E-02,0.,1.101000167,   0000055P0001051
8.408710945E-02,0.,1.110000227,8.395937318E-02,0.,1.119000174,   0000055P0001052
8.383163261E-02,0.,1.137000187,8.357613796E-02,0.,1.146000254,   0000055P0001053
8.34483839E-02,0.,1.155000193,8.332062577E-02,0.,1.173000207,    0000055P0001054
8.306509598E-02,0.,1.18200028,8.293732432E-02,0.,1.191000213,    0000055P0001055
8.280954884E-02,0.,1.2,8.268176969E-02,0.,0.,1.,-0.,-0.,1.;      0000055P0001056
126,1,1,1,0,1,0,8.268176969E-02,8.268176969E-02,6.242308954,     0000057P0001057
6.242308954,1.,1.,1.2,8.268176969E-02,0.,1.2,6.242308954,0.,     0000057P0001058
8.268176969E-02,6.242308954,0.,0.,1.;                            0000057P0001059
126,100,4,1,0,1,0,0.,0.,0.,0.,0.,3.113352234E-02,                0000059P0001060
3.113352234E-02,3.113352234E-02,6.218795417E-02,6.218795417E-02, 0000059P0001061
6.218795417E-02,9.316424938E-02,9.316424938E-02,9.316424938E-02, 0000059P0001062
0.124063348,0.124063348,0.124063348,0.154886177,0.154886177,     0000059P0001063
0.154886177,0.18563365,0.18563365,0.18563365,0.216306667,        0000059P0001064
0.216306667,0.216306667,0.246906116,0.246906116,0.246906116,     0000059P0001065
0.277432871,0.277432871,0.277432871,0.307887796,0.307887796,     0000059P0001066
0.307887796,0.338271741,0.338271741,0.338271741,0.368585544,     0000059P0001067
0.368585544,0.368585544,0.398830032,0.398830032,0.398830032,     0000059P0001068
0.42900602,0.42900602,0.42900602,0.459114312,0.459114312,        0000059P0001069
0.459114312,0.489155701,0.489155701,0.489155701,0.519130968,     0000059P0001070
0.519130968,0.519130968,0.549040884,0.549040884,0.549040884,     0000059P0001071
0.578886209,0.578886209,0.578886209,0.608667692,0.608667692,     0000059P0001072
0.608667692,0.638386073,0.638386073,0.638386073,0.668042082,     0000059P0001073
0.668042082,0.668042082,0.697636436,0.697636436,0.697636436,     0000059P0001074
0.727169847,0.727169847,0.727169847,0.756643013,0.756643013,     0000059P0001075
0.756643013,0.786056624,0.786056624,0.786056624,0.815411363,     0000059P0001076
0.815411363,0.815411363,0.8447079,0.8447079,0.8447079,           0000059P0001077
0.873946898,0.873946898,0.873946898,0.903129012,0.903129012,     0000059P0001078
0.903129012,0.932254885,0.932254885,0.932254885,0.961325155,     0000059P0001079
0.961325155,0.961325155,1.,1.,1.,1.,1.,1.,1.,1.,1.,1.,1.,1.,1.,  0000059P0001080
1.,1.,1.,1.,1.,1.,1.,1.,1.,1.,1.,1.,1.,1.,1.,1.,1.,1.,1.,1.,1.,  0000059P0001081
1.,1.,1.,1.,1.,1.,1.,1.,1.,1.,1.,1.,1.,1.,1.,1.,1.,1.,1.,1.,1.,  0000059P0001082
1.,1.,1.,1.,1.,1.,1.,1.,1.,1.,1.,1.,1.,1.,1.,1.,1.,1.,1.,1.,1.,  0000059P0001083
1.,1.,1.,1.,1.,1.,1.,1.,1.,1.,1.,1.,1.,1.,1.,1.,1.,1.,1.,1.,1.,  0000059P0001084
1.,1.,1.,1.,1.,1.,1.,1.,1.,1.2,6.242308954,0.,1.191011508,       0000059P0001085
6.242608346,0.,1.182015332,6.242907199,0.,1.173011489,           0000059P0001086
6.243205512,0.,1.155011393,6.243800306,0.,1.146015181,           0000059P0001087
6.24409679,0.,1.137011374,6.244392739,0.,1.119011279,            0000059P0001088
6.244982826,0.,1.11001503,6.245276968,0.,1.10101126,6.245570579, 0000059P0001089
0.,1.083011167,6.246156015,0.,1.074014882,6.246447841,0.,        0000059P0001090
1.065011147,6.246739141,0.,1.047011055,6.247319977,0.,           0000059P0001091
1.038014734,6.247609514,0.,1.029011035,6.24789853,0.,            0000059P0001092
1.011010945,6.248474817,0.,1.002014589,6.24876209,0.,            0000059P0001093
0.993010925,6.249048848,0.,0.975010835,6.249620638,0.,           0000059P0001094
0.966014445,6.249905674,0.,0.957010816,6.250190198,0.,           0000059P0001095
0.939010727,6.250757542,0.,0.930014302,6.251040365,0.,           0000059P0001096
0.921010708,6.25132268,0.,0.90301062,6.251885628,0.,0.894014161, 0000059P0001097
6.252166263,0.,0.885010601,6.252446395,0.,0.867010514,           0000059P0001098
6.253004996,0.,0.858014021,6.253283467,0.,0.849010495,           0000059P0001099
6.253561439,0.,0.831010409,6.254115741,0.,0.822013883,           0000059P0001100
6.254392073,0.,0.81301039,6.25466791,0.,0.795010305,6.25521796,  0000059P0001101
0.,0.786013746,6.255492176,0.,0.777010286,6.255765901,0.,        0000059P0001102
0.759010203,6.256311748,0.,0.750013611,6.256583871,0.,           0000059P0001103
0.741010184,6.256855508,0.,0.723010101,6.257397197,0.,           0000059P0001104
0.714013477,6.25766725,0.,0.705010082,6.257936822,0.,            0000059P0001105
0.687010001,6.258474398,0.,0.678013344,6.258742405,0.,           0000059P0001106
0.669009982,6.259009934,0.,0.651009901,6.259543444,0.,           0000059P0001107
0.642013213,6.259809426,0.,0.633009882,6.260074935,0.,           0000059P0001108
0.615009803,6.260604421,0.,0.606013083,6.260868402,0.,           0000059P0001109
0.597009784,6.261131912,0.,0.579009705,6.26165742,0.,            0000059P0001110
0.570012954,6.26191942,0.,0.561009686,6.262180953,0.,            0000059P0001111
0.543009609,6.262702526,0.,0.534012827,6.262962566,0.,           0000059P0001112
0.52500959,6.263222145,0.,0.507009513,6.263739824,0.,            0000059P0001113
0.498012701,6.263997927,0.,0.489009495,6.264255571,0.,           0000059P0001114
0.471009419,6.2647694,0.,0.462012576,6.265025586,0.,0.4530094,   0000059P0001115
6.265281317,0.,0.435009325,6.265791335,0.,0.426012452,           0000059P0001116
6.266045625,0.,0.417009307,6.266299463,0.,0.399009233,           0000059P0001117
6.266805713,0.,0.39001233,6.267058127,0.,0.381009214,            0000059P0001118
6.267310093,0.,0.363009141,6.267812615,0.,0.354012209,           0000059P0001119
6.268063172,0.,0.345009123,6.268313286,0.,0.32700905,            0000059P0001120
6.268812119,0.,0.31801209,6.269060839,0.,0.309009032,            0000059P0001121
6.269309121,0.,0.291008961,6.269804304,0.,0.282011971,           0000059P0001122
6.270051208,0.,0.273008942,6.270297676,0.,0.255008872,           0000059P0001123
6.270789249,0.,0.246011854,6.271034355,0.,0.237008854,           0000059P0001124
6.271279029,0.,0.219008784,6.271767029,0.,0.210011738,           0000059P0001125
6.272010357,0.,0.201008766,6.272253256,0.,0.183008697,           0000059P0001126
6.27273772,0.,0.174011623,6.272979288,0.,0.165008679,            0000059P0001127
6.273220431,0.,0.147008611,6.273701398,0.,0.138011509,           0000059P0001128
6.273941224,0.,0.129008593,6.274180628,0.,0.111008525,           0000059P0001129
6.274658134,0.,0.102011397,6.274896237,0.,9.300850778E-02,       0000059P0001130
6.275133921,0.,7.500844111E-02,6.275608002,0.,6.601128511E-02,   0000059P0001131
6.275844399,0.,5.70084235E-02,6.276080382,0.,3.601497134E-02,    0000059P0001132
6.276629348,0.,2.402000025E-02,6.276942013,0.,1.201499705E-02,   0000059P0001133
6.277253947,0.,0.,6.277565151,0.,0.,1.,0.,0.,1.;                 0000059P0001134
510,63,1,1,71;                                                   0000061P0001135
190,65,67,69;                                                    0000063P0001136
116,-5.551115123E-17,-0.5,6.687014061,0;                         0000065P0001137
123,-3.962555896E-18,0.999362854,3.569153051E-02;                0000067P0001138
123,3.962555896E-18,3.569153051E-02,-0.999362854;                0000069P0001139
508,4,0,11,4,0,0,0,11,8,0,0,0,11,9,0,0,0,11,7,0,0;               0000071P0001140
510,75,1,1,77;                                                   0000073P0001141
128,1,11,1,11,0,0,1,0,0,0.,0.,1.2,1.2,0.,0.,0.,0.,0.,0.,0.,0.,   0000075P0001142
0.,0.,0.,0.,6.39675055,6.39675055,6.39675055,6.39675055,         0000075P0001143
6.39675055,6.39675055,6.39675055,6.39675055,6.39675055,          0000075P0001144
6.39675055,6.39675055,6.39675055,1.,1.,1.,1.,1.,1.,1.,1.,1.,1.,  0000075P0001145
1.,1.,1.,1.,1.,1.,1.,1.,1.,1.,1.,1.,1.,1.,4.6,2.828412417E-15,   0000075P0001146
1.2,4.6,7.382654511E-15,0.,4.570614645,2.627512831,1.309090909,  0000075P0001147
4.6,2.627513856,0.109090909,2.890601995,5.218083019,1.417390277, 0000075P0001148
2.949439442,5.254968166,0.218181818,-0.404277189,6.619742983,    0000075P0001149
1.524915523,-0.355105905,6.730484378,0.327272727,-4.355883338,   0000075P0001150
5.717114934,1.63153992,-4.392113221,5.897536667,0.436363636,     0000075P0001151
-7.207699183,2.264026258,1.737714718,-7.402217015,2.432149101,   0000075P0001152
0.545454545,-7.078027486,-2.432162491,1.842469984,-7.402217015,  0000075P0001153
-2.432149101,0.654545455,-4.12146865,-5.663319121,1.947227372,   0000075P0001154
-4.392113221,-5.897536667,0.763636364,-0.280930953,-6.372104855, 0000075P0001155
2.05054196,-0.355105905,-6.730484378,0.872727273,2.803270785,    0000075P0001156
-4.925000956,2.153454642,2.949439442,-5.254968166,0.981818182,   0000075P0001157
4.310065954,-2.44370518,2.255470854,4.6,-2.627513856,            0000075P0001158
1.090909091,4.280710841,1.796030306E-03,2.356741634,4.6,         0000075P0001159
2.336986607E-14,1.2,0.,1.2,4.581558433E-02,6.32951209;           0000075P0001160
508,4,0,11,3,0,1,0,79,0,11,10,0,1,0,81,0,11,11,1,1,0,83,0,11,8,  0000077P0001161
1,1,0,85;                                                        0000077P0001162
126,1,1,1,0,1,0,8.243844582E-02,8.243844582E-02,6.350934966,     0000079P0001163
6.350934966,1.,1.,0.,6.314312105,0.,0.,4.581558433E-02,0.,       0000079P0001164
8.243844582E-02,6.350934966,0.,0.,1.;                            0000079P0001165
126,100,4,1,0,1,0,0.,0.,0.,0.,0.,3.999471374E-02,                0000081P0001166
3.999471374E-02,3.999471374E-02,6.999043348E-02,6.999043348E-02, 0000081P0001167
6.999043348E-02,9.998593856E-02,9.998593856E-02,9.998593856E-02, 0000081P0001168
0.129981279,0.129981279,0.129981279,0.159976506,0.159976506,     0000081P0001169
0.159976506,0.189971668,0.189971668,0.189971668,0.219966816,     0000081P0001170
0.219966816,0.219966816,0.249962001,0.249962001,0.249962001,     0000081P0001171
0.279957272,0.279957272,0.279957272,0.309952679,0.309952679,     0000081P0001172
0.309952679,0.339948274,0.339948274,0.339948274,0.369944105,     0000081P0001173
0.369944105,0.369944105,0.399940224,0.399940224,0.399940224,     0000081P0001174
0.429936679,0.429936679,0.429936679,0.459933522,0.459933522,     0000081P0001175
0.459933522,0.489930802,0.489930802,0.489930802,0.51992857,      0000081P0001176
0.51992857,0.51992857,0.549926876,0.549926876,0.549926876,       0000081P0001177
0.579925769,0.579925769,0.579925769,0.6099253,0.6099253,         0000081P0001178
0.6099253,0.639925519,0.639925519,0.639925519,0.669926476,       0000081P0001179
0.669926476,0.669926476,0.69992822,0.69992822,0.69992822,        0000081P0001180
0.729930803,0.729930803,0.729930803,0.759934273,0.759934273,     0000081P0001181
0.759934273,0.789938682,0.789938682,0.789938682,0.819944078,     0000081P0001182
0.819944078,0.819944078,0.849950513,0.849950513,0.849950513,     0000081P0001183
0.879958035,0.879958035,0.879958035,0.909966695,0.909966695,     0000081P0001184
0.909966695,0.939976542,0.939976542,0.939976542,0.969987627,     0000081P0001185
0.969987627,0.969987627,1.,1.,1.,1.,1.,1.,1.,1.,1.,1.,1.,1.,1.,  0000081P0001186
1.,1.,1.,1.,1.,1.,1.,1.,1.,1.,1.,1.,1.,1.,1.,1.,1.,1.,1.,1.,1.,  0000081P0001187
1.,1.,1.,1.,1.,1.,1.,1.,1.,1.,1.,1.,1.,1.,1.,1.,1.,1.,1.,1.,1.,  0000081P0001188
1.,1.,1.,1.,1.,1.,1.,1.,1.,1.,1.,1.,1.,1.,1.,1.,1.,1.,1.,1.,1.,  0000081P0001189
1.,1.,1.,1.,1.,1.,1.,1.,1.,1.,1.,1.,1.,1.,1.,1.,1.,1.,1.,1.,1.,  0000081P0001190
1.,1.,1.,1.,1.,1.,1.,1.,1.,0.,4.581558433E-02,0.,                0000081P0001191
1.199991747E-02,4.591025554E-02,0.,2.399989394E-02,              0000081P0001192
4.600492547E-02,0.,3.599992345E-02,4.609959405E-02,0.,           0000081P0001193
5.699996283E-02,4.626526087E-02,0.,6.59999521E-02,               0000081P0001194
4.633625971E-02,0.,7.499996534E-02,4.640725774E-02,0.,           0000081P0001195
9.299997036E-02,4.65492516E-02,0.,0.101999962,4.662024744E-02,   0000081P0001196
0.,0.110999973,4.669124241E-02,0.,0.128999978,4.683323017E-02,   0000081P0001197
0.,0.137999972,4.690422297E-02,0.,0.14699998,4.697521485E-02,0., 0000081P0001198
0.164999985,4.711719644E-02,0.,0.173999982,4.718818616E-02,0.,   0000081P0001199
0.182999988,4.725917491E-02,0.,0.200999993,4.740115026E-02,0.,   0000081P0001200
0.209999992,4.747213687E-02,0.,0.218999995,4.754312246E-02,0.,   0000081P0001201
0.237,4.768509151E-02,0.,0.246000002,4.775607497E-02,0.,         0000081P0001202
0.255000003,4.782705737E-02,0.,0.273000008,4.796902004E-02,0.,   0000081P0001203
0.282000012,4.804000033E-02,0.,0.291000011,4.811097949E-02,0.,   0000081P0001204
0.309000016,4.825293572E-02,0.,0.318000022,4.832391279E-02,0.,   0000081P0001205
0.327000018,4.839488869E-02,0.,0.345000023,4.853683842E-02,0.,   0000081P0001206
0.354000032,4.860781224E-02,0.,0.363000026,4.867878484E-02,0.,   0000081P0001207
0.381000031,4.882072799E-02,0.,0.390000042,4.889169853E-02,0.,   0000081P0001208
0.399000033,4.89626678E-02,0.,0.417000038,4.910460429E-02,0.,    0000081P0001209
0.426000052,4.917557152E-02,0.,0.435000041,4.924653743E-02,0.,   0000081P0001210
0.453000046,4.938846721E-02,0.,0.462000062,4.945943109E-02,0.,   0000081P0001211
0.471000048,4.953039359E-02,0.,0.489000053,4.967231659E-02,0.,   0000081P0001212
0.498000072,4.974327708E-02,0.,0.507000056,4.981423615E-02,0.,   0000081P0001213
0.525000061,4.995615229E-02,0.,0.534000083,5.002710937E-02,0.,   0000081P0001214
0.543000063,5.009806497E-02,0.,0.561000068,5.02399742E-02,0.,    0000081P0001215
0.570000093,5.031092782E-02,0.,0.579000071,5.038187992E-02,0.,   0000081P0001216
0.597000076,5.052378216E-02,0.,0.606000103,5.05947323E-02,0.,    0000081P0001217
0.615000078,5.066568086E-02,0.,0.633000083,5.080757604E-02,0.,   0000081P0001218
0.642000113,5.087852266E-02,0.,0.651000086,5.094946765E-02,0.,   0000081P0001219
0.669000091,5.109135571E-02,0.,0.678000123,5.116229878E-02,0.,   0000081P0001220
0.687000093,5.123324016E-02,0.,0.705000098,5.137512103E-02,0.,   0000081P0001221
0.714000133,5.144606051E-02,0.,0.723000101,5.151699826E-02,0.,   0000081P0001222
0.741000106,5.165887186E-02,0.,0.750000143,5.172980772E-02,0.,   0000081P0001223
0.759000108,5.180074179E-02,0.,0.777000113,5.194260807E-02,0.,   0000081P0001224
0.786000153,5.201354027E-02,0.,0.795000116,5.208447064E-02,0.,   0000081P0001225
0.813000121,5.222632952E-02,0.,0.822000163,5.229725803E-02,0.,   0000081P0001226
0.831000123,5.236818466E-02,0.,0.849000128,5.251003608E-02,0.,   0000081P0001227
0.858000173,5.258096087E-02,0.,0.867000131,5.265188372E-02,0.,   0000081P0001228
0.885000136,5.27937276E-02,0.,0.894000183,5.286464863E-02,0.,    0000081P0001229
0.903000138,5.293556768E-02,0.,0.921000143,5.307740396E-02,0.,   0000081P0001230
0.930000193,5.31483212E-02,0.,0.939000146,5.32192364E-02,0.,     0000081P0001231
0.957000151,5.336106502E-02,0.,0.966000203,5.343197843E-02,0.,   0000081P0001232
0.975000153,5.350288976E-02,0.,0.993000158,5.364471064E-02,0.,   0000081P0001233
1.002000213,5.371562019E-02,0.,1.011000161,5.378652761E-02,0.,   0000081P0001234
1.029000166,5.392834068E-02,0.,1.038000223,5.399924634E-02,0.,   0000081P0001235
1.047000168,5.407014981E-02,0.,1.065000173,5.421195502E-02,0.,   0000081P0001236
1.074000232,5.428285675E-02,0.,1.083000176,5.435375624E-02,0.,   0000081P0001237
1.101000181,5.449555351E-02,0.,1.110000242,5.456645128E-02,0.,   0000081P0001238
1.119000183,5.463734676E-02,0.,1.137000188,5.477913602E-02,0.,   0000081P0001239
1.146000252,5.485002979E-02,0.,1.155000191,5.492092123E-02,0.,   0000081P0001240
1.173000196,5.506270241E-02,0.,1.182000262,5.513359216E-02,0.,   0000081P0001241
1.191000198,5.520447951E-02,0.,1.2,5.527536445E-02,0.,0.,1.,-0., 0000081P0001242
-0.,1.;                                                          0000081P0001243
110,1.2,5.527536445E-02,0.,1.2,6.32951209,0.;                    0000083P0001244
126,100,4,1,0,1,0,0.,0.,0.,0.,0.,2.986075363E-02,                0000085P0001245
2.986075363E-02,2.986075363E-02,5.972942507E-02,5.972942507E-02, 0000085P0001246
5.972942507E-02,8.960607665E-02,8.960607665E-02,8.960607665E-02, 0000085P0001247
0.119490771,0.119490771,0.119490771,0.149383572,0.149383572,     0000085P0001248
0.149383572,0.179284543,0.179284543,0.179284543,0.209193749,     0000085P0001249
0.209193749,0.209193749,0.239111255,0.239111255,0.239111255,     0000085P0001250
0.269037126,0.269037126,0.269037126,0.298971429,0.298971429,     0000085P0001251
0.298971429,0.32891423,0.32891423,0.32891423,0.358865596,        0000085P0001252
0.358865596,0.358865596,0.388825596,0.388825596,0.388825596,     0000085P0001253
0.418794298,0.418794298,0.418794298,0.44877177,0.44877177,       0000085P0001254
0.44877177,0.478758083,0.478758083,0.478758083,0.508753307,      0000085P0001255
0.508753307,0.508753307,0.538757512,0.538757512,0.538757512,     0000085P0001256
0.568770769,0.568770769,0.568770769,0.598793152,0.598793152,     0000085P0001257
0.598793152,0.628824733,0.628824733,0.628824733,0.658865584,     0000085P0001258
0.658865584,0.658865584,0.688915781,0.688915781,0.688915781,     0000085P0001259
0.718975396,0.718975396,0.718975396,0.749044507,0.749044507,     0000085P0001260
0.749044507,0.779123188,0.779123188,0.779123188,0.809211516,     0000085P0001261
0.809211516,0.809211516,0.839309568,0.839309568,0.839309568,     0000085P0001262
0.869417422,0.869417422,0.869417422,0.899535157,0.899535157,     0000085P0001263
0.899535157,0.929662852,0.929662852,0.929662852,0.959800586,     0000085P0001264
0.959800586,0.959800586,1.,1.,1.,1.,1.,1.,1.,1.,1.,1.,1.,1.,1.,  0000085P0001265
1.,1.,1.,1.,1.,1.,1.,1.,1.,1.,1.,1.,1.,1.,1.,1.,1.,1.,1.,1.,1.,  0000085P0001266
1.,1.,1.,1.,1.,1.,1.,1.,1.,1.,1.,1.,1.,1.,1.,1.,1.,1.,1.,1.,1.,  0000085P0001267
1.,1.,1.,1.,1.,1.,1.,1.,1.,1.,1.,1.,1.,1.,1.,1.,1.,1.,1.,1.,1.,  0000085P0001268
1.,1.,1.,1.,1.,1.,1.,1.,1.,1.,1.,1.,1.,1.,1.,1.,1.,1.,1.,1.,1.,  0000085P0001269
1.,1.,1.,1.,1.,1.,1.,1.,1.,1.2,6.32951209,0.,1.190998813,        0000085P0001270
6.329405847,0.,1.181998415,6.329299469,0.,1.17299881,            0000085P0001271
6.329192954,0.,1.154998804,6.328979624,0.,1.145998404,           0000085P0001272
6.328872808,0.,1.136998802,6.328765855,0.,1.118998796,           0000085P0001273
6.328551646,0.,1.109998392,6.328444389,0.,1.100998793,           0000085P0001274
6.328336995,0.,1.082998787,6.328121903,0.,1.07399838,            0000085P0001275
6.328014203,0.,1.064998784,6.327906366,0.,1.046998778,           0000085P0001276
6.327690384,0.,1.037998368,6.327582239,0.,1.028998775,           0000085P0001277
6.327473956,0.,1.010998769,6.327257079,0.,1.001998356,           0000085P0001278
6.327148486,0.,0.992998766,6.327039753,0.,0.97499876,            0000085P0001279
6.326821977,0.,0.965998344,6.326712933,0.,0.956998757,           0000085P0001280
6.326603749,0.,0.938998751,6.326385067,0.,0.929998332,           0000085P0001281
6.32627557,0.,0.920998748,6.326165931,0.,0.902998742,            0000085P0001282
6.325946338,0.,0.893998319,6.325836384,0.,0.884998739,           0000085P0001283
6.325726288,0.,0.866998732,6.325505779,0.,0.857998307,           0000085P0001284
6.325395366,0.,0.84899873,6.32528481,0.,0.830998723,6.325063379, 0000085P0001285
0.,0.821998294,6.324952504,0.,0.81299872,6.324841484,0.,         0000085P0001286
0.794998714,6.324619126,0.,0.785998282,6.324507786,0.,           0000085P0001287
0.776998711,6.324396301,0.,0.758998704,6.324173009,0.,           0000085P0001288
0.749998269,6.324061201,0.,0.740998701,6.323949248,0.,           0000085P0001289
0.722998695,6.323725017,0.,0.713998256,6.323612739,0.,           0000085P0001290
0.704998692,6.323500314,0.,0.686998685,6.323275138,0.,           0000085P0001291
0.677998243,6.323162386,0.,0.668998682,6.323049487,0.,           0000085P0001292
0.650998675,6.322823361,0.,0.64199823,6.322710133,0.,            0000085P0001293
0.632998672,6.322596756,0.,0.614998666,6.322369673,0.,           0000085P0001294
0.605998217,6.322255966,0.,0.596998663,6.322142109,0.,           0000085P0001295
0.578998656,6.321914064,0.,0.569998203,6.321799874,0.,           0000085P0001296
0.560998653,6.321685535,0.,0.542998646,6.32145652,0.,0.53399819, 0000085P0001297
6.321341846,0.,0.524998643,6.32122702,0.,0.506998636,            0000085P0001298
6.320997031,0.,0.497998177,6.320881868,0.,0.488998633,           0000085P0001299
6.320766553,0.,0.470998626,6.320535584,0.,0.461998163,           0000085P0001300
6.32041993,0.,0.452998623,6.320304123,0.,0.434998615,            0000085P0001301
6.320072167,0.,0.425998149,6.319956018,0.,0.416998612,           0000085P0001302
6.319839716,0.,0.398998605,6.319606767,0.,0.389998135,           0000085P0001303
6.319490121,0.,0.380998602,6.31937332,0.,0.362998595,            0000085P0001304
6.319139373,0.,0.353998121,6.319022226,0.,0.344998592,           0000085P0001305
6.318904924,0.,0.326998585,6.318669971,0.,0.317998107,           0000085P0001306
6.318552321,0.,0.308998581,6.318434514,0.,0.290998574,           0000085P0001307
6.31819855,0.,0.281998093,6.318080392,0.,0.272998571,            0000085P0001308
6.317962078,0.,0.254998563,6.317725096,0.,0.245998079,           0000085P0001309
6.317606428,0.,0.23699856,6.317487602,0.,0.218998553,            0000085P0001310
6.317249596,0.,0.209998065,6.317130415,0.,0.20099855,            0000085P0001311
6.317011076,0.,0.182998542,6.316772038,0.,0.17399805,            0000085P0001312
6.316652341,0.,0.164998539,6.316532484,0.,0.146998531,           0000085P0001313
6.31629241,0.,0.137998036,6.316172192,0.,0.128998528,            0000085P0001314
6.316051814,0.,0.11099852,6.315810696,0.,0.101998021,            0000085P0001315
6.315689956,0.,9.299851706E-02,6.315569054,0.,7.49985093E-02,    0000085P0001316
6.315326885,0.,6.599800598E-02,6.315205619,0.,5.699850603E-02,   0000085P0001317
6.315084189,0.,3.59973142E-02,6.31480041,0.,2.399640687E-02,     0000085P0001318
6.314637933,0.,1.199729933E-02,6.314475165,0.,0.,6.314312105,0., 0000085P0001319
0.,1.,0.,0.,1.;                                                  0000085P0001320
510,89,1,1,97;                                                   0000087P0001321
190,91,93,95;                                                    0000089P0001322
116,2.775557562E-17,0.25,0.,0;                                   0000091P0001323
123,3.962555896E-18,-0.999362854,-3.569153051E-02;               0000093P0001324
123,-3.962555896E-18,-3.569153051E-02,0.999362854;               0000095P0001325
508,4,0,11,10,1,0,0,11,2,1,0,0,11,6,1,0,0,11,12,1,0;             0000097P0001326
510,101,1,1,103;                                                 0000099P0001327
128,1,11,1,11,0,0,1,0,0,0.,0.,2.05,2.05,0.,0.,0.,0.,0.,0.,0.,0., 0000101P0001328
0.,0.,0.,0.,6.39675055,6.39675055,6.39675055,6.39675055,         0000101P0001329
6.39675055,6.39675055,6.39675055,6.39675055,6.39675055,          0000101P0001330
6.39675055,6.39675055,6.39675055,1.,1.,1.,1.,1.,1.,1.,1.,1.,1.,  0000101P0001331
1.,1.,1.,1.,1.,1.,1.,1.,1.,1.,1.,1.,1.,1.,4.6,5.649406501E-15,   0000101P0001332
0.,2.55,-1.125835536E-15,5.551115123E-17,4.6,2.627513856,        0000101P0001333
0.109090909,2.55,1.458892687,5.889092711E-02,2.949439442,        0000101P0001334
5.254968166,0.218181818,1.633593112,2.915491828,0.11766565,      0000101P0001335
-0.355105905,6.730484378,0.327272727,-0.200044846,3.743156093,   0000101P0001336
0.177402329,-4.392113221,5.897536667,0.436363636,-2.445014229,   0000101P0001337
3.266013151,0.234141951,-7.402217015,2.432149101,0.545454545,    0000101P0001338
-4.122762702,1.373132709,0.297360752,-7.402217015,-2.432149101,  0000101P0001339
0.654545455,-4.14082295,-1.371268309,0.351779665,-4.392113221,   0000101P0001340
-5.897536667,0.763636364,-2.469658453,-3.300493868,0.415325252,  0000101P0001341
-0.355105905,-6.730484378,0.872727273,-0.19496485,-3.802354931,  0000101P0001342
0.47282842,2.949439442,-5.254968166,0.981818182,1.680205066,     0000101P0001343
-2.968652647,0.533628887,4.6,-2.627513856,1.090909091,           0000101P0001344
2.62357753,-1.478445951,0.593852929,4.6,2.696568857E-14,1.2,     0000101P0001345
2.624027098,2.264646052E-02,0.654547686,0.,2.05,5.527536445E-02, 0000101P0001346
6.32951209;                                                      0000101P0001347
508,4,0,11,11,0,1,0,105,0,11,12,0,1,0,107,0,11,5,1,1,0,109,0,11, 0000103P0001348
9,1,1,0,111;                                                     0000103P0001349
126,1,1,1,0,1,0,6.723846035E-02,6.723846035E-02,6.341475186,     0000105P0001350
6.341475186,1.,1.,0.,6.32951209,0.,0.,5.527536445E-02,0.,        0000105P0001351
6.723846035E-02,6.341475186,0.,0.,1.;                            0000105P0001352
126,100,4,1,0,1,0,0.,0.,0.,0.,0.,3.536093322E-02,                0000107P0001353
3.536093322E-02,3.536093322E-02,6.201097603E-02,6.201097603E-02, 0000107P0001354
6.201097603E-02,8.877820958E-02,8.877820958E-02,8.877820958E-02, 0000107P0001355
0.115668888,0.115668888,0.115668888,0.142689648,0.142689648,     0000107P0001356
0.142689648,0.169847536,0.169847536,0.169847536,0.197150037,     0000107P0001357
0.197150037,0.197150037,0.224605105,0.224605105,0.224605105,     0000107P0001358
0.252221203,0.252221203,0.252221203,0.280007338,0.280007338,     0000107P0001359
0.280007338,0.3079731,0.3079731,0.3079731,0.336128712,           0000107P0001360
0.336128712,0.336128712,0.36448508,0.36448508,0.36448508,        0000107P0001361
0.393053844,0.393053844,0.393053844,0.421847443,0.421847443,     0000107P0001362
0.421847443,0.450879177,0.450879177,0.450879177,0.480163285,     0000107P0001363
0.480163285,0.480163285,0.509715023,0.509715023,0.509715023,     0000107P0001364
0.539550756,0.539550756,0.539550756,0.569688058,0.569688058,     0000107P0001365
0.569688058,0.600145822,0.600145822,0.600145822,0.630944384,     0000107P0001366
0.630944384,0.630944384,0.662105663,0.662105663,0.662105663,     0000107P0001367
0.693653316,0.693653316,0.693653316,0.725612911,0.725612911,     0000107P0001368
0.725612911,0.758012124,0.758012124,0.758012124,0.790880957,     0000107P0001369
0.790880957,0.790880957,0.824251992,0.824251992,0.824251992,     0000107P0001370
0.858160668,0.858160668,0.858160668,0.892645609,0.892645609,     0000107P0001371
0.892645609,0.927748982,0.927748982,0.927748982,0.96351692,      0000107P0001372
0.96351692,0.96351692,1.,1.,1.,1.,1.,1.,1.,1.,1.,1.,1.,1.,1.,1., 0000107P0001373
1.,1.,1.,1.,1.,1.,1.,1.,1.,1.,1.,1.,1.,1.,1.,1.,1.,1.,1.,1.,1.,  0000107P0001374
1.,1.,1.,1.,1.,1.,1.,1.,1.,1.,1.,1.,1.,1.,1.,1.,1.,1.,1.,1.,1.,  0000107P0001375
1.,1.,1.,1.,1.,1.,1.,1.,1.,1.,1.,1.,1.,1.,1.,1.,1.,1.,1.,1.,1.,  0000107P0001376
1.,1.,1.,1.,1.,1.,1.,1.,1.,1.,1.,1.,1.,1.,1.,1.,1.,1.,1.,1.,1.,  0000107P0001377
1.,1.,1.,1.,1.,1.,1.,1.,0.,5.527536445E-02,0.,2.055475959E-02,   0000107P0001378
5.552213826E-02,0.,4.107353071E-02,5.577141949E-02,0.,           0000107P0001379
6.155537003E-02,5.602325253E-02,0.,9.740702219E-02,              0000107P0001380
5.646943632E-02,0.,0.112793213,5.666266503E-02,0.,0.12815745,    0000107P0001381
5.685738851E-02,0.,0.158908617,5.72507277E-02,0.,0.17429535,     0000107P0001382
5.744935675E-02,0.,0.189659063,5.764953392E-02,0.,0.220410296,   0000107P0001383
5.805395591E-02,0.,0.235797599,5.825821522E-02,0.,0.25116076,    0000107P0001384
5.846407843E-02,0.,0.281912062,5.888005863E-02,0.,0.297299965,   0000107P0001385
5.909019138E-02,0.,0.312662545,5.930198637E-02,0.,0.343413922,   0000107P0001386
5.973002781E-02,0.,0.358802455,5.994629139E-02,0.,0.374164424,   0000107P0001387
6.016427826E-02,0.,0.404915879,6.060491359E-02,0.,0.420305076,   0000107P0001388
6.082758068E-02,0.,0.435666401,6.1052035E-02,0.,0.466417939,     0000107P0001389
6.150582874E-02,0.,0.481807835,6.173518846E-02,0.,0.497168482,   0000107P0001390
6.196640235E-02,0.,0.52792011,6.24339533E-02,0.,0.54331074,      0000107P0001391
6.267031244E-02,0.,0.558670673,6.290859594E-02,0.,0.589422395,   0000107P0001392
6.33905398E-02,0.,0.604813799,6.363422425E-02,0.,0.620172979,    0000107P0001393
6.387990661E-02,0.,0.650924803,6.437691892E-02,0.,0.666317021,   0000107P0001394
6.462827512E-02,0.,0.681675409,6.488170639E-02,0.,0.712427341,   0000107P0001395
6.539450565E-02,0.,0.727820416,6.565390227E-02,0.,0.743177968,   0000107P0001396
6.591545494E-02,0.,0.773930016,6.644480613E-02,0.,0.789323994,   0000107P0001397
6.671263587E-02,0.,0.804680665,6.698270671E-02,0.,0.835432836,   0000107P0001398
6.752942505E-02,0.,0.850827766,6.780610667E-02,0.,0.866183507,   0000107P0001399
6.808511871E-02,0.,0.89693581,6.865007394E-02,0.,0.912331742,    0000107P0001400
6.89360544E-02,0.,0.927686503,6.922445917E-02,0.,0.958438947,    0000107P0001401
6.980858013E-02,0.,0.973835936,7.010433706E-02,0.,0.989189662,   0000107P0001402
7.040261704E-02,0.,1.019942258,7.100689679E-02,0.,1.03534036,    0000107P0001403
7.131294113E-02,0.,1.050692994,7.162161242E-02,0.,1.081445753,   0000107P0001404
7.224711392E-02,0.,1.096845029,7.256399291E-02,0.,1.11219651,    0000107P0001405
7.288360823E-02,0.,1.142949443,7.353147058E-02,0.,1.158349959,   0000107P0001406
7.385977103E-02,0.,1.173700221,7.419092304E-02,0.,1.204453342,   0000107P0001407
7.486236842E-02,0.,1.219855165,7.520272036E-02,0.,1.235204139,   0000107P0001408
7.554604531E-02,0.,1.265957463,7.624238676E-02,0.,1.281360666,   0000107P0001409
7.659546748E-02,0.,1.296708278,7.695164932E-02,0.,1.32746182,    0000107P0001410
7.767429928E-02,0.,1.342866479,7.804083791E-02,0.,1.358212652,   0000107P0001411
7.841061283E-02,0.,1.388966428,7.91610928E-02,0.,1.404372627,    0000107P0001412
7.954187528E-02,0.,1.419717276,7.992603681E-02,0.,1.450471306,   0000107P0001413
8.070598806E-02,0.,1.465879132,8.110186289E-02,0.,1.481222166,   0000107P0001414
8.15012676E-02,0.,1.511976471,8.231246321E-02,0.,1.527386016,    0000107P0001415
8.272434774E-02,0.,1.542727341,8.313992163E-02,0.,1.573481943,   0000107P0001416
8.398428003E-02,0.,1.588893307,8.441316763E-02,0.,1.60423282,    0000107P0001417
8.484591332E-02,0.,1.634987744,8.572551351E-02,0.,1.650401033,   0000107P0001418
8.617248159E-02,0.,1.665738623,8.662348641E-02,0.,1.696493896,   0000107P0001419
8.754058513E-02,0.,1.711909223,8.800680429E-02,0.,1.727244773,   0000107P0001420
8.847724945E-02,0.,1.758000427,8.943430064E-02,0.,1.773417912,   0000107P0001421
8.992104492E-02,0.,1.788751296,9.041221586E-02,0.,1.819507363,   0000107P0001422
9.141189269E-02,0.,1.834927136,9.192055131E-02,0.,1.850258217,   0000107P0001423
9.243384949E-02,0.,1.881014735,9.347906946E-02,0.,1.896436934,   0000107P0001424
9.401116016E-02,0.,1.911765566,9.454811645E-02,0.,1.942522576,   0000107P0001425
9.564207002E-02,0.,1.957947349,9.619925425E-02,0.,1.973273374,   0000107P0001426
9.676154426E-02,0.,2.004030922,9.790772756E-02,0.,2.019458428,   0000107P0001427
9.849182799E-02,0.,2.034781676,9.908128965E-02,0.,2.05,          0000107P0001428
9.967613275E-02,0.,0.,1.,0.,0.,1.;                               0000107P0001429
110,2.05,9.967613275E-02,0.,2.05,6.277565151,0.;                 0000109P0001430
126,100,4,1,0,1,0,0.,0.,0.,0.,0.,3.548623335E-02,                0000111P0001431
3.548623335E-02,3.548623335E-02,7.038636688E-02,7.038636688E-02, 0000111P0001432
7.038636688E-02,0.104739271,0.104739271,0.104739271,0.138580571, 0000111P0001433
0.138580571,0.138580571,0.171942984,0.171942984,0.171942984,     0000111P0001434
0.204856609,0.204856609,0.204856609,0.237349183,0.237349183,     0000111P0001435
0.237349183,0.269446315,0.269446315,0.269446315,0.301171681,     0000111P0001436
0.301171681,0.301171681,0.332547207,0.332547207,0.332547207,     0000111P0001437
0.363593227,0.363593227,0.363593227,0.394328625,0.394328625,     0000111P0001438
0.394328625,0.424770962,0.424770962,0.424770962,0.454936591,     0000111P0001439
0.454936591,0.454936591,0.484840757,0.484840757,0.484840757,     0000111P0001440
0.514497689,0.514497689,0.514497689,0.543920686,0.543920686,     0000111P0001441
0.543920686,0.573122185,0.573122185,0.573122185,0.602113836,     0000111P0001442
0.602113836,0.602113836,0.630906557,0.630906557,0.630906557,     0000111P0001443
0.659510592,0.659510592,0.659510592,0.687935564,0.687935564,     0000111P0001444
0.687935564,0.716190515,0.716190515,0.716190515,0.744283952,     0000111P0001445
0.744283952,0.744283952,0.772223884,0.772223884,0.772223884,     0000111P0001446
0.800017857,0.800017857,0.800017857,0.827672986,0.827672986,     0000111P0001447
0.827672986,0.855195983,0.855195983,0.855195983,0.882593186,     0000111P0001448
0.882593186,0.882593186,0.909870584,0.909870584,0.909870584,     0000111P0001449
0.937033836,0.937033836,0.937033836,0.964088296,0.964088296,     0000111P0001450
0.964088296,1.,1.,1.,1.,1.,1.,1.,1.,1.,1.,1.,1.,1.,1.,1.,1.,1.,  0000111P0001451
1.,1.,1.,1.,1.,1.,1.,1.,1.,1.,1.,1.,1.,1.,1.,1.,1.,1.,1.,1.,1.,  0000111P0001452
1.,1.,1.,1.,1.,1.,1.,1.,1.,1.,1.,1.,1.,1.,1.,1.,1.,1.,1.,1.,1.,  0000111P0001453
1.,1.,1.,1.,1.,1.,1.,1.,1.,1.,1.,1.,1.,1.,1.,1.,1.,1.,1.,1.,1.,  0000111P0001454
1.,1.,1.,1.,1.,1.,1.,1.,1.,1.,1.,1.,1.,1.,1.,1.,1.,1.,1.,1.,1.,  0000111P0001455
1.,1.,1.,1.,1.,2.05,6.277565151,0.,2.034756803,6.278243865,0.,   0000111P0001456
2.019425187,6.27891631,0.,2.004005941,6.279582531,0.,            0000111P0001457
1.973249986,6.280891721,0.,1.95791612,6.281534893,0.,            0000111P0001458
1.942499118,6.282172138,0.,1.911743578,6.283424974,0.,           0000111P0001459
1.896407599,6.284040747,0.,1.88099271,6.284650874,0.,            0000111P0001460
1.850237549,6.285850929,0.,1.834899585,6.286441024,0.,           0000111P0001461
1.819486686,6.287025734,0.,1.788731874,6.288176286,0.,           0000111P0001462
1.773392041,6.288742278,0.,1.757981019,6.289303132,0.,           0000111P0001463
1.727226526,6.290407191,0.,1.711884936,6.290950531,0.,           0000111P0001464
1.696475683,6.291488967,0.,1.665721484,6.292549303,0.,           0000111P0001465
1.650378239,6.293071327,0.,1.634970655,6.293588667,0.,           0000111P0001466
1.604216728,6.294607834,0.,1.588871921,6.295109775,0.,           0000111P0001467
1.573465914,6.295607238,0.,1.542712237,6.296587595,0.,           0000111P0001468
1.527365958,6.297070592,0.,1.511961441,6.297549306,0.,           0000111P0001469
1.481207995,6.298493035,0.,1.465860327,6.298958141,0.,           0000111P0001470
1.450457218,6.299419151,0.,1.419703986,6.300328271,0.,           0000111P0001471
1.404355004,6.300776465,0.,1.388953228,6.301220738,0.,           0000111P0001472
1.358200193,6.302097123,0.,1.342849971,6.302529312,0.,           0000111P0001473
1.327449456,6.302957746,0.,1.296696604,6.303803137,0.,           0000111P0001474
1.281345209,6.304220165,0.,1.265945888,6.304633594,0.,           0000111P0001475
1.235193207,6.305449611,0.,1.2198407,6.305852263,0.,1.204442511, 0000111P0001476
6.306251464,0.,1.173689988,6.307039614,0.,1.15833643,            0000111P0001477
6.307428622,0.,1.142939313,6.30781432,0.,1.112186936,6.30857601, 0000111P0001478
0.,1.096832383,6.308952057,0.,1.081436283,6.309324926,0.,        0000111P0001479
1.050684043,6.31006147,0.,1.035328545,6.310425194,0.,            0000111P0001480
1.019933411,6.310785866,0.,0.989181298,6.31149849,0.,            0000111P0001481
0.973824905,6.311850488,0.,0.958430687,6.312199554,0.,           0000111P0001482
0.927678693,6.312889407,0.,0.912321451,6.313230237,0.,           0000111P0001483
0.896928102,6.313568249,0.,0.866176219,6.314236409,0.,           0000111P0001484
0.85081817,6.314566595,0.,0.835425648,6.314894071,0.,            0000111P0001485
0.804673869,6.315541546,0.,0.789315055,6.315861579,0.,           0000111P0001486
0.773923318,6.316179006,0.,0.743171636,6.316806744,0.,           0000111P0001487
0.727812094,6.317117086,0.,0.712421104,6.317424921,0.,           0000111P0001488
0.681669513,6.318033811,0.,0.66630928,6.318334897,0.,0.650919,   0000111P0001489
6.318633568,0.,0.620167493,6.31922445,0.,0.604806604,            0000111P0001490
6.319516687,0.,0.589416999,6.319806599,0.,0.558665572,           0000111P0001491
6.320380259,0.,0.543304058,6.320664033,0.,0.527915096,           0000111P0001492
6.320945567,0.,0.497163744,6.32150275,0.,0.481801635,            0000111P0001493
6.321778423,0.,0.466413285,6.322051936,0.,0.435662004,           0000111P0001494
6.322593343,0.,0.420299329,6.322861258,0.,0.404911562,           0000111P0001495
6.323127089,0.,0.374160347,6.323653381,0.,0.358797133,           0000111P0001496
6.323913861,0.,0.343409921,6.324172331,0.,0.312658768,           0000111P0001497
6.324684133,0.,0.297295042,6.324937483,0.,0.281908359,           0000111P0001498
6.325188894,0.,0.251157264,6.325686798,0.,0.235793049,           0000111P0001499
6.325933307,0.,0.22040687,6.326177944,0.,0.189655831,            0000111P0001500
6.326662509,0.,0.17429115,6.326902451,0.,0.158905452,            0000111P0001501
6.327140585,0.,0.128154464,6.32761234,0.,0.11278934,6.327845974, 0000111P0001502
0.,9.740409973E-02,6.328077862,0.,6.155072273E-02,6.328613544,   0000111P0001503
0.,4.106752997E-02,6.328916025,0.,2.055035468E-02,6.329215523,   0000111P0001504
0.,0.,6.32951209,0.,0.,1.,0.,0.,1.;                              0000111P0001505
S      1G      4D    112P   1505                                        T0000001
