                                                                        S0000001
,,31HOpen CASCADE IGES processor 7.9,13HFilename.iges,                  G0000001
16HOpen CASCADE 7.9,31HOpen CASCADE IGES processor 7.9,32,308,15,308,15,G0000002
,1.,2,2HMM,1,0.01,15H20261004.214557,1E-07,10.002114,7Hjiayuxu,,11,0,   G0000003
15H20261004.214557,;                                                    G0000004
     186       1       0       0       0       0       0       000000000D0000001
     186       0       0       1       0                               0D0000002
     514       2       0       0       0       0       0       000010000D0000003
     514       0       0       2       1                               0D0000004
     510       4       0       0       0       0       0       000010000D0000005
     510       0       0       1       1                               0D0000006
     192       5       0       0       0       0       0       000010000D0000007
     192       0       0       1       1                               0D0000008
     116       6       0       0       0       0       0       000010400D0000009
     116       0       0       1       0                               0D0000010
     123       7       0       0       0       0       0       000010200D0000011
     123       0       0       1       0                               0D0000012
     123       8       0       0       0       0       0       000010200D0000013
     123       0       0       1       0                               0D0000014
     508       9       0       0       0       0       0       000010000D0000015
     508       0       0       2       1                               0D0000016
     504      11       0       0       0       0       0       000010001D0000017
     504       0       0       8       1                               0D0000018
     100      19       0       0       0       0      21       000010000D0000019
     100       0       0       1       0                               0D0000020
     124      20       0       0       0       0       0       000000000D0000021
     124       0       0       1       0                               0D0000022
     502      21       0       0       0       0       0       000010000D0000023
     502       0       0      13       1                               0D0000024
     110      34       0       0       0       0       0       000010000D0000025
     110       0       0       1       0                               0D0000026
     100      35       0       0       0       0       0       000010000D0000027
     100       0       0       1       0                               0D0000028
     126      36       0       0       0       0       0       000010000D0000029
     126       0       0      28       0                               0D0000030
     126      64       0       0       0       0       0       000010000D0000031
     126       0       0      28       0                               0D0000032
     126      92       0       0       0       0       0       000010000D0000033
     126       0       0      33       0                               0D0000034
     126     125       0       0       0       0       0       000010000D0000035
     126       0       0      33       0                               0D0000036
     126     158       0       0       0       0       0       000010000D0000037
     126       0       0      28       0                               0D0000038
     126     186       0       0       0       0       0       000010000D0000039
     126       0       0      28       0                               0D0000040
     126     214       0       0       0       0       0       000010000D0000041
     126       0       0      33       0                               0D0000042
     126     247       0       0       0       0       0       000010000D0000043
     126       0       0      33       0                               0D0000044
     100     280       0       0       0       0      47       000010000D0000045
     100       0       0       1       0                               0D0000046
     124     281       0       0       0       0       0       000000000D0000047
     124       0       0       1       0                               0D0000048
     100     282       0       0       0       0       0       000010000D0000049
     100       0       0       1       0                               0D0000050
     110     283       0       0       0       0       0       000010000D0000051
     110       0       0       2       0                               0D0000052
     104     285       0       0       0       0      55       000010000D0000053
     104       0       0       2       1                               0D0000054
     124     287       0       0       0       0       0       000000000D0000055
     124       0       0       2       0                               0D0000056
     104     289       0       0       0       0      59       000010000D0000057
     104       0       0       1       1                               0D0000058
     124     290       0       0       0       0       0       000000000D0000059
     124       0       0       2       0                               0D0000060
     104     292       0       0       0       0      63       000010000D0000061
     104       0       0       2       1                               0D0000062
     124     294       0       0       0       0       0       000000000D0000063
     124       0       0       2       0                               0D0000064
     110     296       0       0       0       0       0       000010000D0000065
     110       0       0       2       0                               0D0000066
     126     298       0       0       0       0       0       000010000D0000067
     126       0       0      33       0                               0D0000068
     126     331       0       0       0       0       0       000010000D0000069
     126       0       0      33       0                               0D0000070
     126     364       0       0       0       0       0       000010000D0000071
     126       0       0      28       0                               0D0000072
     126     392       0       0       0       0       0       000010000D0000073
     126       0       0      28       0                               0D0000074
     110     420       0       0       0       0       0       000010000D0000075
     110       0       0       1       0                               0D0000076
     100     421       0       0       0       0      79       000010000D0000077
     100       0       0       1       0                               0D0000078
     124     422       0       0       0       0       0       000000000D0000079
     124       0       0       1       0                               0D0000080
     104     423       0       0       0       0      83       000010000D0000081
     104       0       0       2       1                               0D0000082
     124     425       0       0       0       0       0       000000000D0000083
     124       0       0       2       0                               0D0000084
     110     427       0       0       0       0       0       000010000D0000085
     110       0       0       2       0                               0D0000086
     104     429       0       0       0       0      89       000010000D0000087
     104       0       0       2       1                               0D0000088
     124     431       0       0       0       0       0       000000000D0000089
     124       0       0       2       0                               0D0000090
     104     433       0       0       0       0      93       000010000D0000091
     104       0       0       2       1                               0D0000092
     124     435       0       0       0       0       0       000000000D0000093
     124       0       0       2       0                               0D0000094
     104     437       0       0       0       0      97       000010000D0000095
     104       0       0       2       1                               0D0000096
     124     439       0       0       0       0       0       000000000D0000097
     124       0       0       2       0                               0D0000098
     110     441       0       0       0       0       0       000010000D0000099
     110       0       0       2       0                               0D0000100
     110     443       0       0       0       0       0       000010000D0000101
     110       0       0       1       0                               0D0000102
     100     444       0       0       0       0     105       000010000D0000103
     100       0       0       1       0                               0D0000104
     124     445       0       0       0       0       0       000000000D0000105
     124       0       0       1       0                               0D0000106
     100     446       0       0       0       0     109       000010000D0000107
     100       0       0       2       0                               0D0000108
     124     448       0       0       0       0       0       000000000D0000109
     124       0       0       2       0                               0D0000110
     100     450       0       0       0       0     113       000010000D0000111
     100       0       0       2       0                               0D0000112
     124     452       0       0       0       0       0       000000000D0000113
     124       0       0       2       0                               0D0000114
     110     454       0       0       0       0       0       000010000D0000115
     110       0       0       1       0                               0D0000116
     110     455       0       0       0       0       0       000010000D0000117
     110       0       0       1       0                               0D0000118
     110     456       0       0       0       0       0       000010000D0000119
     110       0       0       1       0                               0D0000120
     110     457       0       0       0       0       0       000010000D0000121
     110       0       0       1       0                               0D0000122
     508     458       0       0       0       0       0       000010000D0000123
     508       0       0       2       1                               0D0000124
     126     460       0       0       0       0       0       000010000D0000125
     126       0       0      24       0                               0D0000126
     126     484       0       0       0       0       0       000010000D0000127
     126       0       0      24       0                               0D0000128
     126     508       0       0       0       0       0       000010000D0000129
     126       0       0      28       0                               0D0000130
     126     536       0       0       0       0       0       000010000D0000131
     126       0       0      29       0                               0D0000132
     508     565       0       0       0       0       0       000010000D0000133
     508       0       0       2       1                               0D0000134
     126     567       0       0       0       0       0       000010000D0000135
     126       0       0      24       0                               0D0000136
     126     591       0       0       0       0       0       000010000D0000137
     126       0       0      24       0                               0D0000138
     126     615       0       0       0       0       0       000010000D0000139
     126       0       0      28       0                               0D0000140
     126     643       0       0       0       0       0       000010000D0000141
     126       0       0      29       0                               0D0000142
     510     672       0       0       0       0       0       000010000D0000143
     510       0       0       1       1                               0D0000144
     190     673       0       0       0       0       0       000010000D0000145
     190       0       0       1       1                               0D0000146
     116     674       0       0       0       0       0       000010400D0000147
     116       0       0       1       0                               0D0000148
     123     675       0       0       0       0       0       000010200D0000149
     123       0       0       1       0                               0D0000150
     123     676       0       0       0       0       0       000010200D0000151
     123       0       0       1       0                               0D0000152
     508     677       0       0       0       0       0       000010000D0000153
     508       0       0       1       1                               0D0000154
     508     678       0       0       0       0       0       000010000D0000155
     508       0       0       1       1                               0D0000156
     510     679       0       0       0       0       0       000010000D0000157
     510       0       0       1       1                               0D0000158
     190     680       0       0       0       0       0       000010000D0000159
     190       0       0       1       1                               0D0000160
     116     681       0       0       0       0       0       000010400D0000161
     116       0       0       1       0                               0D0000162
     123     682       0       0       0       0       0       000010200D0000163
     123       0       0       1       0                               0D0000164
     123     683       0       0       0       0       0       000010200D0000165
     123       0       0       1       0                               0D0000166
     508     684       0       0       0       0       0       000010000D0000167
     508       0       0       1       1                               0D0000168
     508     685       0       0       0       0       0       000010000D0000169
     508       0       0       1       1                               0D0000170
     510     686       0       0       0       0       0       000010000D0000171
     510       0       0       1       1                               0D0000172
     192     687       0       0       0       0       0       000010000D0000173
     192       0       0       1       1                               0D0000174
     116     688       0       0       0       0       0       000010400D0000175
     116       0       0       1       0                               0D0000176
     123     689       0       0       0       0       0       000010200D0000177
     123       0       0       1       0                               0D0000178
     123     690       0       0       0       0       0       000010200D0000179
     123       0       0       1       0                               0D0000180
     508     691       0       0       0       0       0       000010000D0000181
     508       0       0       3       1                               0D0000182
     126     694       0       0       0       0       0       000010000D0000183
     126       0       0      28       0                               0D0000184
     110     722       0       0       0       0       0       000010000D0000185
     110       0       0       1       0                               0D0000186
     126     723       0       0       0       0       0       000010000D0000187
     126       0       0       9       0                               0D0000188
     126     732       0       0       0       0       0       000010000D0000189
     126       0       0      11       0                               0D0000190
     126     743       0       0       0       0       0       000010000D0000191
     126       0       0       8       0                               0D0000192
     110     751       0       0       0       0       0       000010000D0000193
     110       0       0       1       0                               0D0000194
     126     752       0       0       0       0       0       000010000D0000195
     126       0       0      24       0                               0D0000196
     126     776       0       0       0       0       0       000010000D0000197
     126       0       0      24       0                               0D0000198
     126     800       0       0       0       0       0       000010000D0000199
     126       0       0      28       0                               0D0000200
     510     828       0       0       0       0       0       000010000D0000201
     510       0       0       1       1                               0D0000202
     192     829       0       0       0       0       0       000010000D0000203
     192       0       0       1       1                               0D0000204
     116     830       0       0       0       0       0       000010400D0000205
     116       0       0       1       0                               0D0000206
     123     831       0       0       0       0       0       000010200D0000207
     123       0       0       1       0                               0D0000208
     123     832       0       0       0       0       0       000010200D0000209
     123       0       0       1       0                               0D0000210
     508     833       0       0       0       0       0       000010000D0000211
     508       0       0       3       1                               0D0000212
     126     836       0       0       0       0       0       000010000D0000213
     126       0       0      28       0                               0D0000214
     110     864       0       0       0       0       0       000010000D0000215
     110       0       0       1       0                               0D0000216
     126     865       0       0       0       0       0       000010000D0000217
     126       0       0      28       0                               0D0000218
     126     893       0       0       0       0       0       000010000D0000219
     126       0       0      29       0                               0D0000220
     126     922       0       0       0       0       0       000010000D0000221
     126       0       0      24       0                               0D0000222
     126     946       0       0       0       0       0       000010000D0000223
     126       0       0      24       0                               0D0000224
     110     970       0       0       0       0       0       000010000D0000225
     110       0       0       1       0                               0D0000226
     126     971       0       0       0       0       0       000010000D0000227
     126       0       0      24       0                               0D0000228
     126     995       0       0       0       0       0       000010000D0000229
     126       0       0      24       0                               0D0000230
     126    1019       0       0       0       0       0       000010000D0000231
     126       0       0      28       0                               0D0000232
     510    1047       0       0       0       0       0       000010000D0000233
     510       0       0       1       1                               0D0000234
     192    1048       0       0       0       0       0       000010000D0000235
     192       0       0       1       1                               0D0000236
     116    1049       0       0       0       0       0       000010400D0000237
     116       0       0       1       0                               0D0000238
     123    1050       0       0       0       0       0       000010200D0000239
     123       0       0       1       0                               0D0000240
     123    1051       0       0       0       0       0       000010200D0000241
     123       0       0       1       0                               0D0000242
     508    1052       0       0       0       0       0       000010000D0000243
     508       0       0       2       1                               0D0000244
     110    1054       0       0       0       0       0       000010000D0000245
     110       0       0       1       0                               0D0000246
     110    1055       0       0       0       0       0       000010000D0000247
     110       0       0       1       0                               0D0000248
     110    1056       0       0       0       0       0       000010000D0000249
     110       0       0       1       0                               0D0000250
     110    1057       0       0       0       0       0       000010000D0000251
     110       0       0       1       0                               0D0000252
     508    1058       0       0       0       0       0       000010000D0000253
     508       0       0       1       1                               0D0000254
     126    1059       0       0       0       0       0       000010000D0000255
     126       0       0      11       0                               0D0000256
     126    1070       0       0       0       0       0       000010000D0000257
     126       0       0       9       0                               0D0000258
     126    1079       0       0       0       0       0       000010000D0000259
     126       0       0       8       0                               0D0000260
     508    1087       0       0       0       0       0       000010000D0000261
     508       0       0       1       1                               0D0000262
     126    1088       0       0       0       0       0       000010000D0000263
     126       0       0       9       0                               0D0000264
     126    1097       0       0       0       0       0       000010000D0000265
     126       0       0       3       0                               0D0000266
     126    1100       0       0       0       0       0       000010000D0000267
     126       0       0      10       0                               0D0000268
     508    1110       0       0       0       0       0       000010000D0000269
     508       0       0       1       1                               0D0000270
     126    1111       0       0       0       0       0       000010000D0000271
     126       0       0      10       0                               0D0000272
     126    1121       0       0       0       0       0       000010000D0000273
     126       0       0       9       0                               0D0000274
     126    1130       0       0       0       0       0       000010000D0000275
     126       0       0       3       0                               0D0000276
     510    1133       0       0       0       0       0       000010000D0000277
     510       0       0       1       1                               0D0000278
     192    1134       0       0       0       0       0       000010000D0000279
     192       0       0       1       1                               0D0000280
     116    1135       0       0       0       0       0       000010400D0000281
     116       0       0       1       0                               0D0000282
     123    1136       0       0       0       0       0       000010200D0000283
     123       0       0       1       0                               0D0000284
     123    1137       0       0       0       0       0       000010200D0000285
     123       0       0       1       0                               0D0000286
     508    1138       0       0       0       0       0       000010000D0000287
     508       0       0       2       1                               0D0000288
     110    1140       0       0       0       0       0       000010000D0000289
     110       0       0       1       0                               0D0000290
     110    1141       0       0       0       0       0       000010000D0000291
     110       0       0       1       0                               0D0000292
     110    1142       0       0       0       0       0       000010000D0000293
     110       0       0       1       0                               0D0000294
     110    1143       0       0       0       0       0       000010000D0000295
     110       0       0       1       0                               0D0000296
     508    1144       0       0       0       0       0       000010000D0000297
     508       0       0       2       1                               0D0000298
     126    1146       0       0       0       0       0       000010000D0000299
     126       0       0      28       0                               0D0000300
     126    1174       0       0       0       0       0       000010000D0000301
     126       0       0      29       0                               0D0000302
     126    1203       0       0       0       0       0       000010000D0000303
     126       0       0      24       0                               0D0000304
     126    1227       0       0       0       0       0       000010000D0000305
     126       0       0      24       0                               0D0000306
     510    1251       0       0       0       0       0       000010000D0000307
     510       0       0       1       1                               0D0000308
     190    1252       0       0       0       0       0       000010000D0000309
     190       0       0       1       1                               0D0000310
     116    1253       0       0       0       0       0       000010400D0000311
     116       0       0       1       0                               0D0000312
     123    1254       0       0       0       0       0       000010200D0000313
     123       0       0       1       0                               0D0000314
     123    1255       0       0       0       0       0       000010200D0000315
     123       0       0       1       0                               0D0000316
     508    1256       0       0       0       0       0       000010000D0000317
     508       0       0       1       1                               0D0000318
     508    1257       0       0       0       0       0       000010000D0000319
     508       0       0       1       1                               0D0000320
     510    1258       0       0       0       0       0       000010000D0000321
     510       0       0       1       1                               0D0000322
     192    1259       0       0       0       0       0       000010000D0000323
     192       0       0       1       1                               0D0000324
     116    1260       0       0       0       0       0       000010400D0000325
     116       0       0       1       0                               0D0000326
     123    1261       0       0       0       0       0       000010200D0000327
     123       0       0       1       0                               0D0000328
     123    1262       0       0       0       0       0       000010200D0000329
     123       0       0       1       0                               0D0000330
     508    1263       0       0       0       0       0       000010000D0000331
     508       0       0       1       1                               0D0000332
     126    1264       0       0       0       0       0       000010000D0000333
     126       0       0      10       0                               0D0000334
     126    1274       0       0       0       0       0       000010000D0000335
     126       0       0      10       0                               0D0000336
     110    1284       0       0       0       0       0       000010000D0000337
     110       0       0       1       0                               0D0000338
     510    1285       0       0       0       0       0       000010000D0000339
     510       0       0       1       1                               0D0000340
     190    1286       0       0       0       0       0       000010000D0000341
     190       0       0       1       1                               0D0000342
     116    1287       0       0       0       0       0       000010400D0000343
     116       0       0       1       0                               0D0000344
     123    1288       0       0       0       0       0       000010200D0000345
     123       0       0       1       0                               0D0000346
     123    1289       0       0       0       0       0       000010200D0000347
     123       0       0       1       0                               0D0000348
     508    1290       0       0       0       0       0       000010000D0000349
     508       0       0       1       1                               0D0000350
     510    1291       0       0       0       0       0       000010000D0000351
     510       0       0       1       1                               0D0000352
     192    1292       0       0       0       0       0       000010000D0000353
     192       0       0       1       1                               0D0000354
     116    1293       0       0       0       0       0       000010400D0000355
     116       0       0       1       0                               0D0000356
     123    1294       0       0       0       0       0       000010200D0000357
     123       0       0       1       0                               0D0000358
     123    1295       0       0       0       0       0       000010200D0000359
     123       0       0       1       0                               0D0000360
     508    1296       0       0       0       0       0       000010000D0000361
     508       0       0       1       1                               0D0000362
     126    1297       0       0       0       0       0       000010000D0000363
     126       0       0      10       0                               0D0000364
     126    1307       0       0       0       0       0       000010000D0000365
     126       0       0      10       0                               0D0000366
     110    1317       0       0       0       0       0       000010000D0000367
     110       0       0       1       0                               0D0000368
     510    1318       0       0       0       0       0       000010000D0000369
     510       0       0       1       1                               0D0000370
     190    1319       0       0       0       0       0       000010000D0000371
     190       0       0       1       1                               0D0000372
     116    1320       0       0       0       0       0       000010400D0000373
     116       0       0       1       0                               0D0000374
     123    1321       0       0       0       0       0       000010200D0000375
     123       0       0       1       0                               0D0000376
     123    1322       0       0       0       0       0       000010200D0000377
     123       0       0       1       0                               0D0000378
     508    1323       0       0       0       0       0       000010000D0000379
     508       0       0       1       1                               0D0000380
186,3,1,0;                                                       0000001P0000001
514,12,5,1,143,0,157,1,171,0,201,0,233,0,277,0,307,0,321,0,339,  0000003P0000002
1,351,0,369,1;                                                   0000003P0000003
510,7,3,1,15,123,133;                                            0000005P0000004
192,9,11,3.,13;                                                  0000007P0000005
116,0.,0.,0.,0;                                                  0000009P0000006
123,-0.,-0.,-1.;                                                 0000011P0000007
123,1.,0.,0.;                                                    0000013P0000008
508,4,0,17,1,0,1,0,115,0,17,2,0,1,0,117,0,17,3,1,1,0,119,0,17,2, 0000015P0000009
1,1,0,121;                                                       0000015P0000010
504,34,19,23,1,23,1,25,23,2,23,1,27,23,2,23,2,29,23,3,23,4,31,   0000017P0000011
23,5,23,4,33,23,6,23,5,35,23,6,23,3,37,23,7,23,8,39,23,9,23,8,   0000017P0000012
41,23,10,23,9,43,23,10,23,7,45,23,11,23,11,49,23,12,23,12,51,23, 0000017P0000013
13,23,3,53,23,14,23,13,57,23,14,23,15,61,23,13,23,15,65,23,16,   0000017P0000014
23,7,67,23,17,23,16,69,23,17,23,18,71,23,18,23,19,73,23,16,23,   0000017P0000015
19,75,23,20,23,11,77,23,20,23,20,81,23,21,23,14,85,23,21,23,22,  0000017P0000016
87,23,22,23,14,91,23,15,23,23,95,23,15,23,24,99,23,23,23,24,101, 0000017P0000017
23,12,23,25,103,23,25,23,25,107,23,22,23,21,111,23,23,23,24;     0000017P0000018
100,0.,0.,0.,3.,0.,3.,0.;                                        0000019P0000019
124,1.,0.,0.,0.,0.,1.,0.,0.,0.,0.,1.,10.;                        0000021P0000020
502,25,3.,0.,10.,3.,0.,0.,-3.,-3.673940397E-16,9.397581273,      0000023P0000021
-2.598076211,-1.5,7.897581273,-3.,2.498001805E-16,6.397581273,   0000023P0000022
-2.598076211,1.5,7.897581273,-3.,-3.673940397E-16,3.397581273,   0000023P0000023
-2.598076211,-1.5,1.897581273,-3.,2.775557562E-16,0.397581273,   0000023P0000024
-2.598076211,1.5,1.897581273,1.5,-3.673940397E-16,10.,2.,        0000023P0000025
-4.898587197E-16,0.,-1.5,-3.673940397E-16,9.397581273,           0000023P0000026
1.836970199E-16,1.5,7.897581273,-1.836970199E-16,-1.5,           0000023P0000027
7.897581273,-2.,-3.673940397E-16,3.397581273,-1.322875656,1.5,   0000023P0000028
1.897581273,-2.,1.942890293E-16,0.397581273,-1.322875656,-1.5,   0000023P0000029
1.897581273,1.5,-3.673940397E-16,5.,7.15625782E-02,1.49829196,   0000023P0000030
7.826018695,7.15625782E-02,1.49829196,7.969143852,               0000023P0000031
7.15625782E-02,-1.49829196,7.826018695,7.15625782E-02,           0000023P0000032
-1.49829196,7.969143852,2.,-4.898587197E-16,5.;                  0000023P0000033
110,3.,0.,0.,3.,0.,10.;                                          0000025P0000034
100,0.,0.,0.,3.,0.,3.,0.;                                        0000027P0000035
126,31,6,0,0,1,0,0.,0.,0.,0.,0.,0.,0.,0.14712718,0.14712718,     0000029P0000036
0.14712718,0.14712718,0.14712718,0.321493134,0.321493134,        0000029P0000037
0.321493134,0.321493134,0.321493134,0.488033659,0.488033659,     0000029P0000038
0.488033659,0.488033659,0.488033659,0.621741737,0.621741737,     0000029P0000039
0.621741737,0.621741737,0.621741737,0.806705609,0.806705609,     0000029P0000040
0.806705609,0.806705609,0.806705609,1.,1.,1.,1.,1.,1.,1.,1.,1.,  0000029P0000041
1.,1.,1.,1.,1.,1.,1.,1.,1.,1.,1.,1.,1.,1.,1.,1.,1.,1.,1.,1.,1.,  0000029P0000042
1.,1.,1.,1.,1.,1.,1.,1.,1.,-3.,0.,9.397581273,-2.999999997,      0000029P0000043
-6.718087681E-02,9.397581267,-2.998194794,-0.134076832,          0000029P0000044
9.393970112,-2.994612638,-0.200136119,9.386807889,-2.989373488,  0000029P0000045
-0.264804002,9.37627867,-2.982686014,-0.327514953,9.36271387,    0000029P0000046
-2.965551469,-0.458994452,9.327536919,-2.954597771,-0.527038358, 0000029P0000047
9.304819794,-2.942307919,-0.591854402,9.278959771,-2.928966953,  0000029P0000048
-0.653519981,9.250361571,-2.914819677,-0.712142701,9.219344561,  0000029P0000049
-2.885981868,-0.821059216,9.154441718,-2.871320707,-0.87169797,  0000029P0000050
9.120694283,-2.856247982,-0.919909743,9.085069224,-2.840895445,  0000029P0000051
-0.965829631,9.047666242,-2.825371044,-1.009584922,9.00850772,   0000029P0000052
-2.797235663,-1.084781547,8.934621769,-2.784663919,-1.116922684, 0000029P0000053
8.900569236,-2.772099339,-1.147775432,8.865340144,-2.759595095,  0000029P0000054
-1.177367219,8.828897698,-2.747210797,-1.205700485,8.791192952,  0000029P0000055
-2.718144714,-1.270186947,8.698169368,-2.701652468,-1.305136139, 0000029P0000056
8.641693517,-2.685678798,-1.337656058,8.582443216,-2.670439872,  0000029P0000057
-1.367594721,8.52015109,-2.656246656,-1.394661309,8.45458215,    0000029P0000058
-2.630185721,-1.443231254,8.313399297,-2.618220062,-1.46486057,  0000029P0000059
8.236212682,-2.608470645,-1.481996219,8.155146103,-2.601609403,  0000029P0000060
-1.493880345,8.071152292,-2.598076211,-1.5,7.985042316,          0000029P0000061
-2.598076211,-1.5,7.897581273,0.,1.,0.976202533,0.144541376,     0000029P0000062
0.161667576;                                                     0000029P0000063
126,31,6,0,0,1,0,0.,0.,0.,0.,0.,0.,0.,0.147127183,0.147127183,   0000031P0000064
0.147127183,0.147127183,0.147127183,0.321493136,0.321493136,     0000031P0000065
0.321493136,0.321493136,0.321493136,0.48803366,0.48803366,       0000031P0000066
0.48803366,0.48803366,0.48803366,0.621741738,0.621741738,        0000031P0000067
0.621741738,0.621741738,0.621741738,0.806705609,0.806705609,     0000031P0000068
0.806705609,0.806705609,0.806705609,1.,1.,1.,1.,1.,1.,1.,1.,1.,  0000031P0000069
1.,1.,1.,1.,1.,1.,1.,1.,1.,1.,1.,1.,1.,1.,1.,1.,1.,1.,1.,1.,1.,  0000031P0000070
1.,1.,1.,1.,1.,1.,1.,1.,1.,-3.,2.220446049E-16,6.397581273,-3.,  0000031P0000071
-6.718081228E-02,6.397581273,-2.99819479,-0.134076891,           0000031P0000072
6.401192442,-2.994612636,-0.200136152,6.408354661,-2.98937349,   0000031P0000073
-0.264803961,6.418883871,-2.982686014,-0.327514952,6.432448676,  0000031P0000074
-2.965551469,-0.458994452,6.467625628,-2.954597771,-0.527038358, 0000031P0000075
6.490342753,-2.942307919,-0.591854402,6.516202776,-2.928966953,  0000031P0000076
-0.653519981,6.544800976,-2.914819677,-0.712142701,6.575817986,  0000031P0000077
-2.885981868,-0.821059216,6.640720829,-2.871320707,-0.87169797,  0000031P0000078
6.674468263,-2.856247982,-0.919909743,6.710093322,-2.840895445,  0000031P0000079
-0.965829631,6.747496304,-2.825371044,-1.009584922,6.786654827,  0000031P0000080
-2.797235663,-1.084781547,6.860540777,-2.784663919,-1.116922684, 0000031P0000081
6.894593311,-2.772099339,-1.147775432,6.929822403,-2.759595095,  0000031P0000082
-1.177367219,6.966264849,-2.747210797,-1.205700485,7.003969595,  0000031P0000083
-2.718144714,-1.270186947,7.096993178,-2.701652468,-1.305136139, 0000031P0000084
7.153469029,-2.685678798,-1.337656058,7.21271933,-2.670439872,   0000031P0000085
-1.367594721,7.275011457,-2.656246656,-1.394661309,7.340580397,  0000031P0000086
-2.630185721,-1.443231254,7.48176325,-2.618220062,-1.46486057,   0000031P0000087
7.558949865,-2.608470645,-1.481996219,7.640016443,-2.601609403,  0000031P0000088
-1.493880345,7.724010255,-2.598076211,-1.5,7.810120231,          0000031P0000089
-2.598076211,-1.5,7.897581273,0.,1.,-0.976202533,-0.144541376,   0000031P0000090
0.161667576;                                                     0000031P0000091
126,37,7,0,0,1,0,0.,0.,0.,0.,0.,0.,0.,0.,3.650824195E-02,        0000033P0000092
3.650824195E-02,3.650824195E-02,3.650824195E-02,3.650824195E-02, 0000033P0000093
3.650824195E-02,0.105655199,0.105655199,0.105655199,0.105655199, 0000033P0000094
0.105655199,0.105655199,0.204966279,0.204966279,0.204966279,     0000033P0000095
0.204966279,0.204966279,0.204966279,0.410146356,0.410146356,     0000033P0000096
0.410146356,0.410146356,0.410146356,0.410146356,0.691245275,     0000033P0000097
0.691245275,0.691245275,0.691245275,0.691245275,0.691245275,1.,  0000033P0000098
1.,1.,1.,1.,1.,1.,1.,1.,1.,1.,1.,1.,1.,1.,1.,1.,1.,1.,1.,1.,1.,  0000033P0000099
1.,1.,1.,1.,1.,1.,1.,1.,1.,1.,1.,1.,1.,1.,1.,1.,1.,1.,1.,1.,1.,  0000033P0000100
1.,1.,1.,-2.598076211,1.5,7.897581273,-2.598076211,1.5,          0000033P0000101
7.883637816,-2.598163524,1.499848773,7.86969426,-2.598338131,    0000033P0000102
1.499546343,7.855758894,-2.598599711,1.499093143,7.84183978,     0000033P0000103
-2.598947633,1.49849001,7.827944758,-2.599380961,1.497738193,    0000033P0000104
7.814081439,-2.600878592,1.49513692,7.774073985,-2.602160075,    0000033P0000105
1.492908259,7.748047759,-2.603734543,1.490164106,7.722210776,    0000033P0000106
-2.605591205,1.486918506,7.696596433,-2.607716843,1.483188807,   0000033P0000107
7.671239284,-2.610095809,1.47899566,7.646175039,-2.616464654,    0000033P0000108
1.467709468,7.58591611,-2.62070423,1.460150368,7.551075508,      0000033P0000109
-2.625385808,1.45173942,7.516927883,-2.630466462,1.442528374,    0000033P0000110
7.483483418,-2.635903478,1.432568001,7.450753261,-2.641654542,   0000033P0000111
1.421909064,7.418749453,-2.660122427,1.387245163,7.322891085,    0000033P0000112
-2.673763741,1.361061314,7.261274119,-2.688300502,1.332376505,   0000033P0000113
7.202490738,-2.703489995,1.301419849,7.146369081,-2.719147744,   0000033P0000114
1.268331399,7.092716561,-2.735141827,1.233150117,7.041326882,    0000033P0000115
-2.773631037,1.144590155,6.924388845,-2.796261869,1.089479394,   0000033P0000116
6.860880211,-2.818976664,1.030399111,6.80104684,-2.841526462,    0000033P0000117
0.967135736,6.744698127,-2.863638796,0.899363195,6.691850362,    0000033P0000118
-2.884962724,0.826712508,6.642742932,-2.927074057,0.663351591,   0000033P0000119
6.548617179,-2.948239235,0.569097907,6.503052229,-2.967233787,   0000033P0000120
0.467031082,6.463555638,-2.982857507,0.358084153,6.431866789,    0000033P0000121
-2.994068158,0.24323154,6.409444841,-3.,0.123504385,6.397581273, 0000033P0000122
-3.,2.755455298E-16,6.397581273,0.,1.,-0.976116816,0.143358624,  0000033P0000123
0.163230719;                                                     0000033P0000124
126,37,7,0,0,1,0,0.,0.,0.,0.,0.,0.,0.,0.,3.650824502E-02,        0000035P0000125
3.650824502E-02,3.650824502E-02,3.650824502E-02,3.650824502E-02, 0000035P0000126
3.650824502E-02,0.105655208,0.105655208,0.105655208,0.105655208, 0000035P0000127
0.105655208,0.105655208,0.204966296,0.204966296,0.204966296,     0000035P0000128
0.204966296,0.204966296,0.204966296,0.410146391,0.410146391,     0000035P0000129
0.410146391,0.410146391,0.410146391,0.410146391,0.691245333,     0000035P0000130
0.691245333,0.691245333,0.691245333,0.691245333,0.691245333,1.,  0000035P0000131
1.,1.,1.,1.,1.,1.,1.,1.,1.,1.,1.,1.,1.,1.,1.,1.,1.,1.,1.,1.,1.,  0000035P0000132
1.,1.,1.,1.,1.,1.,1.,1.,1.,1.,1.,1.,1.,1.,1.,1.,1.,1.,1.,1.,1.,  0000035P0000133
1.,1.,1.,-2.598076211,1.5,7.897581273,-2.598076211,1.5,          0000035P0000134
7.91152473,-2.598163524,1.499848773,7.925468287,-2.598338131,    0000035P0000135
1.499546343,7.939403653,-2.598599711,1.499093143,7.953322766,    0000035P0000136
-2.598947633,1.49849001,7.967217789,-2.599380961,1.497738193,    0000035P0000137
7.981081108,-2.600878592,1.49513692,8.021088562,-2.602160075,    0000035P0000138
1.492908259,8.047114787,-2.603734543,1.490164106,8.072951771,    0000035P0000139
-2.605591205,1.486918506,8.098566114,-2.607716843,1.483188807,   0000035P0000140
8.123923262,-2.610095809,1.47899566,8.148987507,-2.616464654,    0000035P0000141
1.467709468,8.209246437,-2.62070423,1.460150368,8.244087039,     0000035P0000142
-2.625385808,1.45173942,8.278234663,-2.630466462,1.442528374,    0000035P0000143
8.311679129,-2.635903478,1.432568001,8.344409285,-2.641654542,   0000035P0000144
1.421909064,8.376413093,-2.660122427,1.387245163,8.472271461,    0000035P0000145
-2.673763741,1.361061314,8.533888428,-2.688300502,1.332376505,   0000035P0000146
8.592671809,-2.703489995,1.301419849,8.648793465,-2.719147744,   0000035P0000147
1.268331399,8.702445986,-2.735141827,1.233150117,8.753835664,    0000035P0000148
-2.773631037,1.144590155,8.870773702,-2.796261869,1.089479394,   0000035P0000149
8.934282336,-2.818976664,1.030399111,8.994115707,-2.841526462,   0000035P0000150
0.967135736,9.05046442,-2.863638796,0.899363195,9.103312185,     0000035P0000151
-2.884962724,0.826712508,9.152419615,-2.927074051,0.663351614,   0000035P0000152
9.246545354,-2.948239238,0.569097896,9.292110325,-2.96723379,    0000035P0000153
0.467031077,9.331606914,-2.982857501,0.358084195,9.363295749,    0000035P0000154
-2.994068168,0.243231406,9.385717725,-2.999999994,0.123504493,   0000035P0000155
9.397581261,-3.,1.836970199E-16,9.397581273,0.,1.,0.976116816,   0000035P0000156
-0.143358624,0.163230719;                                        0000035P0000157
126,31,6,0,0,1,0,0.,0.,0.,0.,0.,0.,0.,0.14712718,0.14712718,     0000037P0000158
0.14712718,0.14712718,0.14712718,0.321493134,0.321493134,        0000037P0000159
0.321493134,0.321493134,0.321493134,0.488033659,0.488033659,     0000037P0000160
0.488033659,0.488033659,0.488033659,0.621741737,0.621741737,     0000037P0000161
0.621741737,0.621741737,0.621741737,0.806705609,0.806705609,     0000037P0000162
0.806705609,0.806705609,0.806705609,1.,1.,1.,1.,1.,1.,1.,1.,1.,  0000037P0000163
1.,1.,1.,1.,1.,1.,1.,1.,1.,1.,1.,1.,1.,1.,1.,1.,1.,1.,1.,1.,1.,  0000037P0000164
1.,1.,1.,1.,1.,1.,1.,1.,1.,-3.,0.,3.397581273,-2.999999997,      0000037P0000165
-6.718087681E-02,3.397581267,-2.998194794,-0.134076832,          0000037P0000166
3.393970112,-2.994612638,-0.200136119,3.386807889,-2.989373488,  0000037P0000167
-0.264804002,3.37627867,-2.982686014,-0.327514953,3.36271387,    0000037P0000168
-2.965551469,-0.458994452,3.327536919,-2.954597771,-0.527038358, 0000037P0000169
3.304819794,-2.942307919,-0.591854402,3.278959771,-2.928966953,  0000037P0000170
-0.653519981,3.250361571,-2.914819677,-0.712142701,3.219344561,  0000037P0000171
-2.885981868,-0.821059216,3.154441718,-2.871320707,-0.87169797,  0000037P0000172
3.120694283,-2.856247982,-0.919909743,3.085069224,-2.840895445,  0000037P0000173
-0.965829631,3.047666242,-2.825371044,-1.009584922,3.00850772,   0000037P0000174
-2.797235663,-1.084781547,2.934621769,-2.784663919,-1.116922684, 0000037P0000175
2.900569236,-2.772099339,-1.147775432,2.865340144,-2.759595095,  0000037P0000176
-1.177367219,2.828897698,-2.747210797,-1.205700485,2.791192952,  0000037P0000177
-2.718144714,-1.270186947,2.698169368,-2.701652468,-1.305136139, 0000037P0000178
2.641693517,-2.685678798,-1.337656058,2.582443216,-2.670439872,  0000037P0000179
-1.367594721,2.52015109,-2.656246656,-1.394661309,2.45458215,    0000037P0000180
-2.630185721,-1.443231254,2.313399297,-2.618220062,-1.46486057,  0000037P0000181
2.236212682,-2.608470645,-1.481996219,2.155146103,-2.601609403,  0000037P0000182
-1.493880345,2.071152292,-2.598076211,-1.5,1.985042316,          0000037P0000183
-2.598076211,-1.5,1.897581273,0.,1.,0.976202533,0.144541376,     0000037P0000184
0.161667576;                                                     0000037P0000185
126,31,6,0,0,1,0,0.,0.,0.,0.,0.,0.,0.,0.147127183,0.147127183,   0000039P0000186
0.147127183,0.147127183,0.147127183,0.321493136,0.321493136,     0000039P0000187
0.321493136,0.321493136,0.321493136,0.48803366,0.48803366,       0000039P0000188
0.48803366,0.48803366,0.48803366,0.621741738,0.621741738,        0000039P0000189
0.621741738,0.621741738,0.621741738,0.806705609,0.806705609,     0000039P0000190
0.806705609,0.806705609,0.806705609,1.,1.,1.,1.,1.,1.,1.,1.,1.,  0000039P0000191
1.,1.,1.,1.,1.,1.,1.,1.,1.,1.,1.,1.,1.,1.,1.,1.,1.,1.,1.,1.,1.,  0000039P0000192
1.,1.,1.,1.,1.,1.,1.,1.,1.,-3.,2.220446049E-16,0.397581273,-3.,  0000039P0000193
-6.718081228E-02,0.397581273,-2.99819479,-0.134076891,           0000039P0000194
0.401192442,-2.994612636,-0.200136152,0.408354661,-2.98937349,   0000039P0000195
-0.264803961,0.418883871,-2.982686014,-0.327514952,0.432448676,  0000039P0000196
-2.965551469,-0.458994452,0.467625628,-2.954597771,-0.527038358, 0000039P0000197
0.490342753,-2.942307919,-0.591854402,0.516202776,-2.928966953,  0000039P0000198
-0.653519981,0.544800976,-2.914819677,-0.712142701,0.575817986,  0000039P0000199
-2.885981868,-0.821059216,0.640720829,-2.871320707,-0.87169797,  0000039P0000200
0.674468263,-2.856247982,-0.919909743,0.710093322,-2.840895445,  0000039P0000201
-0.965829631,0.747496304,-2.825371044,-1.009584922,0.786654827,  0000039P0000202
-2.797235663,-1.084781547,0.860540777,-2.784663919,-1.116922684, 0000039P0000203
0.894593311,-2.772099339,-1.147775432,0.929822403,-2.759595095,  0000039P0000204
-1.177367219,0.966264849,-2.747210797,-1.205700485,1.003969595,  0000039P0000205
-2.718144714,-1.270186947,1.096993178,-2.701652468,-1.305136139, 0000039P0000206
1.153469029,-2.685678798,-1.337656058,1.21271933,-2.670439872,   0000039P0000207
-1.367594721,1.275011457,-2.656246656,-1.394661309,1.340580397,  0000039P0000208
-2.630185721,-1.443231254,1.48176325,-2.618220062,-1.46486057,   0000039P0000209
1.558949865,-2.608470645,-1.481996219,1.640016443,-2.601609403,  0000039P0000210
-1.493880345,1.724010255,-2.598076211,-1.5,1.810120231,          0000039P0000211
-2.598076211,-1.5,1.897581273,0.,1.,-0.976202533,-0.144541376,   0000039P0000212
0.161667576;                                                     0000039P0000213
126,37,7,0,0,1,0,0.,0.,0.,0.,0.,0.,0.,0.,3.650824194E-02,        0000041P0000214
3.650824194E-02,3.650824194E-02,3.650824194E-02,3.650824194E-02, 0000041P0000215
3.650824194E-02,0.105655199,0.105655199,0.105655199,0.105655199, 0000041P0000216
0.105655199,0.105655199,0.204966279,0.204966279,0.204966279,     0000041P0000217
0.204966279,0.204966279,0.204966279,0.410146356,0.410146356,     0000041P0000218
0.410146356,0.410146356,0.410146356,0.410146356,0.691245275,     0000041P0000219
0.691245275,0.691245275,0.691245275,0.691245275,0.691245275,1.,  0000041P0000220
1.,1.,1.,1.,1.,1.,1.,1.,1.,1.,1.,1.,1.,1.,1.,1.,1.,1.,1.,1.,1.,  0000041P0000221
1.,1.,1.,1.,1.,1.,1.,1.,1.,1.,1.,1.,1.,1.,1.,1.,1.,1.,1.,1.,1.,  0000041P0000222
1.,1.,1.,-2.598076211,1.5,1.897581273,-2.598076211,1.5,          0000041P0000223
1.883637816,-2.598163524,1.499848773,1.86969426,-2.598338131,    0000041P0000224
1.499546343,1.855758894,-2.598599711,1.499093143,1.84183978,     0000041P0000225
-2.598947633,1.49849001,1.827944758,-2.599380961,1.497738193,    0000041P0000226
1.814081439,-2.600878592,1.49513692,1.774073985,-2.602160075,    0000041P0000227
1.492908259,1.748047759,-2.603734543,1.490164106,1.722210776,    0000041P0000228
-2.605591205,1.486918506,1.696596433,-2.607716843,1.483188807,   0000041P0000229
1.671239284,-2.610095809,1.47899566,1.646175039,-2.616464654,    0000041P0000230
1.467709468,1.58591611,-2.62070423,1.460150368,1.551075508,      0000041P0000231
-2.625385808,1.45173942,1.516927883,-2.630466462,1.442528374,    0000041P0000232
1.483483418,-2.635903478,1.432568001,1.450753261,-2.641654542,   0000041P0000233
1.421909064,1.418749453,-2.660122427,1.387245163,1.322891085,    0000041P0000234
-2.673763741,1.361061314,1.261274119,-2.688300502,1.332376505,   0000041P0000235
1.202490738,-2.703489995,1.301419849,1.146369081,-2.719147744,   0000041P0000236
1.268331399,1.092716561,-2.735141827,1.233150117,1.041326882,    0000041P0000237
-2.773631037,1.144590155,0.924388845,-2.796261869,1.089479394,   0000041P0000238
0.860880211,-2.818976664,1.030399111,0.80104684,-2.841526461,    0000041P0000239
0.967135736,0.744698127,-2.863638796,0.899363195,0.691850362,    0000041P0000240
-2.884962724,0.826712508,0.642742932,-2.927074057,0.663351591,   0000041P0000241
0.548617179,-2.948239235,0.569097907,0.503052229,-2.967233787,   0000041P0000242
0.467031082,0.463555638,-2.982857507,0.358084153,0.431866789,    0000041P0000243
-2.994068158,0.24323154,0.409444841,-3.,0.123504385,0.397581273, 0000041P0000244
-3.,2.755455298E-16,0.397581273,0.,1.,-0.976116816,0.143358624,  0000041P0000245
0.163230719;                                                     0000041P0000246
126,37,7,0,0,1,0,0.,0.,0.,0.,0.,0.,0.,0.,3.650824501E-02,        0000043P0000247
3.650824501E-02,3.650824501E-02,3.650824501E-02,3.650824501E-02, 0000043P0000248
3.650824501E-02,0.105655208,0.105655208,0.105655208,0.105655208, 0000043P0000249
0.105655208,0.105655208,0.204966296,0.204966296,0.204966296,     0000043P0000250
0.204966296,0.204966296,0.204966296,0.410146391,0.410146391,     0000043P0000251
0.410146391,0.410146391,0.410146391,0.410146391,0.691245333,     0000043P0000252
0.691245333,0.691245333,0.691245333,0.691245333,0.691245333,1.,  0000043P0000253
1.,1.,1.,1.,1.,1.,1.,1.,1.,1.,1.,1.,1.,1.,1.,1.,1.,1.,1.,1.,1.,  0000043P0000254
1.,1.,1.,1.,1.,1.,1.,1.,1.,1.,1.,1.,1.,1.,1.,1.,1.,1.,1.,1.,1.,  0000043P0000255
1.,1.,1.,-2.598076211,1.5,1.897581273,-2.598076211,1.5,          0000043P0000256
1.91152473,-2.598163524,1.499848773,1.925468287,-2.598338131,    0000043P0000257
1.499546343,1.939403653,-2.598599711,1.499093143,1.953322766,    0000043P0000258
-2.598947633,1.49849001,1.967217789,-2.599380961,1.497738193,    0000043P0000259
1.981081108,-2.600878592,1.49513692,2.021088562,-2.602160075,    0000043P0000260
1.492908259,2.047114787,-2.603734543,1.490164106,2.072951771,    0000043P0000261
-2.605591205,1.486918506,2.098566114,-2.607716843,1.483188807,   0000043P0000262
2.123923262,-2.610095809,1.47899566,2.148987507,-2.616464654,    0000043P0000263
1.467709468,2.209246437,-2.62070423,1.460150368,2.244087039,     0000043P0000264
-2.625385808,1.45173942,2.278234663,-2.630466462,1.442528374,    0000043P0000265
2.311679129,-2.635903478,1.432568001,2.344409285,-2.641654542,   0000043P0000266
1.421909064,2.376413093,-2.660122427,1.387245163,2.472271461,    0000043P0000267
-2.673763741,1.361061314,2.533888428,-2.688300502,1.332376505,   0000043P0000268
2.592671809,-2.703489995,1.301419849,2.648793465,-2.719147744,   0000043P0000269
1.268331399,2.702445986,-2.735141827,1.233150117,2.753835664,    0000043P0000270
-2.773631037,1.144590155,2.870773702,-2.796261869,1.089479394,   0000043P0000271
2.934282336,-2.818976664,1.030399111,2.994115707,-2.841526461,   0000043P0000272
0.967135736,3.05046442,-2.863638796,0.899363195,3.103312185,     0000043P0000273
-2.884962724,0.826712508,3.152419615,-2.927074051,0.663351614,   0000043P0000274
3.246545354,-2.948239238,0.569097896,3.292110325,-2.96723379,    0000043P0000275
0.467031077,3.331606914,-2.982857501,0.358084195,3.363295749,    0000043P0000276
-2.994068168,0.243231406,3.385717725,-2.999999994,0.123504493,   0000043P0000277
3.397581261,-3.,1.836970199E-16,3.397581273,0.,1.,0.976116816,   0000043P0000278
-0.143358624,0.163230719;                                        0000043P0000279
100,0.,0.,0.,1.5,0.,1.5,0.;                                      0000045P0000280
124,1.,0.,0.,0.,0.,1.,0.,0.,0.,0.,1.,10.;                        0000047P0000281
100,0.,0.,0.,2.,0.,2.,0.;                                        0000049P0000282
110,-1.5,-3.673940397E-16,9.397581273,-3.,-3.673940397E-16,      0000051P0000283
9.397581273;                                                     0000051P0000284
104,0.222222222,0.,0.444444444,0.,-0.,-1.,0.,0.,-1.5,            0000053P0000285
2.121320344,-3.673940397E-16;                                    0000053P0000286
124,-0.707106781,0.,0.707106781,0.,0.,-1.,0.,0.,0.707106781,0.,  0000055P0000287
0.707106781,7.897581273;                                         0000055P0000288
104,0.222222222,0.,0.444444444,0.,-0.,-1.,0.,0.,1.5,0.,-1.5;     0000057P0000289
124,0.707106781,0.,-0.707106781,0.,0.,1.,0.,0.,0.707106781,0.,   0000059P0000290
0.707106781,7.897581273;                                         0000059P0000291
104,0.222222222,0.,0.444444444,0.,-0.,-1.,0.,2.121320344,0.,0.,  0000061P0000292
1.5;                                                             0000061P0000293
124,-0.707106781,0.,0.707106781,0.,0.,-1.,0.,0.,0.707106781,0.,  0000063P0000294
0.707106781,7.897581273;                                         0000063P0000295
110,-2.,-3.673940397E-16,3.397581273,-3.,-3.673940397E-16,       0000065P0000296
3.397581273;                                                     0000065P0000297
126,37,7,0,0,1,0,0.,0.,0.,0.,0.,0.,0.,0.,6.076621247E-02,        0000067P0000298
6.076621247E-02,6.076621247E-02,6.076621247E-02,6.076621247E-02, 0000067P0000299
6.076621247E-02,0.140302152,0.140302152,0.140302152,0.140302152, 0000067P0000300
0.140302152,0.140302152,0.231791978,0.231791978,0.231791978,     0000067P0000301
0.231791978,0.231791978,0.231791978,0.364103599,0.364103599,     0000067P0000302
0.364103599,0.364103599,0.364103599,0.364103599,0.629729377,     0000067P0000303
0.629729377,0.629729377,0.629729377,0.629729377,0.629729377,1.,  0000067P0000304
1.,1.,1.,1.,1.,1.,1.,1.,1.,1.,1.,1.,1.,1.,1.,1.,1.,1.,1.,1.,1.,  0000067P0000305
1.,1.,1.,1.,1.,1.,1.,1.,1.,1.,1.,1.,1.,1.,1.,1.,1.,1.,1.,1.,1.,  0000067P0000306
1.,1.,1.,-1.322875656,1.5,1.897581273,-1.322875656,1.5,          0000067P0000307
1.920650921,-1.323345019,1.499586192,1.943709788,-1.324282993,   0000067P0000308
1.498758952,1.966718558,-1.325682839,1.497522572,1.989636421,    0000067P0000309
-1.327531823,1.495885255,2.012421066,-1.329811227,1.493859118,   0000067P0000310
2.035028688,-1.336010842,1.488320275,2.086713749,-1.340218069,   0000067P0000311
1.484544086,2.115612674,-1.345071408,1.48016081,2.144094158,     0000067P0000312
-1.350520343,1.47520053,2.172137111,-1.356510735,1.469695384,    0000067P0000313
2.199716153,-1.362985096,1.463680722,2.226801822,-1.377817329,   0000067P0000314
1.449737218,2.283911414,-1.386322673,1.441646631,2.313805776,    0000067P0000315
-1.395328278,1.432963992,2.34306284,-1.404770568,1.423723684,    0000067P0000316
2.371702925,-1.414593008,1.413954981,2.399747698,-1.4247461,     0000067P0000317
1.403682054,2.427220168,-1.450287467,1.377365722,2.49308265,     0000067P0000318
-1.466005844,1.360776957,2.53091458,-1.482208156,1.34321862,     0000067P0000319
2.567690242,-1.498786825,1.324734801,2.603467069,-1.515659464,   0000067P0000320
1.305348627,2.638310309,-1.53276728,1.285058172,2.672293169,     0000067P0000321
-1.584816987,1.221219903,2.772156151,-1.620388545,1.174801559,   0000067P0000322
2.835730308,-1.656224744,1.124632478,2.896358903,-1.691918831,   0000067P0000323
1.070626247,2.954156304,-1.727131622,1.012562627,3.009162114,    0000067P0000324
-1.761505993,0.950111502,3.061284642,-1.840695598,0.789145577,   0000067P0000325
3.178475704,-1.885694829,0.683258961,3.242634967,-1.926778719,   0000067P0000326
0.56573458,3.299351417,-1.961190947,0.437347628,3.345834623,     0000067P0000327
-1.986382204,0.299208619,3.379424445,-1.999999989,0.152790228,   0000067P0000328
3.397581258,-2.,1.224646799E-16,3.397581273,0.,1.,0.935287985,   0000067P0000329
-0.203410952,0.289586551;                                        0000067P0000330
126,37,7,0,0,1,0,0.,0.,0.,0.,0.,0.,0.,0.,6.076620803E-02,        0000069P0000331
6.076620803E-02,6.076620803E-02,6.076620803E-02,6.076620803E-02, 0000069P0000332
6.076620803E-02,0.140302142,0.140302142,0.140302142,0.140302142, 0000069P0000333
0.140302142,0.140302142,0.231791961,0.231791961,0.231791961,     0000069P0000334
0.231791961,0.231791961,0.231791961,0.364103572,0.364103572,     0000069P0000335
0.364103572,0.364103572,0.364103572,0.364103572,0.629729331,     0000069P0000336
0.629729331,0.629729331,0.629729331,0.629729331,0.629729331,1.,  0000069P0000337
1.,1.,1.,1.,1.,1.,1.,1.,1.,1.,1.,1.,1.,1.,1.,1.,1.,1.,1.,1.,1.,  0000069P0000338
1.,1.,1.,1.,1.,1.,1.,1.,1.,1.,1.,1.,1.,1.,1.,1.,1.,1.,1.,1.,1.,  0000069P0000339
1.,1.,1.,-1.322875656,1.5,1.897581273,-1.322875656,1.5,          0000069P0000340
1.874511626,-1.323345019,1.499586192,1.851452759,-1.324282993,   0000069P0000341
1.498758952,1.828443988,-1.325682839,1.497522572,1.805526126,    0000069P0000342
-1.327531823,1.495885255,1.782741481,-1.329811227,1.493859118,   0000069P0000343
1.760133859,-1.336010842,1.488320275,1.708448798,-1.340218069,   0000069P0000344
1.484544086,1.679549873,-1.345071408,1.48016081,1.651068389,     0000069P0000345
-1.350520343,1.47520053,1.623025436,-1.356510735,1.469695384,    0000069P0000346
1.595446393,-1.362985096,1.463680722,1.568360724,-1.377817329,   0000069P0000347
1.449737218,1.511251133,-1.386322673,1.441646631,1.48135677,     0000069P0000348
-1.395328278,1.432963992,1.452099707,-1.404770568,1.423723684,   0000069P0000349
1.423459622,-1.414593008,1.413954981,1.395414849,-1.4247461,     0000069P0000350
1.403682054,1.367942379,-1.450287467,1.377365722,1.302079896,    0000069P0000351
-1.466005844,1.360776957,1.264247967,-1.482208156,1.34321862,    0000069P0000352
1.227472305,-1.498786825,1.324734801,1.191695477,-1.515659464,   0000069P0000353
1.305348627,1.156852238,-1.53276728,1.285058172,1.122869377,     0000069P0000354
-1.584816987,1.221219903,1.023006396,-1.620388545,1.174801559,   0000069P0000355
0.959432239,-1.656224744,1.124632478,0.898803644,-1.691918831,   0000069P0000356
1.070626247,0.841006242,-1.727131622,1.012562627,0.786000433,    0000069P0000357
-1.761505993,0.950111502,0.733877904,-1.840695607,0.789145558,   0000069P0000358
0.616686829,-1.885694826,0.683258966,0.552527584,-1.926778712,   0000069P0000359
0.565734593,0.495811138,-1.961190955,0.437347585,0.449327914,    0000069P0000360
-1.986382188,0.299208755,0.415738122,-2.,0.152790111,            0000069P0000361
0.397581273,-2.,2.143131899E-16,0.397581273,0.,1.,-0.935287985,  0000069P0000362
0.203410952,0.289586551;                                         0000069P0000363
126,31,6,0,0,1,0,0.,0.,0.,0.,0.,0.,0.,0.194120387,0.194120387,   0000071P0000364
0.194120387,0.194120387,0.194120387,0.384849691,0.384849691,     0000071P0000365
0.384849691,0.384849691,0.384849691,0.530875816,0.530875816,     0000071P0000366
0.530875816,0.530875816,0.530875816,0.655950821,0.655950821,     0000071P0000367
0.655950821,0.655950821,0.655950821,0.810909103,0.810909103,     0000071P0000368
0.810909103,0.810909103,0.810909103,1.,1.,1.,1.,1.,1.,1.,1.,1.,  0000071P0000369
1.,1.,1.,1.,1.,1.,1.,1.,1.,1.,1.,1.,1.,1.,1.,1.,1.,1.,1.,1.,1.,  0000071P0000370
1.,1.,1.,1.,1.,1.,1.,1.,1.,-2.,2.220446049E-16,0.397581273,-2.,  0000071P0000371
-9.106634311E-02,0.397581273,-1.995024041,-0.181343623,          0000071P0000372
0.404215797,-1.985234548,-0.269717437,0.41726888,-1.971101533,   0000071P0000373
-0.35508546,0.436208085,-1.953403686,-0.436380942,0.460172004,   0000071P0000374
-1.913349656,-0.587445453,0.515100204,-1.890892399,-0.658098707, 0000071P0000375
0.546191612,-1.866411362,-0.724656189,0.580527757,-1.840387983,  0000071P0000376
-0.787299644,0.617624702,-1.813207608,-0.846254323,0.657146013,  0000071P0000377
-1.763694848,-0.944271108,0.730884673,-1.74171235,-0.984771005,  0000071P0000378
0.764184682,-1.719353156,-1.023368843,0.798726546,-1.696734605,  0000071P0000379
-1.060155442,0.834461811,-1.673961461,-1.095212189,0.871383793,  0000071P0000380
-1.631577528,-1.157218872,0.942211889,-1.611996208,-1.184589318, 0000071P0000381
0.975766737,-1.592442732,-1.210780761,1.010236124,-1.572983848,  0000071P0000382
-1.235821592,1.045660036,-1.553702547,-1.259716784,1.082084316,  0000071P0000383
-1.511162917,-1.310623622,1.165997142,-1.488092723,-1.336970539, 0000071P0000384
1.213975693,-1.465598105,-1.361586624,1.263769223,-1.443898027,  0000071P0000385
-1.384407584,1.315597393,-1.423342202,-1.405277296,1.369637362,  0000071P0000386
-1.381301149,-1.446741286,1.494847349,-1.360000174,-1.466862683, 0000071P0000387
1.568980312,-1.342267246,-1.482898944,1.647068549,-1.329545503,  0000071P0000388
-1.494117528,1.728203429,-1.322875656,-1.5,1.81183229,           0000071P0000389
-1.322875656,-1.5,1.897581273,0.,1.,-0.935663679,-0.206002652,   0000071P0000390
0.286524672;                                                     0000071P0000391
126,31,6,0,0,1,0,0.,0.,0.,0.,0.,0.,0.,0.194120374,0.194120374,   0000073P0000392
0.194120374,0.194120374,0.194120374,0.384849681,0.384849681,     0000073P0000393
0.384849681,0.384849681,0.384849681,0.530875808,0.530875808,     0000073P0000394
0.530875808,0.530875808,0.530875808,0.655950816,0.655950816,     0000073P0000395
0.655950816,0.655950816,0.655950816,0.8109091,0.8109091,         0000073P0000396
0.8109091,0.8109091,0.8109091,1.,1.,1.,1.,1.,1.,1.,1.,1.,1.,1.,  0000073P0000397
1.,1.,1.,1.,1.,1.,1.,1.,1.,1.,1.,1.,1.,1.,1.,1.,1.,1.,1.,1.,1.,  0000073P0000398
1.,1.,1.,1.,1.,1.,1.,-2.,0.,3.397581273,-1.999999993,            0000073P0000399
-9.106641546E-02,3.397581264,-1.995024049,-0.181343546,          0000073P0000400
3.390946761,-1.98523455,-0.269717425,3.377893668,-1.97110153,    0000073P0000401
-0.355085486,3.358954458,-1.953403684,-0.436380949,3.33499054,   0000073P0000402
-1.913349656,-0.587445453,3.280062342,-1.890892399,-0.658098707, 0000073P0000403
3.248970935,-1.866411362,-0.724656189,3.21463479,-1.840387983,   0000073P0000404
-0.787299644,3.177537845,-1.813207608,-0.846254323,3.138016534,  0000073P0000405
-1.763694848,-0.944271108,3.064277873,-1.74171235,-0.984771005,  0000073P0000406
3.030977865,-1.719353156,-1.023368843,2.996436001,-1.696734605,  0000073P0000407
-1.060155442,2.960700736,-1.673961461,-1.095212189,2.923778754,  0000073P0000408
-1.631577528,-1.157218872,2.852950658,-1.611996208,-1.184589318, 0000073P0000409
2.81939581,-1.592442732,-1.210780761,2.784926423,-1.572983848,   0000073P0000410
-1.235821592,2.74950251,-1.553702547,-1.259716784,2.71307823,    0000073P0000411
-1.511162917,-1.310623622,2.629165404,-1.488092723,-1.336970539, 0000073P0000412
2.581186854,-1.465598105,-1.361586624,2.531393324,-1.443898027,  0000073P0000413
-1.384407584,2.479565154,-1.423342202,-1.405277296,2.425525184,  0000073P0000414
-1.381301149,-1.446741286,2.300315198,-1.360000174,-1.466862683, 0000073P0000415
2.226182234,-1.342267246,-1.482898944,2.148093998,-1.329545503,  0000073P0000416
-1.494117528,2.066959117,-1.322875656,-1.5,1.983330257,          0000073P0000417
-1.322875656,-1.5,1.897581273,0.,1.,0.935663679,0.206002652,     0000073P0000418
0.286524672;                                                     0000073P0000419
110,1.5,-3.673940397E-16,5.,1.5,-3.673940397E-16,10.;            0000075P0000420
100,0.,0.,0.,1.5,0.,1.5,0.;                                      0000077P0000421
124,1.,0.,0.,0.,0.,1.,0.,0.,0.,0.,1.,5.;                         0000079P0000422
104,0.222222222,0.,0.444444444,0.,-0.,-1.,0.,-0.101204769,       0000081P0000423
-1.49829196,0.,-1.5;                                             0000081P0000424
124,-0.707106781,0.,0.707106781,0.,0.,-1.,0.,0.,0.707106781,0.,  0000083P0000425
0.707106781,7.897581273;                                         0000083P0000426
110,7.15625782E-02,1.49829196,7.826018695,7.15625782E-02,        0000085P0000427
1.49829196,7.969143852;                                          0000085P0000428
104,0.222222222,0.,0.444444444,0.,-0.,-1.,0.,0.101204769,        0000087P0000429
1.49829196,0.,1.5;                                               0000087P0000430
124,0.707106781,0.,-0.707106781,0.,0.,1.,0.,0.,0.707106781,0.,   0000089P0000431
0.707106781,7.897581273;                                         0000089P0000432
104,0.222222222,0.,0.444444444,0.,-0.,-1.,0.,0.,1.5,             0000091P0000433
-0.101204769,1.49829196;                                         0000091P0000434
124,-0.707106781,0.,0.707106781,0.,0.,-1.,0.,0.,0.707106781,0.,  0000093P0000435
0.707106781,7.897581273;                                         0000093P0000436
104,0.222222222,0.,0.444444444,0.,-0.,-1.,0.,0.,-1.5,            0000095P0000437
0.101204769,-1.49829196;                                         0000095P0000438
124,0.707106781,0.,-0.707106781,0.,0.,1.,0.,0.,0.707106781,0.,   0000097P0000439
0.707106781,7.897581273;                                         0000097P0000440
110,7.15625782E-02,-1.49829196,7.826018695,7.15625782E-02,       0000099P0000441
-1.49829196,7.969143852;                                         0000099P0000442
110,2.,-4.898587197E-16,0.,2.,-4.898587197E-16,5.;               0000101P0000443
100,0.,0.,0.,2.,0.,2.,0.;                                        0000103P0000444
124,1.,0.,0.,0.,0.,1.,0.,0.,0.,0.,1.,5.;                         0000105P0000445
100,0.,0.,0.,7.15625782E-02,1.49829196,-7.15625782E-02,          0000107P0000446
1.49829196;                                                      0000107P0000447
124,-2.220446049E-16,0.,-1.,7.15625782E-02,0.,1.,0.,0.,1.,0.,    0000109P0000448
-2.220446049E-16,7.897581273;                                    0000109P0000449
100,0.,0.,0.,-7.15625782E-02,-1.49829196,7.15625782E-02,         0000111P0000450
-1.49829196;                                                     0000111P0000451
124,-2.220446049E-16,0.,-1.,7.15625782E-02,0.,1.,0.,0.,1.,0.,    0000113P0000452
-2.220446049E-16,7.897581273;                                    0000113P0000453
110,0.,-10.,0.,360.,-10.,0.;                                     0000115P0000454
110,360.,-10.,0.,360.,0.,0.;                                     0000117P0000455
110,360.,0.,0.,0.,0.,0.;                                         0000119P0000456
110,0.,0.,0.,0.,-10.,0.;                                         0000121P0000457
508,4,0,17,4,1,1,0,125,0,17,5,0,1,0,127,0,17,6,0,1,0,129,0,17,7, 0000123P0000458
1,1,0,131;                                                       0000123P0000459
126,31,6,1,0,1,0,0.,0.,0.,0.,0.,0.,0.,0.14712718,0.14712718,     0000125P0000460
0.14712718,0.14712718,0.14712718,0.321493134,0.321493134,        0000125P0000461
0.321493134,0.321493134,0.321493134,0.488033659,0.488033659,     0000125P0000462
0.488033659,0.488033659,0.488033659,0.621741737,0.621741737,     0000125P0000463
0.621741737,0.621741737,0.621741737,0.806705609,0.806705609,     0000125P0000464
0.806705609,0.806705609,0.806705609,1.,1.,1.,1.,1.,1.,1.,1.,1.,  0000125P0000465
1.,1.,1.,1.,1.,1.,1.,1.,1.,1.,1.,1.,1.,1.,1.,1.,1.,1.,1.,1.,1.,  0000125P0000466
1.,1.,1.,1.,1.,1.,1.,1.,1.,180.,-9.397581273,-0.,178.716939765,  0000125P0000467
-9.397581267,-0.,177.439322613,-9.393970112,-0.,176.176521207,   0000125P0000468
-9.386807889,-0.,174.938032639,-9.37627867,-0.,173.733877672,    0000125P0000469
-9.36271387,-0.,171.201570492,-9.327536919,-0.,169.885889049,    0000125P0000470
-9.304819794,-0.,168.62662309,-9.278959771,-0.,167.422179896,    0000125P0000471
-9.250361571,-0.,166.270707427,-9.219344561,-0.,164.118877615,   0000125P0000472
-9.154441718,-0.,163.11229469,-9.120694283,-0.,162.147875029,    0000125P0000473
-9.085069224,-0.,161.223391347,-9.047666242,-0.,160.33681778,    0000125P0000474
-9.00850772,-0.,158.803433603,-8.934621769,-0.,158.144368563,    0000125P0000475
-8.900569236,-0.,157.508224084,-8.865340144,-0.,156.894748636,   0000125P0000476
-8.828897698,-0.,156.304228366,-8.791192952,-0.,154.953302774,   0000125P0000477
-8.698169368,-0.,154.215348623,-8.641693517,-0.,153.523499575,   0000125P0000478
-8.582443216,-0.,152.881981006,-8.52015109,-0.,152.298312163,    0000125P0000479
-8.45458215,-0.,151.245598143,-8.313399297,-0.,150.773549825,    0000125P0000480
-8.236212682,-0.,150.397044631,-8.155146103,-0.,150.134956464,   0000125P0000481
-8.071152292,-0.,150.,-7.985042316,-0.,150.,-7.897581273,-0.,0., 0000125P0000482
1.,-0.,-0.,1.;                                                   0000125P0000483
126,31,6,1,0,1,0,0.,0.,0.,0.,0.,0.,0.,0.193294391,0.193294391,   0000127P0000484
0.193294391,0.193294391,0.193294391,0.378258262,0.378258262,     0000127P0000485
0.378258262,0.378258262,0.378258262,0.51196634,0.51196634,       0000127P0000486
0.51196634,0.51196634,0.51196634,0.678506864,0.678506864,        0000127P0000487
0.678506864,0.678506864,0.678506864,0.852872817,0.852872817,     0000127P0000488
0.852872817,0.852872817,0.852872817,1.,1.,1.,1.,1.,1.,1.,1.,1.,  0000127P0000489
1.,1.,1.,1.,1.,1.,1.,1.,1.,1.,1.,1.,1.,1.,1.,1.,1.,1.,1.,1.,1.,  0000127P0000490
1.,1.,1.,1.,1.,1.,1.,1.,1.,150.,-7.897581273,-0.,150.,           0000127P0000491
-7.810120231,-0.,150.134956464,-7.724010255,-0.,150.397044631,   0000127P0000492
-7.640016443,-0.,150.773549825,-7.558949865,-0.,151.245598143,   0000127P0000493
-7.48176325,-0.,152.298312163,-7.340580397,-0.,152.881981006,    0000127P0000494
-7.275011457,-0.,153.523499575,-7.21271933,-0.,154.215348623,    0000127P0000495
-7.153469029,-0.,154.953302774,-7.096993178,-0.,156.304228366,   0000127P0000496
-7.003969595,-0.,156.894748636,-6.966264849,-0.,157.508224084,   0000127P0000497
-6.929822403,-0.,158.144368563,-6.894593311,-0.,158.803433603,   0000127P0000498
-6.860540777,-0.,160.33681778,-6.786654827,-0.,161.223391347,    0000127P0000499
-6.747496304,-0.,162.147875029,-6.710093322,-0.,163.11229469,    0000127P0000500
-6.674468263,-0.,164.118877615,-6.640720829,-0.,166.270707427,   0000127P0000501
-6.575817986,-0.,167.422179896,-6.544800976,-0.,168.62662309,    0000127P0000502
-6.516202776,-0.,169.885889049,-6.490342753,-0.,171.201570492,   0000127P0000503
-6.467625628,-0.,173.733877697,-6.432448676,-0.,174.938033419,   0000127P0000504
-6.418883871,-0.,176.176520578,-6.408354661,-0.,177.439321495,   0000127P0000505
-6.401192442,-0.,178.716940997,-6.397581273,-0.,180.,            0000127P0000506
-6.397581273,-0.,0.,1.,-0.,-0.,1.;                               0000127P0000507
126,37,7,1,0,1,0,0.,0.,0.,0.,0.,0.,0.,0.,0.308754725,            0000129P0000508
0.308754725,0.308754725,0.308754725,0.308754725,0.308754725,     0000129P0000509
0.589853644,0.589853644,0.589853644,0.589853644,0.589853644,     0000129P0000510
0.589853644,0.795033721,0.795033721,0.795033721,0.795033721,     0000129P0000511
0.795033721,0.795033721,0.894344801,0.894344801,0.894344801,     0000129P0000512
0.894344801,0.894344801,0.894344801,0.963491758,0.963491758,     0000129P0000513
0.963491758,0.963491758,0.963491758,0.963491758,1.,1.,1.,1.,1.,  0000129P0000514
1.,1.,1.,1.,1.,1.,1.,1.,1.,1.,1.,1.,1.,1.,1.,1.,1.,1.,1.,1.,1.,  0000129P0000515
1.,1.,1.,1.,1.,1.,1.,1.,1.,1.,1.,1.,1.,1.,1.,1.,1.,1.,1.,1.,     0000129P0000516
180.,-6.397581273,-0.,182.358760002,-6.397581273,-0.,            0000129P0000517
184.645379914,-6.409444841,-0.,186.845434496,-6.431866789,-0.,   0000129P0000518
188.943953727,-6.463555638,-0.,190.924517911,-6.503052229,-0.,   0000129P0000519
192.768548969,-6.548617179,-0.,195.990507868,-6.642742932,-0.,   0000129P0000520
197.435769601,-6.691850362,-0.,198.796375032,-6.744698127,-0.,   0000129P0000521
200.078321139,-6.80104684,-0.,201.286684015,-6.860880211,-0.,    0000129P0000522
202.424274386,-6.924388845,-0.,204.268479281,-7.041326882,-0.,   0000129P0000523
205.006466005,-7.092716561,-0.,205.705466684,-7.146369081,-0.,   0000129P0000524
206.363927154,-7.202490738,-0.,206.978033323,-7.261274119,-0.,   0000129P0000525
207.541880824,-7.322891085,-0.,208.292008009,-7.418749453,-0.,   0000129P0000526
208.523316765,-7.450753261,-0.,208.740037998,-7.483483418,-0.,   0000129P0000527
208.940939546,-7.516927883,-0.,209.124782256,-7.551075508,-0.,   0000129P0000528
209.290306047,-7.58591611,-0.,209.537808121,-7.646175039,-0.,    0000129P0000529
209.629882127,-7.671239284,-0.,209.711870226,-7.696596433,-0.,   0000129P0000530
209.783282193,-7.722210776,-0.,209.843705336,-7.748047759,-0.,   0000129P0000531
209.892804494,-7.774073985,-0.,209.950130569,-7.814081439,-0.,   0000129P0000532
209.966703511,-7.827944758,-0.,209.980001648,-7.84183978,-0.,    0000129P0000533
209.989995426,-7.855758894,-0.,209.996664953,-7.86969426,-0.,    0000129P0000534
210.,-7.883637816,-0.,210.,-7.897581273,-0.,0.,1.,-0.,-0.,1.;    0000129P0000535
126,37,7,1,0,1,0,0.,0.,0.,0.,0.,0.,0.,0.,3.650824502E-02,        0000131P0000536
3.650824502E-02,3.650824502E-02,3.650824502E-02,3.650824502E-02, 0000131P0000537
3.650824502E-02,0.105655208,0.105655208,0.105655208,0.105655208, 0000131P0000538
0.105655208,0.105655208,0.204966296,0.204966296,0.204966296,     0000131P0000539
0.204966296,0.204966296,0.204966296,0.410146391,0.410146391,     0000131P0000540
0.410146391,0.410146391,0.410146391,0.410146391,0.691245333,     0000131P0000541
0.691245333,0.691245333,0.691245333,0.691245333,0.691245333,1.,  0000131P0000542
1.,1.,1.,1.,1.,1.,1.,1.,1.,1.,1.,1.,1.,1.,1.,1.,1.,1.,1.,1.,1.,  0000131P0000543
1.,1.,1.,1.,1.,1.,1.,1.,1.,1.,1.,1.,1.,1.,1.,1.,1.,1.,1.,1.,1.,  0000131P0000544
1.,1.,1.,210.,-7.897581273,-0.,210.,-7.91152473,-0.,             0000131P0000545
209.996664953,-7.925468287,-0.,209.989995426,-7.939403653,-0.,   0000131P0000546
209.980001648,-7.953322766,-0.,209.966703511,-7.967217789,-0.,   0000131P0000547
209.950130569,-7.981081108,-0.,209.892804494,-8.021088562,-0.,   0000131P0000548
209.843705336,-8.047114787,-0.,209.783282193,-8.072951771,-0.,   0000131P0000549
209.711870226,-8.098566114,-0.,209.629882127,-8.123923262,-0.,   0000131P0000550
209.537808121,-8.148987507,-0.,209.290306047,-8.209246437,-0.,   0000131P0000551
209.124782256,-8.244087039,-0.,208.940939546,-8.278234663,-0.,   0000131P0000552
208.740037998,-8.311679129,-0.,208.523316765,-8.344409285,-0.,   0000131P0000553
208.292008009,-8.376413093,-0.,207.541880824,-8.472271461,-0.,   0000131P0000554
206.978033323,-8.533888428,-0.,206.363927154,-8.592671809,-0.,   0000131P0000555
205.705466684,-8.648793465,-0.,205.006466005,-8.702445986,-0.,   0000131P0000556
204.268479281,-8.753835664,-0.,202.424274386,-8.870773702,-0.,   0000131P0000557
201.286684015,-8.934282336,-0.,200.078321139,-8.994115707,-0.,   0000131P0000558
198.796375032,-9.05046442,-0.,197.435769601,-9.103312185,-0.,    0000131P0000559
195.990507868,-9.152419615,-0.,192.768549428,-9.246545354,-0.,   0000131P0000560
190.924517683,-9.292110325,-0.,188.943953639,-9.331606914,-0.,   0000131P0000561
186.84543529,-9.363295749,-0.,184.645377361,-9.385717725,-0.,    0000131P0000562
182.358762067,-9.397581261,-0.,180.,-9.397581273,-0.,0.,1.,-0.,  0000131P0000563
-0.,1.;                                                          0000131P0000564
508,4,0,17,8,1,1,0,135,0,17,9,0,1,0,137,0,17,10,0,1,0,139,0,17,  0000133P0000565
11,1,1,0,141;                                                    0000133P0000566
126,31,6,1,0,1,0,0.,0.,0.,0.,0.,0.,0.,0.14712718,0.14712718,     0000135P0000567
0.14712718,0.14712718,0.14712718,0.321493134,0.321493134,        0000135P0000568
0.321493134,0.321493134,0.321493134,0.488033659,0.488033659,     0000135P0000569
0.488033659,0.488033659,0.488033659,0.621741737,0.621741737,     0000135P0000570
0.621741737,0.621741737,0.621741737,0.806705609,0.806705609,     0000135P0000571
0.806705609,0.806705609,0.806705609,1.,1.,1.,1.,1.,1.,1.,1.,1.,  0000135P0000572
1.,1.,1.,1.,1.,1.,1.,1.,1.,1.,1.,1.,1.,1.,1.,1.,1.,1.,1.,1.,1.,  0000135P0000573
1.,1.,1.,1.,1.,1.,1.,1.,1.,180.,-3.397581273,-0.,178.716939765,  0000135P0000574
-3.397581267,-0.,177.439322613,-3.393970112,-0.,176.176521207,   0000135P0000575
-3.386807889,-0.,174.938032639,-3.37627867,-0.,173.733877672,    0000135P0000576
-3.36271387,-0.,171.201570492,-3.327536919,-0.,169.885889049,    0000135P0000577
-3.304819794,-0.,168.62662309,-3.278959771,-0.,167.422179896,    0000135P0000578
-3.250361571,-0.,166.270707427,-3.219344561,-0.,164.118877615,   0000135P0000579
-3.154441718,-0.,163.11229469,-3.120694283,-0.,162.147875029,    0000135P0000580
-3.085069224,-0.,161.223391347,-3.047666242,-0.,160.33681778,    0000135P0000581
-3.00850772,-0.,158.803433603,-2.934621769,-0.,158.144368563,    0000135P0000582
-2.900569236,-0.,157.508224084,-2.865340144,-0.,156.894748636,   0000135P0000583
-2.828897698,-0.,156.304228366,-2.791192952,-0.,154.953302774,   0000135P0000584
-2.698169368,-0.,154.215348623,-2.641693517,-0.,153.523499575,   0000135P0000585
-2.582443216,-0.,152.881981006,-2.52015109,-0.,152.298312163,    0000135P0000586
-2.45458215,-0.,151.245598143,-2.313399297,-0.,150.773549825,    0000135P0000587
-2.236212682,-0.,150.397044631,-2.155146103,-0.,150.134956464,   0000135P0000588
-2.071152292,-0.,150.,-1.985042316,-0.,150.,-1.897581273,-0.,0., 0000135P0000589
1.,-0.,-0.,1.;                                                   0000135P0000590
126,31,6,1,0,1,0,0.,0.,0.,0.,0.,0.,0.,0.193294391,0.193294391,   0000137P0000591
0.193294391,0.193294391,0.193294391,0.378258262,0.378258262,     0000137P0000592
0.378258262,0.378258262,0.378258262,0.51196634,0.51196634,       0000137P0000593
0.51196634,0.51196634,0.51196634,0.678506864,0.678506864,        0000137P0000594
0.678506864,0.678506864,0.678506864,0.852872817,0.852872817,     0000137P0000595
0.852872817,0.852872817,0.852872817,1.,1.,1.,1.,1.,1.,1.,1.,1.,  0000137P0000596
1.,1.,1.,1.,1.,1.,1.,1.,1.,1.,1.,1.,1.,1.,1.,1.,1.,1.,1.,1.,1.,  0000137P0000597
1.,1.,1.,1.,1.,1.,1.,1.,1.,150.,-1.897581273,-0.,150.,           0000137P0000598
-1.810120231,-0.,150.134956464,-1.724010255,-0.,150.397044631,   0000137P0000599
-1.640016443,-0.,150.773549825,-1.558949865,-0.,151.245598143,   0000137P0000600
-1.48176325,-0.,152.298312163,-1.340580397,-0.,152.881981006,    0000137P0000601
-1.275011457,-0.,153.523499575,-1.21271933,-0.,154.215348623,    0000137P0000602
-1.153469029,-0.,154.953302774,-1.096993178,-0.,156.304228366,   0000137P0000603
-1.003969595,-0.,156.894748636,-0.966264849,-0.,157.508224084,   0000137P0000604
-0.929822403,-0.,158.144368563,-0.894593311,-0.,158.803433603,   0000137P0000605
-0.860540777,-0.,160.33681778,-0.786654827,-0.,161.223391347,    0000137P0000606
-0.747496304,-0.,162.147875029,-0.710093322,-0.,163.11229469,    0000137P0000607
-0.674468263,-0.,164.118877615,-0.640720829,-0.,166.270707427,   0000137P0000608
-0.575817986,-0.,167.422179896,-0.544800976,-0.,168.62662309,    0000137P0000609
-0.516202776,-0.,169.885889049,-0.490342753,-0.,171.201570492,   0000137P0000610
-0.467625628,-0.,173.733877697,-0.432448676,-0.,174.938033419,   0000137P0000611
-0.418883871,-0.,176.176520578,-0.408354661,-0.,177.439321495,   0000137P0000612
-0.401192442,-0.,178.716940997,-0.397581273,-0.,180.,            0000137P0000613
-0.397581273,-0.,0.,1.,-0.,-0.,1.;                               0000137P0000614
126,37,7,1,0,1,0,0.,0.,0.,0.,0.,0.,0.,0.,0.308754725,            0000139P0000615
0.308754725,0.308754725,0.308754725,0.308754725,0.308754725,     0000139P0000616
0.589853644,0.589853644,0.589853644,0.589853644,0.589853644,     0000139P0000617
0.589853644,0.795033721,0.795033721,0.795033721,0.795033721,     0000139P0000618
0.795033721,0.795033721,0.894344801,0.894344801,0.894344801,     0000139P0000619
0.894344801,0.894344801,0.894344801,0.963491758,0.963491758,     0000139P0000620
0.963491758,0.963491758,0.963491758,0.963491758,1.,1.,1.,1.,1.,  0000139P0000621
1.,1.,1.,1.,1.,1.,1.,1.,1.,1.,1.,1.,1.,1.,1.,1.,1.,1.,1.,1.,1.,  0000139P0000622
1.,1.,1.,1.,1.,1.,1.,1.,1.,1.,1.,1.,1.,1.,1.,1.,1.,1.,1.,1.,     0000139P0000623
180.,-0.397581273,-0.,182.358760002,-0.397581273,-0.,            0000139P0000624
184.645379915,-0.409444841,-0.,186.845434496,-0.431866789,-0.,   0000139P0000625
188.943953727,-0.463555638,-0.,190.924517912,-0.503052229,-0.,   0000139P0000626
192.76854897,-0.548617179,-0.,195.990507869,-0.642742932,-0.,    0000139P0000627
197.435769602,-0.691850362,-0.,198.796375032,-0.744698127,-0.,   0000139P0000628
200.07832114,-0.80104684,-0.,201.286684016,-0.860880211,-0.,     0000139P0000629
202.424274386,-0.924388845,-0.,204.268479281,-1.041326882,-0.,   0000139P0000630
205.006466006,-1.092716561,-0.,205.705466684,-1.146369081,-0.,   0000139P0000631
206.363927154,-1.202490738,-0.,206.978033324,-1.261274119,-0.,   0000139P0000632
207.541880824,-1.322891085,-0.,208.292008009,-1.418749453,-0.,   0000139P0000633
208.523316765,-1.450753261,-0.,208.740037999,-1.483483418,-0.,   0000139P0000634
208.940939546,-1.516927883,-0.,209.124782256,-1.551075508,-0.,   0000139P0000635
209.290306047,-1.58591611,-0.,209.537808121,-1.646175039,-0.,    0000139P0000636
209.629882127,-1.671239284,-0.,209.711870226,-1.696596433,-0.,   0000139P0000637
209.783282193,-1.722210776,-0.,209.843705336,-1.748047759,-0.,   0000139P0000638
209.892804494,-1.774073985,-0.,209.950130569,-1.814081439,-0.,   0000139P0000639
209.966703511,-1.827944758,-0.,209.980001648,-1.84183978,-0.,    0000139P0000640
209.989995426,-1.855758894,-0.,209.996664953,-1.86969426,-0.,    0000139P0000641
210.,-1.883637816,-0.,210.,-1.897581273,-0.,0.,1.,-0.,-0.,1.;    0000139P0000642
126,37,7,1,0,1,0,0.,0.,0.,0.,0.,0.,0.,0.,3.650824501E-02,        0000141P0000643
3.650824501E-02,3.650824501E-02,3.650824501E-02,3.650824501E-02, 0000141P0000644
3.650824501E-02,0.105655208,0.105655208,0.105655208,0.105655208, 0000141P0000645
0.105655208,0.105655208,0.204966296,0.204966296,0.204966296,     0000141P0000646
0.204966296,0.204966296,0.204966296,0.410146391,0.410146391,     0000141P0000647
0.410146391,0.410146391,0.410146391,0.410146391,0.691245333,     0000141P0000648
0.691245333,0.691245333,0.691245333,0.691245333,0.691245333,1.,  0000141P0000649
1.,1.,1.,1.,1.,1.,1.,1.,1.,1.,1.,1.,1.,1.,1.,1.,1.,1.,1.,1.,1.,  0000141P0000650
1.,1.,1.,1.,1.,1.,1.,1.,1.,1.,1.,1.,1.,1.,1.,1.,1.,1.,1.,1.,1.,  0000141P0000651
1.,1.,1.,210.,-1.897581273,-0.,210.,-1.91152473,-0.,             0000141P0000652
209.996664953,-1.925468287,-0.,209.989995426,-1.939403653,-0.,   0000141P0000653
209.980001648,-1.953322766,-0.,209.966703511,-1.967217789,-0.,   0000141P0000654
209.950130569,-1.981081108,-0.,209.892804494,-2.021088562,-0.,   0000141P0000655
209.843705336,-2.047114787,-0.,209.783282193,-2.072951771,-0.,   0000141P0000656
209.711870226,-2.098566114,-0.,209.629882127,-2.123923262,-0.,   0000141P0000657
209.537808121,-2.148987507,-0.,209.290306047,-2.209246437,-0.,   0000141P0000658
209.124782256,-2.244087039,-0.,208.940939546,-2.278234663,-0.,   0000141P0000659
208.740037999,-2.311679129,-0.,208.523316765,-2.344409285,-0.,   0000141P0000660
208.292008009,-2.376413093,-0.,207.541880824,-2.472271461,-0.,   0000141P0000661
206.978033324,-2.533888428,-0.,206.363927154,-2.592671809,-0.,   0000141P0000662
205.705466684,-2.648793465,-0.,205.006466006,-2.702445986,-0.,   0000141P0000663
204.268479281,-2.753835664,-0.,202.424274386,-2.870773702,-0.,   0000141P0000664
201.286684016,-2.934282336,-0.,200.07832114,-2.994115707,-0.,    0000141P0000665
198.796375032,-3.05046442,-0.,197.435769602,-3.103312185,-0.,    0000141P0000666
195.990507869,-3.152419615,-0.,192.768549429,-3.246545354,-0.,   0000141P0000667
190.924517684,-3.292110325,-0.,188.943953639,-3.331606914,-0.,   0000141P0000668
186.84543529,-3.363295749,-0.,184.645377361,-3.385717725,-0.,    0000141P0000669
182.358762067,-3.397581261,-0.,180.,-3.397581273,-0.,0.,1.,-0.,  0000141P0000670
-0.,1.;                                                          0000141P0000671
510,145,2,1,153,155;                                             0000143P0000672
190,147,149,151;                                                 0000145P0000673
116,3.,0.,10.,0;                                                 0000147P0000674
123,0.,0.,-1.;                                                   0000149P0000675
123,-1.,0.,0.;                                                   0000151P0000676
508,1,0,17,1,0,0;                                                0000153P0000677
508,1,0,17,12,1,0;                                               0000155P0000678
510,159,2,1,167,169;                                             0000157P0000679
190,161,163,165;                                                 0000159P0000680
116,3.,0.,0.,0;                                                  0000161P0000681
123,0.,0.,-1.;                                                   0000163P0000682
123,-1.,0.,0.;                                                   0000165P0000683
508,1,0,17,3,0,0;                                                0000167P0000684
508,1,0,17,13,1,0;                                               0000169P0000685
510,173,1,1,181;                                                 0000171P0000686
192,175,177,1.5,179;                                             0000173P0000687
116,7.15625782E-02,0.,7.897581273,0;                             0000175P0000688
123,-1.,0.,-2.220446049E-16;                                     0000177P0000689
123,-2.220446049E-16,0.,1.;                                      0000179P0000690
508,9,0,17,7,1,1,0,183,0,17,14,0,1,0,185,0,17,15,0,1,0,187,0,17, 0000181P0000691
16,1,1,0,189,0,17,17,0,1,0,191,0,17,14,1,1,0,193,0,17,4,1,1,0,   0000181P0000692
195,0,17,5,0,1,0,197,0,17,6,0,1,0,199;                           0000181P0000693
126,37,7,1,0,1,0,0.,0.,0.,0.,0.,0.,0.,0.,3.650824502E-02,        0000183P0000694
3.650824502E-02,3.650824502E-02,3.650824502E-02,3.650824502E-02, 0000183P0000695
3.650824502E-02,0.105655208,0.105655208,0.105655208,0.105655208, 0000183P0000696
0.105655208,0.105655208,0.204966296,0.204966296,0.204966296,     0000183P0000697
0.204966296,0.204966296,0.204966296,0.410146391,0.410146391,     0000183P0000698
0.410146391,0.410146391,0.410146391,0.410146391,0.691245333,     0000183P0000699
0.691245333,0.691245333,0.691245333,0.691245333,0.691245333,1.,  0000183P0000700
1.,1.,1.,1.,1.,1.,1.,1.,1.,1.,1.,1.,1.,1.,1.,1.,1.,1.,1.,1.,1.,  0000183P0000701
1.,1.,1.,1.,1.,1.,1.,1.,1.,1.,1.,1.,1.,1.,1.,1.,1.,1.,1.,1.,1.,  0000183P0000702
1.,1.,1.,90.,2.66963879,0.,89.467399177,2.66963879,0.,           0000183P0000703
88.934794942,2.669726102,0.,88.4024278,2.66990071,0.,            0000183P0000704
87.870530857,2.670162289,0.,87.339329821,2.670510211,0.,         0000183P0000705
86.809043,2.670943539,0.,85.277644018,2.67244117,0.,             0000183P0000706
84.280092282,2.673722654,0.,83.287967811,2.675297122,0.,         0000183P0000707
82.302101438,2.677153784,0.,81.323413111,2.679279421,0.,         0000183P0000708
80.352911897,2.681658388,0.,78.011166821,2.688027232,0.,         0000183P0000709
76.649943825,2.692266808,0.,75.307441477,2.696948386,0.,         0000183P0000710
73.983257283,2.70202904,0.,72.677165824,2.707466057,0.,          0000183P0000711
71.389112804,2.71321712,0.,67.495544727,2.731685005,0.,          0000183P0000712
64.942099385,2.74532632,0.,62.448987087,2.75986308,0.,           0000183P0000713
60.00613097,2.775052573,0.,57.602786083,2.790710322,0.,          0000183P0000714
55.226639218,2.806704406,0.,49.623570079,2.845193615,0.,         0000183P0000715
46.418802078,2.867824447,0.,43.21754698,2.890539242,0.,          0000183P0000716
39.993618416,2.91308904,0.,36.722739042,2.935201374,0.,          0000183P0000717
33.38178395,2.956525302,0.,26.180177143,2.998636629,0.,          0000183P0000718
22.191811806,3.019801816,0.,18.033905363,3.038796368,0.,         0000183P0000719
13.73002426,3.05442008,0.,9.290759271,3.065630746,0.,            0000183P0000720
4.717524134,3.071562572,0.,0.,3.071562578,0.,0.,1.,0.,0.,1.;     0000183P0000721
110,0.,3.071562578,0.,0.,1.571562578,0.;                         0000185P0000722
126,8,8,1,0,1,0,4.71238898,4.71238898,4.71238898,4.71238898,     0000187P0000723
4.71238898,4.71238898,4.71238898,4.71238898,4.71238898,          0000187P0000724
6.283185307,6.283185307,6.283185307,6.283185307,6.283185307,     0000187P0000725
6.283185307,6.283185307,6.283185307,6.283185307,1.,1.,1.,1.,1.,  0000187P0000726
1.,1.,1.,1.,1.410636992E-14,1.571562578,0.,11.250000043,         0000187P0000727
1.571562578,0.,22.500000029,1.505471414,0.,33.750000014,         0000187P0000728
1.373289647,0.,45.,1.180450704,0.,56.249999986,0.93783247,0.,    0000187P0000729
67.499999971,0.660611271,0.,78.749999957,0.366086891,0.,90.,     0000187P0000730
7.15625782E-02,0.,4.71238898,6.283185307,-0.,-0.,1.;             0000187P0000731
126,10,10,1,0,1,0,1.570796327,1.570796327,1.570796327,           0000189P0000732
1.570796327,1.570796327,1.570796327,1.570796327,1.570796327,     0000189P0000733
1.570796327,1.570796327,1.570796327,4.71238898,4.71238898,       0000189P0000734
4.71238898,4.71238898,4.71238898,4.71238898,4.71238898,          0000189P0000735
4.71238898,4.71238898,4.71238898,4.71238898,1.,1.,1.,1.,1.,1.,   0000189P0000736
1.,1.,1.,1.,1.,90.,7.15625782E-02,0.,108.000000046,0.542801477,  0000189P0000737
0.,126.00000004,1.014040352,0.,144.000000003,1.4206831,0.,       0000189P0000738
162.000000066,1.698131292,0.,179.99999998,1.796977008,0.,        0000189P0000739
198.000000004,1.698131292,0.,215.999999944,1.4206831,0.,         0000189P0000740
233.999999975,1.014040352,0.,251.999999954,0.542801477,0.,270.,  0000189P0000741
7.15625782E-02,0.,1.570796327,4.71238898,-0.,-0.,1.;             0000189P0000742
126,8,8,1,0,1,0,0.,0.,0.,0.,0.,0.,0.,0.,0.,1.570796327,          0000191P0000743
1.570796327,1.570796327,1.570796327,1.570796327,1.570796327,     0000191P0000744
1.570796327,1.570796327,1.570796327,1.,1.,1.,1.,1.,1.,1.,1.,1.,  0000191P0000745
270.,7.15625782E-02,0.,281.250000043,0.366086891,0.,             0000191P0000746
292.500000029,0.660611271,0.,303.750000015,0.93783247,0.,315.,   0000191P0000747
1.180450704,0.,326.249999986,1.373289647,0.,337.499999971,       0000191P0000748
1.505471414,0.,348.749999957,1.571562578,0.,360.,1.571562578,0., 0000191P0000749
0.,1.570796327,-0.,-0.,1.;                                       0000191P0000750
110,360.,1.571562578,0.,360.,3.071562578,0.;                     0000193P0000751
126,31,6,1,0,1,0,0.,0.,0.,0.,0.,0.,0.,0.14712718,0.14712718,     0000195P0000752
0.14712718,0.14712718,0.14712718,0.321493134,0.321493134,        0000195P0000753
0.321493134,0.321493134,0.321493134,0.488033659,0.488033659,     0000195P0000754
0.488033659,0.488033659,0.488033659,0.621741737,0.621741737,     0000195P0000755
0.621741737,0.621741737,0.621741737,0.806705609,0.806705609,     0000195P0000756
0.806705609,0.806705609,0.806705609,1.,1.,1.,1.,1.,1.,1.,1.,1.,  0000195P0000757
1.,1.,1.,1.,1.,1.,1.,1.,1.,1.,1.,1.,1.,1.,1.,1.,1.,1.,1.,1.,1.,  0000195P0000758
1.,1.,1.,1.,1.,1.,1.,1.,1.,360.,3.071562578,0.,357.43387953,     0000195P0000759
3.071562575,0.,354.878633939,3.069757372,0.,352.346111519,       0000195P0000760
3.066175216,0.,349.848562979,3.060936066,0.,347.400657728,       0000195P0000761
3.054248592,0.,342.201871013,3.037114047,0.,339.466813551,       0000195P0000762
3.026160349,0.,336.807586835,3.013870497,0.,334.216600704,       0000195P0000763
3.000529531,0.,331.686539045,2.986382255,0.,326.843595783,       0000195P0000764
2.957544446,0.,324.522115373,2.942883285,0.,322.236290161,       0000195P0000765
2.92781056,0.,319.977740629,2.912458024,0.,317.737275648,        0000195P0000766
2.896933622,0.,313.710475779,2.868798241,0.,311.923141326,       0000195P0000767
2.856226497,0.,310.136252107,2.843661917,0.,308.345010817,       0000195P0000768
2.831157674,0.,306.544806676,2.818773375,0.,302.22128154,        0000195P0000769
2.789707292,0.,299.687838917,2.773215046,0.,297.111518511,       0000195P0000770
2.757241376,0.,294.477666479,2.74200245,0.,291.773015256,        0000195P0000771
2.727809234,0.,286.07002854,2.701748299,0.,283.013323611,        0000195P0000772
2.68978264,0.,279.858717364,2.680033223,0.,276.629919544,        0000195P0000773
2.673171981,0.,273.340765727,2.66963879,0.,270.,2.66963879,0.,   0000195P0000774
0.,1.,0.,0.,1.;                                                  0000195P0000775
126,31,6,1,0,1,0,0.,0.,0.,0.,0.,0.,0.,0.193294391,0.193294391,   0000197P0000776
0.193294391,0.193294391,0.193294391,0.378258262,0.378258262,     0000197P0000777
0.378258262,0.378258262,0.378258262,0.51196634,0.51196634,       0000197P0000778
0.51196634,0.51196634,0.51196634,0.678506864,0.678506864,        0000197P0000779
0.678506864,0.678506864,0.678506864,0.852872817,0.852872817,     0000197P0000780
0.852872817,0.852872817,0.852872817,1.,1.,1.,1.,1.,1.,1.,1.,1.,  0000197P0000781
1.,1.,1.,1.,1.,1.,1.,1.,1.,1.,1.,1.,1.,1.,1.,1.,1.,1.,1.,1.,1.,  0000197P0000782
1.,1.,1.,1.,1.,1.,1.,1.,1.,270.,2.66963879,0.,266.659234273,     0000197P0000783
2.66963879,0.,263.370080456,2.673171981,0.,260.141282636,        0000197P0000784
2.680033223,0.,256.986676389,2.68978264,0.,253.92997146,         0000197P0000785
2.701748299,0.,248.226984744,2.727809234,0.,245.522333521,       0000197P0000786
2.74200245,0.,242.888481489,2.757241376,0.,240.312161083,        0000197P0000787
2.773215046,0.,237.77871846,2.789707292,0.,233.455193324,        0000197P0000788
2.818773375,0.,231.654989183,2.831157674,0.,229.863747893,       0000197P0000789
2.843661917,0.,228.076858674,2.856226497,0.,226.289524221,       0000197P0000790
2.868798241,0.,222.262724352,2.896933622,0.,220.022259371,       0000197P0000791
2.912458024,0.,217.763709839,2.92781056,0.,215.477884627,        0000197P0000792
2.942883285,0.,213.156404217,2.957544446,0.,208.313460955,       0000197P0000793
2.986382255,0.,205.783399296,3.000529531,0.,203.192413165,       0000197P0000794
3.013870497,0.,200.533186449,3.026160349,0.,197.798128987,       0000197P0000795
3.037114047,0.,192.599342221,3.054248593,0.,190.151435454,       0000197P0000796
3.060936069,0.,187.653889741,3.066175215,0.,185.121368301,       0000197P0000797
3.069757368,0.,182.566118005,3.071562578,0.,180.,3.071562578,0., 0000197P0000798
0.,1.,0.,0.,1.;                                                  0000197P0000799
126,37,7,1,0,1,0,0.,0.,0.,0.,0.,0.,0.,0.,0.308754725,            0000199P0000800
0.308754725,0.308754725,0.308754725,0.308754725,0.308754725,     0000199P0000801
0.589853644,0.589853644,0.589853644,0.589853644,0.589853644,     0000199P0000802
0.589853644,0.795033721,0.795033721,0.795033721,0.795033721,     0000199P0000803
0.795033721,0.795033721,0.894344801,0.894344801,0.894344801,     0000199P0000804
0.894344801,0.894344801,0.894344801,0.963491758,0.963491758,     0000199P0000805
0.963491758,0.963491758,0.963491758,0.963491758,1.,1.,1.,1.,1.,  0000199P0000806
1.,1.,1.,1.,1.,1.,1.,1.,1.,1.,1.,1.,1.,1.,1.,1.,1.,1.,1.,1.,1.,  0000199P0000807
1.,1.,1.,1.,1.,1.,1.,1.,1.,1.,1.,1.,1.,1.,1.,1.,1.,1.,1.,1.,     0000199P0000808
180.,3.071562578,0.,175.282479996,3.071562578,0.,170.709235657,  0000199P0000809
3.065630736,0.,166.269977234,3.054420085,0.,161.966094559,       0000199P0000810
3.038796365,0.,157.808187624,3.019801813,0.,153.819823883,       0000199P0000811
2.998636635,0.,146.61821605,2.956525302,0.,143.277260958,        0000199P0000812
2.935201374,0.,140.006381584,2.91308904,0.,136.78245302,         0000199P0000813
2.890539242,0.,133.581197922,2.867824447,0.,130.376429921,       0000199P0000814
2.845193615,0.,124.773360782,2.806704406,0.,122.397213917,       0000199P0000815
2.790710322,0.,119.99386903,2.775052573,0.,117.551012913,        0000199P0000816
2.75986308,0.,115.057900615,2.74532632,0.,112.504455273,         0000199P0000817
2.731685005,0.,108.610887196,2.71321712,0.,107.322834176,        0000199P0000818
2.707466057,0.,106.016742717,2.70202904,0.,104.692558524,        0000199P0000819
2.696948386,0.,103.350056175,2.692266808,0.,101.988833179,       0000199P0000820
2.688027232,0.,99.647088103,2.681658388,0.,98.676586889,         0000199P0000821
2.679279421,0.,97.697898562,2.677153784,0.,96.712032189,         0000199P0000822
2.675297122,0.,95.719907718,2.673722654,0.,94.722355982,         0000199P0000823
2.67244117,0.,93.190957,2.670943539,0.,92.660670179,2.670510211, 0000199P0000824
0.,92.129469143,2.670162289,0.,91.5975722,2.66990071,0.,         0000199P0000825
91.065205058,2.669726102,0.,90.532600823,2.66963879,0.,90.,      0000199P0000826
2.66963879,0.,0.,1.,0.,0.,1.;                                    0000199P0000827
510,203,1,1,211;                                                 0000201P0000828
192,205,207,1.5,209;                                             0000203P0000829
116,1.071562578,0.,1.897581273,0;                                0000205P0000830
123,-1.,0.,2.220446049E-16;                                      0000207P0000831
123,2.220446049E-16,0.,1.;                                       0000209P0000832
508,10,0,17,11,1,1,0,213,0,17,18,0,1,0,215,0,17,19,0,1,0,217,0,  0000211P0000833
17,20,1,1,0,219,0,17,21,1,1,0,221,0,17,22,0,1,0,223,0,17,18,1,1, 0000211P0000834
0,225,0,17,8,1,1,0,227,0,17,9,0,1,0,229,0,17,10,0,1,0,231;       0000211P0000835
126,37,7,1,0,1,0,0.,0.,0.,0.,0.,0.,0.,0.,3.650824501E-02,        0000213P0000836
3.650824501E-02,3.650824501E-02,3.650824501E-02,3.650824501E-02, 0000213P0000837
3.650824501E-02,0.105655208,0.105655208,0.105655208,0.105655208, 0000213P0000838
0.105655208,0.105655208,0.204966296,0.204966296,0.204966296,     0000213P0000839
0.204966296,0.204966296,0.204966296,0.410146391,0.410146391,     0000213P0000840
0.410146391,0.410146391,0.410146391,0.410146391,0.691245333,     0000213P0000841
0.691245333,0.691245333,0.691245333,0.691245333,0.691245333,1.,  0000213P0000842
1.,1.,1.,1.,1.,1.,1.,1.,1.,1.,1.,1.,1.,1.,1.,1.,1.,1.,1.,1.,1.,  0000213P0000843
1.,1.,1.,1.,1.,1.,1.,1.,1.,1.,1.,1.,1.,1.,1.,1.,1.,1.,1.,1.,1.,  0000213P0000844
1.,1.,1.,90.,3.66963879,0.,89.467399177,3.66963879,0.,           0000213P0000845
88.934794942,3.669726102,0.,88.4024278,3.66990071,0.,            0000213P0000846
87.870530857,3.670162289,0.,87.339329821,3.670510211,0.,         0000213P0000847
86.809043001,3.670943539,0.,85.277644018,3.67244117,0.,          0000213P0000848
84.280092282,3.673722654,0.,83.287967812,3.675297122,0.,         0000213P0000849
82.302101439,3.677153784,0.,81.323413112,3.679279421,0.,         0000213P0000850
80.352911897,3.681658388,0.,78.011166822,3.688027232,0.,         0000213P0000851
76.649943826,3.692266808,0.,75.307441477,3.696948386,0.,         0000213P0000852
73.983257284,3.70202904,0.,72.677165825,3.707466057,0.,          0000213P0000853
71.389112804,3.71321712,0.,67.495544728,3.731685005,0.,          0000213P0000854
64.942099386,3.74532632,0.,62.448987088,3.75986308,0.,           0000213P0000855
60.006130971,3.775052573,0.,57.602786084,3.790710322,0.,         0000213P0000856
55.226639219,3.806704406,0.,49.62357008,3.845193615,0.,          0000213P0000857
46.418802079,3.867824447,0.,43.217546981,3.890539242,0.,         0000213P0000858
39.993618417,3.91308904,0.,36.722739043,3.935201374,0.,          0000213P0000859
33.381783951,3.956525302,0.,26.180177144,3.998636629,0.,         0000213P0000860
22.191811807,4.019801816,0.,18.033905364,4.038796368,0.,         0000213P0000861
13.730024261,4.05442008,0.,9.290759271,4.065630746,0.,           0000213P0000862
4.717524134,4.071562572,0.,0.,4.071562578,0.,0.,1.,0.,0.,1.;     0000213P0000863
110,0.,4.071562578,0.,0.,3.071562578,0.;                         0000215P0000864
126,37,7,1,0,1,0,0.,0.,0.,0.,0.,0.,0.,0.,0.370270623,            0000217P0000865
0.370270623,0.370270623,0.370270623,0.370270623,0.370270623,     0000217P0000866
0.635896401,0.635896401,0.635896401,0.635896401,0.635896401,     0000217P0000867
0.635896401,0.768208022,0.768208022,0.768208022,0.768208022,     0000217P0000868
0.768208022,0.768208022,0.859697848,0.859697848,0.859697848,     0000217P0000869
0.859697848,0.859697848,0.859697848,0.939233788,0.939233788,     0000217P0000870
0.939233788,0.939233788,0.939233788,0.939233788,1.,1.,1.,1.,1.,  0000217P0000871
1.,1.,1.,1.,1.,1.,1.,1.,1.,1.,1.,1.,1.,1.,1.,1.,1.,1.,1.,1.,1.,  0000217P0000872
1.,1.,1.,1.,1.,1.,1.,1.,1.,1.,1.,1.,1.,1.,1.,1.,1.,1.,1.,1.,0.,  0000217P0000873
3.071562578,0.,5.836156811,3.071562567,0.,11.42894659,           0000217P0000874
3.057944782,0.,16.804259671,3.032753525,0.,21.968229986,         0000217P0000875
2.998341297,0.,26.915792526,2.957257407,0.,31.627998582,         0000217P0000876
2.912258176,0.,39.233342696,2.833068571,0.,42.333669018,         0000217P0000877
2.798694201,0.,45.379259978,2.763481409,0.,48.390813747,         0000217P0000878
2.727787322,0.,51.387902986,2.691951124,0.,54.388912078,         0000217P0000879
2.656379565,0.,58.916195569,2.604329858,0.,60.427319216,         0000217P0000880
2.587222043,0.,61.949220087,2.570349403,0.,63.486060791,         0000217P0000881
2.553770734,0.,65.041410558,2.537568423,0.,66.618435417,         0000217P0000882
2.521850045,0.,69.327587075,2.496308678,0.,70.447657973,         0000217P0000883
2.486155586,0.,71.581541556,2.476333146,0.,72.730462677,         0000217P0000884
2.466890856,0.,73.895630551,2.457885251,0.,75.07823875,          0000217P0000885
2.449379907,0.,77.323741723,2.434547674,0.,78.383306279,         0000217P0000886
2.428073313,0.,79.457130859,2.422082921,0.,80.544440242,         0000217P0000887
2.416633986,0.,81.644707756,2.411780648,0.,82.757651018,         0000217P0000888
2.40757342,0.,84.74317894,2.401373805,0.,85.610050602,           0000217P0000889
2.399094402,0.,86.482387996,2.397245417,0.,87.35881355,          0000217P0000890
2.395845572,0.,88.238026795,2.394907597,0.,89.118804366,         0000217P0000891
2.394438234,0.,90.,2.394438234,0.,0.,1.,-0.,-0.,1.;              0000217P0000892
126,37,7,1,0,1,0,0.,0.,0.,0.,0.,0.,0.,0.,6.076620803E-02,        0000219P0000893
6.076620803E-02,6.076620803E-02,6.076620803E-02,6.076620803E-02, 0000219P0000894
6.076620803E-02,0.140302142,0.140302142,0.140302142,0.140302142, 0000219P0000895
0.140302142,0.140302142,0.231791961,0.231791961,0.231791961,     0000219P0000896
0.231791961,0.231791961,0.231791961,0.364103572,0.364103572,     0000219P0000897
0.364103572,0.364103572,0.364103572,0.364103572,0.629729331,     0000219P0000898
0.629729331,0.629729331,0.629729331,0.629729331,0.629729331,1.,  0000219P0000899
1.,1.,1.,1.,1.,1.,1.,1.,1.,1.,1.,1.,1.,1.,1.,1.,1.,1.,1.,1.,1.,  0000219P0000900
1.,1.,1.,1.,1.,1.,1.,1.,1.,1.,1.,1.,1.,1.,1.,1.,1.,1.,1.,1.,1.,  0000219P0000901
1.,1.,1.,90.,2.394438234,0.,90.881195634,2.394438234,0.,         0000219P0000902
91.761973205,2.394907597,0.,92.64118645,2.395845572,0.,          0000219P0000903
93.517612004,2.397245417,0.,94.389949398,2.399094402,0.,         0000219P0000904
95.25682106,2.401373805,0.,97.242348982,2.40757342,0.,           0000219P0000905
98.355292244,2.411780648,0.,99.455559758,2.416633986,0.,         0000219P0000906
100.542869141,2.422082921,0.,101.616693721,2.428073313,0.,       0000219P0000907
102.676258277,2.434547674,0.,104.92176125,2.449379907,0.,        0000219P0000908
106.104369449,2.457885251,0.,107.269537323,2.466890856,0.,       0000219P0000909
108.418458444,2.476333146,0.,109.552342027,2.486155586,0.,       0000219P0000910
110.672412925,2.496308678,0.,113.381564583,2.521850045,0.,       0000219P0000911
114.958589442,2.537568423,0.,116.513939209,2.553770734,0.,       0000219P0000912
118.050779913,2.570349403,0.,119.572680784,2.587222043,0.,       0000219P0000913
121.083804431,2.604329858,0.,125.611087922,2.656379565,0.,       0000219P0000914
128.612097014,2.691951124,0.,131.609186253,2.727787322,0.,       0000219P0000915
134.620740022,2.763481409,0.,137.666330981,2.798694201,0.,       0000219P0000916
140.766657304,2.833068571,0.,148.372002293,2.912258185,0.,       0000219P0000917
153.084207118,2.957257405,0.,158.031769612,2.99834129,0.,        0000219P0000918
163.195741804,3.032753533,0.,168.571048286,3.057944766,0.,       0000219P0000919
174.163847665,3.071562578,0.,180.,3.071562578,0.,0.,1.,-0.,-0.,  0000219P0000920
1.;                                                              0000219P0000921
126,31,6,1,0,1,0,0.,0.,0.,0.,0.,0.,0.,0.194120387,0.194120387,   0000221P0000922
0.194120387,0.194120387,0.194120387,0.384849691,0.384849691,     0000221P0000923
0.384849691,0.384849691,0.384849691,0.530875816,0.530875816,     0000221P0000924
0.530875816,0.530875816,0.530875816,0.655950821,0.655950821,     0000221P0000925
0.655950821,0.655950821,0.655950821,0.810909103,0.810909103,     0000221P0000926
0.810909103,0.810909103,0.810909103,1.,1.,1.,1.,1.,1.,1.,1.,1.,  0000221P0000927
1.,1.,1.,1.,1.,1.,1.,1.,1.,1.,1.,1.,1.,1.,1.,1.,1.,1.,1.,1.,1.,  0000221P0000928
1.,1.,1.,1.,1.,1.,1.,1.,1.,180.,3.071562578,0.,183.478478077,    0000221P0000929
3.071562578,0.,186.926814774,3.066586619,0.,190.325531769,       0000221P0000930
3.056797127,0.,193.653555028,3.042664111,0.,196.884676563,       0000221P0000931
3.024966264,0.,203.024521504,2.984912235,0.,205.966653572,       0000221P0000932
2.962454977,0.,208.819518393,2.93797394,0.,211.593780226,        0000221P0000933
2.911950561,0.,214.300839961,2.884770186,0.,218.985983009,       0000221P0000934
2.835257426,0.,220.986877333,2.813274928,0.,222.962830642,       0000221P0000935
2.790915734,0.,224.919404984,2.768297183,0.,226.862579181,       0000221P0000936
2.745524039,0.,230.458281402,2.703140106,0.,232.11129487,        0000221P0000937
2.683558786,0.,233.763428173,2.66400531,0.,235.418969097,        0000221P0000938
2.644546426,0.,237.081904098,2.625265125,0.,240.830850128,       0000221P0000939
2.582725495,0.,242.919694165,2.559655301,0.,245.038405237,       0000221P0000940
2.537160683,0.,247.198157474,2.515460605,0.,249.408285891,       0000221P0000941
2.49490478,0.,254.446377941,2.452863727,0.,257.376101576,        0000221P0000942
2.431562752,0.,260.411841206,2.413829824,0.,263.530244997,       0000221P0000943
2.401108081,0.,266.724630106,2.394438234,0.,270.,2.394438234,0., 0000221P0000944
0.,1.,-0.,-0.,1.;                                                0000221P0000945
126,31,6,1,0,1,0,0.,0.,0.,0.,0.,0.,0.,0.1890909,0.1890909,       0000223P0000946
0.1890909,0.1890909,0.1890909,0.344049184,0.344049184,           0000223P0000947
0.344049184,0.344049184,0.344049184,0.469124192,0.469124192,     0000223P0000948
0.469124192,0.469124192,0.469124192,0.615150319,0.615150319,     0000223P0000949
0.615150319,0.615150319,0.615150319,0.805879626,0.805879626,     0000223P0000950
0.805879626,0.805879626,0.805879626,1.,1.,1.,1.,1.,1.,1.,1.,1.,  0000223P0000951
1.,1.,1.,1.,1.,1.,1.,1.,1.,1.,1.,1.,1.,1.,1.,1.,1.,1.,1.,1.,1.,  0000223P0000952
1.,1.,1.,1.,1.,1.,1.,1.,1.,270.,2.394438234,0.,273.275369894,    0000223P0000953
2.394438234,0.,276.469755003,2.401108081,0.,279.588158794,       0000223P0000954
2.413829824,0.,282.623898424,2.431562752,0.,285.553622059,       0000223P0000955
2.452863727,0.,290.591714109,2.49490478,0.,292.801842526,        0000223P0000956
2.515460605,0.,294.961594763,2.537160683,0.,297.080305835,       0000223P0000957
2.559655301,0.,299.169149872,2.582725495,0.,302.918095902,       0000223P0000958
2.625265125,0.,304.581030903,2.644546426,0.,306.236571827,       0000223P0000959
2.66400531,0.,307.88870513,2.683558786,0.,309.541718598,         0000223P0000960
2.703140106,0.,313.137420819,2.745524039,0.,315.080595016,       0000223P0000961
2.768297183,0.,317.037169358,2.790915734,0.,319.013122667,       0000223P0000962
2.813274928,0.,321.014016991,2.835257426,0.,325.699160039,       0000223P0000963
2.884770186,0.,328.406219774,2.911950561,0.,331.180481607,       0000223P0000964
2.93797394,0.,334.033346428,2.962454977,0.,336.975478496,        0000223P0000965
2.984912235,0.,343.115323182,3.024966262,0.,346.346443946,       0000223P0000966
3.042664108,0.,349.674468749,3.056797128,0.,353.073188119,       0000223P0000967
3.066586628,0.,356.521519159,3.071562571,0.,360.,3.071562578,0., 0000223P0000968
0.,1.,-0.,-0.,1.;                                                0000223P0000969
110,360.,3.071562578,0.,360.,4.071562578,0.;                     0000225P0000970
126,31,6,1,0,1,0,0.,0.,0.,0.,0.,0.,0.,0.14712718,0.14712718,     0000227P0000971
0.14712718,0.14712718,0.14712718,0.321493134,0.321493134,        0000227P0000972
0.321493134,0.321493134,0.321493134,0.488033659,0.488033659,     0000227P0000973
0.488033659,0.488033659,0.488033659,0.621741737,0.621741737,     0000227P0000974
0.621741737,0.621741737,0.621741737,0.806705609,0.806705609,     0000227P0000975
0.806705609,0.806705609,0.806705609,1.,1.,1.,1.,1.,1.,1.,1.,1.,  0000227P0000976
1.,1.,1.,1.,1.,1.,1.,1.,1.,1.,1.,1.,1.,1.,1.,1.,1.,1.,1.,1.,1.,  0000227P0000977
1.,1.,1.,1.,1.,1.,1.,1.,1.,360.,4.071562578,0.,357.43387953,     0000227P0000978
4.071562575,0.,354.878633939,4.069757372,0.,352.346111519,       0000227P0000979
4.066175216,0.,349.848562979,4.060936066,0.,347.400657728,       0000227P0000980
4.054248592,0.,342.201871013,4.037114047,0.,339.466813551,       0000227P0000981
4.026160349,0.,336.807586835,4.013870497,0.,334.216600704,       0000227P0000982
4.000529531,0.,331.686539045,3.986382255,0.,326.843595783,       0000227P0000983
3.957544446,0.,324.522115373,3.942883285,0.,322.236290161,       0000227P0000984
3.92781056,0.,319.977740629,3.912458024,0.,317.737275648,        0000227P0000985
3.896933622,0.,313.710475779,3.868798241,0.,311.923141326,       0000227P0000986
3.856226497,0.,310.136252107,3.843661917,0.,308.345010817,       0000227P0000987
3.831157674,0.,306.544806676,3.818773375,0.,302.22128154,        0000227P0000988
3.789707292,0.,299.687838917,3.773215046,0.,297.111518511,       0000227P0000989
3.757241376,0.,294.477666479,3.74200245,0.,291.773015256,        0000227P0000990
3.727809234,0.,286.07002854,3.701748299,0.,283.013323611,        0000227P0000991
3.68978264,0.,279.858717364,3.680033223,0.,276.629919544,        0000227P0000992
3.673171981,0.,273.340765727,3.66963879,0.,270.,3.66963879,0.,   0000227P0000993
0.,1.,0.,0.,1.;                                                  0000227P0000994
126,31,6,1,0,1,0,0.,0.,0.,0.,0.,0.,0.,0.193294391,0.193294391,   0000229P0000995
0.193294391,0.193294391,0.193294391,0.378258262,0.378258262,     0000229P0000996
0.378258262,0.378258262,0.378258262,0.51196634,0.51196634,       0000229P0000997
0.51196634,0.51196634,0.51196634,0.678506864,0.678506864,        0000229P0000998
0.678506864,0.678506864,0.678506864,0.852872817,0.852872817,     0000229P0000999
0.852872817,0.852872817,0.852872817,1.,1.,1.,1.,1.,1.,1.,1.,1.,  0000229P0001000
1.,1.,1.,1.,1.,1.,1.,1.,1.,1.,1.,1.,1.,1.,1.,1.,1.,1.,1.,1.,1.,  0000229P0001001
1.,1.,1.,1.,1.,1.,1.,1.,1.,270.,3.66963879,0.,266.659234273,     0000229P0001002
3.66963879,0.,263.370080456,3.673171981,0.,260.141282636,        0000229P0001003
3.680033223,0.,256.986676389,3.68978264,0.,253.92997146,         0000229P0001004
3.701748299,0.,248.226984744,3.727809234,0.,245.522333521,       0000229P0001005
3.74200245,0.,242.888481489,3.757241376,0.,240.312161083,        0000229P0001006
3.773215046,0.,237.77871846,3.789707292,0.,233.455193324,        0000229P0001007
3.818773375,0.,231.654989183,3.831157674,0.,229.863747893,       0000229P0001008
3.843661917,0.,228.076858674,3.856226497,0.,226.289524221,       0000229P0001009
3.868798241,0.,222.262724352,3.896933622,0.,220.022259371,       0000229P0001010
3.912458024,0.,217.763709839,3.92781056,0.,215.477884627,        0000229P0001011
3.942883285,0.,213.156404217,3.957544446,0.,208.313460955,       0000229P0001012
3.986382255,0.,205.783399296,4.000529531,0.,203.192413165,       0000229P0001013
4.013870497,0.,200.533186449,4.026160349,0.,197.798128987,       0000229P0001014
4.037114047,0.,192.599342221,4.054248593,0.,190.151435454,       0000229P0001015
4.060936069,0.,187.653889741,4.066175215,0.,185.121368301,       0000229P0001016
4.069757368,0.,182.566118005,4.071562578,0.,180.,4.071562578,0., 0000229P0001017
0.,1.,0.,0.,1.;                                                  0000229P0001018
126,37,7,1,0,1,0,0.,0.,0.,0.,0.,0.,0.,0.,0.308754725,            0000231P0001019
0.308754725,0.308754725,0.308754725,0.308754725,0.308754725,     0000231P0001020
0.589853644,0.589853644,0.589853644,0.589853644,0.589853644,     0000231P0001021
0.589853644,0.795033721,0.795033721,0.795033721,0.795033721,     0000231P0001022
0.795033721,0.795033721,0.894344801,0.894344801,0.894344801,     0000231P0001023
0.894344801,0.894344801,0.894344801,0.963491758,0.963491758,     0000231P0001024
0.963491758,0.963491758,0.963491758,0.963491758,1.,1.,1.,1.,1.,  0000231P0001025
1.,1.,1.,1.,1.,1.,1.,1.,1.,1.,1.,1.,1.,1.,1.,1.,1.,1.,1.,1.,1.,  0000231P0001026
1.,1.,1.,1.,1.,1.,1.,1.,1.,1.,1.,1.,1.,1.,1.,1.,1.,1.,1.,1.,     0000231P0001027
180.,4.071562578,0.,175.282479995,4.071562578,0.,170.709235656,  0000231P0001028
4.065630736,0.,166.269977233,4.054420085,0.,161.966094558,       0000231P0001029
4.038796365,0.,157.808187623,4.019801813,0.,153.819823882,       0000231P0001030
3.998636635,0.,146.618216049,3.956525302,0.,143.277260957,       0000231P0001031
3.935201374,0.,140.006381583,3.91308904,0.,136.782453019,        0000231P0001032
3.890539242,0.,133.581197921,3.867824447,0.,130.37642992,        0000231P0001033
3.845193615,0.,124.773360781,3.806704406,0.,122.397213916,       0000231P0001034
3.790710322,0.,119.993869029,3.775052573,0.,117.551012912,       0000231P0001035
3.75986308,0.,115.057900614,3.74532632,0.,112.504455272,         0000231P0001036
3.731685005,0.,108.610887196,3.71321712,0.,107.322834175,        0000231P0001037
3.707466057,0.,106.016742716,3.70202904,0.,104.692558523,        0000231P0001038
3.696948386,0.,103.350056174,3.692266808,0.,101.988833178,       0000231P0001039
3.688027232,0.,99.647088103,3.681658388,0.,98.676586888,         0000231P0001040
3.679279421,0.,97.697898561,3.677153784,0.,96.712032188,         0000231P0001041
3.675297122,0.,95.719907718,3.673722654,0.,94.722355982,         0000231P0001042
3.67244117,0.,93.190956999,3.670943539,0.,92.660670179,          0000231P0001043
3.670510211,0.,92.129469143,3.670162289,0.,91.5975722,           0000231P0001044
3.66990071,0.,91.065205058,3.669726102,0.,90.532600823,          0000231P0001045
3.66963879,0.,90.,3.66963879,0.,0.,1.,0.,0.,1.;                  0000231P0001046
510,235,4,1,243,253,261,269;                                     0000233P0001047
192,237,239,1.5,241;                                             0000235P0001048
116,0.,0.,5.,0;                                                  0000237P0001049
123,0.,0.,1.;                                                    0000239P0001050
123,1.,0.,-0.;                                                   0000241P0001051
508,4,0,17,23,1,1,0,245,0,17,12,0,1,0,247,0,17,23,0,1,0,249,0,   0000243P0001052
17,24,1,1,0,251;                                                 0000243P0001053
110,360.,0.,0.,360.,5.,0.;                                       0000245P0001054
110,360.,5.,0.,0.,5.,0.;                                         0000247P0001055
110,2.37142157E-11,5.,0.,2.37142157E-11,0.,0.;                   0000249P0001056
110,0.,0.,0.,360.,0.,0.;                                         0000251P0001057
508,3,0,17,16,0,1,0,255,0,17,15,1,1,0,257,0,17,17,1,1,0,259;     0000253P0001058
126,10,10,1,0,1,0,1.570796327,1.570796327,1.570796327,           0000255P0001059
1.570796327,1.570796327,1.570796327,1.570796327,1.570796327,     0000255P0001060
1.570796327,1.570796327,1.570796327,4.71238898,4.71238898,       0000255P0001061
4.71238898,4.71238898,4.71238898,4.71238898,4.71238898,          0000255P0001062
4.71238898,4.71238898,4.71238898,4.71238898,1.,1.,1.,1.,1.,1.,   0000255P0001063
1.,1.,1.,1.,1.,270.,2.897581273,0.,251.999999954,2.426342374,0., 0000255P0001064
233.999999985,1.955103499,0.,215.999999891,1.548460752,0.,       0000255P0001065
198.00000011,1.271012558,0.,179.99999982,1.172166845,0.,         0000255P0001066
162.000000172,1.271012558,0.,143.99999995,1.548460752,0.,        0000255P0001067
126.00000005,1.955103499,0.,108.000000046,2.426342374,0.,90.,    0000255P0001068
2.897581273,0.,1.570796327,4.71238898,-0.,-0.,1.;                0000255P0001069
126,8,8,1,0,1,0,4.71238898,4.71238898,4.71238898,4.71238898,     0000257P0001070
4.71238898,4.71238898,4.71238898,4.71238898,4.71238898,          0000257P0001071
6.283185307,6.283185307,6.283185307,6.283185307,6.283185307,     0000257P0001072
6.283185307,6.283185307,6.283185307,6.283185307,1.,1.,1.,1.,1.,  0000257P0001073
1.,1.,1.,1.,90.,2.897581273,0.,101.250000043,3.192105586,0.,     0000257P0001074
112.500000029,3.486629967,0.,123.750000014,3.763851165,0.,135.,  0000257P0001075
4.006469399,0.,146.249999985,4.199308343,0.,157.499999971,       0000257P0001076
4.331490109,0.,168.749999957,4.397581273,0.,180.,4.397581273,0., 0000257P0001077
4.71238898,6.283185307,-0.,-0.,1.;                               0000257P0001078
126,8,8,1,0,1,0,0.,0.,0.,0.,0.,0.,0.,0.,0.,1.570796327,          0000259P0001079
1.570796327,1.570796327,1.570796327,1.570796327,1.570796327,     0000259P0001080
1.570796327,1.570796327,1.570796327,1.,1.,1.,1.,1.,1.,1.,1.,1.,  0000259P0001081
180.,4.397581273,0.,191.250000043,4.397581273,0.,202.500000029,  0000259P0001082
4.331490109,0.,213.750000014,4.199308343,0.,224.999999999,       0000259P0001083
4.006469399,0.,236.249999985,3.763851165,0.,247.499999971,       0000259P0001084
3.486629967,0.,258.749999957,3.192105586,0.,270.,2.897581273,0., 0000259P0001085
0.,1.570796327,-0.,-0.,1.;                                       0000259P0001086
508,3,0,17,25,0,1,0,263,0,17,26,1,1,0,265,0,17,27,1,1,0,267;     0000261P0001087
126,8,8,1,0,1,0,4.664662211,4.664662211,4.664662211,4.664662211, 0000263P0001088
4.664662211,4.664662211,4.664662211,4.664662211,4.664662211,     0000263P0001089
4.712388713,4.712388713,4.712388713,4.712388713,4.712388713,     0000263P0001090
4.712388713,4.712388713,4.712388713,4.712388713,1.,1.,1.,1.,1.,  0000263P0001091
1.,1.,1.,1.,90.,2.897581273,0.,89.658184064,2.888632553,0.,      0000263P0001092
89.316368186,2.879683834,0.,88.974552307,2.870735601,0.,         0000263P0001093
88.632736428,2.861788338,0.,88.29092055,2.852842531,0.,          0000263P0001094
87.949104671,2.843898665,0.,87.607288793,2.834957226,0.,         0000263P0001095
87.265472857,2.826018695,0.,4.664662211,4.712388713,-0.,-0.,1.;  0000263P0001096
126,1,1,1,0,1,0,2.826018695,2.826018695,2.969143852,2.969143852, 0000265P0001097
1.,1.,87.265472857,2.826018695,0.,87.265472857,2.969143852,0.,   0000265P0001098
2.826018695,2.969143852,0.,0.,1.;                                0000265P0001099
126,8,8,1,0,1,0,1.523069825,1.523069825,1.523069825,1.523069825, 0000267P0001100
1.523069825,1.523069825,1.523069825,1.523069825,1.523069825,     0000267P0001101
1.570796327,1.570796327,1.570796327,1.570796327,1.570796327,     0000267P0001102
1.570796327,1.570796327,1.570796327,1.570796327,1.,1.,1.,1.,1.,  0000267P0001103
1.,1.,1.,1.,87.265472857,2.969143852,0.,87.607288793,            0000267P0001104
2.960205321,0.,87.949104672,2.951263881,0.,88.29092055,          0000267P0001105
2.942320016,0.,88.632736429,2.933374209,0.,88.974552307,         0000267P0001106
2.924426946,0.,89.316368186,2.915478712,0.,89.658184064,         0000267P0001107
2.906529994,0.,90.,2.897581273,0.,1.523069825,1.570796327,-0.,   0000267P0001108
-0.,1.;                                                          0000267P0001109
508,3,0,17,28,0,1,0,271,0,17,29,1,1,0,273,0,17,30,0,1,0,275;     0000269P0001110
126,8,8,1,0,1,0,1.570796594,1.570796594,1.570796594,1.570796594, 0000271P0001111
1.570796594,1.570796594,1.570796594,1.570796594,1.570796594,     0000271P0001112
1.618523096,1.618523096,1.618523096,1.618523096,1.618523096,     0000271P0001113
1.618523096,1.618523096,1.618523096,1.618523096,1.,1.,1.,1.,1.,  0000271P0001114
1.,1.,1.,1.,272.734527143,2.826018695,0.,272.392711207,          0000271P0001115
2.834957226,0.,272.050895328,2.843898665,0.,271.709079449,       0000271P0001116
2.852842531,0.,271.367263572,2.861788338,0.,271.025447692,       0000271P0001117
2.870735601,0.,270.683631814,2.879683834,0.,270.341815936,       0000271P0001118
2.888632553,0.,270.,2.897581273,0.,1.570796594,1.618523096,-0.,  0000271P0001119
-0.,1.;                                                          0000271P0001120
126,8,8,1,0,1,0,4.71238898,4.71238898,4.71238898,4.71238898,     0000273P0001121
4.71238898,4.71238898,4.71238898,4.71238898,4.71238898,          0000273P0001122
4.760115483,4.760115483,4.760115483,4.760115483,4.760115483,     0000273P0001123
4.760115483,4.760115483,4.760115483,4.760115483,1.,1.,1.,1.,1.,  0000273P0001124
1.,1.,1.,1.,270.,2.897581273,0.,270.341815936,2.906529994,0.,    0000273P0001125
270.683631815,2.915478712,0.,271.025447691,2.924426946,0.,       0000273P0001126
271.367263574,2.933374209,0.,271.709079448,2.942320016,0.,       0000273P0001127
272.050895329,2.951263881,0.,272.392711207,2.960205321,0.,       0000273P0001128
272.734527143,2.969143852,0.,4.71238898,4.760115483,-0.,-0.,1.;  0000273P0001129
126,1,1,1,0,1,0,2.826018695,2.826018695,2.969143852,2.969143852, 0000275P0001130
1.,1.,272.734527143,2.969143852,0.,272.734527143,2.826018695,0., 0000275P0001131
2.826018695,2.969143852,0.,0.,1.;                                0000275P0001132
510,279,2,1,287,297;                                             0000277P0001133
192,281,283,2.,285;                                              0000279P0001134
116,0.,0.,-3.,0;                                                 0000281P0001135
123,0.,0.,1.;                                                    0000283P0001136
123,1.,0.,-0.;                                                   0000285P0001137
508,4,0,17,13,1,1,0,289,0,17,31,1,1,0,291,0,17,32,0,1,0,293,0,   0000287P0001138
17,31,0,1,0,295;                                                 0000287P0001139
110,0.,3.,0.,360.,3.,0.;                                         0000289P0001140
110,360.,3.,0.,360.,8.,0.;                                       0000291P0001141
110,360.,8.,0.,0.,8.,0.;                                         0000293P0001142
110,2.37142157E-11,8.,0.,2.37142157E-11,3.,0.;                   0000295P0001143
508,4,0,17,20,0,1,0,299,0,17,19,1,1,0,301,0,17,22,1,1,0,303,0,   0000297P0001144
17,21,0,1,0,305;                                                 0000297P0001145
126,37,7,1,0,1,0,0.,0.,0.,0.,0.,0.,0.,0.,0.370270669,            0000299P0001146
0.370270669,0.370270669,0.370270669,0.370270669,0.370270669,     0000299P0001147
0.635896428,0.635896428,0.635896428,0.635896428,0.635896428,     0000299P0001148
0.635896428,0.768208039,0.768208039,0.768208039,0.768208039,     0000299P0001149
0.768208039,0.768208039,0.859697858,0.859697858,0.859697858,     0000299P0001150
0.859697858,0.859697858,0.859697858,0.939233792,0.939233792,     0000299P0001151
0.939233792,0.939233792,0.939233792,0.939233792,1.,1.,1.,1.,1.,  0000299P0001152
1.,1.,1.,1.,1.,1.,1.,1.,1.,1.,1.,1.,1.,1.,1.,1.,1.,1.,1.,1.,1.,  0000299P0001153
1.,1.,1.,1.,1.,1.,1.,1.,1.,1.,1.,1.,1.,1.,1.,1.,1.,1.,1.,1.,     0000299P0001154
180.,3.397581273,0.,175.622885749,3.397581273,0.,171.428304892,  0000299P0001155
3.415738122,0.,167.429170346,3.449327914,0.,163.641709554,       0000299P0001156
3.495811138,0.,160.087813433,3.552527584,0.,156.79686798,        0000299P0001157
3.616686829,0.,151.657702448,3.733877904,0.,149.617654371,       0000299P0001158
3.786000433,0.,147.674874939,3.841006242,0.,145.822644379,       0000299P0001159
3.898803644,0.,144.058049113,3.959432239,0.,142.383458882,       0000299P0001160
4.023006396,0.,140.023787906,4.122869377,0.,139.263570712,       0000299P0001161
4.156852238,0.,138.527451353,4.191695477,0.,137.816272839,       0000299P0001162
4.227472305,0.,137.131924601,4.264247967,0.,136.477285531,       0000299P0001163
4.302079896,0.,135.426680769,4.367942379,0.,135.012918383,       0000299P0001164
4.395414849,0.,134.616079394,4.423459622,0.,134.237621991,       0000299P0001165
4.452099707,0.,133.879263028,4.48135677,0.,133.542978025,        0000299P0001166
4.511251133,0.,132.959786608,4.568360724,0.,132.706628218,       0000299P0001167
4.595446393,0.,132.47355916,4.623025436,0.,132.262469619,        0000299P0001168
4.651068389,0.,132.07512193,4.679549873,0.,131.913165709,        0000299P0001169
4.708448798,0.,131.675001969,4.760133859,0.,131.587633443,       0000299P0001170
4.782741481,0.,131.516881212,4.805526126,0.,131.463376535,       0000299P0001171
4.828443988,0.,131.427548117,4.851452759,0.,131.409622109,       0000299P0001172
4.874511626,0.,131.409622109,4.897581273,0.,0.,1.,-0.,-0.,1.;    0000299P0001173
126,37,7,1,0,1,0,0.,0.,0.,0.,0.,0.,0.,0.,6.076621247E-02,        0000301P0001174
6.076621247E-02,6.076621247E-02,6.076621247E-02,6.076621247E-02, 0000301P0001175
6.076621247E-02,0.140302152,0.140302152,0.140302152,0.140302152, 0000301P0001176
0.140302152,0.140302152,0.231791978,0.231791978,0.231791978,     0000301P0001177
0.231791978,0.231791978,0.231791978,0.364103599,0.364103599,     0000301P0001178
0.364103599,0.364103599,0.364103599,0.364103599,0.629729377,     0000301P0001179
0.629729377,0.629729377,0.629729377,0.629729377,0.629729377,1.,  0000301P0001180
1.,1.,1.,1.,1.,1.,1.,1.,1.,1.,1.,1.,1.,1.,1.,1.,1.,1.,1.,1.,1.,  0000301P0001181
1.,1.,1.,1.,1.,1.,1.,1.,1.,1.,1.,1.,1.,1.,1.,1.,1.,1.,1.,1.,1.,  0000301P0001182
1.,1.,1.,131.409622109,4.897581273,0.,131.409622109,4.920650921, 0000301P0001183
0.,131.427548117,4.943709788,0.,131.463376535,4.966718558,0.,    0000301P0001184
131.516881212,4.989636421,0.,131.587633443,5.012421066,0.,       0000301P0001185
131.675001969,5.035028688,0.,131.913165709,5.086713749,0.,       0000301P0001186
132.07512193,5.115612674,0.,132.262469619,5.144094158,0.,        0000301P0001187
132.47355916,5.172137111,0.,132.706628218,5.199716153,0.,        0000301P0001188
132.959786608,5.226801822,0.,133.542978025,5.283911414,0.,       0000301P0001189
133.879263028,5.313805776,0.,134.237621991,5.34306284,0.,        0000301P0001190
134.616079394,5.371702925,0.,135.012918383,5.399747698,0.,       0000301P0001191
135.426680769,5.427220168,0.,136.477285531,5.49308265,0.,        0000301P0001192
137.131924601,5.53091458,0.,137.816272839,5.567690242,0.,        0000301P0001193
138.527451353,5.603467069,0.,139.263570712,5.638310309,0.,       0000301P0001194
140.023787906,5.672293169,0.,142.383458882,5.772156151,0.,       0000301P0001195
144.058049113,5.835730308,0.,145.822644379,5.896358903,0.,       0000301P0001196
147.674874939,5.954156304,0.,149.617654371,6.009162114,0.,       0000301P0001197
151.657702448,6.061284642,0.,156.796867389,6.178475704,0.,       0000301P0001198
160.087813635,6.242634967,0.,163.641709901,6.299351417,0.,       0000301P0001199
167.429169186,6.345834623,0.,171.428308757,6.379424445,0.,       0000301P0001200
175.622882392,6.397581258,0.,180.,6.397581273,0.,0.,1.,-0.,-0.,  0000301P0001201
1.;                                                              0000301P0001202
126,31,6,1,0,1,0,0.,0.,0.,0.,0.,0.,0.,0.194120374,0.194120374,   0000303P0001203
0.194120374,0.194120374,0.194120374,0.384849681,0.384849681,     0000303P0001204
0.384849681,0.384849681,0.384849681,0.530875808,0.530875808,     0000303P0001205
0.530875808,0.530875808,0.530875808,0.655950816,0.655950816,     0000303P0001206
0.655950816,0.655950816,0.655950816,0.8109091,0.8109091,         0000303P0001207
0.8109091,0.8109091,0.8109091,1.,1.,1.,1.,1.,1.,1.,1.,1.,1.,1.,  0000303P0001208
1.,1.,1.,1.,1.,1.,1.,1.,1.,1.,1.,1.,1.,1.,1.,1.,1.,1.,1.,1.,1.,  0000303P0001209
1.,1.,1.,1.,1.,1.,1.,180.,6.397581273,0.,182.608860631,          0000303P0001210
6.397581264,0.,185.19511216,6.390946761,0.,187.736562918,        0000303P0001211
6.377893668,0.,190.210566687,6.358954458,0.,192.591665763,       0000303P0001212
6.33499054,0.,197.068883644,6.280062342,0.,199.190238256,        0000303P0001213
6.248970935,0.,201.218998693,6.21463479,0.,203.160088171,        0000303P0001214
6.177537845,0.,205.018674793,6.138016534,0.,208.164573604,       0000303P0001215
6.064277873,0.,209.484127299,6.030977865,0.,210.761295751,       0000303P0001216
5.996436001,0.,211.997838332,5.960700736,0.,213.19510862,        0000303P0001217
5.923778754,0.,215.346797174,5.852950658,0.,216.310683784,       0000303P0001218
5.81939581,0.,217.246768729,5.784926423,0.,218.155034908,        0000303P0001219
5.74950251,0.,219.034515465,5.71307823,0.,220.935044673,         0000303P0001220
5.629165404,0.,221.938024393,5.581186854,0.,222.893015237,       0000303P0001221
5.531393324,0.,223.794943228,5.479565154,0.,224.634042044,       0000303P0001222
5.425525184,0.,226.325653866,5.300315198,0.,227.164888749,       0000303P0001223
5.226182234,0.,227.849655262,5.148093998,0.,228.335612521,       0000303P0001224
5.066959117,0.,228.590377891,4.983330257,0.,228.590377891,       0000303P0001225
4.897581273,0.,0.,1.,-0.,-0.,1.;                                 0000303P0001226
126,31,6,1,0,1,0,0.,0.,0.,0.,0.,0.,0.,0.189090897,0.189090897,   0000305P0001227
0.189090897,0.189090897,0.189090897,0.344049179,0.344049179,     0000305P0001228
0.344049179,0.344049179,0.344049179,0.469124184,0.469124184,     0000305P0001229
0.469124184,0.469124184,0.469124184,0.615150309,0.615150309,     0000305P0001230
0.615150309,0.615150309,0.615150309,0.805879613,0.805879613,     0000305P0001231
0.805879613,0.805879613,0.805879613,1.,1.,1.,1.,1.,1.,1.,1.,1.,  0000305P0001232
1.,1.,1.,1.,1.,1.,1.,1.,1.,1.,1.,1.,1.,1.,1.,1.,1.,1.,1.,1.,1.,  0000305P0001233
1.,1.,1.,1.,1.,1.,1.,1.,1.,228.590377891,4.897581273,0.,         0000305P0001234
228.590377891,4.81183229,0.,228.335612521,4.728203429,0.,        0000305P0001235
227.849655262,4.647068549,0.,227.164888749,4.568980312,0.,       0000305P0001236
226.325653866,4.494847349,0.,224.634042044,4.369637362,0.,       0000305P0001237
223.794943228,4.315597393,0.,222.893015237,4.263769223,0.,       0000305P0001238
221.938024393,4.213975693,0.,220.935044673,4.165997142,0.,       0000305P0001239
219.034515465,4.082084316,0.,218.155034908,4.045660037,0.,       0000305P0001240
217.246768729,4.010236124,0.,216.310683784,3.975766737,0.,       0000305P0001241
215.346797174,3.942211889,0.,213.19510862,3.871383793,0.,        0000305P0001242
211.997838332,3.834461811,0.,210.761295751,3.798726546,0.,       0000305P0001243
209.484127299,3.764184682,0.,208.164573604,3.730884673,0.,       0000305P0001244
205.018674793,3.657146013,0.,203.160088171,3.617624702,0.,       0000305P0001245
201.218998693,3.580527757,0.,199.190238256,3.546191612,0.,       0000305P0001246
197.068883644,3.515100204,0.,192.591665577,3.460172004,0.,       0000305P0001247
190.21056593,3.436208085,0.,187.736563285,3.41726888,0.,         0000305P0001248
185.195114339,3.404215797,0.,182.608858558,3.397581273,0.,180.,  0000305P0001249
3.397581273,0.,0.,1.,-0.,-0.,1.;                                 0000305P0001250
510,309,2,1,317,319;                                             0000307P0001251
190,311,313,315;                                                 0000309P0001252
116,0.,0.,5.,0;                                                  0000311P0001253
123,0.,0.,1.;                                                    0000313P0001254
123,1.,0.,-0.;                                                   0000315P0001255
508,1,0,17,32,1,0;                                               0000317P0001256
508,1,0,17,24,0,0;                                               0000319P0001257
510,323,1,1,331;                                                 0000321P0001258
192,325,327,1.5,329;                                             0000323P0001259
116,7.15625782E-02,0.,7.897581273,0;                             0000325P0001260
123,-1.,0.,-2.220446049E-16;                                     0000327P0001261
123,-2.220446049E-16,0.,1.;                                      0000329P0001262
508,3,0,17,25,1,1,0,333,0,17,27,0,1,0,335,0,17,33,1,1,0,337;     0000331P0001263
126,8,8,1,0,1,0,4.664662478,4.664662478,4.664662478,4.664662478, 0000333P0001264
4.664662478,4.664662478,4.664662478,4.664662478,4.664662478,     0000333P0001265
4.71238898,4.71238898,4.71238898,4.71238898,4.71238898,          0000333P0001266
4.71238898,4.71238898,4.71238898,4.71238898,1.,1.,1.,1.,1.,1.,   0000333P0001267
1.,1.,1.,92.734527143,-6.419625442E-13,0.,92.392711207,          0000333P0001268
8.938530425E-03,0.,92.050895329,1.787997018E-02,0.,91.709079449, 0000333P0001269
2.682383601E-02,0.,91.367263572,3.57696429E-02,0.,91.025447693,  0000333P0001270
4.47169057E-02,0.,90.683631814,5.366513915E-02,0.,90.341815936,  0000333P0001271
6.261385793E-02,0.,90.,7.15625782E-02,0.,4.664662478,4.71238898, 0000333P0001272
-0.,-0.,1.;                                                      0000333P0001273
126,8,8,1,0,1,0,1.523069558,1.523069558,1.523069558,1.523069558, 0000335P0001274
1.523069558,1.523069558,1.523069558,1.523069558,1.523069558,     0000335P0001275
1.57079606,1.57079606,1.57079606,1.57079606,1.57079606,          0000335P0001276
1.57079606,1.57079606,1.57079606,1.57079606,1.,1.,1.,1.,1.,1.,   0000335P0001277
1.,1.,1.,90.,7.15625782E-02,0.,89.658184064,6.261385793E-02,0.,  0000335P0001278
89.316368186,5.366513915E-02,0.,88.974552307,4.47169057E-02,0.,  0000335P0001279
88.632736429,3.57696429E-02,0.,88.29092055,2.682383601E-02,0.,   0000335P0001280
87.949104672,1.787997018E-02,0.,87.607288793,8.938530425E-03,0., 0000335P0001281
87.265472857,-3.297580411E-13,0.,1.523069558,1.57079606,-0.,-0., 0000335P0001282
1.;                                                              0000335P0001283
110,87.265472857,0.,0.,92.734527143,0.,0.;                       0000337P0001284
510,341,1,1,349;                                                 0000339P0001285
190,343,345,347;                                                 0000341P0001286
116,7.15625782E-02,0.,7.897581273,0;                             0000343P0001287
123,-1.,0.,-2.220446049E-16;                                     0000345P0001288
123,-2.220446049E-16,0.,1.;                                      0000347P0001289
508,2,0,17,26,1,0,0,17,33,1,0;                                   0000349P0001290
510,353,1,1,361;                                                 0000351P0001291
192,355,357,1.5,359;                                             0000353P0001292
116,7.15625782E-02,0.,7.897581273,0;                             0000355P0001293
123,-1.,0.,-2.220446049E-16;                                     0000357P0001294
123,-2.220446049E-16,0.,1.;                                      0000359P0001295
508,3,0,17,29,0,1,0,363,0,17,28,1,1,0,365,0,17,34,1,1,0,367;     0000361P0001296
126,8,8,1,0,1,0,4.712389247,4.712389247,4.712389247,4.712389247, 0000363P0001297
4.712389247,4.712389247,4.712389247,4.712389247,4.712389247,     0000363P0001298
4.760115749,4.760115749,4.760115749,4.760115749,4.760115749,     0000363P0001299
4.760115749,4.760115749,4.760115749,4.760115749,1.,1.,1.,1.,1.,  0000363P0001300
1.,1.,1.,1.,272.734527143,2.900709308E-13,0.,272.392711207,      0000363P0001301
8.938530426E-03,0.,272.050895328,1.787997019E-02,0.,             0000363P0001302
271.709079448,2.682383601E-02,0.,271.367263572,3.57696429E-02,   0000363P0001303
0.,271.025447692,4.47169057E-02,0.,270.683631815,                0000363P0001304
5.366513915E-02,0.,270.341815936,6.261385793E-02,0.,270.,        0000363P0001305
7.15625782E-02,0.,4.712389247,4.760115749,-0.,-0.,1.;            0000363P0001306
126,8,8,1,0,1,0,1.570796327,1.570796327,1.570796327,1.570796327, 0000365P0001307
1.570796327,1.570796327,1.570796327,1.570796327,1.570796327,     0000365P0001308
1.618522829,1.618522829,1.618522829,1.618522829,1.618522829,     0000365P0001309
1.618522829,1.618522829,1.618522829,1.618522829,1.,1.,1.,1.,1.,  0000365P0001310
1.,1.,1.,1.,270.,7.15625782E-02,0.,269.658184064,                0000365P0001311
6.261385793E-02,0.,269.316368185,5.366513915E-02,0.,             0000365P0001312
268.974552308,4.47169057E-02,0.,268.632736428,3.57696429E-02,0., 0000365P0001313
268.29092055,2.682383601E-02,0.,267.949104672,1.787997019E-02,   0000365P0001314
0.,267.607288793,8.938530426E-03,0.,267.265472857,               0000365P0001315
-1.979731374E-14,0.,1.570796327,1.618522829,-0.,-0.,1.;          0000365P0001316
110,267.265472857,0.,0.,272.734527143,0.,0.;                     0000367P0001317
510,371,1,1,379;                                                 0000369P0001318
190,373,375,377;                                                 0000371P0001319
116,7.15625782E-02,0.,7.897581273,0;                             0000373P0001320
123,-1.,0.,-2.220446049E-16;                                     0000375P0001321
123,-2.220446049E-16,0.,1.;                                      0000377P0001322
508,2,0,17,34,1,0,0,17,30,0,0;                                   0000379P0001323
S      1G      4D    380P   1323                                        T0000001
