                                                                        S0000001
,,31HOpen CASCADE IGES processor 7.9,13HFilename.iges,                  G0000001
16HOpen CASCADE 7.9,31HOpen CASCADE IGES processor 7.9,32,308,15,308,15,G0000002
,1.,2,2HMM,1,0.01,15H20261004.214557,1E-07,89.027201,7Hjiayuxu,,11,0,   G0000003
15H20261004.214557,;                                                    G0000004
     186       1       0       0       0       0       0       000000000D0000001
     186       0       0       1       0                               0D0000002
     514       2       0       0       0       0       0       000010000D0000003
     514       0       0       4       1                               0D0000004
     510       6       0       0       0       0       0       000010000D0000005
     510       0       0       1       1                               0D0000006
     192       7       0       0       0       0       0       000010000D0000007
     192       0       0       1       1                               0D0000008
     116       8       0       0       0       0       0       000010400D0000009
     116       0       0       1       0                               0D0000010
     123       9       0       0       0       0       0       000010200D0000011
     123       0       0       1       0                               0D0000012
     123      10       0       0       0       0       0       000010200D0000013
     123       0       0       1       0                               0D0000014
     508      11       0       0       0       0       0       000010000D0000015
     508       0       0       2       1                               0D0000016
     504      13       0       0       0       0       0       000010001D0000017
     504       0       0      18       1                               0D0000018
     110      31       0       0       0       0       0       000010000D0000019
     110       0       0       1       0                               0D0000020
     502      32       0       0       0       0       0       000010000D0000021
     502       0       0      12       1                               0D0000022
     100      44       0       0       0       0      25       000010000D0000023
     100       0       0       1       0                               0D0000024
     124      45       0       0       0       0       0       000000000D0000025
     124       0       0       1       0                               0D0000026
     110      46       0       0       0       0       0       000010000D0000027
     110       0       0       1       0                               0D0000028
     100      47       0       0       0       0      31       000010000D0000029
     100       0       0       1       0                               0D0000030
     124      48       0       0       0       0       0       000000000D0000031
     124       0       0       1       0                               0D0000032
     100      49       0       0       0       0      35       000010000D0000033
     100       0       0       1       0                               0D0000034
     124      50       0       0       0       0       0       000000000D0000035
     124       0       0       1       0                               0D0000036
     100      51       0       0       0       0      39       000010000D0000037
     100       0       0       1       0                               0D0000038
     124      52       0       0       0       0       0       000000000D0000039
     124       0       0       1       0                               0D0000040
     100      53       0       0       0       0      43       000010000D0000041
     100       0       0       1       0                               0D0000042
     124      54       0       0       0       0       0       000000000D0000043
     124       0       0       1       0                               0D0000044
     100      55       0       0       0       0      47       000010000D0000045
     100       0       0       1       0                               0D0000046
     124      56       0       0       0       0       0       000000000D0000047
     124       0       0       1       0                               0D0000048
     100      57       0       0       0       0      51       000010000D0000049
     100       0       0       1       0                               0D0000050
     124      58       0       0       0       0       0       000000000D0000051
     124       0       0       1       0                               0D0000052
     100      59       0       0       0       0      55       000010000D0000053
     100       0       0       1       0                               0D0000054
     124      60       0       0       0       0       0       000000000D0000055
     124       0       0       1       0                               0D0000056
     100      61       0       0       0       0      59       000010000D0000057
     100       0       0       1       0                               0D0000058
     124      62       0       0       0       0       0       000000000D0000059
     124       0       0       1       0                               0D0000060
     100      63       0       0       0       0      63       000010000D0000061
     100       0       0       1       0                               0D0000062
     124      64       0       0       0       0       0       000000000D0000063
     124       0       0       1       0                               0D0000064
     100      65       0       0       0       0      67       000010000D0000065
     100       0       0       1       0                               0D0000066
     124      66       0       0       0       0       0       000000000D0000067
     124       0       0       1       0                               0D0000068
     110      67       0       0       0       0       0       000010000D0000069
     110       0       0       1       0                               0D0000070
     100      68       0       0       0       0      73       000010000D0000071
     100       0       0       1       0                               0D0000072
     124      69       0       0       0       0       0       000000000D0000073
     124       0       0       1       0                               0D0000074
     110      70       0       0       0       0       0       000010000D0000075
     110       0       0       1       0                               0D0000076
     100      71       0       0       0       0      79       000010000D0000077
     100       0       0       1       0                               0D0000078
     124      72       0       0       0       0       0       000000000D0000079
     124       0       0       1       0                               0D0000080
     110      73       0       0       0       0       0       000010000D0000081
     110       0       0       1       0                               0D0000082
     100      74       0       0       0       0      85       000010000D0000083
     100       0       0       1       0                               0D0000084
     124      75       0       0       0       0       0       000000000D0000085
     124       0       0       1       0                               0D0000086
     110      76       0       0       0       0       0       000010000D0000087
     110       0       0       1       0                               0D0000088
     100      77       0       0       0       0      91       000010000D0000089
     100       0       0       1       0                               0D0000090
     124      78       0       0       0       0       0       000000000D0000091
     124       0       0       1       0                               0D0000092
     110      79       0       0       0       0       0       000010000D0000093
     110       0       0       1       0                               0D0000094
     110      80       0       0       0       0       0       000010000D0000095
     110       0       0       1       0                               0D0000096
     100      81       0       0       0       0      99       000010000D0000097
     100       0       0       1       0                               0D0000098
     124      82       0       0       0       0       0       000000000D0000099
     124       0       0       1       0                               0D0000100
     100      83       0       0       0       0     103       000010000D0000101
     100       0       0       1       0                               0D0000102
     124      84       0       0       0       0       0       000000000D0000103
     124       0       0       1       0                               0D0000104
     110      85       0       0       0       0       0       000010000D0000105
     110       0       0       1       0                               0D0000106
     100      86       0       0       0       0     109       000010000D0000107
     100       0       0       1       0                               0D0000108
     124      87       0       0       0       0       0       000000000D0000109
     124       0       0       1       0                               0D0000110
     110      88       0       0       0       0       0       000010000D0000111
     110       0       0       1       0                               0D0000112
     110      89       0       0       0       0       0       000010000D0000113
     110       0       0       1       0                               0D0000114
     110      90       0       0       0       0       0       000010000D0000115
     110       0       0       1       0                               0D0000116
     110      91       0       0       0       0       0       000010000D0000117
     110       0       0       1       0                               0D0000118
     110      92       0       0       0       0       0       000010000D0000119
     110       0       0       1       0                               0D0000120
     110      93       0       0       0       0       0       000010000D0000121
     110       0       0       1       0                               0D0000122
     110      94       0       0       0       0       0       000010000D0000123
     110       0       0       1       0                               0D0000124
     110      95       0       0       0       0       0       000010000D0000125
     110       0       0       1       0                               0D0000126
     110      96       0       0       0       0       0       000010000D0000127
     110       0       0       1       0                               0D0000128
     110      97       0       0       0       0       0       000010000D0000129
     110       0       0       1       0                               0D0000130
     110      98       0       0       0       0       0       000010000D0000131
     110       0       0       1       0                               0D0000132
     110      99       0       0       0       0       0       000010000D0000133
     110       0       0       1       0                               0D0000134
     110     100       0       0       0       0       0       000010000D0000135
     110       0       0       1       0                               0D0000136
     100     101       0       0       0       0     139       000010000D0000137
     100       0       0       1       0                               0D0000138
     124     102       0       0       0       0       0       000000000D0000139
     124       0       0       1       0                               0D0000140
     100     103       0       0       0       0     143       000010000D0000141
     100       0       0       1       0                               0D0000142
     124     104       0       0       0       0       0       000000000D0000143
     124       0       0       1       0                               0D0000144
     100     105       0       0       0       0     147       000010000D0000145
     100       0       0       1       0                               0D0000146
     124     106       0       0       0       0       0       000000000D0000147
     124       0       0       1       0                               0D0000148
     100     107       0       0       0       0     151       000010000D0000149
     100       0       0       1       0                               0D0000150
     124     108       0       0       0       0       0       000000000D0000151
     124       0       0       1       0                               0D0000152
     110     109       0       0       0       0       0       000010000D0000153
     110       0       0       1       0                               0D0000154
     110     110       0       0       0       0       0       000010000D0000155
     110       0       0       1       0                               0D0000156
     110     111       0       0       0       0       0       000010000D0000157
     110       0       0       1       0                               0D0000158
     110     112       0       0       0       0       0       000010000D0000159
     110       0       0       1       0                               0D0000160
     110     113       0       0       0       0       0       000010000D0000161
     110       0       0       1       0                               0D0000162
     110     114       0       0       0       0       0       000010000D0000163
     110       0       0       1       0                               0D0000164
     110     115       0       0       0       0       0       000010000D0000165
     110       0       0       1       0                               0D0000166
     110     116       0       0       0       0       0       000010000D0000167
     110       0       0       1       0                               0D0000168
     110     117       0       0       0       0       0       000010000D0000169
     110       0       0       1       0                               0D0000170
     100     118       0       0       0       0     173       000010000D0000171
     100       0       0       1       0                               0D0000172
     124     119       0       0       0       0       0       000000000D0000173
     124       0       0       1       0                               0D0000174
     110     120       0       0       0       0       0       000010000D0000175
     110       0       0       1       0                               0D0000176
     100     121       0       0       0       0     179       000010000D0000177
     100       0       0       1       0                               0D0000178
     124     122       0       0       0       0       0       000000000D0000179
     124       0       0       1       0                               0D0000180
     110     123       0       0       0       0       0       000010000D0000181
     110       0       0       1       0                               0D0000182
     100     124       0       0       0       0     185       000010000D0000183
     100       0       0       1       0                               0D0000184
     124     125       0       0       0       0       0       000000000D0000185
     124       0       0       1       0                               0D0000186
     110     126       0       0       0       0       0       000010000D0000187
     110       0       0       1       0                               0D0000188
     100     127       0       0       0       0     191       000010000D0000189
     100       0       0       1       0                               0D0000190
     124     128       0       0       0       0       0       000000000D0000191
     124       0       0       1       0                               0D0000192
     100     129       0       0       0       0     195       000010000D0000193
     100       0       0       1       0                               0D0000194
     124     130       0       0       0       0       0       000000000D0000195
     124       0       0       1       0                               0D0000196
     100     131       0       0       0       0     199       000010000D0000197
     100       0       0       1       0                               0D0000198
     124     132       0       0       0       0       0       000000000D0000199
     124       0       0       1       0                               0D0000200
     100     133       0       0       0       0     203       000010000D0000201
     100       0       0       1       0                               0D0000202
     124     134       0       0       0       0       0       000000000D0000203
     124       0       0       1       0                               0D0000204
     100     135       0       0       0       0     207       000010000D0000205
     100       0       0       1       0                               0D0000206
     124     136       0       0       0       0       0       000000000D0000207
     124       0       0       1       0                               0D0000208
     100     137       0       0       0       0     211       000010000D0000209
     100       0       0       1       0                               0D0000210
     124     138       0       0       0       0       0       000000000D0000211
     124       0       0       1       0                               0D0000212
     100     139       0       0       0       0     215       000010000D0000213
     100       0       0       1       0                               0D0000214
     124     140       0       0       0       0       0       000000000D0000215
     124       0       0       1       0                               0D0000216
     100     141       0       0       0       0     219       000010000D0000217
     100       0       0       1       0                               0D0000218
     124     142       0       0       0       0       0       000000000D0000219
     124       0       0       1       0                               0D0000220
     100     143       0       0       0       0     223       000010000D0000221
     100       0       0       1       0                               0D0000222
     124     144       0       0       0       0       0       000000000D0000223
     124       0       0       1       0                               0D0000224
     110     145       0       0       0       0       0       000010000D0000225
     110       0       0       1       0                               0D0000226
     110     146       0       0       0       0       0       000010000D0000227
     110       0       0       1       0                               0D0000228
     110     147       0       0       0       0       0       000010000D0000229
     110       0       0       1       0                               0D0000230
     110     148       0       0       0       0       0       000010000D0000231
     110       0       0       1       0                               0D0000232
     110     149       0       0       0       0       0       000010000D0000233
     110       0       0       1       0                               0D0000234
     110     150       0       0       0       0       0       000010000D0000235
     110       0       0       1       0                               0D0000236
     126     151       0       0       0       0       0       000010000D0000237
     126       0       0       2       0                               0D0000238
     110     153       0       0       0       0       0       000010000D0000239
     110       0       0       1       0                               0D0000240
     510     154       0       0       0       0       0       000010000D0000241
     510       0       0       1       1                               0D0000242
     192     155       0       0       0       0       0       000010000D0000243
     192       0       0       1       1                               0D0000244
     116     156       0       0       0       0       0       000010400D0000245
     116       0       0       1       0                               0D0000246
     123     157       0       0       0       0       0       000010200D0000247
     123       0       0       1       0                               0D0000248
     123     158       0       0       0       0       0       000010200D0000249
     123       0       0       1       0                               0D0000250
     508     159       0       0       0       0       0       000010000D0000251
     508       0       0       2       1                               0D0000252
     110     161       0       0       0       0       0       000010000D0000253
     110       0       0       1       0                               0D0000254
     110     162       0       0       0       0       0       000010000D0000255
     110       0       0       1       0                               0D0000256
     110     163       0       0       0       0       0       000010000D0000257
     110       0       0       1       0                               0D0000258
     126     164       0       0       0       0       0       000010000D0000259
     126       0       0       2       0                               0D0000260
     510     166       0       0       0       0       0       000010000D0000261
     510       0       0       1       1                               0D0000262
     190     167       0       0       0       0       0       000010000D0000263
     190       0       0       1       1                               0D0000264
     116     168       0       0       0       0       0       000010400D0000265
     116       0       0       1       0                               0D0000266
     123     169       0       0       0       0       0       000010200D0000267
     123       0       0       1       0                               0D0000268
     123     170       0       0       0       0       0       000010200D0000269
     123       0       0       1       0                               0D0000270
     508     171       0       0       0       0       0       000010000D0000271
     508       0       0       1       1                               0D0000272
     508     172       0       0       0       0       0       000010000D0000273
     508       0       0       1       1                               0D0000274
     508     173       0       0       0       0       0       000010000D0000275
     508       0       0       1       1                               0D0000276
     508     174       0       0       0       0       0       000010000D0000277
     508       0       0       1       1                               0D0000278
     508     175       0       0       0       0       0       000010000D0000279
     508       0       0       1       1                               0D0000280
     508     176       0       0       0       0       0       000010000D0000281
     508       0       0       1       1                               0D0000282
     510     177       0       0       0       0       0       000010000D0000283
     510       0       0       1       1                               0D0000284
     190     178       0       0       0       0       0       000010000D0000285
     190       0       0       1       1                               0D0000286
     116     179       0       0       0       0       0       000010400D0000287
     116       0       0       1       0                               0D0000288
     123     180       0       0       0       0       0       000010200D0000289
     123       0       0       1       0                               0D0000290
     123     181       0       0       0       0       0       000010200D0000291
     123       0       0       1       0                               0D0000292
     508     182       0       0       0       0       0       000010000D0000293
     508       0       0       1       1                               0D0000294
     508     183       0       0       0       0       0       000010000D0000295
     508       0       0       1       1                               0D0000296
     510     184       0       0       0       0       0       000010000D0000297
     510       0       0       1       1                               0D0000298
     192     185       0       0       0       0       0       000010000D0000299
     192       0       0       1       1                               0D0000300
     116     186       0       0       0       0       0       000010400D0000301
     116       0       0       1       0                               0D0000302
     123     187       0       0       0       0       0       000010200D0000303
     123       0       0       1       0                               0D0000304
     123     188       0       0       0       0       0       000010200D0000305
     123       0       0       1       0                               0D0000306
     508     189       0       0       0       0       0       000010000D0000307
     508       0       0       2       1                               0D0000308
     110     191       0       0       0       0       0       000010000D0000309
     110       0       0       1       0                               0D0000310
     110     192       0       0       0       0       0       000010000D0000311
     110       0       0       1       0                               0D0000312
     110     193       0       0       0       0       0       000010000D0000313
     110       0       0       1       0                               0D0000314
     110     194       0       0       0       0       0       000010000D0000315
     110       0       0       1       0                               0D0000316
     510     195       0       0       0       0       0       000010000D0000317
     510       0       0       1       1                               0D0000318
     192     196       0       0       0       0       0       000010000D0000319
     192       0       0       1       1                               0D0000320
     116     197       0       0       0       0       0       000010400D0000321
     116       0       0       1       0                               0D0000322
     123     198       0       0       0       0       0       000010200D0000323
     123       0       0       1       0                               0D0000324
     123     199       0       0       0       0       0       000010200D0000325
     123       0       0       1       0                               0D0000326
     508     200       0       0       0       0       0       000010000D0000327
     508       0       0       2       1                               0D0000328
     110     202       0       0       0       0       0       000010000D0000329
     110       0       0       1       0                               0D0000330
     110     203       0       0       0       0       0       000010000D0000331
     110       0       0       1       0                               0D0000332
     110     204       0       0       0       0       0       000010000D0000333
     110       0       0       1       0                               0D0000334
     110     205       0       0       0       0       0       000010000D0000335
     110       0       0       1       0                               0D0000336
     510     206       0       0       0       0       0       000010000D0000337
     510       0       0       1       1                               0D0000338
     192     207       0       0       0       0       0       000010000D0000339
     192       0       0       1       1                               0D0000340
     116     208       0       0       0       0       0       000010400D0000341
     116       0       0       1       0                               0D0000342
     123     209       0       0       0       0       0       000010200D0000343
     123       0       0       1       0                               0D0000344
     123     210       0       0       0       0       0       000010200D0000345
     123       0       0       1       0                               0D0000346
     508     211       0       0       0       0       0       000010000D0000347
     508       0       0       2       1                               0D0000348
     110     213       0       0       0       0       0       000010000D0000349
     110       0       0       1       0                               0D0000350
     110     214       0       0       0       0       0       000010000D0000351
     110       0       0       1       0                               0D0000352
     110     215       0       0       0       0       0       000010000D0000353
     110       0       0       1       0                               0D0000354
     110     216       0       0       0       0       0       000010000D0000355
     110       0       0       1       0                               0D0000356
     510     217       0       0       0       0       0       000010000D0000357
     510       0       0       1       1                               0D0000358
     192     218       0       0       0       0       0       000010000D0000359
     192       0       0       1       1                               0D0000360
     116     219       0       0       0       0       0       000010400D0000361
     116       0       0       1       0                               0D0000362
     123     220       0       0       0       0       0       000010200D0000363
     123       0       0       1       0                               0D0000364
     123     221       0       0       0       0       0       000010200D0000365
     123       0       0       1       0                               0D0000366
     508     222       0       0       0       0       0       000010000D0000367
     508       0       0       2       1                               0D0000368
     110     224       0       0       0       0       0       000010000D0000369
     110       0       0       1       0                               0D0000370
     110     225       0       0       0       0       0       000010000D0000371
     110       0       0       1       0                               0D0000372
     110     226       0       0       0       0       0       000010000D0000373
     110       0       0       1       0                               0D0000374
     110     227       0       0       0       0       0       000010000D0000375
     110       0       0       1       0                               0D0000376
     510     228       0       0       0       0       0       000010000D0000377
     510       0       0       1       1                               0D0000378
     192     229       0       0       0       0       0       000010000D0000379
     192       0       0       1       1                               0D0000380
     116     230       0       0       0       0       0       000010400D0000381
     116       0       0       1       0                               0D0000382
     123     231       0       0       0       0       0       000010200D0000383
     123       0       0       1       0                               0D0000384
     123     232       0       0       0       0       0       000010200D0000385
     123       0       0       1       0                               0D0000386
     508     233       0       0       0       0       0       000010000D0000387
     508       0       0       2       1                               0D0000388
     110     235       0       0       0       0       0       000010000D0000389
     110       0       0       1       0                               0D0000390
     110     236       0       0       0       0       0       000010000D0000391
     110       0       0       1       0                               0D0000392
     110     237       0       0       0       0       0       000010000D0000393
     110       0       0       1       0                               0D0000394
     110     238       0       0       0       0       0       000010000D0000395
     110       0       0       1       0                               0D0000396
     510     239       0       0       0       0       0       000010000D0000397
     510       0       0       1       1                               0D0000398
     192     240       0       0       0       0       0       000010000D0000399
     192       0       0       1       1                               0D0000400
     116     241       0       0       0       0       0       000010400D0000401
     116       0       0       1       0                               0D0000402
     123     242       0       0       0       0       0       000010200D0000403
     123       0       0       1       0                               0D0000404
     123     243       0       0       0       0       0       000010200D0000405
     123       0       0       1       0                               0D0000406
     508     244       0       0       0       0       0       000010000D0000407
     508       0       0       2       1                               0D0000408
     110     246       0       0       0       0       0       000010000D0000409
     110       0       0       1       0                               0D0000410
     110     247       0       0       0       0       0       000010000D0000411
     110       0       0       1       0                               0D0000412
     110     248       0       0       0       0       0       000010000D0000413
     110       0       0       1       0                               0D0000414
     110     249       0       0       0       0       0       000010000D0000415
     110       0       0       1       0                               0D0000416
     508     250       0       0       0       0       0       000010000D0000417
     508       0       0       2       1                               0D0000418
     110     252       0       0       0       0       0       000010000D0000419
     110       0       0       1       0                               0D0000420
     126     253       0       0       0       0       0       000010000D0000421
     126       0       0       2       0                               0D0000422
     110     255       0       0       0       0       0       000010000D0000423
     110       0       0       1       0                               0D0000424
     126     256       0       0       0       0       0       000010000D0000425
     126       0       0       2       0                               0D0000426
     510     258       0       0       0       0       0       000010000D0000427
     510       0       0       1       1                               0D0000428
     190     259       0       0       0       0       0       000010000D0000429
     190       0       0       1       1                               0D0000430
     116     260       0       0       0       0       0       000010400D0000431
     116       0       0       1       0                               0D0000432
     123     261       0       0       0       0       0       000010200D0000433
     123       0       0       1       0                               0D0000434
     123     262       0       0       0       0       0       000010200D0000435
     123       0       0       1       0                               0D0000436
     508     263       0       0       0       0       0       000010000D0000437
     508       0       0       1       1                               0D0000438
     508     264       0       0       0       0       0       000010000D0000439
     508       0       0       1       1                               0D0000440
     508     265       0       0       0       0       0       000010000D0000441
     508       0       0       1       1                               0D0000442
     508     266       0       0       0       0       0       000010000D0000443
     508       0       0       1       1                               0D0000444
     508     267       0       0       0       0       0       000010000D0000445
     508       0       0       1       1                               0D0000446
     508     268       0       0       0       0       0       000010000D0000447
     508       0       0       1       1                               0D0000448
     510     269       0       0       0       0       0       000010000D0000449
     510       0       0       1       1                               0D0000450
     190     270       0       0       0       0       0       000010000D0000451
     190       0       0       1       1                               0D0000452
     116     271       0       0       0       0       0       000010400D0000453
     116       0       0       1       0                               0D0000454
     123     272       0       0       0       0       0       000010200D0000455
     123       0       0       1       0                               0D0000456
     123     273       0       0       0       0       0       000010200D0000457
     123       0       0       1       0                               0D0000458
     508     274       0       0       0       0       0       000010000D0000459
     508       0       0       1       1                               0D0000460
     510     275       0       0       0       0       0       000010000D0000461
     510       0       0       1       1                               0D0000462
     190     276       0       0       0       0       0       000010000D0000463
     190       0       0       1       1                               0D0000464
     116     277       0       0       0       0       0       000010400D0000465
     116       0       0       1       0                               0D0000466
     123     278       0       0       0       0       0       000010200D0000467
     123       0       0       1       0                               0D0000468
     123     279       0       0       0       0       0       000010200D0000469
     123       0       0       1       0                               0D0000470
     508     280       0       0       0       0       0       000010000D0000471
     508       0       0       1       1                               0D0000472
     510     281       0       0       0       0       0       000010000D0000473
     510       0       0       1       1                               0D0000474
     190     282       0       0       0       0       0       000010000D0000475
     190       0       0       1       1                               0D0000476
     116     283       0       0       0       0       0       000010400D0000477
     116       0       0       1       0                               0D0000478
     123     284       0       0       0       0       0       000010200D0000479
     123       0       0       1       0                               0D0000480
     123     285       0       0       0       0       0       000010200D0000481
     123       0       0       1       0                               0D0000482
     508     286       0       0       0       0       0       000010000D0000483
     508       0       0       1       1                               0D0000484
     510     287       0       0       0       0       0       000010000D0000485
     510       0       0       1       1                               0D0000486
     190     288       0       0       0       0       0       000010000D0000487
     190       0       0       1       1                               0D0000488
     116     289       0       0       0       0       0       000010400D0000489
     116       0       0       1       0                               0D0000490
     123     290       0       0       0       0       0       000010200D0000491
     123       0       0       1       0                               0D0000492
     123     291       0       0       0       0       0       000010200D0000493
     123       0       0       1       0                               0D0000494
     508     292       0       0       0       0       0       000010000D0000495
     508       0       0       1       1                               0D0000496
     510     293       0       0       0       0       0       000010000D0000497
     510       0       0       1       1                               0D0000498
     190     294       0       0       0       0       0       000010000D0000499
     190       0       0       1       1                               0D0000500
     116     295       0       0       0       0       0       000010400D0000501
     116       0       0       1       0                               0D0000502
     123     296       0       0       0       0       0       000010200D0000503
     123       0       0       1       0                               0D0000504
     123     297       0       0       0       0       0       000010200D0000505
     123       0       0       1       0                               0D0000506
     508     298       0       0       0       0       0       000010000D0000507
     508       0       0       1       1                               0D0000508
     508     299       0       0       0       0       0       000010000D0000509
     508       0       0       1       1                               0D0000510
     508     300       0       0       0       0       0       000010000D0000511
     508       0       0       1       1                               0D0000512
     508     301       0       0       0       0       0       000010000D0000513
     508       0       0       1       1                               0D0000514
     508     302       0       0       0       0       0       000010000D0000515
     508       0       0       1       1                               0D0000516
     508     303       0       0       0       0       0       000010000D0000517
     508       0       0       1       1                               0D0000518
     510     304       0       0       0       0       0       000010000D0000519
     510       0       0       1       1                               0D0000520
     190     305       0       0       0       0       0       000010000D0000521
     190       0       0       1       1                               0D0000522
     116     306       0       0       0       0       0       000010400D0000523
     116       0       0       1       0                               0D0000524
     123     307       0       0       0       0       0       000010200D0000525
     123       0       0       1       0                               0D0000526
     123     308       0       0       0       0       0       000010200D0000527
     123       0       0       1       0                               0D0000528
     508     309       0       0       0       0       0       000010000D0000529
     508       0       0       1       1                               0D0000530
     510     310       0       0       0       0       0       000010000D0000531
     510       0       0       1       1                               0D0000532
     190     311       0       0       0       0       0       000010000D0000533
     190       0       0       1       1                               0D0000534
     116     312       0       0       0       0       0       000010400D0000535
     116       0       0       1       0                               0D0000536
     123     313       0       0       0       0       0       000010200D0000537
     123       0       0       1       0                               0D0000538
     123     314       0       0       0       0       0       000010200D0000539
     123       0       0       1       0                               0D0000540
     508     315       0       0       0       0       0       000010000D0000541
     508       0       0       1       1                               0D0000542
     510     316       0       0       0       0       0       000010000D0000543
     510       0       0       1       1                               0D0000544
     190     317       0       0       0       0       0       000010000D0000545
     190       0       0       1       1                               0D0000546
     116     318       0       0       0       0       0       000010400D0000547
     116       0       0       1       0                               0D0000548
     123     319       0       0       0       0       0       000010200D0000549
     123       0       0       1       0                               0D0000550
     123     320       0       0       0       0       0       000010200D0000551
     123       0       0       1       0                               0D0000552
     508     321       0       0       0       0       0       000010000D0000553
     508       0       0       1       1                               0D0000554
     510     322       0       0       0       0       0       000010000D0000555
     510       0       0       1       1                               0D0000556
     190     323       0       0       0       0       0       000010000D0000557
     190       0       0       1       1                               0D0000558
     116     324       0       0       0       0       0       000010400D0000559
     116       0       0       1       0                               0D0000560
     123     325       0       0       0       0       0       000010200D0000561
     123       0       0       1       0                               0D0000562
     123     326       0       0       0       0       0       000010200D0000563
     123       0       0       1       0                               0D0000564
     508     327       0       0       0       0       0       000010000D0000565
     508       0       0       1       1                               0D0000566
     510     328       0       0       0       0       0       000010000D0000567
     510       0       0       1       1                               0D0000568
     192     329       0       0       0       0       0       000010000D0000569
     192       0       0       1       1                               0D0000570
     116     330       0       0       0       0       0       000010400D0000571
     116       0       0       1       0                               0D0000572
     123     331       0       0       0       0       0       000010200D0000573
     123       0       0       1       0                               0D0000574
     123     332       0       0       0       0       0       000010200D0000575
     123       0       0       1       0                               0D0000576
     508     333       0       0       0       0       0       000010000D0000577
     508       0       0       2       1                               0D0000578
     110     335       0       0       0       0       0       000010000D0000579
     110       0       0       1       0                               0D0000580
     110     336       0       0       0       0       0       000010000D0000581
     110       0       0       1       0                               0D0000582
     110     337       0       0       0       0       0       000010000D0000583
     110       0       0       1       0                               0D0000584
     110     338       0       0       0       0       0       000010000D0000585
     110       0       0       1       0                               0D0000586
     510     339       0       0       0       0       0       000010000D0000587
     510       0       0       1       1                               0D0000588
     192     340       0       0       0       0       0       000010000D0000589
     192       0       0       1       1                               0D0000590
     116     341       0       0       0       0       0       000010400D0000591
     116       0       0       1       0                               0D0000592
     123     342       0       0       0       0       0       000010200D0000593
     123       0       0       1       0                               0D0000594
     123     343       0       0       0       0       0       000010200D0000595
     123       0       0       1       0                               0D0000596
     508     344       0       0       0       0       0       000010000D0000597
     508       0       0       2       1                               0D0000598
     110     346       0       0       0       0       0       000010000D0000599
     110       0       0       1       0                               0D0000600
     110     347       0       0       0       0       0       000010000D0000601
     110       0       0       1       0                               0D0000602
     110     348       0       0       0       0       0       000010000D0000603
     110       0       0       1       0                               0D0000604
     110     349       0       0       0       0       0       000010000D0000605
     110       0       0       1       0                               0D0000606
     510     350       0       0       0       0       0       000010000D0000607
     510       0       0       1       1                               0D0000608
     192     351       0       0       0       0       0       000010000D0000609
     192       0       0       1       1                               0D0000610
     116     352       0       0       0       0       0       000010400D0000611
     116       0       0       1       0                               0D0000612
     123     353       0       0       0       0       0       000010200D0000613
     123       0       0       1       0                               0D0000614
     123     354       0       0       0       0       0       000010200D0000615
     123       0       0       1       0                               0D0000616
     508     355       0       0       0       0       0       000010000D0000617
     508       0       0       2       1                               0D0000618
     110     357       0       0       0       0       0       000010000D0000619
     110       0       0       1       0                               0D0000620
     110     358       0       0       0       0       0       000010000D0000621
     110       0       0       1       0                               0D0000622
     110     359       0       0       0       0       0       000010000D0000623
     110       0       0       1       0                               0D0000624
     110     360       0       0       0       0       0       000010000D0000625
     110       0       0       1       0                               0D0000626
     510     361       0       0       0       0       0       000010000D0000627
     510       0       0       1       1                               0D0000628
     192     362       0       0       0       0       0       000010000D0000629
     192       0       0       1       1                               0D0000630
     116     363       0       0       0       0       0       000010400D0000631
     116       0       0       1       0                               0D0000632
     123     364       0       0       0       0       0       000010200D0000633
     123       0       0       1       0                               0D0000634
     123     365       0       0       0       0       0       000010200D0000635
     123       0       0       1       0                               0D0000636
     508     366       0       0       0       0       0       000010000D0000637
     508       0       0       2       1                               0D0000638
     110     368       0       0       0       0       0       000010000D0000639
     110       0       0       1       0                               0D0000640
     110     369       0       0       0       0       0       000010000D0000641
     110       0       0       1       0                               0D0000642
     110     370       0       0       0       0       0       000010000D0000643
     110       0       0       1       0                               0D0000644
     110     371       0       0       0       0       0       000010000D0000645
     110       0       0       1       0                               0D0000646
     510     372       0       0       0       0       0       000010000D0000647
     510       0       0       1       1                               0D0000648
     190     373       0       0       0       0       0       000010000D0000649
     190       0       0       1       1                               0D0000650
     116     374       0       0       0       0       0       000010400D0000651
     116       0       0       1       0                               0D0000652
     123     375       0       0       0       0       0       000010200D0000653
     123       0       0       1       0                               0D0000654
     123     376       0       0       0       0       0       000010200D0000655
     123       0       0       1       0                               0D0000656
     508     377       0       0       0       0       0       000010000D0000657
     508       0       0       1       1                               0D0000658
     508     378       0       0       0       0       0       000010000D0000659
     508       0       0       1       1                               0D0000660
     508     379       0       0       0       0       0       000010000D0000661
     508       0       0       1       1                               0D0000662
     508     380       0       0       0       0       0       000010000D0000663
     508       0       0       1       1                               0D0000664
     508     381       0       0       0       0       0       000010000D0000665
     508       0       0       1       1                               0D0000666
     510     382       0       0       0       0       0       000010000D0000667
     510       0       0       1       1                               0D0000668
     190     383       0       0       0       0       0       000010000D0000669
     190       0       0       1       1                               0D0000670
     116     384       0       0       0       0       0       000010400D0000671
     116       0       0       1       0                               0D0000672
     123     385       0       0       0       0       0       000010200D0000673
     123       0       0       1       0                               0D0000674
     123     386       0       0       0       0       0       000010200D0000675
     123       0       0       1       0                               0D0000676
     508     387       0       0       0       0       0       000010000D0000677
     508       0       0       1       1                               0D0000678
     508     388       0       0       0       0       0       000010000D0000679
     508       0       0       1       1                               0D0000680
     510     389       0       0       0       0       0       000010000D0000681
     510       0       0       1       1                               0D0000682
     190     390       0       0       0       0       0       000010000D0000683
     190       0       0       1       1                               0D0000684
     116     391       0       0       0       0       0       000010400D0000685
     116       0       0       1       0                               0D0000686
     123     392       0       0       0       0       0       000010200D0000687
     123       0       0       1       0                               0D0000688
     123     393       0       0       0       0       0       000010200D0000689
     123       0       0       1       0                               0D0000690
     508     394       0       0       0       0       0       000010000D0000691
     508       0       0       1       1                               0D0000692
     508     395       0       0       0       0       0       000010000D0000693
     508       0       0       1       1                               0D0000694
     510     396       0       0       0       0       0       000010000D0000695
     510       0       0       1       1                               0D0000696
     190     397       0       0       0       0       0       000010000D0000697
     190       0       0       1       1                               0D0000698
     116     398       0       0       0       0       0       000010400D0000699
     116       0       0       1       0                               0D0000700
     123     399       0       0       0       0       0       000010200D0000701
     123       0       0       1       0                               0D0000702
     123     400       0       0       0       0       0       000010200D0000703
     123       0       0       1       0                               0D0000704
     508     401       0       0       0       0       0       000010000D0000705
     508       0       0       1       1                               0D0000706
     508     402       0       0       0       0       0       000010000D0000707
     508       0       0       1       1                               0D0000708
     510     403       0       0       0       0       0       000010000D0000709
     510       0       0       1       1                               0D0000710
     190     404       0       0       0       0       0       000010000D0000711
     190       0       0       1       1                               0D0000712
     116     405       0       0       0       0       0       000010400D0000713
     116       0       0       1       0                               0D0000714
     123     406       0       0       0       0       0       000010200D0000715
     123       0       0       1       0                               0D0000716
     123     407       0       0       0       0       0       000010200D0000717
     123       0       0       1       0                               0D0000718
     508     408       0       0       0       0       0       000010000D0000719
     508       0       0       1       1                               0D0000720
     508     409       0       0       0       0       0       000010000D0000721
     508       0       0       1       1                               0D0000722
     510     410       0       0       0       0       0       000010000D0000723
     510       0       0       1       1                               0D0000724
     192     411       0       0       0       0       0       000010000D0000725
     192       0       0       1       1                               0D0000726
     116     412       0       0       0       0       0       000010400D0000727
     116       0       0       1       0                               0D0000728
     123     413       0       0       0       0       0       000010200D0000729
     123       0       0       1       0                               0D0000730
     123     414       0       0       0       0       0       000010200D0000731
     123       0       0       1       0                               0D0000732
     508     415       0       0       0       0       0       000010000D0000733
     508       0       0       2       1                               0D0000734
     110     417       0       0       0       0       0       000010000D0000735
     110       0       0       1       0                               0D0000736
     110     418       0       0       0       0       0       000010000D0000737
     110       0       0       1       0                               0D0000738
     110     419       0       0       0       0       0       000010000D0000739
     110       0       0       1       0                               0D0000740
     110     420       0       0       0       0       0       000010000D0000741
     110       0       0       1       0                               0D0000742
     510     421       0       0       0       0       0       000010000D0000743
     510       0       0       1       1                               0D0000744
     192     422       0       0       0       0       0       000010000D0000745
     192       0       0       1       1                               0D0000746
     116     423       0       0       0       0       0       000010400D0000747
     116       0       0       1       0                               0D0000748
     123     424       0       0       0       0       0       000010200D0000749
     123       0       0       1       0                               0D0000750
     123     425       0       0       0       0       0       000010200D0000751
     123       0       0       1       0                               0D0000752
     508     426       0       0       0       0       0       000010000D0000753
     508       0       0       2       1                               0D0000754
     110     428       0       0       0       0       0       000010000D0000755
     110       0       0       1       0                               0D0000756
     110     429       0       0       0       0       0       000010000D0000757
     110       0       0       1       0                               0D0000758
     110     430       0       0       0       0       0       000010000D0000759
     110       0       0       1       0                               0D0000760
     110     431       0       0       0       0       0       000010000D0000761
     110       0       0       1       0                               0D0000762
     510     432       0       0       0       0       0       000010000D0000763
     510       0       0       1       1                               0D0000764
     192     433       0       0       0       0       0       000010000D0000765
     192       0       0       1       1                               0D0000766
     116     434       0       0       0       0       0       000010400D0000767
     116       0       0       1       0                               0D0000768
     123     435       0       0       0       0       0       000010200D0000769
     123       0       0       1       0                               0D0000770
     123     436       0       0       0       0       0       000010200D0000771
     123       0       0       1       0                               0D0000772
     508     437       0       0       0       0       0       000010000D0000773
     508       0       0       2       1                               0D0000774
     110     439       0       0       0       0       0       000010000D0000775
     110       0       0       1       0                               0D0000776
     110     440       0       0       0       0       0       000010000D0000777
     110       0       0       1       0                               0D0000778
     110     441       0       0       0       0       0       000010000D0000779
     110       0       0       1       0                               0D0000780
     110     442       0       0       0       0       0       000010000D0000781
     110       0       0       1       0                               0D0000782
     510     443       0       0       0       0       0       000010000D0000783
     510       0       0       1       1                               0D0000784
     192     444       0       0       0       0       0       000010000D0000785
     192       0       0       1       1                               0D0000786
     116     445       0       0       0       0       0       000010400D0000787
     116       0       0       1       0                               0D0000788
     123     446       0       0       0       0       0       000010200D0000789
     123       0       0       1       0                               0D0000790
     123     447       0       0       0       0       0       000010200D0000791
     123       0       0       1       0                               0D0000792
     508     448       0       0       0       0       0       000010000D0000793
     508       0       0       2       1                               0D0000794
     110     450       0       0       0       0       0       000010000D0000795
     110       0       0       1       0                               0D0000796
     110     451       0       0       0       0       0       000010000D0000797
     110       0       0       1       0                               0D0000798
     110     452       0       0       0       0       0       000010000D0000799
     110       0       0       1       0                               0D0000800
     110     453       0       0       0       0       0       000010000D0000801
     110       0       0       1       0                               0D0000802
186,3,1,0;                                                       0000001P0000001
514,33,5,1,241,1,261,0,283,1,297,0,317,0,337,0,357,0,377,0,397,  0000003P0000002
1,427,1,449,0,461,1,473,0,485,1,497,1,519,0,531,1,543,0,555,1,   0000003P0000003
567,0,587,0,607,0,627,0,647,0,667,1,681,1,695,1,709,1,723,0,743, 0000003P0000004
0,763,0,783,0;                                                   0000003P0000005
510,7,1,1,15;                                                    0000005P0000006
192,9,11,40.,13;                                                 0000007P0000007
116,0.,-27.,49.,0;                                               0000009P0000008
123,0.,1.,0.;                                                    0000011P0000009
123,0.,-0.,1.;                                                   0000013P0000010
508,4,0,17,1,1,1,0,233,0,17,2,0,1,0,235,0,17,3,0,1,0,237,0,17,4, 0000015P0000011
1,1,0,239;                                                       0000015P0000012
504,72,19,21,1,21,2,23,21,3,21,2,27,21,4,21,3,29,21,4,21,1,33,   0000017P0000013
21,2,21,3,37,21,1,21,4,41,21,5,21,5,45,21,6,21,6,49,21,7,21,7,   0000017P0000014
53,21,8,21,8,57,21,9,21,9,61,21,10,21,10,65,21,11,21,11,69,21,5, 0000017P0000015
21,11,71,21,12,21,12,75,21,6,21,12,77,21,13,21,13,81,21,7,21,13, 0000017P0000016
83,21,14,21,14,87,21,8,21,14,89,21,15,21,15,93,21,9,21,15,95,21, 0000017P0000017
10,21,16,97,21,16,21,16,101,21,17,21,18,105,21,17,21,19,107,21,  0000017P0000018
19,21,20,111,21,18,21,20,113,21,21,21,17,115,21,21,21,22,117,21, 0000017P0000019
22,21,18,119,21,21,21,23,121,21,23,21,19,123,21,22,21,24,125,21, 0000017P0000020
24,21,20,127,21,23,21,24,129,21,25,21,26,131,21,25,21,27,133,21, 0000017P0000021
27,21,28,135,21,26,21,28,137,21,29,21,29,141,21,30,21,30,145,21, 0000017P0000022
31,21,31,149,21,32,21,32,153,21,33,21,25,155,21,33,21,34,157,21, 0000017P0000023
34,21,26,159,21,34,21,35,161,21,35,21,28,163,21,33,21,36,165,21, 0000017P0000024
36,21,27,167,21,36,21,35,169,21,37,21,29,171,21,37,21,37,175,21, 0000017P0000025
38,21,30,177,21,38,21,38,181,21,39,21,31,183,21,39,21,39,187,21, 0000017P0000026
40,21,32,189,21,40,21,40,193,21,41,21,41,197,21,42,21,42,201,21, 0000017P0000027
43,21,43,205,21,44,21,44,209,21,45,21,45,213,21,46,21,46,217,21, 0000017P0000028
47,21,47,221,21,48,21,48,225,21,41,21,45,227,21,42,21,46,229,21, 0000017P0000029
43,21,47,231,21,44,21,48;                                        0000017P0000030
110,-9.797174393E-15,-27.,89.,-9.797174393E-15,-19.,89.;         0000019P0000031
502,48,-9.797174393E-15,-27.,89.,-9.797174393E-15,-19.,89.,      0000021P0000032
4.898587197E-15,-19.,9.,4.898587197E-15,-27.,9.,-23.,-27.,29.2,  0000021P0000033
-23.,-27.,75.2,23.,-27.,29.2,-6.368163356E-15,-27.,75.,23.,-27., 0000021P0000034
75.2,-9.062386314E-15,-19.,86.,-23.,23.,29.2,-23.,23.,75.2,23.,  0000021P0000035
23.,29.2,-6.368163356E-15,23.,75.,23.,23.,75.2,-9.062386314E-15, 0000021P0000036
23.,86.,34.,-18.,34.405480481,-34.,-18.,34.405480481,34.,18.,    0000021P0000037
34.405480481,-34.,18.,34.405480481,34.,-18.,9.,-34.,-18.,9.,34., 0000021P0000038
18.,9.,-34.,18.,9.,-60.,-37.,9.,-60.,37.,9.,60.,-37.,9.,60.,37., 0000021P0000039
9.,-39.,-25.,9.,55.,-25.,9.,-39.,25.,9.,55.,25.,9.,-60.,-37.,0., 0000021P0000040
-60.,37.,0.,60.,37.,0.,60.,-37.,0.,-39.,-25.,6.,55.,-25.,6.,     0000021P0000041
-39.,25.,6.,55.,25.,6.,-42.,-25.,0.,52.,-25.,0.,-42.,25.,0.,52., 0000021P0000042
25.,0.,-42.,-25.,6.,52.,-25.,6.,-42.,25.,6.,52.,25.,6.;          0000021P0000043
100,0.,0.,0.,-40.,4.898587197E-15,40.,-9.797174393E-15;          0000023P0000044
124,0.,1.,0.,0.,0.,0.,1.,-19.,1.,0.,0.,49.;                      0000025P0000045
110,0.,-27.,9.,0.,-19.,9.;                                       0000027P0000046
100,0.,0.,0.,-40.,4.898587197E-15,40.,-9.797174393E-15;          0000029P0000047
124,0.,1.,0.,0.,0.,0.,1.,-27.,1.,0.,0.,49.;                      0000031P0000048
100,0.,0.,0.,40.,0.,-40.,4.898587197E-15;                        0000033P0000049
124,0.,1.,0.,0.,0.,0.,1.,-19.,1.,0.,0.,49.;                      0000035P0000050
100,0.,0.,0.,40.,0.,-40.,4.898587197E-15;                        0000037P0000051
124,0.,1.,0.,0.,0.,0.,1.,-27.,1.,0.,0.,49.;                      0000039P0000052
100,0.,0.,0.,3.2,0.,3.2,0.;                                      0000041P0000053
124,0.,1.,0.,-23.,0.,0.,1.,-27.,1.,0.,0.,26.;                    0000043P0000054
100,0.,0.,0.,3.2,0.,3.2,0.;                                      0000045P0000055
124,0.,1.,0.,-23.,0.,0.,1.,-27.,1.,0.,0.,72.;                    0000047P0000056
100,0.,0.,0.,3.2,0.,3.2,0.;                                      0000049P0000057
124,0.,1.,0.,23.,0.,0.,1.,-27.,1.,0.,0.,26.;                     0000051P0000058
100,0.,0.,0.,26.,0.,26.,0.;                                      0000053P0000059
124,0.,1.,0.,0.,0.,0.,1.,-27.,1.,0.,0.,49.;                      0000055P0000060
100,0.,0.,0.,3.2,0.,3.2,0.;                                      0000057P0000061
124,0.,1.,0.,23.,0.,0.,1.,-27.,1.,0.,0.,72.;                     0000059P0000062
100,0.,0.,0.,37.,0.,37.,0.;                                      0000061P0000063
124,0.,1.,0.,0.,0.,0.,1.,-19.,1.,0.,0.,49.;                      0000063P0000064
100,0.,0.,0.,3.2,0.,3.2,0.;                                      0000065P0000065
124,0.,1.,0.,-23.,0.,0.,1.,23.,1.,0.,0.,26.;                     0000067P0000066
110,-23.,-27.,29.2,-23.,23.,29.2;                                0000069P0000067
100,0.,0.,0.,3.2,0.,3.2,0.;                                      0000071P0000068
124,0.,1.,0.,-23.,0.,0.,1.,23.,1.,0.,0.,72.;                     0000073P0000069
110,-23.,-27.,75.2,-23.,23.,75.2;                                0000075P0000070
100,0.,0.,0.,3.2,0.,3.2,0.;                                      0000077P0000071
124,0.,1.,0.,23.,0.,0.,1.,23.,1.,0.,0.,26.;                      0000079P0000072
110,23.,-27.,29.2,23.,23.,29.2;                                  0000081P0000073
100,0.,0.,0.,26.,0.,26.,0.;                                      0000083P0000074
124,0.,1.,0.,0.,0.,0.,1.,23.,1.,0.,0.,49.;                       0000085P0000075
110,-6.368163356E-15,-27.,75.,-6.368163356E-15,23.,75.;          0000087P0000076
100,0.,0.,0.,3.2,0.,3.2,0.;                                      0000089P0000077
124,0.,1.,0.,23.,0.,0.,1.,23.,1.,0.,0.,72.;                      0000091P0000078
110,23.,-27.,75.2,23.,23.,75.2;                                  0000093P0000079
110,-9.062386314E-15,-19.,86.,-9.062386314E-15,23.,86.;          0000095P0000080
100,0.,0.,0.,37.,0.,37.,0.;                                      0000097P0000081
124,0.,1.,0.,0.,0.,0.,1.,23.,1.,0.,0.,49.;                       0000099P0000082
100,0.,0.,0.,-14.594519519,34.,-14.594519519,-34.;               0000101P0000083
124,0.,1.,0.,0.,0.,0.,1.,-18.,1.,0.,0.,49.;                      0000103P0000084
110,34.,-18.,34.405480481,34.,18.,34.405480481;                  0000105P0000085
100,0.,0.,0.,-14.594519519,34.,-14.594519519,-34.;               0000107P0000086
124,0.,1.,0.,0.,0.,0.,1.,18.,1.,0.,0.,49.;                       0000109P0000087
110,-34.,-18.,34.405480481,-34.,18.,34.405480481;                0000111P0000088
110,34.,-18.,9.,34.,-18.,34.405480481;                           0000113P0000089
110,34.,-18.,9.,-34.,-18.,9.;                                    0000115P0000090
110,-34.,-18.,9.,-34.,-18.,34.405480481;                         0000117P0000091
110,34.,-18.,9.,34.,18.,9.;                                      0000119P0000092
110,34.,18.,9.,34.,18.,34.405480481;                             0000121P0000093
110,-34.,-18.,9.,-34.,18.,9.;                                    0000123P0000094
110,-34.,18.,9.,-34.,18.,34.405480481;                           0000125P0000095
110,34.,18.,9.,-34.,18.,9.;                                      0000127P0000096
110,-60.,-37.,9.,-60.,37.,9.;                                    0000129P0000097
110,-60.,-37.,9.,60.,-37.,9.;                                    0000131P0000098
110,60.,-37.,9.,60.,37.,9.;                                      0000133P0000099
110,-60.,37.,9.,60.,37.,9.;                                      0000135P0000100
100,0.,0.,0.,8.,0.,8.,0.;                                        0000137P0000101
124,1.,0.,0.,-47.,0.,1.,0.,-25.,0.,0.,1.,9.;                     0000139P0000102
100,0.,0.,0.,8.,0.,8.,0.;                                        0000141P0000103
124,1.,0.,0.,47.,0.,1.,0.,-25.,0.,0.,1.,9.;                      0000143P0000104
100,0.,0.,0.,8.,0.,8.,0.;                                        0000145P0000105
124,1.,0.,0.,-47.,0.,1.,0.,25.,0.,0.,1.,9.;                      0000147P0000106
100,0.,0.,0.,8.,0.,8.,0.;                                        0000149P0000107
124,1.,0.,0.,47.,0.,1.,0.,25.,0.,0.,1.,9.;                       0000151P0000108
110,-60.,-37.,0.,-60.,-37.,9.;                                   0000153P0000109
110,-60.,-37.,0.,-60.,37.,0.;                                    0000155P0000110
110,-60.,37.,0.,-60.,37.,9.;                                     0000157P0000111
110,-60.,37.,0.,60.,37.,0.;                                      0000159P0000112
110,60.,37.,0.,60.,37.,9.;                                       0000161P0000113
110,-60.,-37.,0.,60.,-37.,0.;                                    0000163P0000114
110,60.,-37.,0.,60.,-37.,9.;                                     0000165P0000115
110,60.,-37.,0.,60.,37.,0.;                                      0000167P0000116
110,-39.,-25.,6.,-39.,-25.,9.;                                   0000169P0000117
100,0.,0.,0.,8.,0.,8.,0.;                                        0000171P0000118
124,1.,0.,0.,-47.,0.,1.,0.,-25.,0.,0.,1.,6.;                     0000173P0000119
110,55.,-25.,6.,55.,-25.,9.;                                     0000175P0000120
100,0.,0.,0.,8.,0.,8.,0.;                                        0000177P0000121
124,1.,0.,0.,47.,0.,1.,0.,-25.,0.,0.,1.,6.;                      0000179P0000122
110,-39.,25.,6.,-39.,25.,9.;                                     0000181P0000123
100,0.,0.,0.,8.,0.,8.,0.;                                        0000183P0000124
124,1.,0.,0.,-47.,0.,1.,0.,25.,0.,0.,1.,6.;                      0000185P0000125
110,55.,25.,6.,55.,25.,9.;                                       0000187P0000126
100,0.,0.,0.,8.,0.,8.,0.;                                        0000189P0000127
124,1.,0.,0.,47.,0.,1.,0.,25.,0.,0.,1.,6.;                       0000191P0000128
100,0.,0.,0.,5.,0.,5.,0.;                                        0000193P0000129
124,1.,0.,0.,-47.,0.,1.,0.,-25.,0.,0.,1.,0.;                     0000195P0000130
100,0.,0.,0.,5.,0.,5.,0.;                                        0000197P0000131
124,1.,0.,0.,47.,0.,1.,0.,-25.,0.,0.,1.,0.;                      0000199P0000132
100,0.,0.,0.,5.,0.,5.,0.;                                        0000201P0000133
124,1.,0.,0.,-47.,0.,1.,0.,25.,0.,0.,1.,0.;                      0000203P0000134
100,0.,0.,0.,5.,0.,5.,0.;                                        0000205P0000135
124,1.,0.,0.,47.,0.,1.,0.,25.,0.,0.,1.,0.;                       0000207P0000136
100,0.,0.,0.,5.,0.,5.,0.;                                        0000209P0000137
124,1.,0.,0.,-47.,0.,1.,0.,-25.,0.,0.,1.,6.;                     0000211P0000138
100,0.,0.,0.,5.,0.,5.,0.;                                        0000213P0000139
124,1.,0.,0.,47.,0.,1.,0.,-25.,0.,0.,1.,6.;                      0000215P0000140
100,0.,0.,0.,5.,0.,5.,0.;                                        0000217P0000141
124,1.,0.,0.,-47.,0.,1.,0.,25.,0.,0.,1.,6.;                      0000219P0000142
100,0.,0.,0.,5.,0.,5.,0.;                                        0000221P0000143
124,1.,0.,0.,47.,0.,1.,0.,25.,0.,0.,1.,6.;                       0000223P0000144
110,-42.,-25.,0.,-42.,-25.,6.;                                   0000225P0000145
110,52.,-25.,0.,52.,-25.,6.;                                     0000227P0000146
110,-42.,25.,0.,-42.,25.,6.;                                     0000229P0000147
110,52.,25.,0.,52.,25.,6.;                                       0000231P0000148
110,360.,0.,0.,360.,8.,0.;                                       0000233P0000149
110,360.,8.,0.,180.,8.,0.;                                       0000235P0000150
126,1,1,1,0,1,0,0.,0.,8.,8.,1.,1.,180.,8.,0.,180.,               0000237P0000151
3.112846081E-20,0.,0.,8.,0.,0.,1.;                               0000237P0000152
110,180.,0.,0.,360.,0.,0.;                                       0000239P0000153
510,243,1,1,251;                                                 0000241P0000154
192,245,247,40.,249;                                             0000243P0000155
116,0.,-27.,49.,0;                                               0000245P0000156
123,0.,1.,0.;                                                    0000247P0000157
123,0.,-0.,1.;                                                   0000249P0000158
508,4,0,17,5,0,1,0,253,0,17,1,0,1,0,255,0,17,6,1,1,0,257,0,17,3, 0000251P0000159
1,1,0,259;                                                       0000251P0000160
110,180.,8.,0.,0.,8.,0.;                                         0000253P0000161
110,0.,8.,0.,0.,0.,0.;                                           0000255P0000162
110,0.,0.,0.,180.,0.,0.;                                         0000257P0000163
126,1,1,1,0,1,0,0.,0.,8.,8.,1.,1.,180.,2.939972778E-16,0.,180.,  0000259P0000164
8.,0.,0.,8.,0.,0.,1.;                                            0000259P0000165
510,263,6,1,271,273,275,277,279,281;                             0000261P0000166
190,265,267,269;                                                 0000263P0000167
116,0.,-27.,49.,0;                                               0000265P0000168
123,0.,1.,0.;                                                    0000267P0000169
123,0.,-0.,1.;                                                   0000269P0000170
508,2,0,17,6,1,0,0,17,4,1,0;                                     0000271P0000171
508,1,0,17,7,0,0;                                                0000273P0000172
508,1,0,17,8,0,0;                                                0000275P0000173
508,1,0,17,9,0,0;                                                0000277P0000174
508,1,0,17,10,0,0;                                               0000279P0000175
508,1,0,17,11,0,0;                                               0000281P0000176
510,285,2,1,293,295;                                             0000283P0000177
190,287,289,291;                                                 0000285P0000178
116,0.,-19.,49.,0;                                               0000287P0000179
123,0.,1.,0.;                                                    0000289P0000180
123,0.,-0.,1.;                                                   0000291P0000181
508,2,0,17,5,1,0,0,17,2,1,0;                                     0000293P0000182
508,1,0,17,12,0,0;                                               0000295P0000183
510,299,1,1,307;                                                 0000297P0000184
192,301,303,3.2,305;                                             0000299P0000185
116,-23.,-29.,26.,0;                                             0000301P0000186
123,0.,1.,0.;                                                    0000303P0000187
123,0.,-0.,1.;                                                   0000305P0000188
508,4,0,17,13,0,1,0,309,0,17,14,0,1,0,311,0,17,7,1,1,0,313,0,17, 0000307P0000189
14,1,1,0,315;                                                    0000307P0000190
110,360.,52.,0.,0.,52.,0.;                                       0000309P0000191
110,0.,52.,0.,0.,2.,0.;                                          0000311P0000192
110,0.,2.,0.,360.,2.,0.;                                         0000313P0000193
110,360.,2.,0.,360.,52.,0.;                                      0000315P0000194
510,319,1,1,327;                                                 0000317P0000195
192,321,323,3.2,325;                                             0000319P0000196
116,-23.,-29.,72.,0;                                             0000321P0000197
123,0.,1.,0.;                                                    0000323P0000198
123,0.,-0.,1.;                                                   0000325P0000199
508,4,0,17,15,0,1,0,329,0,17,16,0,1,0,331,0,17,8,1,1,0,333,0,17, 0000327P0000200
16,1,1,0,335;                                                    0000327P0000201
110,360.,52.,0.,0.,52.,0.;                                       0000329P0000202
110,0.,52.,0.,0.,2.,0.;                                          0000331P0000203
110,0.,2.,0.,360.,2.,0.;                                         0000333P0000204
110,360.,2.,0.,360.,52.,0.;                                      0000335P0000205
510,339,1,1,347;                                                 0000337P0000206
192,341,343,3.2,345;                                             0000339P0000207
116,23.,-29.,26.,0;                                              0000341P0000208
123,0.,1.,0.;                                                    0000343P0000209
123,0.,-0.,1.;                                                   0000345P0000210
508,4,0,17,17,0,1,0,349,0,17,18,0,1,0,351,0,17,9,1,1,0,353,0,17, 0000347P0000211
18,1,1,0,355;                                                    0000347P0000212
110,360.,52.,0.,0.,52.,0.;                                       0000349P0000213
110,0.,52.,0.,0.,2.,0.;                                          0000351P0000214
110,0.,2.,0.,360.,2.,0.;                                         0000353P0000215
110,360.,2.,0.,360.,52.,0.;                                      0000355P0000216
510,359,1,1,367;                                                 0000357P0000217
192,361,363,26.,365;                                             0000359P0000218
116,0.,-30.,49.,0;                                               0000361P0000219
123,0.,1.,0.;                                                    0000363P0000220
123,0.,-0.,1.;                                                   0000365P0000221
508,4,0,17,19,0,1,0,369,0,17,20,0,1,0,371,0,17,10,1,1,0,373,0,   0000367P0000222
17,20,1,1,0,375;                                                 0000367P0000223
110,360.,53.,0.,0.,53.,0.;                                       0000369P0000224
110,0.,53.,0.,0.,3.,0.;                                          0000371P0000225
110,0.,3.,0.,360.,3.,0.;                                         0000373P0000226
110,360.,3.,0.,360.,53.,0.;                                      0000375P0000227
510,379,1,1,387;                                                 0000377P0000228
192,381,383,3.2,385;                                             0000379P0000229
116,23.,-29.,72.,0;                                              0000381P0000230
123,0.,1.,0.;                                                    0000383P0000231
123,0.,-0.,1.;                                                   0000385P0000232
508,4,0,17,21,0,1,0,389,0,17,22,0,1,0,391,0,17,11,1,1,0,393,0,   0000387P0000233
17,22,1,1,0,395;                                                 0000387P0000234
110,360.,52.,0.,0.,52.,0.;                                       0000389P0000235
110,0.,52.,0.,0.,2.,0.;                                          0000391P0000236
110,0.,2.,0.,360.,2.,0.;                                         0000393P0000237
110,360.,2.,0.,360.,52.,0.;                                      0000395P0000238
510,399,2,1,407,417;                                             0000397P0000239
192,401,403,37.,405;                                             0000399P0000240
116,0.,-23.,49.,0;                                               0000401P0000241
123,0.,1.,0.;                                                    0000403P0000242
123,0.,-0.,1.;                                                   0000405P0000243
508,4,0,17,12,1,1,0,409,0,17,23,1,1,0,411,0,17,24,0,1,0,413,0,   0000407P0000244
17,23,0,1,0,415;                                                 0000407P0000245
110,0.,4.,0.,360.,4.,0.;                                         0000409P0000246
110,360.,4.,0.,360.,46.,0.;                                      0000411P0000247
110,360.,46.,0.,0.,46.,0.;                                       0000413P0000248
110,2.37142157E-11,46.,0.,2.37142157E-11,4.,0.;                  0000415P0000249
508,4,0,17,25,0,1,0,419,0,17,26,1,1,0,421,0,17,27,1,1,0,423,0,   0000417P0000250
17,28,0,1,0,425;                                                 0000417P0000251
110,246.768543495,5.,0.,113.231456505,5.,0.;                     0000419P0000252
126,1,1,1,0,1,0,5.,5.,41.,41.,1.,1.,113.231456505,5.,0.,         0000421P0000253
113.231456505,41.,0.,5.,41.,0.,0.,1.;                            0000421P0000254
110,113.231456505,41.,0.,246.768543495,41.,0.;                   0000423P0000255
126,1,1,1,0,1,0,5.,5.,41.,41.,1.,1.,246.768543495,41.,0.,        0000425P0000256
246.768543495,5.,0.,5.,41.,0.,0.,1.;                             0000425P0000257
510,429,6,1,437,439,441,443,445,447;                             0000427P0000258
190,431,433,435;                                                 0000429P0000259
116,0.,23.,49.,0;                                                0000431P0000260
123,0.,1.,0.;                                                    0000433P0000261
123,0.,-0.,1.;                                                   0000435P0000262
508,1,0,17,24,1,0;                                               0000437P0000263
508,1,0,17,13,0,0;                                               0000439P0000264
508,1,0,17,15,0,0;                                               0000441P0000265
508,1,0,17,17,0,0;                                               0000443P0000266
508,1,0,17,19,0,0;                                               0000445P0000267
508,1,0,17,21,0,0;                                               0000447P0000268
510,451,1,1,459;                                                 0000449P0000269
190,453,455,457;                                                 0000451P0000270
116,-34.,-18.,8.,0;                                              0000453P0000271
123,-0.,1.,0.;                                                   0000455P0000272
123,0.,0.,1.;                                                    0000457P0000273
508,4,0,17,29,0,0,0,17,30,1,0,0,17,31,1,0,0,17,25,0,0;           0000459P0000274
510,463,1,1,471;                                                 0000461P0000275
190,465,467,469;                                                 0000463P0000276
116,34.,-18.,8.,0;                                               0000465P0000277
123,1.,0.,-0.;                                                   0000467P0000278
123,0.,0.,1.;                                                    0000469P0000279
508,4,0,17,29,0,0,0,17,32,1,0,0,17,33,1,0,0,17,26,0,0;           0000471P0000280
510,475,1,1,483;                                                 0000473P0000281
190,477,479,481;                                                 0000475P0000282
116,-34.,-18.,8.,0;                                              0000477P0000283
123,1.,0.,-0.;                                                   0000479P0000284
123,0.,0.,1.;                                                    0000481P0000285
508,4,0,17,31,0,0,0,17,34,1,0,0,17,35,1,0,0,17,28,0,0;           0000483P0000286
510,487,1,1,495;                                                 0000485P0000287
190,489,491,493;                                                 0000487P0000288
116,-34.,18.,8.,0;                                               0000489P0000289
123,-0.,1.,0.;                                                   0000491P0000290
123,0.,0.,1.;                                                    0000493P0000291
508,4,0,17,33,0,0,0,17,36,1,0,0,17,35,1,0,0,17,27,0,0;           0000495P0000292
510,499,6,1,507,509,511,513,515,517;                             0000497P0000293
190,501,503,505;                                                 0000499P0000294
116,-60.,-37.,9.,0;                                              0000501P0000295
123,0.,0.,1.;                                                    0000503P0000296
123,1.,0.,-0.;                                                   0000505P0000297
508,4,0,17,37,0,0,0,17,38,1,0,0,17,39,1,0,0,17,40,0,0;           0000507P0000298
508,1,0,17,41,0,0;                                               0000509P0000299
508,1,0,17,42,0,0;                                               0000511P0000300
508,1,0,17,43,0,0;                                               0000513P0000301
508,4,0,17,30,1,0,0,17,34,1,0,0,17,36,0,0,0,17,32,0,0;           0000515P0000302
508,1,0,17,44,0,0;                                               0000517P0000303
510,521,1,1,529;                                                 0000519P0000304
190,523,525,527;                                                 0000521P0000305
116,-60.,-37.,0.,0;                                              0000523P0000306
123,1.,0.,-0.;                                                   0000525P0000307
123,0.,0.,1.;                                                    0000527P0000308
508,4,0,17,45,0,0,0,17,46,1,0,0,17,47,1,0,0,17,37,0,0;           0000529P0000309
510,533,1,1,541;                                                 0000531P0000310
190,535,537,539;                                                 0000533P0000311
116,-60.,37.,0.,0;                                               0000535P0000312
123,-0.,1.,0.;                                                   0000537P0000313
123,0.,0.,1.;                                                    0000539P0000314
508,4,0,17,48,0,0,0,17,47,1,0,0,17,40,1,0,0,17,49,0,0;           0000541P0000315
510,545,1,1,553;                                                 0000543P0000316
190,547,549,551;                                                 0000545P0000317
116,-60.,-37.,0.,0;                                              0000547P0000318
123,-0.,1.,0.;                                                   0000549P0000319
123,0.,0.,1.;                                                    0000551P0000320
508,4,0,17,50,0,0,0,17,45,1,0,0,17,38,1,0,0,17,51,0,0;           0000553P0000321
510,557,1,1,565;                                                 0000555P0000322
190,559,561,563;                                                 0000557P0000323
116,60.,-37.,0.,0;                                               0000559P0000324
123,1.,0.,-0.;                                                   0000561P0000325
123,0.,0.,1.;                                                    0000563P0000326
508,4,0,17,51,0,0,0,17,52,1,0,0,17,49,1,0,0,17,39,0,0;           0000565P0000327
510,569,1,1,577;                                                 0000567P0000328
192,571,573,8.,575;                                              0000569P0000329
116,-47.,-25.,6.,0;                                              0000571P0000330
123,0.,0.,1.;                                                    0000573P0000331
123,1.,0.,-0.;                                                   0000575P0000332
508,4,0,17,41,0,1,0,579,0,17,53,0,1,0,581,0,17,54,1,1,0,583,0,   0000577P0000333
17,53,1,1,0,585;                                                 0000577P0000334
110,360.,3.,0.,0.,3.,0.;                                         0000579P0000335
110,0.,3.,0.,0.,0.,0.;                                           0000581P0000336
110,0.,0.,0.,360.,0.,0.;                                         0000583P0000337
110,360.,0.,0.,360.,3.,0.;                                       0000585P0000338
510,589,1,1,597;                                                 0000587P0000339
192,591,593,8.,595;                                              0000589P0000340
116,47.,-25.,6.,0;                                               0000591P0000341
123,0.,0.,1.;                                                    0000593P0000342
123,1.,0.,-0.;                                                   0000595P0000343
508,4,0,17,42,0,1,0,599,0,17,55,0,1,0,601,0,17,56,1,1,0,603,0,   0000597P0000344
17,55,1,1,0,605;                                                 0000597P0000345
110,360.,3.,0.,0.,3.,0.;                                         0000599P0000346
110,0.,3.,0.,0.,0.,0.;                                           0000601P0000347
110,0.,0.,0.,360.,0.,0.;                                         0000603P0000348
110,360.,0.,0.,360.,3.,0.;                                       0000605P0000349
510,609,1,1,617;                                                 0000607P0000350
192,611,613,8.,615;                                              0000609P0000351
116,-47.,25.,6.,0;                                               0000611P0000352
123,0.,0.,1.;                                                    0000613P0000353
123,1.,0.,-0.;                                                   0000615P0000354
508,4,0,17,43,0,1,0,619,0,17,57,0,1,0,621,0,17,58,1,1,0,623,0,   0000617P0000355
17,57,1,1,0,625;                                                 0000617P0000356
110,360.,3.,0.,0.,3.,0.;                                         0000619P0000357
110,0.,3.,0.,0.,0.,0.;                                           0000621P0000358
110,0.,0.,0.,360.,0.,0.;                                         0000623P0000359
110,360.,0.,0.,360.,3.,0.;                                       0000625P0000360
510,629,1,1,637;                                                 0000627P0000361
192,631,633,8.,635;                                              0000629P0000362
116,47.,25.,6.,0;                                                0000631P0000363
123,0.,0.,1.;                                                    0000633P0000364
123,1.,0.,-0.;                                                   0000635P0000365
508,4,0,17,44,0,1,0,639,0,17,59,0,1,0,641,0,17,60,1,1,0,643,0,   0000637P0000366
17,59,1,1,0,645;                                                 0000637P0000367
110,360.,3.,0.,0.,3.,0.;                                         0000639P0000368
110,0.,3.,0.,0.,0.,0.;                                           0000641P0000369
110,0.,0.,0.,360.,0.,0.;                                         0000643P0000370
110,360.,0.,0.,360.,3.,0.;                                       0000645P0000371
510,649,5,1,657,659,661,663,665;                                 0000647P0000372
190,651,653,655;                                                 0000649P0000373
116,-60.,-37.,0.,0;                                              0000651P0000374
123,0.,0.,1.;                                                    0000653P0000375
123,1.,0.,-0.;                                                   0000655P0000376
508,4,0,17,46,0,0,0,17,50,1,0,0,17,52,1,0,0,17,48,0,0;           0000657P0000377
508,1,0,17,61,0,0;                                               0000659P0000378
508,1,0,17,62,0,0;                                               0000661P0000379
508,1,0,17,63,0,0;                                               0000663P0000380
508,1,0,17,64,0,0;                                               0000665P0000381
510,669,2,1,677,679;                                             0000667P0000382
190,671,673,675;                                                 0000669P0000383
116,-47.,-25.,6.,0;                                              0000671P0000384
123,0.,0.,1.;                                                    0000673P0000385
123,1.,0.,-0.;                                                   0000675P0000386
508,1,0,17,54,1,0;                                               0000677P0000387
508,1,0,17,65,0,0;                                               0000679P0000388
510,683,2,1,691,693;                                             0000681P0000389
190,685,687,689;                                                 0000683P0000390
116,47.,-25.,6.,0;                                               0000685P0000391
123,0.,0.,1.;                                                    0000687P0000392
123,1.,0.,-0.;                                                   0000689P0000393
508,1,0,17,56,1,0;                                               0000691P0000394
508,1,0,17,66,0,0;                                               0000693P0000395
510,697,2,1,705,707;                                             0000695P0000396
190,699,701,703;                                                 0000697P0000397
116,-47.,25.,6.,0;                                               0000699P0000398
123,0.,0.,1.;                                                    0000701P0000399
123,1.,0.,-0.;                                                   0000703P0000400
508,1,0,17,58,1,0;                                               0000705P0000401
508,1,0,17,67,0,0;                                               0000707P0000402
510,711,2,1,719,721;                                             0000709P0000403
190,713,715,717;                                                 0000711P0000404
116,47.,25.,6.,0;                                                0000713P0000405
123,0.,0.,1.;                                                    0000715P0000406
123,1.,0.,-0.;                                                   0000717P0000407
508,1,0,17,60,1,0;                                               0000719P0000408
508,1,0,17,68,0,0;                                               0000721P0000409
510,725,1,1,733;                                                 0000723P0000410
192,727,729,5.,731;                                              0000725P0000411
116,-47.,-25.,-1.,0;                                             0000727P0000412
123,0.,0.,1.;                                                    0000729P0000413
123,1.,0.,-0.;                                                   0000731P0000414
508,4,0,17,65,0,1,0,735,0,17,69,0,1,0,737,0,17,61,1,1,0,739,0,   0000733P0000415
17,69,1,1,0,741;                                                 0000733P0000416
110,360.,7.,0.,0.,7.,0.;                                         0000735P0000417
110,0.,7.,0.,0.,1.,0.;                                           0000737P0000418
110,0.,1.,0.,360.,1.,0.;                                         0000739P0000419
110,360.,1.,0.,360.,7.,0.;                                       0000741P0000420
510,745,1,1,753;                                                 0000743P0000421
192,747,749,5.,751;                                              0000745P0000422
116,47.,-25.,-1.,0;                                              0000747P0000423
123,0.,0.,1.;                                                    0000749P0000424
123,1.,0.,-0.;                                                   0000751P0000425
508,4,0,17,66,0,1,0,755,0,17,70,0,1,0,757,0,17,62,1,1,0,759,0,   0000753P0000426
17,70,1,1,0,761;                                                 0000753P0000427
110,360.,7.,0.,0.,7.,0.;                                         0000755P0000428
110,0.,7.,0.,0.,1.,0.;                                           0000757P0000429
110,0.,1.,0.,360.,1.,0.;                                         0000759P0000430
110,360.,1.,0.,360.,7.,0.;                                       0000761P0000431
510,765,1,1,773;                                                 0000763P0000432
192,767,769,5.,771;                                              0000765P0000433
116,-47.,25.,-1.,0;                                              0000767P0000434
123,0.,0.,1.;                                                    0000769P0000435
123,1.,0.,-0.;                                                   0000771P0000436
508,4,0,17,67,0,1,0,775,0,17,71,0,1,0,777,0,17,63,1,1,0,779,0,   0000773P0000437
17,71,1,1,0,781;                                                 0000773P0000438
110,360.,7.,0.,0.,7.,0.;                                         0000775P0000439
110,0.,7.,0.,0.,1.,0.;                                           0000777P0000440
110,0.,1.,0.,360.,1.,0.;                                         0000779P0000441
110,360.,1.,0.,360.,7.,0.;                                       0000781P0000442
510,785,1,1,793;                                                 0000783P0000443
192,787,789,5.,791;                                              0000785P0000444
116,47.,25.,-1.,0;                                               0000787P0000445
123,0.,0.,1.;                                                    0000789P0000446
123,1.,0.,-0.;                                                   0000791P0000447
508,4,0,17,68,0,1,0,795,0,17,72,0,1,0,797,0,17,64,1,1,0,799,0,   0000793P0000448
17,72,1,1,0,801;                                                 0000793P0000449
110,360.,7.,0.,0.,7.,0.;                                         0000795P0000450
110,0.,7.,0.,0.,1.,0.;                                           0000797P0000451
110,0.,1.,0.,360.,1.,0.;                                         0000799P0000452
110,360.,1.,0.,360.,7.,0.;                                       0000801P0000453
S      1G      4D    802P    453                                        T0000001
