                                                                        S0000001
,,31HOpen CASCADE IGES processor 7.9,13HFilename.iges,                  G0000001
16HOpen CASCADE 7.9,31HOpen CASCADE IGES processor 7.9,32,308,15,308,15,G0000002
,1.,2,2HMM,1,0.01,15H20261004.214557,1.02444E-07,10.010543,7Hjiayuxu,,  G0000003
11,0,15H20261004.214557,;                                               G0000004
     186       1       0       0       0       0       0       000000000D0000001
     186       0       0       1       0                               0D0000002
     514       2       0       0       0       0       0       000010000D0000003
     514       0       0       8       1                               0D0000004
     510      10       0       0       0       0       0       000010000D0000005
     510       0       0       1       1                               0D0000006
     192      11       0       0       0       0       0       000010000D0000007
     192       0       0       1       1                               0D0000008
     116      12       0       0       0       0       0       000010400D0000009
     116       0       0       1       0                               0D0000010
     123      13       0       0       0       0       0       000010200D0000011
     123       0       0       1       0                               0D0000012
     123      14       0       0       0       0       0       000010200D0000013
     123       0       0       1       0                               0D0000014
     508      15       0       0       0       0       0       000010000D0000015
     508       0       0      20       1                               0D0000016
     504      35       0       0       0       0       0       000010001D0000017
     504       0       0      61       1                               0D0000018
     110      96       0       0       0       0       0       000010000D0000019
     110       0       0       1       0                               0D0000020
     502      97       0       0       0       0       0       000010000D0000021
     502       0       0      99       1                               0D0000022
     126     196       0       0       0       0       0       000010000D0000023
     126       0       0       7       0                               0D0000024
     104     203       0       0       0       0      27       000010000D0000025
     104       0       0       2       1                               0D0000026
     124     205       0       0       0       0       0       000000000D0000027
     124       0       0       3       0                               0D0000028
     104     208       0       0       0       0      31       000010000D0000029
     104       0       0       2       1                               0D0000030
     124     210       0       0       0       0       0       000000000D0000031
     124       0       0       3       0                               0D0000032
     104     213       0       0       0       0      35       000010000D0000033
     104       0       0       2       1                               0D0000034
     124     215       0       0       0       0       0       000000000D0000035
     124       0       0       3       0                               0D0000036
     126     218       0       0       0       0       0       000010000D0000037
     126       0       0      11       0                               0D0000038
     104     229       0       0       0       0      41       000010000D0000039
     104       0       0       2       1                               0D0000040
     124     231       0       0       0       0       0       000000000D0000041
     124       0       0       3       0                               0D0000042
     104     234       0       0       0       0      45       000010000D0000043
     104       0       0       2       1                               0D0000044
     124     236       0       0       0       0       0       000000000D0000045
     124       0       0       3       0                               0D0000046
     104     239       0       0       0       0      49       000010000D0000047
     104       0       0       2       1                               0D0000048
     124     241       0       0       0       0       0       000000000D0000049
     124       0       0       3       0                               0D0000050
     126     244       0       0       0       0       0       000010000D0000051
     126       0       0      11       0                               0D0000052
     104     255       0       0       0       0      55       000010000D0000053
     104       0       0       2       1                               0D0000054
     124     257       0       0       0       0       0       000000000D0000055
     124       0       0       3       0                               0D0000056
     104     260       0       0       0       0      59       000010000D0000057
     104       0       0       2       1                               0D0000058
     124     262       0       0       0       0       0       000000000D0000059
     124       0       0       3       0                               0D0000060
     104     265       0       0       0       0      63       000010000D0000061
     104       0       0       2       1                               0D0000062
     124     267       0       0       0       0       0       000000000D0000063
     124       0       0       3       0                               0D0000064
     126     270       0       0       0       0       0       000010000D0000065
     126       0       0      11       0                               0D0000066
     104     281       0       0       0       0      69       000010000D0000067
     104       0       0       2       1                               0D0000068
     124     283       0       0       0       0       0       000000000D0000069
     124       0       0       3       0                               0D0000070
     104     286       0       0       0       0      73       000010000D0000071
     104       0       0       2       1                               0D0000072
     124     288       0       0       0       0       0       000000000D0000073
     124       0       0       3       0                               0D0000074
     104     291       0       0       0       0      77       000010000D0000075
     104       0       0       2       1                               0D0000076
     124     293       0       0       0       0       0       000000000D0000077
     124       0       0       3       0                               0D0000078
     126     296       0       0       0       0       0       000010000D0000079
     126       0       0      13       0                               0D0000080
     104     309       0       0       0       0      83       000010000D0000081
     104       0       0       2       1                               0D0000082
     124     311       0       0       0       0       0       000000000D0000083
     124       0       0       3       0                               0D0000084
     104     314       0       0       0       0      87       000010000D0000085
     104       0       0       2       1                               0D0000086
     124     316       0       0       0       0       0       000000000D0000087
     124       0       0       3       0                               0D0000088
     104     319       0       0       0       0      91       000010000D0000089
     104       0       0       2       1                               0D0000090
     124     321       0       0       0       0       0       000000000D0000091
     124       0       0       3       0                               0D0000092
     126     324       0       0       0       0       0       000010000D0000093
     126       0       0      11       0                               0D0000094
     104     335       0       0       0       0      97       000010000D0000095
     104       0       0       2       1                               0D0000096
     124     337       0       0       0       0       0       000000000D0000097
     124       0       0       3       0                               0D0000098
     104     340       0       0       0       0     101       000010000D0000099
     104       0       0       2       1                               0D0000100
     124     342       0       0       0       0       0       000000000D0000101
     124       0       0       3       0                               0D0000102
     104     345       0       0       0       0     105       000010000D0000103
     104       0       0       2       1                               0D0000104
     124     347       0       0       0       0       0       000000000D0000105
     124       0       0       3       0                               0D0000106
     126     350       0       0       0       0       0       000010000D0000107
     126       0       0      11       0                               0D0000108
     104     361       0       0       0       0     111       000010000D0000109
     104       0       0       2       1                               0D0000110
     124     363       0       0       0       0       0       000000000D0000111
     124       0       0       3       0                               0D0000112
     104     366       0       0       0       0     115       000010000D0000113
     104       0       0       2       1                               0D0000114
     124     368       0       0       0       0       0       000000000D0000115
     124       0       0       3       0                               0D0000116
     104     371       0       0       0       0     119       000010000D0000117
     104       0       0       2       1                               0D0000118
     124     373       0       0       0       0       0       000000000D0000119
     124       0       0       3       0                               0D0000120
     126     376       0       0       0       0       0       000010000D0000121
     126       0       0      11       0                               0D0000122
     104     387       0       0       0       0     125       000010000D0000123
     104       0       0       2       1                               0D0000124
     124     389       0       0       0       0       0       000000000D0000125
     124       0       0       3       0                               0D0000126
     104     392       0       0       0       0     129       000010000D0000127
     104       0       0       2       1                               0D0000128
     124     394       0       0       0       0       0       000000000D0000129
     124       0       0       3       0                               0D0000130
     104     397       0       0       0       0     133       000010000D0000131
     104       0       0       2       1                               0D0000132
     124     399       0       0       0       0       0       000000000D0000133
     124       0       0       3       0                               0D0000134
     126     402       0       0       0       0       0       000010000D0000135
     126       0       0      13       0                               0D0000136
     104     415       0       0       0       0     139       000010000D0000137
     104       0       0       2       1                               0D0000138
     124     417       0       0       0       0       0       000000000D0000139
     124       0       0       3       0                               0D0000140
     104     420       0       0       0       0     143       000010000D0000141
     104       0       0       2       1                               0D0000142
     124     422       0       0       0       0       0       000000000D0000143
     124       0       0       3       0                               0D0000144
     104     425       0       0       0       0     147       000010000D0000145
     104       0       0       2       1                               0D0000146
     124     427       0       0       0       0       0       000000000D0000147
     124       0       0       3       0                               0D0000148
     126     430       0       0       0       0       0       000010000D0000149
     126       0       0      11       0                               0D0000150
     104     441       0       0       0       0     153       000010000D0000151
     104       0       0       2       1                               0D0000152
     124     443       0       0       0       0       0       000000000D0000153
     124       0       0       3       0                               0D0000154
     104     446       0       0       0       0     157       000010000D0000155
     104       0       0       2       1                               0D0000156
     124     448       0       0       0       0       0       000000000D0000157
     124       0       0       3       0                               0D0000158
     104     451       0       0       0       0     161       000010000D0000159
     104       0       0       2       1                               0D0000160
     124     453       0       0       0       0       0       000000000D0000161
     124       0       0       3       0                               0D0000162
     126     456       0       0       0       0       0       000010000D0000163
     126       0       0      11       0                               0D0000164
     104     467       0       0       0       0     167       000010000D0000165
     104       0       0       2       1                               0D0000166
     124     469       0       0       0       0       0       000000000D0000167
     124       0       0       3       0                               0D0000168
     104     472       0       0       0       0     171       000010000D0000169
     104       0       0       2       1                               0D0000170
     124     474       0       0       0       0       0       000000000D0000171
     124       0       0       3       0                               0D0000172
     104     477       0       0       0       0     175       000010000D0000173
     104       0       0       2       1                               0D0000174
     124     479       0       0       0       0       0       000000000D0000175
     124       0       0       3       0                               0D0000176
     126     482       0       0       0       0       0       000010000D0000177
     126       0       0      11       0                               0D0000178
     104     493       0       0       0       0     181       000010000D0000179
     104       0       0       2       1                               0D0000180
     124     495       0       0       0       0       0       000000000D0000181
     124       0       0       3       0                               0D0000182
     104     498       0       0       0       0     185       000010000D0000183
     104       0       0       2       1                               0D0000184
     124     500       0       0       0       0       0       000000000D0000185
     124       0       0       3       0                               0D0000186
     104     503       0       0       0       0     189       000010000D0000187
     104       0       0       2       1                               0D0000188
     124     505       0       0       0       0       0       000000000D0000189
     124       0       0       3       0                               0D0000190
     126     508       0       0       0       0       0       000010000D0000191
     126       0       0      12       0                               0D0000192
     104     520       0       0       0       0     195       000010000D0000193
     104       0       0       2       1                               0D0000194
     124     522       0       0       0       0       0       000000000D0000195
     124       0       0       3       0                               0D0000196
     104     525       0       0       0       0     199       000010000D0000197
     104       0       0       2       1                               0D0000198
     124     527       0       0       0       0       0       000000000D0000199
     124       0       0       3       0                               0D0000200
     104     530       0       0       0       0     203       000010000D0000201
     104       0       0       2       1                               0D0000202
     124     532       0       0       0       0       0       000000000D0000203
     124       0       0       3       0                               0D0000204
     126     535       0       0       0       0       0       000010000D0000205
     126       0       0      11       0                               0D0000206
     104     546       0       0       0       0     209       000010000D0000207
     104       0       0       2       1                               0D0000208
     124     548       0       0       0       0       0       000000000D0000209
     124       0       0       3       0                               0D0000210
     104     551       0       0       0       0     213       000010000D0000211
     104       0       0       2       1                               0D0000212
     124     553       0       0       0       0       0       000000000D0000213
     124       0       0       3       0                               0D0000214
     104     556       0       0       0       0     217       000010000D0000215
     104       0       0       2       1                               0D0000216
     124     558       0       0       0       0       0       000000000D0000217
     124       0       0       3       0                               0D0000218
     126     561       0       0       0       0       0       000010000D0000219
     126       0       0      11       0                               0D0000220
     104     572       0       0       0       0     223       000010000D0000221
     104       0       0       2       1                               0D0000222
     124     574       0       0       0       0       0       000000000D0000223
     124       0       0       3       0                               0D0000224
     104     577       0       0       0       0     227       000010000D0000225
     104       0       0       2       1                               0D0000226
     124     579       0       0       0       0       0       000000000D0000227
     124       0       0       3       0                               0D0000228
     104     582       0       0       0       0     231       000010000D0000229
     104       0       0       2       1                               0D0000230
     124     584       0       0       0       0       0       000000000D0000231
     124       0       0       3       0                               0D0000232
     126     587       0       0       0       0       0       000010000D0000233
     126       0       0      11       0                               0D0000234
     104     598       0       0       0       0     237       000010000D0000235
     104       0       0       2       1                               0D0000236
     124     600       0       0       0       0       0       000000000D0000237
     124       0       0       3       0                               0D0000238
     104     603       0       0       0       0     241       000010000D0000239
     104       0       0       2       1                               0D0000240
     124     605       0       0       0       0       0       000000000D0000241
     124       0       0       3       0                               0D0000242
     104     608       0       0       0       0     245       000010000D0000243
     104       0       0       2       1                               0D0000244
     124     610       0       0       0       0       0       000000000D0000245
     124       0       0       3       0                               0D0000246
     126     613       0       0       0       0       0       000010000D0000247
     126       0       0       7       0                               0D0000248
     100     620       0       0       0       0     251       000010000D0000249
     100       0       0       1       0                               0D0000250
     124     621       0       0       0       0       0       000000000D0000251
     124       0       0       2       0                               0D0000252
     100     623       0       0       0       0     255       000010000D0000253
     100       0       0       1       0                               0D0000254
     124     624       0       0       0       0       0       000000000D0000255
     124       0       0       2       0                               0D0000256
     126     626       0       0       0       0       0       000010000D0000257
     126       0       0       9       0                               0D0000258
     126     635       0       0       0       0       0       000010000D0000259
     126       0       0      10       0                               0D0000260
     126     645       0       0       0       0       0       000010000D0000261
     126       0       0       4       0                               0D0000262
     126     649       0       0       0       0       0       000010000D0000263
     126       0       0       4       0                               0D0000264
     110     653       0       0       0       0       0       000010000D0000265
     110       0       0       2       0                               0D0000266
     104     655       0       0       0       0     269       000010000D0000267
     104       0       0       2       1                               0D0000268
     124     657       0       0       0       0       0       000000000D0000269
     124       0       0       3       0                               0D0000270
     104     660       0       0       0       0     273       000010000D0000271
     104       0       0       2       1                               0D0000272
     124     662       0       0       0       0       0       000000000D0000273
     124       0       0       3       0                               0D0000274
     104     665       0       0       0       0     277       000010000D0000275
     104       0       0       2       1                               0D0000276
     124     667       0       0       0       0       0       000000000D0000277
     124       0       0       3       0                               0D0000278
     110     670       0       0       0       0       0       000010000D0000279
     110       0       0       2       0                               0D0000280
     126     672       0       0       0       0       0       000010000D0000281
     126       0       0       4       0                               0D0000282
     104     676       0       0       0       0     285       000010000D0000283
     104       0       0       2       1                               0D0000284
     124     678       0       0       0       0       0       000000000D0000285
     124       0       0       3       0                               0D0000286
     126     681       0       0       0       0       0       000010000D0000287
     126       0       0       9       0                               0D0000288
     126     690       0       0       0       0       0       000010000D0000289
     126       0       0       9       0                               0D0000290
     126     699       0       0       0       0       0       000010000D0000291
     126       0       0       4       0                               0D0000292
     110     703       0       0       0       0       0       000010000D0000293
     110       0       0       2       0                               0D0000294
     104     705       0       0       0       0     297       000010000D0000295
     104       0       0       2       1                               0D0000296
     124     707       0       0       0       0       0       000000000D0000297
     124       0       0       3       0                               0D0000298
     104     710       0       0       0       0     301       000010000D0000299
     104       0       0       2       1                               0D0000300
     124     712       0       0       0       0       0       000000000D0000301
     124       0       0       3       0                               0D0000302
     104     715       0       0       0       0     305       000010000D0000303
     104       0       0       2       1                               0D0000304
     124     717       0       0       0       0       0       000000000D0000305
     124       0       0       3       0                               0D0000306
     110     720       0       0       0       0       0       000010000D0000307
     110       0       0       2       0                               0D0000308
     126     722       0       0       0       0       0       000010000D0000309
     126       0       0       4       0                               0D0000310
     104     726       0       0       0       0     313       000010000D0000311
     104       0       0       2       1                               0D0000312
     124     728       0       0       0       0       0       000000000D0000313
     124       0       0       3       0                               0D0000314
     126     731       0       0       0       0       0       000010000D0000315
     126       0       0       9       0                               0D0000316
     126     740       0       0       0       0       0       000010000D0000317
     126       0       0       9       0                               0D0000318
     126     749       0       0       0       0       0       000010000D0000319
     126       0       0       4       0                               0D0000320
     110     753       0       0       0       0       0       000010000D0000321
     110       0       0       2       0                               0D0000322
     104     755       0       0       0       0     325       000010000D0000323
     104       0       0       2       1                               0D0000324
     124     757       0       0       0       0       0       000000000D0000325
     124       0       0       3       0                               0D0000326
     104     760       0       0       0       0     329       000010000D0000327
     104       0       0       2       1                               0D0000328
     124     762       0       0       0       0       0       000000000D0000329
     124       0       0       3       0                               0D0000330
     104     765       0       0       0       0     333       000010000D0000331
     104       0       0       2       1                               0D0000332
     124     767       0       0       0       0       0       000000000D0000333
     124       0       0       3       0                               0D0000334
     110     770       0       0       0       0       0       000010000D0000335
     110       0       0       2       0                               0D0000336
     126     772       0       0       0       0       0       000010000D0000337
     126       0       0       4       0                               0D0000338
     104     776       0       0       0       0     341       000010000D0000339
     104       0       0       2       1                               0D0000340
     124     778       0       0       0       0       0       000000000D0000341
     124       0       0       3       0                               0D0000342
     126     781       0       0       0       0       0       000010000D0000343
     126       0       0       9       0                               0D0000344
     126     790       0       0       0       0       0       000010000D0000345
     126       0       0       9       0                               0D0000346
     126     799       0       0       0       0       0       000010000D0000347
     126       0       0       4       0                               0D0000348
     110     803       0       0       0       0       0       000010000D0000349
     110       0       0       2       0                               0D0000350
     104     805       0       0       0       0     353       000010000D0000351
     104       0       0       2       1                               0D0000352
     124     807       0       0       0       0       0       000000000D0000353
     124       0       0       3       0                               0D0000354
     104     810       0       0       0       0     357       000010000D0000355
     104       0       0       2       1                               0D0000356
     124     812       0       0       0       0       0       000000000D0000357
     124       0       0       3       0                               0D0000358
     104     815       0       0       0       0     361       000010000D0000359
     104       0       0       2       1                               0D0000360
     124     817       0       0       0       0       0       000000000D0000361
     124       0       0       3       0                               0D0000362
     110     820       0       0       0       0       0       000010000D0000363
     110       0       0       2       0                               0D0000364
     126     822       0       0       0       0       0       000010000D0000365
     126       0       0       4       0                               0D0000366
     104     826       0       0       0       0     369       000010000D0000367
     104       0       0       2       1                               0D0000368
     124     828       0       0       0       0       0       000000000D0000369
     124       0       0       3       0                               0D0000370
     126     831       0       0       0       0       0       000010000D0000371
     126       0       0       9       0                               0D0000372
     126     840       0       0       0       0       0       000010000D0000373
     126       0       0       9       0                               0D0000374
     126     849       0       0       0       0       0       000010000D0000375
     126       0       0       4       0                               0D0000376
     110     853       0       0       0       0       0       000010000D0000377
     110       0       0       2       0                               0D0000378
     104     855       0       0       0       0     381       000010000D0000379
     104       0       0       2       1                               0D0000380
     124     857       0       0       0       0       0       000000000D0000381
     124       0       0       3       0                               0D0000382
     104     860       0       0       0       0     385       000010000D0000383
     104       0       0       2       1                               0D0000384
     124     862       0       0       0       0       0       000000000D0000385
     124       0       0       3       0                               0D0000386
     104     865       0       0       0       0     389       000010000D0000387
     104       0       0       2       1                               0D0000388
     124     867       0       0       0       0       0       000000000D0000389
     124       0       0       3       0                               0D0000390
     110     870       0       0       0       0       0       000010000D0000391
     110       0       0       2       0                               0D0000392
     126     872       0       0       0       0       0       000010000D0000393
     126       0       0       4       0                               0D0000394
     104     876       0       0       0       0     397       000010000D0000395
     104       0       0       2       1                               0D0000396
     124     878       0       0       0       0       0       000000000D0000397
     124       0       0       3       0                               0D0000398
     126     881       0       0       0       0       0       000010000D0000399
     126       0       0       9       0                               0D0000400
     126     890       0       0       0       0       0       000010000D0000401
     126       0       0       9       0                               0D0000402
     126     899       0       0       0       0       0       000010000D0000403
     126       0       0       4       0                               0D0000404
     110     903       0       0       0       0       0       000010000D0000405
     110       0       0       2       0                               0D0000406
     104     905       0       0       0       0     409       000010000D0000407
     104       0       0       2       1                               0D0000408
     124     907       0       0       0       0       0       000000000D0000409
     124       0       0       3       0                               0D0000410
     104     910       0       0       0       0     413       000010000D0000411
     104       0       0       2       1                               0D0000412
     124     912       0       0       0       0       0       000000000D0000413
     124       0       0       3       0                               0D0000414
     104     915       0       0       0       0     417       000010000D0000415
     104       0       0       2       1                               0D0000416
     124     917       0       0       0       0       0       000000000D0000417
     124       0       0       3       0                               0D0000418
     110     920       0       0       0       0       0       000010000D0000419
     110       0       0       2       0                               0D0000420
     126     922       0       0       0       0       0       000010000D0000421
     126       0       0       4       0                               0D0000422
     104     926       0       0       0       0     425       000010000D0000423
     104       0       0       2       1                               0D0000424
     124     928       0       0       0       0       0       000000000D0000425
     124       0       0       3       0                               0D0000426
     126     931       0       0       0       0       0       000010000D0000427
     126       0       0       9       0                               0D0000428
     126     940       0       0       0       0       0       000010000D0000429
     126       0       0       9       0                               0D0000430
     126     949       0       0       0       0       0       000010000D0000431
     126       0       0       4       0                               0D0000432
     110     953       0       0       0       0       0       000010000D0000433
     110       0       0       2       0                               0D0000434
     104     955       0       0       0       0     437       000010000D0000435
     104       0       0       2       1                               0D0000436
     124     957       0       0       0       0       0       000000000D0000437
     124       0       0       3       0                               0D0000438
     104     960       0       0       0       0     441       000010000D0000439
     104       0       0       2       1                               0D0000440
     124     962       0       0       0       0       0       000000000D0000441
     124       0       0       3       0                               0D0000442
     104     965       0       0       0       0     445       000010000D0000443
     104       0       0       2       1                               0D0000444
     124     967       0       0       0       0       0       000000000D0000445
     124       0       0       3       0                               0D0000446
     110     970       0       0       0       0       0       000010000D0000447
     110       0       0       2       0                               0D0000448
     126     972       0       0       0       0       0       000010000D0000449
     126       0       0       4       0                               0D0000450
     104     976       0       0       0       0     453       000010000D0000451
     104       0       0       2       1                               0D0000452
     124     978       0       0       0       0       0       000000000D0000453
     124       0       0       3       0                               0D0000454
     126     981       0       0       0       0       0       000010000D0000455
     126       0       0       9       0                               0D0000456
     126     990       0       0       0       0       0       000010000D0000457
     126       0       0       9       0                               0D0000458
     126     999       0       0       0       0       0       000010000D0000459
     126       0       0       4       0                               0D0000460
     110    1003       0       0       0       0       0       000010000D0000461
     110       0       0       2       0                               0D0000462
     104    1005       0       0       0       0     465       000010000D0000463
     104       0       0       2       1                               0D0000464
     124    1007       0       0       0       0       0       000000000D0000465
     124       0       0       3       0                               0D0000466
     104    1010       0       0       0       0     469       000010000D0000467
     104       0       0       2       1                               0D0000468
     124    1012       0       0       0       0       0       000000000D0000469
     124       0       0       3       0                               0D0000470
     104    1015       0       0       0       0     473       000010000D0000471
     104       0       0       2       1                               0D0000472
     124    1017       0       0       0       0       0       000000000D0000473
     124       0       0       3       0                               0D0000474
     110    1020       0       0       0       0       0       000010000D0000475
     110       0       0       2       0                               0D0000476
     126    1022       0       0       0       0       0       000010000D0000477
     126       0       0       4       0                               0D0000478
     104    1026       0       0       0       0     481       000010000D0000479
     104       0       0       2       1                               0D0000480
     124    1028       0       0       0       0       0       000000000D0000481
     124       0       0       3       0                               0D0000482
     126    1031       0       0       0       0       0       000010000D0000483
     126       0       0      10       0                               0D0000484
     126    1041       0       0       0       0       0       000010000D0000485
     126       0       0      10       0                               0D0000486
     126    1051       0       0       0       0       0       000010000D0000487
     126       0       0       4       0                               0D0000488
     110    1055       0       0       0       0       0       000010000D0000489
     110       0       0       2       0                               0D0000490
     104    1057       0       0       0       0     493       000010000D0000491
     104       0       0       2       1                               0D0000492
     124    1059       0       0       0       0       0       000000000D0000493
     124       0       0       3       0                               0D0000494
     104    1062       0       0       0       0     497       000010000D0000495
     104       0       0       2       1                               0D0000496
     124    1064       0       0       0       0       0       000000000D0000497
     124       0       0       3       0                               0D0000498
     104    1067       0       0       0       0     501       000010000D0000499
     104       0       0       2       1                               0D0000500
     124    1069       0       0       0       0       0       000000000D0000501
     124       0       0       3       0                               0D0000502
     110    1072       0       0       0       0       0       000010000D0000503
     110       0       0       2       0                               0D0000504
     126    1074       0       0       0       0       0       000010000D0000505
     126       0       0       4       0                               0D0000506
     104    1078       0       0       0       0     509       000010000D0000507
     104       0       0       2       1                               0D0000508
     124    1080       0       0       0       0       0       000000000D0000509
     124       0       0       3       0                               0D0000510
     126    1083       0       0       0       0       0       000010000D0000511
     126       0       0       9       0                               0D0000512
     126    1092       0       0       0       0       0       000010000D0000513
     126       0       0      11       0                               0D0000514
     126    1103       0       0       0       0       0       000010000D0000515
     126       0       0       4       0                               0D0000516
     110    1107       0       0       0       0       0       000010000D0000517
     110       0       0       2       0                               0D0000518
     104    1109       0       0       0       0     521       000010000D0000519
     104       0       0       2       1                               0D0000520
     124    1111       0       0       0       0       0       000000000D0000521
     124       0       0       3       0                               0D0000522
     104    1114       0       0       0       0     525       000010000D0000523
     104       0       0       2       1                               0D0000524
     124    1116       0       0       0       0       0       000000000D0000525
     124       0       0       3       0                               0D0000526
     104    1119       0       0       0       0     529       000010000D0000527
     104       0       0       2       1                               0D0000528
     124    1121       0       0       0       0       0       000000000D0000529
     124       0       0       3       0                               0D0000530
     110    1124       0       0       0       0       0       000010000D0000531
     110       0       0       2       0                               0D0000532
     126    1126       0       0       0       0       0       000010000D0000533
     126       0       0       4       0                               0D0000534
     104    1130       0       0       0       0     537       000010000D0000535
     104       0       0       2       1                               0D0000536
     124    1132       0       0       0       0       0       000000000D0000537
     124       0       0       3       0                               0D0000538
     126    1135       0       0       0       0       0       000010000D0000539
     126       0       0       9       0                               0D0000540
     126    1144       0       0       0       0       0       000010000D0000541
     126       0       0       9       0                               0D0000542
     126    1153       0       0       0       0       0       000010000D0000543
     126       0       0       4       0                               0D0000544
     110    1157       0       0       0       0       0       000010000D0000545
     110       0       0       2       0                               0D0000546
     104    1159       0       0       0       0     549       000010000D0000547
     104       0       0       2       1                               0D0000548
     124    1161       0       0       0       0       0       000000000D0000549
     124       0       0       3       0                               0D0000550
     104    1164       0       0       0       0     553       000010000D0000551
     104       0       0       2       1                               0D0000552
     124    1166       0       0       0       0       0       000000000D0000553
     124       0       0       3       0                               0D0000554
     104    1169       0       0       0       0     557       000010000D0000555
     104       0       0       2       1                               0D0000556
     124    1171       0       0       0       0       0       000000000D0000557
     124       0       0       3       0                               0D0000558
     110    1174       0       0       0       0       0       000010000D0000559
     110       0       0       2       0                               0D0000560
     126    1176       0       0       0       0       0       000010000D0000561
     126       0       0       4       0                               0D0000562
     104    1180       0       0       0       0     565       000010000D0000563
     104       0       0       2       1                               0D0000564
     124    1182       0       0       0       0       0       000000000D0000565
     124       0       0       3       0                               0D0000566
     126    1185       0       0       0       0       0       000010000D0000567
     126       0       0       9       0                               0D0000568
     126    1194       0       0       0       0       0       000010000D0000569
     126       0       0       9       0                               0D0000570
     126    1203       0       0       0       0       0       000010000D0000571
     126       0       0       4       0                               0D0000572
     110    1207       0       0       0       0       0       000010000D0000573
     110       0       0       2       0                               0D0000574
     104    1209       0       0       0       0     577       000010000D0000575
     104       0       0       2       1                               0D0000576
     124    1211       0       0       0       0       0       000000000D0000577
     124       0       0       3       0                               0D0000578
     104    1214       0       0       0       0     581       000010000D0000579
     104       0       0       2       1                               0D0000580
     124    1216       0       0       0       0       0       000000000D0000581
     124       0       0       3       0                               0D0000582
     104    1219       0       0       0       0     585       000010000D0000583
     104       0       0       2       1                               0D0000584
     124    1221       0       0       0       0       0       000000000D0000585
     124       0       0       3       0                               0D0000586
     110    1224       0       0       0       0       0       000010000D0000587
     110       0       0       2       0                               0D0000588
     126    1226       0       0       0       0       0       000010000D0000589
     126       0       0       4       0                               0D0000590
     104    1230       0       0       0       0     593       000010000D0000591
     104       0       0       2       1                               0D0000592
     124    1232       0       0       0       0       0       000000000D0000593
     124       0       0       3       0                               0D0000594
     126    1235       0       0       0       0       0       000010000D0000595
     126       0       0      10       0                               0D0000596
     126    1245       0       0       0       0       0       000010000D0000597
     126       0       0      10       0                               0D0000598
     126    1255       0       0       0       0       0       000010000D0000599
     126       0       0       4       0                               0D0000600
     110    1259       0       0       0       0       0       000010000D0000601
     110       0       0       2       0                               0D0000602
     104    1261       0       0       0       0     605       000010000D0000603
     104       0       0       2       1                               0D0000604
     124    1263       0       0       0       0       0       000000000D0000605
     124       0       0       3       0                               0D0000606
     104    1266       0       0       0       0     609       000010000D0000607
     104       0       0       2       1                               0D0000608
     124    1268       0       0       0       0       0       000000000D0000609
     124       0       0       3       0                               0D0000610
     104    1271       0       0       0       0     613       000010000D0000611
     104       0       0       2       1                               0D0000612
     124    1273       0       0       0       0       0       000000000D0000613
     124       0       0       3       0                               0D0000614
     110    1276       0       0       0       0       0       000010000D0000615
     110       0       0       2       0                               0D0000616
     126    1278       0       0       0       0       0       000010000D0000617
     126       0       0       4       0                               0D0000618
     104    1282       0       0       0       0     621       000010000D0000619
     104       0       0       2       1                               0D0000620
     124    1284       0       0       0       0       0       000000000D0000621
     124       0       0       3       0                               0D0000622
     126    1287       0       0       0       0       0       000010000D0000623
     126       0       0       9       0                               0D0000624
     126    1296       0       0       0       0       0       000010000D0000625
     126       0       0       9       0                               0D0000626
     126    1305       0       0       0       0       0       000010000D0000627
     126       0       0       4       0                               0D0000628
     110    1309       0       0       0       0       0       000010000D0000629
     110       0       0       2       0                               0D0000630
     104    1311       0       0       0       0     633       000010000D0000631
     104       0       0       2       1                               0D0000632
     124    1313       0       0       0       0       0       000000000D0000633
     124       0       0       3       0                               0D0000634
     104    1316       0       0       0       0     637       000010000D0000635
     104       0       0       2       1                               0D0000636
     124    1318       0       0       0       0       0       000000000D0000637
     124       0       0       3       0                               0D0000638
     104    1321       0       0       0       0     641       000010000D0000639
     104       0       0       2       1                               0D0000640
     124    1323       0       0       0       0       0       000000000D0000641
     124       0       0       3       0                               0D0000642
     110    1326       0       0       0       0       0       000010000D0000643
     110       0       0       2       0                               0D0000644
     126    1328       0       0       0       0       0       000010000D0000645
     126       0       0       4       0                               0D0000646
     104    1332       0       0       0       0     649       000010000D0000647
     104       0       0       2       1                               0D0000648
     124    1334       0       0       0       0       0       000000000D0000649
     124       0       0       3       0                               0D0000650
     126    1337       0       0       0       0       0       000010000D0000651
     126       0       0       9       0                               0D0000652
     126    1346       0       0       0       0       0       000010000D0000653
     126       0       0       9       0                               0D0000654
     126    1355       0       0       0       0       0       000010000D0000655
     126       0       0       4       0                               0D0000656
     110    1359       0       0       0       0       0       000010000D0000657
     110       0       0       2       0                               0D0000658
     104    1361       0       0       0       0     661       000010000D0000659
     104       0       0       2       1                               0D0000660
     124    1363       0       0       0       0       0       000000000D0000661
     124       0       0       3       0                               0D0000662
     104    1366       0       0       0       0     665       000010000D0000663
     104       0       0       2       1                               0D0000664
     124    1368       0       0       0       0       0       000000000D0000665
     124       0       0       3       0                               0D0000666
     104    1371       0       0       0       0     669       000010000D0000667
     104       0       0       2       1                               0D0000668
     124    1373       0       0       0       0       0       000000000D0000669
     124       0       0       3       0                               0D0000670
     110    1376       0       0       0       0       0       000010000D0000671
     110       0       0       2       0                               0D0000672
     126    1378       0       0       0       0       0       000010000D0000673
     126       0       0       4       0                               0D0000674
     104    1382       0       0       0       0     677       000010000D0000675
     104       0       0       2       1                               0D0000676
     124    1384       0       0       0       0       0       000000000D0000677
     124       0       0       3       0                               0D0000678
     126    1387       0       0       0       0       0       000010000D0000679
     126       0       0       9       0                               0D0000680
     126    1396       0       0       0       0       0       000010000D0000681
     126       0       0       9       0                               0D0000682
     126    1405       0       0       0       0       0       000010000D0000683
     126       0       0       4       0                               0D0000684
     110    1409       0       0       0       0       0       000010000D0000685
     110       0       0       2       0                               0D0000686
     104    1411       0       0       0       0     689       000010000D0000687
     104       0       0       2       1                               0D0000688
     124    1413       0       0       0       0       0       000000000D0000689
     124       0       0       3       0                               0D0000690
     104    1416       0       0       0       0     693       000010000D0000691
     104       0       0       2       1                               0D0000692
     124    1418       0       0       0       0       0       000000000D0000693
     124       0       0       3       0                               0D0000694
     104    1421       0       0       0       0     697       000010000D0000695
     104       0       0       2       1                               0D0000696
     124    1423       0       0       0       0       0       000000000D0000697
     124       0       0       3       0                               0D0000698
     110    1426       0       0       0       0       0       000010000D0000699
     110       0       0       2       0                               0D0000700
     104    1428       0       0       0       0     703       000010000D0000701
     104       0       0       2       1                               0D0000702
     124    1430       0       0       0       0       0       000000000D0000703
     124       0       0       3       0                               0D0000704
     110    1433       0       0       0       0       0       000010000D0000705
     110       0       0       1       0                               0D0000706
     110    1434       0       0       0       0       0       000010000D0000707
     110       0       0       1       0                               0D0000708
     126    1435       0       0       0       0       0       000010000D0000709
     126       0       0       5       0                               0D0000710
     126    1440       0       0       0       0       0       000010000D0000711
     126       0       0       7       0                               0D0000712
     126    1447       0       0       0       0       0       000010000D0000713
     126       0       0       7       0                               0D0000714
     126    1454       0       0       0       0       0       000010000D0000715
     126       0       0       7       0                               0D0000716
     126    1461       0       0       0       0       0       000010000D0000717
     126       0       0       9       0                               0D0000718
     126    1470       0       0       0       0       0       000010000D0000719
     126       0       0       7       0                               0D0000720
     126    1477       0       0       0       0       0       000010000D0000721
     126       0       0       7       0                               0D0000722
     126    1484       0       0       0       0       0       000010000D0000723
     126       0       0       7       0                               0D0000724
     126    1491       0       0       0       0       0       000010000D0000725
     126       0       0       9       0                               0D0000726
     126    1500       0       0       0       0       0       000010000D0000727
     126       0       0       7       0                               0D0000728
     126    1507       0       0       0       0       0       000010000D0000729
     126       0       0       7       0                               0D0000730
     126    1514       0       0       0       0       0       000010000D0000731
     126       0       0       7       0                               0D0000732
     126    1521       0       0       0       0       0       000010000D0000733
     126       0       0       9       0                               0D0000734
     126    1530       0       0       0       0       0       000010000D0000735
     126       0       0       7       0                               0D0000736
     126    1537       0       0       0       0       0       000010000D0000737
     126       0       0       7       0                               0D0000738
     126    1544       0       0       0       0       0       000010000D0000739
     126       0       0       7       0                               0D0000740
     126    1551       0       0       0       0       0       000010000D0000741
     126       0       0       9       0                               0D0000742
     126    1560       0       0       0       0       0       000010000D0000743
     126       0       0       7       0                               0D0000744
     126    1567       0       0       0       0       0       000010000D0000745
     126       0       0       7       0                               0D0000746
     126    1574       0       0       0       0       0       000010000D0000747
     126       0       0       7       0                               0D0000748
     126    1581       0       0       0       0       0       000010000D0000749
     126       0       0       9       0                               0D0000750
     126    1590       0       0       0       0       0       000010000D0000751
     126       0       0       7       0                               0D0000752
     126    1597       0       0       0       0       0       000010000D0000753
     126       0       0       7       0                               0D0000754
     126    1604       0       0       0       0       0       000010000D0000755
     126       0       0       7       0                               0D0000756
     126    1611       0       0       0       0       0       000010000D0000757
     126       0       0       9       0                               0D0000758
     126    1620       0       0       0       0       0       000010000D0000759
     126       0       0       7       0                               0D0000760
     126    1627       0       0       0       0       0       000010000D0000761
     126       0       0       7       0                               0D0000762
     126    1634       0       0       0       0       0       000010000D0000763
     126       0       0       7       0                               0D0000764
     126    1641       0       0       0       0       0       000010000D0000765
     126       0       0       9       0                               0D0000766
     126    1650       0       0       0       0       0       000010000D0000767
     126       0       0       7       0                               0D0000768
     126    1657       0       0       0       0       0       000010000D0000769
     126       0       0       7       0                               0D0000770
     126    1664       0       0       0       0       0       000010000D0000771
     126       0       0       7       0                               0D0000772
     126    1671       0       0       0       0       0       000010000D0000773
     126       0       0       9       0                               0D0000774
     126    1680       0       0       0       0       0       000010000D0000775
     126       0       0       7       0                               0D0000776
     126    1687       0       0       0       0       0       000010000D0000777
     126       0       0       7       0                               0D0000778
     126    1694       0       0       0       0       0       000010000D0000779
     126       0       0       7       0                               0D0000780
     126    1701       0       0       0       0       0       000010000D0000781
     126       0       0       9       0                               0D0000782
     126    1710       0       0       0       0       0       000010000D0000783
     126       0       0       7       0                               0D0000784
     126    1717       0       0       0       0       0       000010000D0000785
     126       0       0       7       0                               0D0000786
     126    1724       0       0       0       0       0       000010000D0000787
     126       0       0       7       0                               0D0000788
     126    1731       0       0       0       0       0       000010000D0000789
     126       0       0       9       0                               0D0000790
     126    1740       0       0       0       0       0       000010000D0000791
     126       0       0       7       0                               0D0000792
     126    1747       0       0       0       0       0       000010000D0000793
     126       0       0       7       0                               0D0000794
     126    1754       0       0       0       0       0       000010000D0000795
     126       0       0       7       0                               0D0000796
     126    1761       0       0       0       0       0       000010000D0000797
     126       0       0       9       0                               0D0000798
     126    1770       0       0       0       0       0       000010000D0000799
     126       0       0       7       0                               0D0000800
     126    1777       0       0       0       0       0       000010000D0000801
     126       0       0       7       0                               0D0000802
     126    1784       0       0       0       0       0       000010000D0000803
     126       0       0       7       0                               0D0000804
     126    1791       0       0       0       0       0       000010000D0000805
     126       0       0       9       0                               0D0000806
     126    1800       0       0       0       0       0       000010000D0000807
     126       0       0       7       0                               0D0000808
     126    1807       0       0       0       0       0       000010000D0000809
     126       0       0       7       0                               0D0000810
     126    1814       0       0       0       0       0       000010000D0000811
     126       0       0       7       0                               0D0000812
     126    1821       0       0       0       0       0       000010000D0000813
     126       0       0       9       0                               0D0000814
     126    1830       0       0       0       0       0       000010000D0000815
     126       0       0       7       0                               0D0000816
     126    1837       0       0       0       0       0       000010000D0000817
     126       0       0       7       0                               0D0000818
     126    1844       0       0       0       0       0       000010000D0000819
     126       0       0       7       0                               0D0000820
     126    1851       0       0       0       0       0       000010000D0000821
     126       0       0       9       0                               0D0000822
     126    1860       0       0       0       0       0       000010000D0000823
     126       0       0       7       0                               0D0000824
     126    1867       0       0       0       0       0       000010000D0000825
     126       0       0       7       0                               0D0000826
     126    1874       0       0       0       0       0       000010000D0000827
     126       0       0       7       0                               0D0000828
     126    1881       0       0       0       0       0       000010000D0000829
     126       0       0       9       0                               0D0000830
     126    1890       0       0       0       0       0       000010000D0000831
     126       0       0       7       0                               0D0000832
     126    1897       0       0       0       0       0       000010000D0000833
     126       0       0       7       0                               0D0000834
     126    1904       0       0       0       0       0       000010000D0000835
     126       0       0       7       0                               0D0000836
     126    1911       0       0       0       0       0       000010000D0000837
     126       0       0       5       0                               0D0000838
     110    1916       0       0       0       0       0       000010000D0000839
     110       0       0       1       0                               0D0000840
     110    1917       0       0       0       0       0       000010000D0000841
     110       0       0       1       0                               0D0000842
     510    1918       0       0       0       0       0       000010000D0000843
     510       0       0       1       1                               0D0000844
     190    1919       0       0       0       0       0       000010000D0000845
     190       0       0       1       1                               0D0000846
     116    1920       0       0       0       0       0       000010400D0000847
     116       0       0       1       0                               0D0000848
     123    1921       0       0       0       0       0       000010200D0000849
     123       0       0       1       0                               0D0000850
     123    1922       0       0       0       0       0       000010200D0000851
     123       0       0       1       0                               0D0000852
     508    1923       0       0       0       0       0       000010000D0000853
     508       0       0       1       1                               0D0000854
     508    1924       0       0       0       0       0       000010000D0000855
     508       0       0       1       1                               0D0000856
     510    1925       0       0       0       0       0       000010000D0000857
     510       0       0       1       1                               0D0000858
     128    1926       0       0       0       0       0       000010000D0000859
     128       0       0      16       0                               0D0000860
     508    1942       0       0       0       0       0       000010000D0000861
     508       0       0       2       1                               0D0000862
     126    1944       0       0       0       0       0       000010000D0000863
     126       0       0       8       0                               0D0000864
     126    1952       0       0       0       0       0       000010000D0000865
     126       0       0       8       0                               0D0000866
     110    1960       0       0       0       0       0       000010000D0000867
     110       0       0       1       0                               0D0000868
     126    1961       0       0       0       0       0       000010000D0000869
     126       0       0       5       0                               0D0000870
     126    1966       0       0       0       0       0       000010000D0000871
     126       0       0       5       0                               0D0000872
     110    1971       0       0       0       0       0       000010000D0000873
     110       0       0       1       0                               0D0000874
     510    1972       0       0       0       0       0       000010000D0000875
     510       0       0       1       1                               0D0000876
     190    1973       0       0       0       0       0       000010000D0000877
     190       0       0       1       1                               0D0000878
     116    1974       0       0       0       0       0       000010400D0000879
     116       0       0       1       0                               0D0000880
     123    1975       0       0       0       0       0       000010200D0000881
     123       0       0       1       0                               0D0000882
     123    1976       0       0       0       0       0       000010200D0000883
     123       0       0       1       0                               0D0000884
     508    1977       0       0       0       0       0       000010000D0000885
     508       0       0       1       1                               0D0000886
     510    1978       0       0       0       0       0       000010000D0000887
     510       0       0       1       1                               0D0000888
     190    1979       0       0       0       0       0       000010000D0000889
     190       0       0       1       1                               0D0000890
     116    1980       0       0       0       0       0       000010400D0000891
     116       0       0       1       0                               0D0000892
     123    1981       0       0       0       0       0       000010200D0000893
     123       0       0       1       0                               0D0000894
     123    1982       0       0       0       0       0       000010200D0000895
     123       0       0       1       0                               0D0000896
     508    1983       0       0       0       0       0       000010000D0000897
     508       0       0       2       1                               0D0000898
     510    1985       0       0       0       0       0       000010000D0000899
     510       0       0       1       1                               0D0000900
     190    1986       0       0       0       0       0       000010000D0000901
     190       0       0       1       1                               0D0000902
     116    1987       0       0       0       0       0       000010400D0000903
     116       0       0       1       0                               0D0000904
     123    1988       0       0       0       0       0       000010200D0000905
     123       0       0       1       0                               0D0000906
     123    1989       0       0       0       0       0       000010200D0000907
     123       0       0       1       0                               0D0000908
     508    1990       0       0       0       0       0       000010000D0000909
     508       0       0       1       1                               0D0000910
     510    1991       0       0       0       0       0       000010000D0000911
     510       0       0       1       1                               0D0000912
     128    1992       0       0       0       0       0       000010000D0000913
     128       0       0      17       0                               0D0000914
     508    2009       0       0       0       0       0       000010000D0000915
     508       0       0       2       1                               0D0000916
     126    2011       0       0       0       0       0       000010000D0000917
     126       0       0       8       0                               0D0000918
     126    2019       0       0       0       0       0       000010000D0000919
     126       0       0       8       0                               0D0000920
     110    2027       0       0       0       0       0       000010000D0000921
     110       0       0       1       0                               0D0000922
     126    2028       0       0       0       0       0       000010000D0000923
     126       0       0       9       0                               0D0000924
     110    2037       0       0       0       0       0       000010000D0000925
     110       0       0       1       0                               0D0000926
     510    2038       0       0       0       0       0       000010000D0000927
     510       0       0       1       1                               0D0000928
     190    2039       0       0       0       0       0       000010000D0000929
     190       0       0       1       1                               0D0000930
     116    2040       0       0       0       0       0       000010400D0000931
     116       0       0       1       0                               0D0000932
     123    2041       0       0       0       0       0       000010200D0000933
     123       0       0       1       0                               0D0000934
     123    2042       0       0       0       0       0       000010200D0000935
     123       0       0       1       0                               0D0000936
     508    2043       0       0       0       0       0       000010000D0000937
     508       0       0       1       1                               0D0000938
     510    2044       0       0       0       0       0       000010000D0000939
     510       0       0       1       1                               0D0000940
     190    2045       0       0       0       0       0       000010000D0000941
     190       0       0       1       1                               0D0000942
     116    2046       0       0       0       0       0       000010400D0000943
     116       0       0       1       0                               0D0000944
     123    2047       0       0       0       0       0       000010200D0000945
     123       0       0       1       0                               0D0000946
     123    2048       0       0       0       0       0       000010200D0000947
     123       0       0       1       0                               0D0000948
     508    2049       0       0       0       0       0       000010000D0000949
     508       0       0       2       1                               0D0000950
     510    2051       0       0       0       0       0       000010000D0000951
     510       0       0       1       1                               0D0000952
     190    2052       0       0       0       0       0       000010000D0000953
     190       0       0       1       1                               0D0000954
     116    2053       0       0       0       0       0       000010400D0000955
     116       0       0       1       0                               0D0000956
     123    2054       0       0       0       0       0       000010200D0000957
     123       0       0       1       0                               0D0000958
     123    2055       0       0       0       0       0       000010200D0000959
     123       0       0       1       0                               0D0000960
     508    2056       0       0       0       0       0       000010000D0000961
     508       0       0       1       1                               0D0000962
     510    2057       0       0       0       0       0       000010000D0000963
     510       0       0       1       1                               0D0000964
     128    2058       0       0       0       0       0       000010000D0000965
     128       0       0      17       0                               0D0000966
     508    2075       0       0       0       0       0       000010000D0000967
     508       0       0       2       1                               0D0000968
     126    2077       0       0       0       0       0       000010000D0000969
     126       0       0       8       0                               0D0000970
     126    2085       0       0       0       0       0       000010000D0000971
     126       0       0       8       0                               0D0000972
     110    2093       0       0       0       0       0       000010000D0000973
     110       0       0       1       0                               0D0000974
     126    2094       0       0       0       0       0       000010000D0000975
     126       0       0       9       0                               0D0000976
     110    2103       0       0       0       0       0       000010000D0000977
     110       0       0       1       0                               0D0000978
     510    2104       0       0       0       0       0       000010000D0000979
     510       0       0       1       1                               0D0000980
     190    2105       0       0       0       0       0       000010000D0000981
     190       0       0       1       1                               0D0000982
     116    2106       0       0       0       0       0       000010400D0000983
     116       0       0       1       0                               0D0000984
     123    2107       0       0       0       0       0       000010200D0000985
     123       0       0       1       0                               0D0000986
     123    2108       0       0       0       0       0       000010200D0000987
     123       0       0       1       0                               0D0000988
     508    2109       0       0       0       0       0       000010000D0000989
     508       0       0       1       1                               0D0000990
     510    2110       0       0       0       0       0       000010000D0000991
     510       0       0       1       1                               0D0000992
     190    2111       0       0       0       0       0       000010000D0000993
     190       0       0       1       1                               0D0000994
     116    2112       0       0       0       0       0       000010400D0000995
     116       0       0       1       0                               0D0000996
     123    2113       0       0       0       0       0       000010200D0000997
     123       0       0       1       0                               0D0000998
     123    2114       0       0       0       0       0       000010200D0000999
     123       0       0       1       0                               0D0001000
     508    2115       0       0       0       0       0       000010000D0001001
     508       0       0       2       1                               0D0001002
     510    2117       0       0       0       0       0       000010000D0001003
     510       0       0       1       1                               0D0001004
     190    2118       0       0       0       0       0       000010000D0001005
     190       0       0       1       1                               0D0001006
     116    2119       0       0       0       0       0       000010400D0001007
     116       0       0       1       0                               0D0001008
     123    2120       0       0       0       0       0       000010200D0001009
     123       0       0       1       0                               0D0001010
     123    2121       0       0       0       0       0       000010200D0001011
     123       0       0       1       0                               0D0001012
     508    2122       0       0       0       0       0       000010000D0001013
     508       0       0       1       1                               0D0001014
     510    2123       0       0       0       0       0       000010000D0001015
     510       0       0       1       1                               0D0001016
     128    2124       0       0       0       0       0       000010000D0001017
     128       0       0      17       0                               0D0001018
     508    2141       0       0       0       0       0       000010000D0001019
     508       0       0       2       1                               0D0001020
     126    2143       0       0       0       0       0       000010000D0001021
     126       0       0       8       0                               0D0001022
     126    2151       0       0       0       0       0       000010000D0001023
     126       0       0       8       0                               0D0001024
     110    2159       0       0       0       0       0       000010000D0001025
     110       0       0       1       0                               0D0001026
     126    2160       0       0       0       0       0       000010000D0001027
     126       0       0       9       0                               0D0001028
     110    2169       0       0       0       0       0       000010000D0001029
     110       0       0       1       0                               0D0001030
     510    2170       0       0       0       0       0       000010000D0001031
     510       0       0       1       1                               0D0001032
     190    2171       0       0       0       0       0       000010000D0001033
     190       0       0       1       1                               0D0001034
     116    2172       0       0       0       0       0       000010400D0001035
     116       0       0       1       0                               0D0001036
     123    2173       0       0       0       0       0       000010200D0001037
     123       0       0       1       0                               0D0001038
     123    2174       0       0       0       0       0       000010200D0001039
     123       0       0       1       0                               0D0001040
     508    2175       0       0       0       0       0       000010000D0001041
     508       0       0       1       1                               0D0001042
     510    2176       0       0       0       0       0       000010000D0001043
     510       0       0       1       1                               0D0001044
     190    2177       0       0       0       0       0       000010000D0001045
     190       0       0       1       1                               0D0001046
     116    2178       0       0       0       0       0       000010400D0001047
     116       0       0       1       0                               0D0001048
     123    2179       0       0       0       0       0       000010200D0001049
     123       0       0       1       0                               0D0001050
     123    2180       0       0       0       0       0       000010200D0001051
     123       0       0       1       0                               0D0001052
     508    2181       0       0       0       0       0       000010000D0001053
     508       0       0       2       1                               0D0001054
     510    2183       0       0       0       0       0       000010000D0001055
     510       0       0       1       1                               0D0001056
     190    2184       0       0       0       0       0       000010000D0001057
     190       0       0       1       1                               0D0001058
     116    2185       0       0       0       0       0       000010400D0001059
     116       0       0       1       0                               0D0001060
     123    2186       0       0       0       0       0       000010200D0001061
     123       0       0       1       0                               0D0001062
     123    2187       0       0       0       0       0       000010200D0001063
     123       0       0       1       0                               0D0001064
     508    2188       0       0       0       0       0       000010000D0001065
     508       0       0       1       1                               0D0001066
     510    2189       0       0       0       0       0       000010000D0001067
     510       0       0       1       1                               0D0001068
     128    2190       0       0       0       0       0       000010000D0001069
     128       0       0      17       0                               0D0001070
     508    2207       0       0       0       0       0       000010000D0001071
     508       0       0       2       1                               0D0001072
     126    2209       0       0       0       0       0       000010000D0001073
     126       0       0       8       0                               0D0001074
     126    2217       0       0       0       0       0       000010000D0001075
     126       0       0       8       0                               0D0001076
     110    2225       0       0       0       0       0       000010000D0001077
     110       0       0       1       0                               0D0001078
     126    2226       0       0       0       0       0       000010000D0001079
     126       0       0       9       0                               0D0001080
     110    2235       0       0       0       0       0       000010000D0001081
     110       0       0       1       0                               0D0001082
     510    2236       0       0       0       0       0       000010000D0001083
     510       0       0       1       1                               0D0001084
     190    2237       0       0       0       0       0       000010000D0001085
     190       0       0       1       1                               0D0001086
     116    2238       0       0       0       0       0       000010400D0001087
     116       0       0       1       0                               0D0001088
     123    2239       0       0       0       0       0       000010200D0001089
     123       0       0       1       0                               0D0001090
     123    2240       0       0       0       0       0       000010200D0001091
     123       0       0       1       0                               0D0001092
     508    2241       0       0       0       0       0       000010000D0001093
     508       0       0       1       1                               0D0001094
     510    2242       0       0       0       0       0       000010000D0001095
     510       0       0       1       1                               0D0001096
     190    2243       0       0       0       0       0       000010000D0001097
     190       0       0       1       1                               0D0001098
     116    2244       0       0       0       0       0       000010400D0001099
     116       0       0       1       0                               0D0001100
     123    2245       0       0       0       0       0       000010200D0001101
     123       0       0       1       0                               0D0001102
     123    2246       0       0       0       0       0       000010200D0001103
     123       0       0       1       0                               0D0001104
     508    2247       0       0       0       0       0       000010000D0001105
     508       0       0       2       1                               0D0001106
     510    2249       0       0       0       0       0       000010000D0001107
     510       0       0       1       1                               0D0001108
     190    2250       0       0       0       0       0       000010000D0001109
     190       0       0       1       1                               0D0001110
     116    2251       0       0       0       0       0       000010400D0001111
     116       0       0       1       0                               0D0001112
     123    2252       0       0       0       0       0       000010200D0001113
     123       0       0       1       0                               0D0001114
     123    2253       0       0       0       0       0       000010200D0001115
     123       0       0       1       0                               0D0001116
     508    2254       0       0       0       0       0       000010000D0001117
     508       0       0       1       1                               0D0001118
     510    2255       0       0       0       0       0       000010000D0001119
     510       0       0       1       1                               0D0001120
     128    2256       0       0       0       0       0       000010000D0001121
     128       0       0      17       0                               0D0001122
     508    2273       0       0       0       0       0       000010000D0001123
     508       0       0       2       1                               0D0001124
     126    2275       0       0       0       0       0       000010000D0001125
     126       0       0       8       0                               0D0001126
     126    2283       0       0       0       0       0       000010000D0001127
     126       0       0       8       0                               0D0001128
     110    2291       0       0       0       0       0       000010000D0001129
     110       0       0       1       0                               0D0001130
     126    2292       0       0       0       0       0       000010000D0001131
     126       0       0       9       0                               0D0001132
     110    2301       0       0       0       0       0       000010000D0001133
     110       0       0       1       0                               0D0001134
     510    2302       0       0       0       0       0       000010000D0001135
     510       0       0       1       1                               0D0001136
     190    2303       0       0       0       0       0       000010000D0001137
     190       0       0       1       1                               0D0001138
     116    2304       0       0       0       0       0       000010400D0001139
     116       0       0       1       0                               0D0001140
     123    2305       0       0       0       0       0       000010200D0001141
     123       0       0       1       0                               0D0001142
     123    2306       0       0       0       0       0       000010200D0001143
     123       0       0       1       0                               0D0001144
     508    2307       0       0       0       0       0       000010000D0001145
     508       0       0       1       1                               0D0001146
     510    2308       0       0       0       0       0       000010000D0001147
     510       0       0       1       1                               0D0001148
     190    2309       0       0       0       0       0       000010000D0001149
     190       0       0       1       1                               0D0001150
     116    2310       0       0       0       0       0       000010400D0001151
     116       0       0       1       0                               0D0001152
     123    2311       0       0       0       0       0       000010200D0001153
     123       0       0       1       0                               0D0001154
     123    2312       0       0       0       0       0       000010200D0001155
     123       0       0       1       0                               0D0001156
     508    2313       0       0       0       0       0       000010000D0001157
     508       0       0       2       1                               0D0001158
     510    2315       0       0       0       0       0       000010000D0001159
     510       0       0       1       1                               0D0001160
     190    2316       0       0       0       0       0       000010000D0001161
     190       0       0       1       1                               0D0001162
     116    2317       0       0       0       0       0       000010400D0001163
     116       0       0       1       0                               0D0001164
     123    2318       0       0       0       0       0       000010200D0001165
     123       0       0       1       0                               0D0001166
     123    2319       0       0       0       0       0       000010200D0001167
     123       0       0       1       0                               0D0001168
     508    2320       0       0       0       0       0       000010000D0001169
     508       0       0       1       1                               0D0001170
     510    2321       0       0       0       0       0       000010000D0001171
     510       0       0       1       1                               0D0001172
     128    2322       0       0       0       0       0       000010000D0001173
     128       0       0      17       0                               0D0001174
     508    2339       0       0       0       0       0       000010000D0001175
     508       0       0       2       1                               0D0001176
     126    2341       0       0       0       0       0       000010000D0001177
     126       0       0       8       0                               0D0001178
     126    2349       0       0       0       0       0       000010000D0001179
     126       0       0       8       0                               0D0001180
     110    2357       0       0       0       0       0       000010000D0001181
     110       0       0       1       0                               0D0001182
     126    2358       0       0       0       0       0       000010000D0001183
     126       0       0       9       0                               0D0001184
     110    2367       0       0       0       0       0       000010000D0001185
     110       0       0       1       0                               0D0001186
     510    2368       0       0       0       0       0       000010000D0001187
     510       0       0       1       1                               0D0001188
     190    2369       0       0       0       0       0       000010000D0001189
     190       0       0       1       1                               0D0001190
     116    2370       0       0       0       0       0       000010400D0001191
     116       0       0       1       0                               0D0001192
     123    2371       0       0       0       0       0       000010200D0001193
     123       0       0       1       0                               0D0001194
     123    2372       0       0       0       0       0       000010200D0001195
     123       0       0       1       0                               0D0001196
     508    2373       0       0       0       0       0       000010000D0001197
     508       0       0       1       1                               0D0001198
     510    2374       0       0       0       0       0       000010000D0001199
     510       0       0       1       1                               0D0001200
     190    2375       0       0       0       0       0       000010000D0001201
     190       0       0       1       1                               0D0001202
     116    2376       0       0       0       0       0       000010400D0001203
     116       0       0       1       0                               0D0001204
     123    2377       0       0       0       0       0       000010200D0001205
     123       0       0       1       0                               0D0001206
     123    2378       0       0       0       0       0       000010200D0001207
     123       0       0       1       0                               0D0001208
     508    2379       0       0       0       0       0       000010000D0001209
     508       0       0       2       1                               0D0001210
     510    2381       0       0       0       0       0       000010000D0001211
     510       0       0       1       1                               0D0001212
     190    2382       0       0       0       0       0       000010000D0001213
     190       0       0       1       1                               0D0001214
     116    2383       0       0       0       0       0       000010400D0001215
     116       0       0       1       0                               0D0001216
     123    2384       0       0       0       0       0       000010200D0001217
     123       0       0       1       0                               0D0001218
     123    2385       0       0       0       0       0       000010200D0001219
     123       0       0       1       0                               0D0001220
     508    2386       0       0       0       0       0       000010000D0001221
     508       0       0       1       1                               0D0001222
     510    2387       0       0       0       0       0       000010000D0001223
     510       0       0       1       1                               0D0001224
     128    2388       0       0       0       0       0       000010000D0001225
     128       0       0      17       0                               0D0001226
     508    2405       0       0       0       0       0       000010000D0001227
     508       0       0       2       1                               0D0001228
     126    2407       0       0       0       0       0       000010000D0001229
     126       0       0       8       0                               0D0001230
     126    2415       0       0       0       0       0       000010000D0001231
     126       0       0       8       0                               0D0001232
     110    2423       0       0       0       0       0       000010000D0001233
     110       0       0       1       0                               0D0001234
     126    2424       0       0       0       0       0       000010000D0001235
     126       0       0       9       0                               0D0001236
     110    2433       0       0       0       0       0       000010000D0001237
     110       0       0       1       0                               0D0001238
     510    2434       0       0       0       0       0       000010000D0001239
     510       0       0       1       1                               0D0001240
     190    2435       0       0       0       0       0       000010000D0001241
     190       0       0       1       1                               0D0001242
     116    2436       0       0       0       0       0       000010400D0001243
     116       0       0       1       0                               0D0001244
     123    2437       0       0       0       0       0       000010200D0001245
     123       0       0       1       0                               0D0001246
     123    2438       0       0       0       0       0       000010200D0001247
     123       0       0       1       0                               0D0001248
     508    2439       0       0       0       0       0       000010000D0001249
     508       0       0       1       1                               0D0001250
     510    2440       0       0       0       0       0       000010000D0001251
     510       0       0       1       1                               0D0001252
     190    2441       0       0       0       0       0       000010000D0001253
     190       0       0       1       1                               0D0001254
     116    2442       0       0       0       0       0       000010400D0001255
     116       0       0       1       0                               0D0001256
     123    2443       0       0       0       0       0       000010200D0001257
     123       0       0       1       0                               0D0001258
     123    2444       0       0       0       0       0       000010200D0001259
     123       0       0       1       0                               0D0001260
     508    2445       0       0       0       0       0       000010000D0001261
     508       0       0       2       1                               0D0001262
     510    2447       0       0       0       0       0       000010000D0001263
     510       0       0       1       1                               0D0001264
     190    2448       0       0       0       0       0       000010000D0001265
     190       0       0       1       1                               0D0001266
     116    2449       0       0       0       0       0       000010400D0001267
     116       0       0       1       0                               0D0001268
     123    2450       0       0       0       0       0       000010200D0001269
     123       0       0       1       0                               0D0001270
     123    2451       0       0       0       0       0       000010200D0001271
     123       0       0       1       0                               0D0001272
     508    2452       0       0       0       0       0       000010000D0001273
     508       0       0       1       1                               0D0001274
     510    2453       0       0       0       0       0       000010000D0001275
     510       0       0       1       1                               0D0001276
     128    2454       0       0       0       0       0       000010000D0001277
     128       0       0      17       0                               0D0001278
     508    2471       0       0       0       0       0       000010000D0001279
     508       0       0       2       1                               0D0001280
     126    2473       0       0       0       0       0       000010000D0001281
     126       0       0       8       0                               0D0001282
     126    2481       0       0       0       0       0       000010000D0001283
     126       0       0       8       0                               0D0001284
     110    2489       0       0       0       0       0       000010000D0001285
     110       0       0       1       0                               0D0001286
     126    2490       0       0       0       0       0       000010000D0001287
     126       0       0       9       0                               0D0001288
     110    2499       0       0       0       0       0       000010000D0001289
     110       0       0       1       0                               0D0001290
     510    2500       0       0       0       0       0       000010000D0001291
     510       0       0       1       1                               0D0001292
     190    2501       0       0       0       0       0       000010000D0001293
     190       0       0       1       1                               0D0001294
     116    2502       0       0       0       0       0       000010400D0001295
     116       0       0       1       0                               0D0001296
     123    2503       0       0       0       0       0       000010200D0001297
     123       0       0       1       0                               0D0001298
     123    2504       0       0       0       0       0       000010200D0001299
     123       0       0       1       0                               0D0001300
     508    2505       0       0       0       0       0       000010000D0001301
     508       0       0       1       1                               0D0001302
     510    2506       0       0       0       0       0       000010000D0001303
     510       0       0       1       1                               0D0001304
     190    2507       0       0       0       0       0       000010000D0001305
     190       0       0       1       1                               0D0001306
     116    2508       0       0       0       0       0       000010400D0001307
     116       0       0       1       0                               0D0001308
     123    2509       0       0       0       0       0       000010200D0001309
     123       0       0       1       0                               0D0001310
     123    2510       0       0       0       0       0       000010200D0001311
     123       0       0       1       0                               0D0001312
     508    2511       0       0       0       0       0       000010000D0001313
     508       0       0       2       1                               0D0001314
     510    2513       0       0       0       0       0       000010000D0001315
     510       0       0       1       1                               0D0001316
     190    2514       0       0       0       0       0       000010000D0001317
     190       0       0       1       1                               0D0001318
     116    2515       0       0       0       0       0       000010400D0001319
     116       0       0       1       0                               0D0001320
     123    2516       0       0       0       0       0       000010200D0001321
     123       0       0       1       0                               0D0001322
     123    2517       0       0       0       0       0       000010200D0001323
     123       0       0       1       0                               0D0001324
     508    2518       0       0       0       0       0       000010000D0001325
     508       0       0       1       1                               0D0001326
     510    2519       0       0       0       0       0       000010000D0001327
     510       0       0       1       1                               0D0001328
     128    2520       0       0       0       0       0       000010000D0001329
     128       0       0      18       0                               0D0001330
     508    2538       0       0       0       0       0       000010000D0001331
     508       0       0       2       1                               0D0001332
     126    2540       0       0       0       0       0       000010000D0001333
     126       0       0       8       0                               0D0001334
     126    2548       0       0       0       0       0       000010000D0001335
     126       0       0       9       0                               0D0001336
     110    2557       0       0       0       0       0       000010000D0001337
     110       0       0       1       0                               0D0001338
     126    2558       0       0       0       0       0       000010000D0001339
     126       0       0       9       0                               0D0001340
     110    2567       0       0       0       0       0       000010000D0001341
     110       0       0       1       0                               0D0001342
     510    2568       0       0       0       0       0       000010000D0001343
     510       0       0       1       1                               0D0001344
     190    2569       0       0       0       0       0       000010000D0001345
     190       0       0       1       1                               0D0001346
     116    2570       0       0       0       0       0       000010400D0001347
     116       0       0       1       0                               0D0001348
     123    2571       0       0       0       0       0       000010200D0001349
     123       0       0       1       0                               0D0001350
     123    2572       0       0       0       0       0       000010200D0001351
     123       0       0       1       0                               0D0001352
     508    2573       0       0       0       0       0       000010000D0001353
     508       0       0       1       1                               0D0001354
     510    2574       0       0       0       0       0       000010000D0001355
     510       0       0       1       1                               0D0001356
     190    2575       0       0       0       0       0       000010000D0001357
     190       0       0       1       1                               0D0001358
     116    2576       0       0       0       0       0       000010400D0001359
     116       0       0       1       0                               0D0001360
     123    2577       0       0       0       0       0       000010200D0001361
     123       0       0       1       0                               0D0001362
     123    2578       0       0       0       0       0       000010200D0001363
     123       0       0       1       0                               0D0001364
     508    2579       0       0       0       0       0       000010000D0001365
     508       0       0       2       1                               0D0001366
     510    2581       0       0       0       0       0       000010000D0001367
     510       0       0       1       1                               0D0001368
     190    2582       0       0       0       0       0       000010000D0001369
     190       0       0       1       1                               0D0001370
     116    2583       0       0       0       0       0       000010400D0001371
     116       0       0       1       0                               0D0001372
     123    2584       0       0       0       0       0       000010200D0001373
     123       0       0       1       0                               0D0001374
     123    2585       0       0       0       0       0       000010200D0001375
     123       0       0       1       0                               0D0001376
     508    2586       0       0       0       0       0       000010000D0001377
     508       0       0       1       1                               0D0001378
     510    2587       0       0       0       0       0       000010000D0001379
     510       0       0       1       1                               0D0001380
     128    2588       0       0       0       0       0       000010000D0001381
     128       0       0      15       0                               0D0001382
     508    2603       0       0       0       0       0       000010000D0001383
     508       0       0       2       1                               0D0001384
     126    2605       0       0       0       0       0       000010000D0001385
     126       0       0       8       0                               0D0001386
     126    2613       0       0       0       0       0       000010000D0001387
     126       0       0       8       0                               0D0001388
     110    2621       0       0       0       0       0       000010000D0001389
     110       0       0       1       0                               0D0001390
     126    2622       0       0       0       0       0       000010000D0001391
     126       0       0       9       0                               0D0001392
     110    2631       0       0       0       0       0       000010000D0001393
     110       0       0       1       0                               0D0001394
     510    2632       0       0       0       0       0       000010000D0001395
     510       0       0       1       1                               0D0001396
     190    2633       0       0       0       0       0       000010000D0001397
     190       0       0       1       1                               0D0001398
     116    2634       0       0       0       0       0       000010400D0001399
     116       0       0       1       0                               0D0001400
     123    2635       0       0       0       0       0       000010200D0001401
     123       0       0       1       0                               0D0001402
     123    2636       0       0       0       0       0       000010200D0001403
     123       0       0       1       0                               0D0001404
     508    2637       0       0       0       0       0       000010000D0001405
     508       0       0       1       1                               0D0001406
     510    2638       0       0       0       0       0       000010000D0001407
     510       0       0       1       1                               0D0001408
     190    2639       0       0       0       0       0       000010000D0001409
     190       0       0       1       1                               0D0001410
     116    2640       0       0       0       0       0       000010400D0001411
     116       0       0       1       0                               0D0001412
     123    2641       0       0       0       0       0       000010200D0001413
     123       0       0       1       0                               0D0001414
     123    2642       0       0       0       0       0       000010200D0001415
     123       0       0       1       0                               0D0001416
     508    2643       0       0       0       0       0       000010000D0001417
     508       0       0       2       1                               0D0001418
     510    2645       0       0       0       0       0       000010000D0001419
     510       0       0       1       1                               0D0001420
     190    2646       0       0       0       0       0       000010000D0001421
     190       0       0       1       1                               0D0001422
     116    2647       0       0       0       0       0       000010400D0001423
     116       0       0       1       0                               0D0001424
     123    2648       0       0       0       0       0       000010200D0001425
     123       0       0       1       0                               0D0001426
     123    2649       0       0       0       0       0       000010200D0001427
     123       0       0       1       0                               0D0001428
     508    2650       0       0       0       0       0       000010000D0001429
     508       0       0       1       1                               0D0001430
     510    2651       0       0       0       0       0       000010000D0001431
     510       0       0       1       1                               0D0001432
     128    2652       0       0       0       0       0       000010000D0001433
     128       0       0      17       0                               0D0001434
     508    2669       0       0       0       0       0       000010000D0001435
     508       0       0       2       1                               0D0001436
     126    2671       0       0       0       0       0       000010000D0001437
     126       0       0       8       0                               0D0001438
     126    2679       0       0       0       0       0       000010000D0001439
     126       0       0       8       0                               0D0001440
     110    2687       0       0       0       0       0       000010000D0001441
     110       0       0       1       0                               0D0001442
     126    2688       0       0       0       0       0       000010000D0001443
     126       0       0       9       0                               0D0001444
     110    2697       0       0       0       0       0       000010000D0001445
     110       0       0       1       0                               0D0001446
     510    2698       0       0       0       0       0       000010000D0001447
     510       0       0       1       1                               0D0001448
     190    2699       0       0       0       0       0       000010000D0001449
     190       0       0       1       1                               0D0001450
     116    2700       0       0       0       0       0       000010400D0001451
     116       0       0       1       0                               0D0001452
     123    2701       0       0       0       0       0       000010200D0001453
     123       0       0       1       0                               0D0001454
     123    2702       0       0       0       0       0       000010200D0001455
     123       0       0       1       0                               0D0001456
     508    2703       0       0       0       0       0       000010000D0001457
     508       0       0       1       1                               0D0001458
     510    2704       0       0       0       0       0       000010000D0001459
     510       0       0       1       1                               0D0001460
     190    2705       0       0       0       0       0       000010000D0001461
     190       0       0       1       1                               0D0001462
     116    2706       0       0       0       0       0       000010400D0001463
     116       0       0       1       0                               0D0001464
     123    2707       0       0       0       0       0       000010200D0001465
     123       0       0       1       0                               0D0001466
     123    2708       0       0       0       0       0       000010200D0001467
     123       0       0       1       0                               0D0001468
     508    2709       0       0       0       0       0       000010000D0001469
     508       0       0       2       1                               0D0001470
     510    2711       0       0       0       0       0       000010000D0001471
     510       0       0       1       1                               0D0001472
     190    2712       0       0       0       0       0       000010000D0001473
     190       0       0       1       1                               0D0001474
     116    2713       0       0       0       0       0       000010400D0001475
     116       0       0       1       0                               0D0001476
     123    2714       0       0       0       0       0       000010200D0001477
     123       0       0       1       0                               0D0001478
     123    2715       0       0       0       0       0       000010200D0001479
     123       0       0       1       0                               0D0001480
     508    2716       0       0       0       0       0       000010000D0001481
     508       0       0       1       1                               0D0001482
     510    2717       0       0       0       0       0       000010000D0001483
     510       0       0       1       1                               0D0001484
     128    2718       0       0       0       0       0       000010000D0001485
     128       0       0      17       0                               0D0001486
     508    2735       0       0       0       0       0       000010000D0001487
     508       0       0       2       1                               0D0001488
     126    2737       0       0       0       0       0       000010000D0001489
     126       0       0       8       0                               0D0001490
     126    2745       0       0       0       0       0       000010000D0001491
     126       0       0       8       0                               0D0001492
     110    2753       0       0       0       0       0       000010000D0001493
     110       0       0       1       0                               0D0001494
     126    2754       0       0       0       0       0       000010000D0001495
     126       0       0       9       0                               0D0001496
     110    2763       0       0       0       0       0       000010000D0001497
     110       0       0       1       0                               0D0001498
     510    2764       0       0       0       0       0       000010000D0001499
     510       0       0       1       1                               0D0001500
     190    2765       0       0       0       0       0       000010000D0001501
     190       0       0       1       1                               0D0001502
     116    2766       0       0       0       0       0       000010400D0001503
     116       0       0       1       0                               0D0001504
     123    2767       0       0       0       0       0       000010200D0001505
     123       0       0       1       0                               0D0001506
     123    2768       0       0       0       0       0       000010200D0001507
     123       0       0       1       0                               0D0001508
     508    2769       0       0       0       0       0       000010000D0001509
     508       0       0       1       1                               0D0001510
     510    2770       0       0       0       0       0       000010000D0001511
     510       0       0       1       1                               0D0001512
     190    2771       0       0       0       0       0       000010000D0001513
     190       0       0       1       1                               0D0001514
     116    2772       0       0       0       0       0       000010400D0001515
     116       0       0       1       0                               0D0001516
     123    2773       0       0       0       0       0       000010200D0001517
     123       0       0       1       0                               0D0001518
     123    2774       0       0       0       0       0       000010200D0001519
     123       0       0       1       0                               0D0001520
     508    2775       0       0       0       0       0       000010000D0001521
     508       0       0       2       1                               0D0001522
     510    2777       0       0       0       0       0       000010000D0001523
     510       0       0       1       1                               0D0001524
     190    2778       0       0       0       0       0       000010000D0001525
     190       0       0       1       1                               0D0001526
     116    2779       0       0       0       0       0       000010400D0001527
     116       0       0       1       0                               0D0001528
     123    2780       0       0       0       0       0       000010200D0001529
     123       0       0       1       0                               0D0001530
     123    2781       0       0       0       0       0       000010200D0001531
     123       0       0       1       0                               0D0001532
     508    2782       0       0       0       0       0       000010000D0001533
     508       0       0       1       1                               0D0001534
     510    2783       0       0       0       0       0       000010000D0001535
     510       0       0       1       1                               0D0001536
     128    2784       0       0       0       0       0       000010000D0001537
     128       0       0      17       0                               0D0001538
     508    2801       0       0       0       0       0       000010000D0001539
     508       0       0       2       1                               0D0001540
     126    2803       0       0       0       0       0       000010000D0001541
     126       0       0       8       0                               0D0001542
     126    2811       0       0       0       0       0       000010000D0001543
     126       0       0       8       0                               0D0001544
     110    2819       0       0       0       0       0       000010000D0001545
     110       0       0       1       0                               0D0001546
     126    2820       0       0       0       0       0       000010000D0001547
     126       0       0       9       0                               0D0001548
     110    2829       0       0       0       0       0       000010000D0001549
     110       0       0       1       0                               0D0001550
     510    2830       0       0       0       0       0       000010000D0001551
     510       0       0       1       1                               0D0001552
     190    2831       0       0       0       0       0       000010000D0001553
     190       0       0       1       1                               0D0001554
     116    2832       0       0       0       0       0       000010400D0001555
     116       0       0       1       0                               0D0001556
     123    2833       0       0       0       0       0       000010200D0001557
     123       0       0       1       0                               0D0001558
     123    2834       0       0       0       0       0       000010200D0001559
     123       0       0       1       0                               0D0001560
     508    2835       0       0       0       0       0       000010000D0001561
     508       0       0       1       1                               0D0001562
     510    2836       0       0       0       0       0       000010000D0001563
     510       0       0       1       1                               0D0001564
     190    2837       0       0       0       0       0       000010000D0001565
     190       0       0       1       1                               0D0001566
     116    2838       0       0       0       0       0       000010400D0001567
     116       0       0       1       0                               0D0001568
     123    2839       0       0       0       0       0       000010200D0001569
     123       0       0       1       0                               0D0001570
     123    2840       0       0       0       0       0       000010200D0001571
     123       0       0       1       0                               0D0001572
     508    2841       0       0       0       0       0       000010000D0001573
     508       0       0       2       1                               0D0001574
     510    2843       0       0       0       0       0       000010000D0001575
     510       0       0       1       1                               0D0001576
     190    2844       0       0       0       0       0       000010000D0001577
     190       0       0       1       1                               0D0001578
     116    2845       0       0       0       0       0       000010400D0001579
     116       0       0       1       0                               0D0001580
     123    2846       0       0       0       0       0       000010200D0001581
     123       0       0       1       0                               0D0001582
     123    2847       0       0       0       0       0       000010200D0001583
     123       0       0       1       0                               0D0001584
     508    2848       0       0       0       0       0       000010000D0001585
     508       0       0       1       1                               0D0001586
     510    2849       0       0       0       0       0       000010000D0001587
     510       0       0       1       1                               0D0001588
     128    2850       0       0       0       0       0       000010000D0001589
     128       0       0      17       0                               0D0001590
     508    2867       0       0       0       0       0       000010000D0001591
     508       0       0       2       1                               0D0001592
     126    2869       0       0       0       0       0       000010000D0001593
     126       0       0       8       0                               0D0001594
     126    2877       0       0       0       0       0       000010000D0001595
     126       0       0       8       0                               0D0001596
     110    2885       0       0       0       0       0       000010000D0001597
     110       0       0       1       0                               0D0001598
     126    2886       0       0       0       0       0       000010000D0001599
     126       0       0       9       0                               0D0001600
     110    2895       0       0       0       0       0       000010000D0001601
     110       0       0       1       0                               0D0001602
     510    2896       0       0       0       0       0       000010000D0001603
     510       0       0       1       1                               0D0001604
     190    2897       0       0       0       0       0       000010000D0001605
     190       0       0       1       1                               0D0001606
     116    2898       0       0       0       0       0       000010400D0001607
     116       0       0       1       0                               0D0001608
     123    2899       0       0       0       0       0       000010200D0001609
     123       0       0       1       0                               0D0001610
     123    2900       0       0       0       0       0       000010200D0001611
     123       0       0       1       0                               0D0001612
     508    2901       0       0       0       0       0       000010000D0001613
     508       0       0       1       1                               0D0001614
     510    2902       0       0       0       0       0       000010000D0001615
     510       0       0       1       1                               0D0001616
     190    2903       0       0       0       0       0       000010000D0001617
     190       0       0       1       1                               0D0001618
     116    2904       0       0       0       0       0       000010400D0001619
     116       0       0       1       0                               0D0001620
     123    2905       0       0       0       0       0       000010200D0001621
     123       0       0       1       0                               0D0001622
     123    2906       0       0       0       0       0       000010200D0001623
     123       0       0       1       0                               0D0001624
     508    2907       0       0       0       0       0       000010000D0001625
     508       0       0       2       1                               0D0001626
     510    2909       0       0       0       0       0       000010000D0001627
     510       0       0       1       1                               0D0001628
     190    2910       0       0       0       0       0       000010000D0001629
     190       0       0       1       1                               0D0001630
     116    2911       0       0       0       0       0       000010400D0001631
     116       0       0       1       0                               0D0001632
     123    2912       0       0       0       0       0       000010200D0001633
     123       0       0       1       0                               0D0001634
     123    2913       0       0       0       0       0       000010200D0001635
     123       0       0       1       0                               0D0001636
     508    2914       0       0       0       0       0       000010000D0001637
     508       0       0       1       1                               0D0001638
     510    2915       0       0       0       0       0       000010000D0001639
     510       0       0       1       1                               0D0001640
     128    2916       0       0       0       0       0       000010000D0001641
     128       0       0      17       0                               0D0001642
     508    2933       0       0       0       0       0       000010000D0001643
     508       0       0       2       1                               0D0001644
     126    2935       0       0       0       0       0       000010000D0001645
     126       0       0       8       0                               0D0001646
     126    2943       0       0       0       0       0       000010000D0001647
     126       0       0       8       0                               0D0001648
     110    2951       0       0       0       0       0       000010000D0001649
     110       0       0       1       0                               0D0001650
     126    2952       0       0       0       0       0       000010000D0001651
     126       0       0       9       0                               0D0001652
     110    2961       0       0       0       0       0       000010000D0001653
     110       0       0       1       0                               0D0001654
     510    2962       0       0       0       0       0       000010000D0001655
     510       0       0       1       1                               0D0001656
     190    2963       0       0       0       0       0       000010000D0001657
     190       0       0       1       1                               0D0001658
     116    2964       0       0       0       0       0       000010400D0001659
     116       0       0       1       0                               0D0001660
     123    2965       0       0       0       0       0       000010200D0001661
     123       0       0       1       0                               0D0001662
     123    2966       0       0       0       0       0       000010200D0001663
     123       0       0       1       0                               0D0001664
     508    2967       0       0       0       0       0       000010000D0001665
     508       0       0       1       1                               0D0001666
     510    2968       0       0       0       0       0       000010000D0001667
     510       0       0       1       1                               0D0001668
     190    2969       0       0       0       0       0       000010000D0001669
     190       0       0       1       1                               0D0001670
     116    2970       0       0       0       0       0       000010400D0001671
     116       0       0       1       0                               0D0001672
     123    2971       0       0       0       0       0       000010200D0001673
     123       0       0       1       0                               0D0001674
     123    2972       0       0       0       0       0       000010200D0001675
     123       0       0       1       0                               0D0001676
     508    2973       0       0       0       0       0       000010000D0001677
     508       0       0       2       1                               0D0001678
     510    2975       0       0       0       0       0       000010000D0001679
     510       0       0       1       1                               0D0001680
     190    2976       0       0       0       0       0       000010000D0001681
     190       0       0       1       1                               0D0001682
     116    2977       0       0       0       0       0       000010400D0001683
     116       0       0       1       0                               0D0001684
     123    2978       0       0       0       0       0       000010200D0001685
     123       0       0       1       0                               0D0001686
     123    2979       0       0       0       0       0       000010200D0001687
     123       0       0       1       0                               0D0001688
     508    2980       0       0       0       0       0       000010000D0001689
     508       0       0       1       1                               0D0001690
     510    2981       0       0       0       0       0       000010000D0001691
     510       0       0       1       1                               0D0001692
     192    2982       0       0       0       0       0       000010000D0001693
     192       0       0       1       1                               0D0001694
     116    2983       0       0       0       0       0       000010400D0001695
     116       0       0       1       0                               0D0001696
     123    2984       0       0       0       0       0       000010200D0001697
     123       0       0       1       0                               0D0001698
     123    2985       0       0       0       0       0       000010200D0001699
     123       0       0       1       0                               0D0001700
     508    2986       0       0       0       0       0       000010000D0001701
     508       0       0      33       1                               0D0001702
     110    3019       0       0       0       0       0       000010000D0001703
     110       0       0       1       0                               0D0001704
     126    3020       0       0       0       0       0       000010000D0001705
     126       0       0       8       0                               0D0001706
     126    3028       0       0       0       0       0       000010000D0001707
     126       0       0       7       0                               0D0001708
     126    3035       0       0       0       0       0       000010000D0001709
     126       0       0       7       0                               0D0001710
     126    3042       0       0       0       0       0       000010000D0001711
     126       0       0       7       0                               0D0001712
     126    3049       0       0       0       0       0       000010000D0001713
     126       0       0       7       0                               0D0001714
     126    3056       0       0       0       0       0       000010000D0001715
     126       0       0       8       0                               0D0001716
     126    3064       0       0       0       0       0       000010000D0001717
     126       0       0       8       0                               0D0001718
     126    3072       0       0       0       0       0       000010000D0001719
     126       0       0       7       0                               0D0001720
     126    3079       0       0       0       0       0       000010000D0001721
     126       0       0       8       0                               0D0001722
     126    3087       0       0       0       0       0       000010000D0001723
     126       0       0       7       0                               0D0001724
     126    3094       0       0       0       0       0       000010000D0001725
     126       0       0       7       0                               0D0001726
     126    3101       0       0       0       0       0       000010000D0001727
     126       0       0       8       0                               0D0001728
     126    3109       0       0       0       0       0       000010000D0001729
     126       0       0       8       0                               0D0001730
     126    3117       0       0       0       0       0       000010000D0001731
     126       0       0       7       0                               0D0001732
     126    3124       0       0       0       0       0       000010000D0001733
     126       0       0       7       0                               0D0001734
     126    3131       0       0       0       0       0       000010000D0001735
     126       0       0       7       0                               0D0001736
     126    3138       0       0       0       0       0       000010000D0001737
     126       0       0       7       0                               0D0001738
     126    3145       0       0       0       0       0       000010000D0001739
     126       0       0       8       0                               0D0001740
     126    3153       0       0       0       0       0       000010000D0001741
     126       0       0       8       0                               0D0001742
     126    3161       0       0       0       0       0       000010000D0001743
     126       0       0       7       0                               0D0001744
     126    3168       0       0       0       0       0       000010000D0001745
     126       0       0       8       0                               0D0001746
     126    3176       0       0       0       0       0       000010000D0001747
     126       0       0       7       0                               0D0001748
     126    3183       0       0       0       0       0       000010000D0001749
     126       0       0       7       0                               0D0001750
     126    3190       0       0       0       0       0       000010000D0001751
     126       0       0       8       0                               0D0001752
     126    3198       0       0       0       0       0       000010000D0001753
     126       0       0       8       0                               0D0001754
     126    3206       0       0       0       0       0       000010000D0001755
     126       0       0       7       0                               0D0001756
     126    3213       0       0       0       0       0       000010000D0001757
     126       0       0       7       0                               0D0001758
     126    3220       0       0       0       0       0       000010000D0001759
     126       0       0       7       0                               0D0001760
     126    3227       0       0       0       0       0       000010000D0001761
     126       0       0       7       0                               0D0001762
     126    3234       0       0       0       0       0       000010000D0001763
     126       0       0       8       0                               0D0001764
     126    3242       0       0       0       0       0       000010000D0001765
     126       0       0       8       0                               0D0001766
     126    3250       0       0       0       0       0       000010000D0001767
     126       0       0       7       0                               0D0001768
     126    3257       0       0       0       0       0       000010000D0001769
     126       0       0       8       0                               0D0001770
     126    3265       0       0       0       0       0       000010000D0001771
     126       0       0       7       0                               0D0001772
     126    3272       0       0       0       0       0       000010000D0001773
     126       0       0       7       0                               0D0001774
     126    3279       0       0       0       0       0       000010000D0001775
     126       0       0       8       0                               0D0001776
     126    3287       0       0       0       0       0       000010000D0001777
     126       0       0       8       0                               0D0001778
     126    3295       0       0       0       0       0       000010000D0001779
     126       0       0       7       0                               0D0001780
     126    3302       0       0       0       0       0       000010000D0001781
     126       0       0       7       0                               0D0001782
     126    3309       0       0       0       0       0       000010000D0001783
     126       0       0       7       0                               0D0001784
     126    3316       0       0       0       0       0       000010000D0001785
     126       0       0       7       0                               0D0001786
     126    3323       0       0       0       0       0       000010000D0001787
     126       0       0       8       0                               0D0001788
     126    3331       0       0       0       0       0       000010000D0001789
     126       0       0       9       0                               0D0001790
     126    3340       0       0       0       0       0       000010000D0001791
     126       0       0       7       0                               0D0001792
     126    3347       0       0       0       0       0       000010000D0001793
     126       0       0       8       0                               0D0001794
     126    3355       0       0       0       0       0       000010000D0001795
     126       0       0       7       0                               0D0001796
     126    3362       0       0       0       0       0       000010000D0001797
     126       0       0       7       0                               0D0001798
     126    3369       0       0       0       0       0       000010000D0001799
     126       0       0       8       0                               0D0001800
     126    3377       0       0       0       0       0       000010000D0001801
     126       0       0       8       0                               0D0001802
     126    3385       0       0       0       0       0       000010000D0001803
     126       0       0       7       0                               0D0001804
     126    3392       0       0       0       0       0       000010000D0001805
     126       0       0       7       0                               0D0001806
     126    3399       0       0       0       0       0       000010000D0001807
     126       0       0       7       0                               0D0001808
     126    3406       0       0       0       0       0       000010000D0001809
     126       0       0       7       0                               0D0001810
     126    3413       0       0       0       0       0       000010000D0001811
     126       0       0       8       0                               0D0001812
     126    3421       0       0       0       0       0       000010000D0001813
     126       0       0       8       0                               0D0001814
     126    3429       0       0       0       0       0       000010000D0001815
     126       0       0       7       0                               0D0001816
     126    3436       0       0       0       0       0       000010000D0001817
     126       0       0       8       0                               0D0001818
     126    3444       0       0       0       0       0       000010000D0001819
     126       0       0       7       0                               0D0001820
     126    3451       0       0       0       0       0       000010000D0001821
     126       0       0       7       0                               0D0001822
     126    3458       0       0       0       0       0       000010000D0001823
     126       0       0       8       0                               0D0001824
     126    3466       0       0       0       0       0       000010000D0001825
     126       0       0       8       0                               0D0001826
     126    3474       0       0       0       0       0       000010000D0001827
     126       0       0       7       0                               0D0001828
     126    3481       0       0       0       0       0       000010000D0001829
     126       0       0       7       0                               0D0001830
     126    3488       0       0       0       0       0       000010000D0001831
     126       0       0       7       0                               0D0001832
     126    3495       0       0       0       0       0       000010000D0001833
     126       0       0       7       0                               0D0001834
     126    3502       0       0       0       0       0       000010000D0001835
     126       0       0       8       0                               0D0001836
     126    3510       0       0       0       0       0       000010000D0001837
     126       0       0       8       0                               0D0001838
     126    3518       0       0       0       0       0       000010000D0001839
     126       0       0       7       0                               0D0001840
     126    3525       0       0       0       0       0       000010000D0001841
     126       0       0       8       0                               0D0001842
     126    3533       0       0       0       0       0       000010000D0001843
     126       0       0       7       0                               0D0001844
     126    3540       0       0       0       0       0       000010000D0001845
     126       0       0       7       0                               0D0001846
     126    3547       0       0       0       0       0       000010000D0001847
     126       0       0       7       0                               0D0001848
     126    3554       0       0       0       0       0       000010000D0001849
     126       0       0       8       0                               0D0001850
     126    3562       0       0       0       0       0       000010000D0001851
     126       0       0       7       0                               0D0001852
     126    3569       0       0       0       0       0       000010000D0001853
     126       0       0       7       0                               0D0001854
     126    3576       0       0       0       0       0       000010000D0001855
     126       0       0       7       0                               0D0001856
     126    3583       0       0       0       0       0       000010000D0001857
     126       0       0       7       0                               0D0001858
     126    3590       0       0       0       0       0       000010000D0001859
     126       0       0       8       0                               0D0001860
     126    3598       0       0       0       0       0       000010000D0001861
     126       0       0       8       0                               0D0001862
     126    3606       0       0       0       0       0       000010000D0001863
     126       0       0       7       0                               0D0001864
     126    3613       0       0       0       0       0       000010000D0001865
     126       0       0       8       0                               0D0001866
     126    3621       0       0       0       0       0       000010000D0001867
     126       0       0       7       0                               0D0001868
     126    3628       0       0       0       0       0       000010000D0001869
     126       0       0       7       0                               0D0001870
     126    3635       0       0       0       0       0       000010000D0001871
     126       0       0       7       0                               0D0001872
     126    3642       0       0       0       0       0       000010000D0001873
     126       0       0       8       0                               0D0001874
     126    3650       0       0       0       0       0       000010000D0001875
     126       0       0       7       0                               0D0001876
     126    3657       0       0       0       0       0       000010000D0001877
     126       0       0       7       0                               0D0001878
     126    3664       0       0       0       0       0       000010000D0001879
     126       0       0       7       0                               0D0001880
     126    3671       0       0       0       0       0       000010000D0001881
     126       0       0       7       0                               0D0001882
     126    3678       0       0       0       0       0       000010000D0001883
     126       0       0       8       0                               0D0001884
     126    3686       0       0       0       0       0       000010000D0001885
     126       0       0       8       0                               0D0001886
     126    3694       0       0       0       0       0       000010000D0001887
     126       0       0       7       0                               0D0001888
     126    3701       0       0       0       0       0       000010000D0001889
     126       0       0       8       0                               0D0001890
     126    3709       0       0       0       0       0       000010000D0001891
     126       0       0       7       0                               0D0001892
     126    3716       0       0       0       0       0       000010000D0001893
     126       0       0       7       0                               0D0001894
     126    3723       0       0       0       0       0       000010000D0001895
     126       0       0       7       0                               0D0001896
     110    3730       0       0       0       0       0       000010000D0001897
     110       0       0       1       0                               0D0001898
     110    3731       0       0       0       0       0       000010000D0001899
     110       0       0       1       0                               0D0001900
186,3,1,0;                                                       0000001P0000001
514,67,5,0,843,1,857,0,875,0,887,1,899,0,911,0,927,0,939,1,951,  0000003P0000002
0,963,0,979,0,991,1,1003,0,1015,0,1031,0,1043,1,1055,0,1067,0,   0000003P0000003
1083,0,1095,1,1107,0,1119,0,1135,0,1147,1,1159,0,1171,0,1187,0,  0000003P0000004
1199,1,1211,0,1223,0,1239,0,1251,1,1263,0,1275,0,1291,0,1303,1,  0000003P0000005
1315,0,1327,0,1343,0,1355,1,1367,0,1379,0,1395,0,1407,1,1419,0,  0000003P0000006
1431,0,1447,0,1459,1,1471,0,1483,0,1499,0,1511,1,1523,0,1535,0,  0000003P0000007
1551,0,1563,1,1575,0,1587,0,1603,0,1615,1,1627,0,1639,0,1655,0,  0000003P0000008
1667,1,1679,0,1691,1;                                            0000003P0000009
510,7,1,1,15;                                                    0000005P0000010
192,9,11,4.,13;                                                  0000007P0000011
116,0.,-8.191342389E-16,3.689052653,0;                           0000009P0000012
123,0.,2.220446049E-16,-1.;                                      0000011P0000013
123,1.,0.,0.;                                                    0000013P0000014
508,68,0,17,1,0,1,0,707,0,17,2,0,1,0,709,0,17,3,1,1,0,711,0,17,  0000015P0000015
4,0,1,0,713,0,17,5,1,1,0,715,0,17,6,0,1,0,717,0,17,7,1,1,0,719,  0000015P0000016
0,17,8,0,1,0,721,0,17,9,1,1,0,723,0,17,10,0,1,0,725,0,17,11,1,1, 0000015P0000017
0,727,0,17,12,0,1,0,729,0,17,13,1,1,0,731,0,17,14,0,1,0,733,0,   0000015P0000018
17,15,1,1,0,735,0,17,16,0,1,0,737,0,17,17,1,1,0,739,0,17,18,0,1, 0000015P0000019
0,741,0,17,19,1,1,0,743,0,17,20,0,1,0,745,0,17,21,1,1,0,747,0,   0000015P0000020
17,22,0,1,0,749,0,17,23,1,1,0,751,0,17,24,0,1,0,753,0,17,25,1,1, 0000015P0000021
0,755,0,17,26,0,1,0,757,0,17,27,1,1,0,759,0,17,28,0,1,0,761,0,   0000015P0000022
17,29,1,1,0,763,0,17,30,0,1,0,765,0,17,31,1,1,0,767,0,17,32,0,1, 0000015P0000023
0,769,0,17,33,1,1,0,771,0,17,34,0,1,0,773,0,17,35,1,1,0,775,0,   0000015P0000024
17,36,0,1,0,777,0,17,37,1,1,0,779,0,17,38,0,1,0,781,0,17,39,1,1, 0000015P0000025
0,783,0,17,40,0,1,0,785,0,17,41,1,1,0,787,0,17,42,0,1,0,789,0,   0000015P0000026
17,43,1,1,0,791,0,17,44,0,1,0,793,0,17,45,1,1,0,795,0,17,46,0,1, 0000015P0000027
0,797,0,17,47,1,1,0,799,0,17,48,0,1,0,801,0,17,49,1,1,0,803,0,   0000015P0000028
17,50,0,1,0,805,0,17,51,1,1,0,807,0,17,52,0,1,0,809,0,17,53,1,1, 0000015P0000029
0,811,0,17,54,0,1,0,813,0,17,55,1,1,0,815,0,17,56,0,1,0,817,0,   0000015P0000030
17,57,1,1,0,819,0,17,58,0,1,0,821,0,17,59,1,1,0,823,0,17,60,0,1, 0000015P0000031
0,825,0,17,61,1,1,0,827,0,17,62,0,1,0,829,0,17,63,1,1,0,831,0,   0000015P0000032
17,64,0,1,0,833,0,17,65,1,1,0,835,0,17,66,0,1,0,837,0,17,1,1,1,  0000015P0000033
0,839,0,17,67,0,1,0,841;                                         0000015P0000034
504,229,19,21,1,21,2,23,21,3,21,1,25,21,3,21,4,29,21,5,21,4,33,  0000017P0000035
21,5,21,6,37,21,7,21,6,39,21,7,21,8,43,21,9,21,8,47,21,9,21,10,  0000017P0000036
51,21,11,21,10,53,21,11,21,12,57,21,13,21,12,61,21,13,21,14,65,  0000017P0000037
21,15,21,14,67,21,15,21,16,71,21,17,21,16,75,21,17,21,18,79,21,  0000017P0000038
19,21,18,81,21,19,21,20,85,21,21,21,20,89,21,21,21,22,93,21,23,  0000017P0000039
21,22,95,21,23,21,24,99,21,25,21,24,103,21,25,21,26,107,21,27,   0000017P0000040
21,26,109,21,27,21,28,113,21,29,21,28,117,21,29,21,30,121,21,31, 0000017P0000041
21,30,123,21,31,21,32,127,21,33,21,32,131,21,33,21,34,135,21,35, 0000017P0000042
21,34,137,21,35,21,36,141,21,37,21,36,145,21,37,21,38,149,21,39, 0000017P0000043
21,38,151,21,39,21,40,155,21,41,21,40,159,21,41,21,42,163,21,43, 0000017P0000044
21,42,165,21,43,21,44,169,21,45,21,44,173,21,45,21,46,177,21,47, 0000017P0000045
21,46,179,21,47,21,48,183,21,49,21,48,187,21,49,21,50,191,21,51, 0000017P0000046
21,50,193,21,51,21,52,197,21,53,21,52,201,21,53,21,54,205,21,55, 0000017P0000047
21,54,207,21,55,21,56,211,21,57,21,56,215,21,57,21,58,219,21,59, 0000017P0000048
21,58,221,21,59,21,60,225,21,61,21,60,229,21,61,21,62,233,21,63, 0000017P0000049
21,62,235,21,63,21,64,239,21,65,21,64,243,21,65,21,66,247,21,1,  0000017P0000050
21,66,249,21,2,21,2,253,21,67,21,67,257,21,68,21,69,259,21,70,   0000017P0000051
21,69,261,21,70,21,3,263,21,68,21,66,265,21,65,21,71,267,21,71,  0000017P0000052
21,68,271,21,71,21,72,275,21,72,21,73,279,21,73,21,64,281,21,74, 0000017P0000053
21,63,283,21,74,21,73,287,21,75,21,76,289,21,74,21,76,291,21,75, 0000017P0000054
21,62,293,21,61,21,77,295,21,77,21,75,299,21,77,21,78,303,21,78, 0000017P0000055
21,79,307,21,79,21,60,309,21,80,21,59,311,21,80,21,79,315,21,81, 0000017P0000056
21,82,317,21,80,21,82,319,21,81,21,58,321,21,57,21,83,323,21,83, 0000017P0000057
21,81,327,21,83,21,84,331,21,84,21,85,335,21,85,21,56,337,21,86, 0000017P0000058
21,55,339,21,86,21,85,343,21,87,21,88,345,21,86,21,88,347,21,87, 0000017P0000059
21,54,349,21,53,21,89,351,21,89,21,87,355,21,89,21,90,359,21,90, 0000017P0000060
21,91,363,21,91,21,52,365,21,92,21,51,367,21,92,21,91,371,21,93, 0000017P0000061
21,94,373,21,92,21,94,375,21,93,21,50,377,21,49,21,95,379,21,95, 0000017P0000062
21,93,383,21,95,21,96,387,21,96,21,97,391,21,97,21,48,393,21,98, 0000017P0000063
21,47,395,21,98,21,97,399,21,99,21,100,401,21,98,21,100,403,21,  0000017P0000064
99,21,46,405,21,45,21,101,407,21,101,21,99,411,21,101,21,102,    0000017P0000065
415,21,102,21,103,419,21,103,21,44,421,21,104,21,43,423,21,104,  0000017P0000066
21,103,427,21,105,21,106,429,21,104,21,106,431,21,105,21,42,433, 0000017P0000067
21,41,21,107,435,21,107,21,105,439,21,107,21,108,443,21,108,21,  0000017P0000068
109,447,21,109,21,40,449,21,110,21,39,451,21,110,21,109,455,21,  0000017P0000069
111,21,112,457,21,110,21,112,459,21,111,21,38,461,21,37,21,113,  0000017P0000070
463,21,113,21,111,467,21,113,21,114,471,21,114,21,115,475,21,    0000017P0000071
115,21,36,477,21,116,21,35,479,21,116,21,115,483,21,117,21,118,  0000017P0000072
485,21,116,21,118,487,21,117,21,34,489,21,33,21,119,491,21,119,  0000017P0000073
21,117,495,21,119,21,120,499,21,120,21,121,503,21,121,21,32,505, 0000017P0000074
21,122,21,31,507,21,122,21,121,511,21,123,21,124,513,21,122,21,  0000017P0000075
124,515,21,123,21,30,517,21,29,21,125,519,21,125,21,123,523,21,  0000017P0000076
125,21,126,527,21,126,21,127,531,21,127,21,28,533,21,128,21,27,  0000017P0000077
535,21,128,21,127,539,21,129,21,130,541,21,128,21,130,543,21,    0000017P0000078
129,21,26,545,21,25,21,131,547,21,131,21,129,551,21,131,21,132,  0000017P0000079
555,21,132,21,133,559,21,133,21,24,561,21,134,21,23,563,21,134,  0000017P0000080
21,133,567,21,135,21,136,569,21,134,21,136,571,21,135,21,22,573, 0000017P0000081
21,21,21,137,575,21,137,21,135,579,21,137,21,138,583,21,138,21,  0000017P0000082
139,587,21,139,21,20,589,21,140,21,19,591,21,140,21,139,595,21,  0000017P0000083
141,21,142,597,21,140,21,142,599,21,141,21,18,601,21,17,21,143,  0000017P0000084
603,21,143,21,141,607,21,143,21,144,611,21,144,21,145,615,21,    0000017P0000085
145,21,16,617,21,146,21,15,619,21,146,21,145,623,21,147,21,148,  0000017P0000086
625,21,146,21,148,627,21,147,21,14,629,21,13,21,149,631,21,149,  0000017P0000087
21,147,635,21,149,21,150,639,21,150,21,151,643,21,151,21,12,645, 0000017P0000088
21,152,21,11,647,21,152,21,151,651,21,153,21,154,653,21,152,21,  0000017P0000089
154,655,21,153,21,10,657,21,9,21,155,659,21,155,21,153,663,21,   0000017P0000090
155,21,156,667,21,156,21,157,671,21,157,21,8,673,21,158,21,7,    0000017P0000091
675,21,158,21,157,679,21,159,21,160,681,21,158,21,160,683,21,    0000017P0000092
159,21,6,685,21,5,21,161,687,21,161,21,159,691,21,161,21,162,    0000017P0000093
695,21,162,21,163,699,21,163,21,4,701,21,70,21,163,705,21,67,21, 0000017P0000094
69;                                                              0000017P0000095
110,4.,-5.352170997E-16,2.410403531,4.,-2.669578487E-28,0.;      0000019P0000096
502,163,4.,-5.352170997E-16,2.410403531,4.,0.,0.,3.999072991,    0000021P0000097
-8.611162045E-02,2.460256738,3.942635442,-0.675000573,           0000021P0000098
3.489964434,3.900831725,-0.88516205,3.489964434,3.727615563,     0000021P0000099
-1.450821221,2.460258588,3.661708195,-1.609935742,2.460256738,   0000021P0000100
3.384208653,-2.132400477,3.489964434,3.265161739,-2.310566774,   0000021P0000101
3.489964434,2.888662479,-2.76688075,2.460258588,2.76688152,      0000021P0000102
-2.888661741,2.460256738,2.310566774,-3.265161739,3.489964434,   0000021P0000103
2.132400477,-3.384208653,3.489964434,1.609936718,-3.661707766,   0000021P0000104
2.460258588,1.450822215,-3.727615176,2.460256738,0.88516205,     0000021P0000105
-3.900831725,3.489964434,0.675000573,-3.942635442,3.489964434,   0000021P0000106
8.611268643E-02,-3.999072968,2.460258588,-8.611162045E-02,       0000021P0000107
-3.999072991,2.460256738,-0.675000573,-3.942635442,3.489964434,  0000021P0000108
-0.88516205,-3.900831725,3.489964434,-1.450821221,-3.727615563,  0000021P0000109
2.460258588,-1.609935742,-3.661708195,2.460256738,-2.132400477,  0000021P0000110
-3.384208653,3.489964434,-2.310566774,-3.265161739,3.489964434,  0000021P0000111
-2.76688075,-2.888662479,2.460258588,-2.888661741,-2.76688152,   0000021P0000112
2.460256738,-3.265161739,-2.310566774,3.489964434,-3.384208653,  0000021P0000113
-2.132400477,3.489964434,-3.661707766,-1.609936718,2.460258588,  0000021P0000114
-3.727615176,-1.450822215,2.460256738,-3.900831725,-0.88516205,  0000021P0000115
3.489964434,-3.942635442,-0.675000573,3.489964434,-3.999072968,  0000021P0000116
-8.611268643E-02,2.460258588,-3.999072991,8.611162045E-02,       0000021P0000117
2.460256738,-3.942635442,0.675000573,3.489964434,-3.900831725,   0000021P0000118
0.88516205,3.489964434,-3.727615563,1.450821221,2.460258588,     0000021P0000119
-3.661708195,1.609935742,2.460256738,-3.384208653,2.132400477,   0000021P0000120
3.489964434,-3.265161739,2.310566774,3.489964434,-2.888662479,   0000021P0000121
2.76688075,2.460258588,-2.76688152,2.888661741,2.460256738,      0000021P0000122
-2.310566774,3.265161739,3.489964434,-2.132400477,3.384208653,   0000021P0000123
3.489964434,-1.609936718,3.661707766,2.460258588,-1.450822215,   0000021P0000124
3.727615176,2.460256738,-0.88516205,3.900831725,3.489964434,     0000021P0000125
-0.675000573,3.942635442,3.489964434,-8.611268643E-02,           0000021P0000126
3.999072968,2.460258588,8.611162045E-02,3.999072991,2.460256738, 0000021P0000127
0.675000573,3.942635442,3.489964434,0.88516205,3.900831725,      0000021P0000128
3.489964434,1.450821221,3.727615563,2.460258588,1.609935742,     0000021P0000129
3.661708195,2.460256738,2.132400477,3.384208653,3.489964434,     0000021P0000130
2.310566774,3.265161739,3.489964434,2.76688075,2.888662479,      0000021P0000131
2.460258588,2.888661741,2.76688152,2.460256738,3.265161739,      0000021P0000132
2.310566774,3.489964434,3.384208653,2.132400477,3.489964434,     0000021P0000133
3.661707766,1.609936718,2.460258588,3.727615176,1.450822215,     0000021P0000134
2.460256738,3.900831725,0.88516205,3.489964434,3.942635442,      0000021P0000135
0.675000573,3.489964434,3.999072968,8.611268643E-02,2.460258588, 0000021P0000136
10.,0.,0.,9.997682421,0.215281716,1.650646471,10.,               0000021P0000137
-5.439383538E-15,1.526008826,9.997682478,-0.215279051,           0000021P0000138
1.650641845,9.856588605,1.687501431,4.224911085,9.807852804,     0000021P0000139
1.95090322,4.225350714,9.752079312,2.212905125,4.224911085,      0000021P0000140
9.31903794,3.627055537,1.650641845,9.154269415,4.024841796,      0000021P0000141
1.650646471,9.238795325,3.826834324,1.526008826,8.460521632,     0000021P0000142
5.331001192,4.224911085,8.314696123,5.55570233,4.225350714,      0000021P0000143
8.162904347,5.776416936,4.224911085,7.221654353,6.917203799,     0000021P0000144
1.650641845,6.917201874,7.221656197,1.650646471,7.071067812,     0000021P0000145
7.071067812,1.526008826,5.776416936,8.162904347,4.224911085,     0000021P0000146
5.55570233,8.314696123,4.225350714,5.331001192,8.460521632,      0000021P0000147
4.224911085,4.024839355,9.154270488,1.650641845,3.627053053,     0000021P0000148
9.319038907,1.650646471,3.826834324,9.238795325,1.526008826,     0000021P0000149
2.212905125,9.752079312,4.224911085,1.95090322,9.807852804,      0000021P0000150
4.225350714,1.687501431,9.856588605,4.224911085,0.215279051,     0000021P0000151
9.997682478,1.650641845,-0.215281716,9.997682421,1.650646471,    0000021P0000152
4.589398763E-15,10.,1.526008826,-1.687501431,9.856588605,        0000021P0000153
4.224911085,-1.95090322,9.807852804,4.225350714,-2.212905125,    0000021P0000154
9.752079312,4.224911085,-3.627055537,9.31903794,1.650641845,     0000021P0000155
-4.024841796,9.154269415,1.650646471,-3.826834324,9.238795325,   0000021P0000156
1.526008826,-5.331001192,8.460521632,4.224911085,-5.55570233,    0000021P0000157
8.314696123,4.225350714,-5.776416936,8.162904347,4.224911085,    0000021P0000158
-6.917203799,7.221654353,1.650641845,-7.221656197,6.917201874,   0000021P0000159
1.650646471,-7.071067812,7.071067812,1.526008826,-8.162904347,   0000021P0000160
5.776416936,4.224911085,-8.314696123,5.55570233,4.225350714,     0000021P0000161
-8.460521632,5.331001192,4.224911085,-9.154270488,4.024839355,   0000021P0000162
1.650641845,-9.319038907,3.627053053,1.650646471,-9.238795325,   0000021P0000163
3.826834324,1.526008826,-9.752079312,2.212905125,4.224911085,    0000021P0000164
-9.807852804,1.95090322,4.225350714,-9.856588605,1.687501431,    0000021P0000165
4.224911085,-9.997682478,0.215279051,1.650641845,-9.997682421,   0000021P0000166
-0.215281716,1.650646471,-10.,3.151925333E-15,1.526008826,       0000021P0000167
-9.856588605,-1.687501431,4.224911085,-9.807852804,-1.95090322,  0000021P0000168
4.225350714,-9.752079312,-2.212905125,4.224911085,-9.31903794,   0000021P0000169
-3.627055537,1.650641845,-9.154269415,-4.024841796,1.650646471,  0000021P0000170
-9.238795462,-3.826833993,1.526008826,-8.460521632,-5.331001192, 0000021P0000171
4.224911085,-8.314696123,-5.55570233,4.225350714,-8.162904347,   0000021P0000172
-5.776416936,4.224911085,-7.221654353,-6.917203799,1.650641845,  0000021P0000173
-6.917201874,-7.221656197,1.650646471,-7.071067812,-7.071067812, 0000021P0000174
1.526008826,-5.776416936,-8.162904347,4.224911085,-5.55570233,   0000021P0000175
-8.314696123,4.225350714,-5.331001192,-8.460521632,4.224911085,  0000021P0000176
-4.024839355,-9.154270488,1.650641845,-3.627053053,-9.319038907, 0000021P0000177
1.650646471,-3.826834324,-9.238795325,1.526008826,-2.212905125,  0000021P0000178
-9.752079312,4.224911085,-1.95090322,-9.807852804,4.225350714,   0000021P0000179
-1.687501431,-9.856588605,4.224911085,-0.215279051,-9.997682478, 0000021P0000180
1.650641845,0.215281716,-9.997682421,1.650646471,                0000021P0000181
-4.589398763E-15,-10.,1.526008826,1.687501431,-9.856588605,      0000021P0000182
4.224911085,1.95090322,-9.807852804,4.225350714,2.212905125,     0000021P0000183
-9.752079312,4.224911085,3.627055537,-9.31903794,1.650641845,    0000021P0000184
4.024841796,-9.154269415,1.650646471,3.826834324,-9.238795325,   0000021P0000185
1.526008826,5.331001192,-8.460521632,4.224911085,5.55570233,     0000021P0000186
-8.314696123,4.225350714,5.776416936,-8.162904347,4.224911085,   0000021P0000187
6.917203799,-7.221654353,1.650641845,7.221656197,-6.917201874,   0000021P0000188
1.650646471,7.071067812,-7.071067812,1.526008826,8.162904347,    0000021P0000189
-5.776416936,4.224911085,8.314696123,-5.55570233,4.225350714,    0000021P0000190
8.460521632,-5.331001192,4.224911085,9.154270488,-4.024839355,   0000021P0000191
1.650641845,9.319038907,-3.627053053,1.650646471,9.238795325,    0000021P0000192
-3.826834324,1.526008826,9.752079312,-2.212905125,4.224911085,   0000021P0000193
9.807852804,-1.95090322,4.225350714,9.856588605,-1.687501431,    0000021P0000194
4.224911085;                                                     0000021P0000195
126,6,6,0,0,1,0,0.,0.,0.,0.,0.,0.,0.,1.,1.,1.,1.,1.,1.,1.,1.,1., 0000023P0000196
1.,1.,1.,1.,1.,3.999072991,-8.611162045E-02,2.460256738,         0000023P0000197
3.999259352,-7.745689985E-02,2.445234223,3.999490751,            0000023P0000198
-6.565988353E-02,2.431999939,3.999727635,-5.117944675E-02,       0000023P0000199
2.421381325,3.999909472,-3.476459751E-02,2.414061978,4.,         0000023P0000200
-1.738161107E-02,2.410403531,4.,4.440892099E-16,2.410403531,0.,  0000023P0000201
1.,0.999882449,-3.145966405E-03,1.500634898E-02;                 0000023P0000202
104,1.550993721E-02,0.,6.25E-02,0.,-0.,-1.,0.,0.622478313,       0000025P0000203
3.987962329,-0.565069091,3.990082965;                            0000025P0000204
124,4.930142093E-02,0.995090625,-8.581385836E-02,0.,0.495709961, 0000027P0000205
-9.896791597E-02,-0.862830798,-6.661338148E-16,-0.867087657,     0000027P0000206
-5.341006056E-14,-0.498155594,3.;                                0000027P0000207
104,6.157545418E-02,0.,6.25E-02,0.,-0.,-1.,0.,-4.028471956,      0000029P0000208
0.107139392,-4.028471956,-0.107139392;                           0000029P0000209
124,-0.973504005,-0.195090322,-0.119288383,0.,0.193641986,       0000031P0000210
-0.98078528,2.372793463E-02,-6.661338148E-16,-0.12162538,        0000031P0000211
-4.67380113E-15,0.992576076,3.;                                  0000031P0000212
104,1.550993721E-02,0.,6.25E-02,0.,-0.,-1.,0.,-0.565069091,      0000033P0000213
-3.990082965,0.622476179,-3.987962412;                           0000033P0000214
124,-0.144151416,-0.957217243,0.250909384,0.,-0.476843124,       0000035P0000215
0.289370264,0.829991256,-6.661338148E-16,-0.867087657,           0000035P0000216
-5.586226082E-13,-0.498155594,3.;                                0000035P0000217
126,11,6,0,0,1,0,0.,0.,0.,0.,0.,0.,0.,0.49999998,0.49999998,     0000037P0000218
0.49999998,0.49999998,0.49999998,1.,1.,1.,1.,1.,1.,1.,1.,1.,1.,  0000037P0000219
1.,1.,1.,1.,1.,1.,1.,1.,1.,3.661708195,-1.609935742,2.460256738, 0000037P0000220
3.665192424,-1.602011059,2.445234069,3.669920792,-1.59120045,    0000037P0000221
2.431999669,3.675681148,-1.577912735,2.421380999,3.682130921,    0000037P0000222
-1.562816768,2.414061679,3.68886682,-1.546791425,2.410403344,    0000037P0000223
3.702170257,-1.514674062,2.410403718,3.708738848,-1.498579502,   0000037P0000224
2.414062428,3.714852563,-1.483344505,2.421382102,3.72017512,     0000037P0000225
-1.469875695,2.432001082,3.724475807,-1.458888241,2.445235735,   0000037P0000226
3.727615563,-1.450821221,2.460258588,0.,1.,0.92373956,           0000037P0000227
-0.382625444,1.740675803E-02;                                    0000037P0000228
104,1.550993721E-02,0.,6.25E-02,0.,-0.,-1.,0.,0.622478313,       0000039P0000229
3.987962329,-0.565069091,3.990082965;                            0000039P0000230
124,0.235248563,0.881470479,-0.409472719,0.,0.43910945,          0000041P0000231
-0.472239128,-0.764312173,-6.661338148E-16,-0.867087657,         0000041P0000232
7.11350681E-16,-0.498155594,3.;                                  0000041P0000233
104,6.157545418E-02,0.,6.25E-02,0.,-0.,-1.,0.,-4.028471956,      0000043P0000234
0.107139392,-4.028471956,-0.107139392;                           0000043P0000235
124,-0.825296845,-0.555570233,-0.101127808,0.,0.551445722,       0000045P0000236
-0.831469612,6.757144092E-02,-6.661338148E-16,-0.12162538,       0000045P0000237
2.699171145E-13,0.992576076,3.;                                  0000045P0000238
104,1.550993721E-02,0.,6.25E-02,0.,-0.,-1.,0.,-0.565069091,      0000047P0000239
-3.990082965,0.622476179,-3.987962412;                           0000047P0000240
124,-0.315658506,-0.773616213,0.549433947,0.,-0.385381244,       0000049P0000241
0.633654444,0.67079307,-6.661338148E-16,-0.867087657,            0000049P0000242
-3.470379105E-13,-0.498155594,3.;                                0000049P0000243
126,11,6,0,0,1,0,0.,0.,0.,0.,0.,0.,0.,0.49999998,0.49999998,     0000051P0000244
0.49999998,0.49999998,0.49999998,1.,1.,1.,1.,1.,1.,1.,1.,1.,1.,  0000051P0000245
1.,1.,1.,1.,1.,1.,1.,1.,1.,2.76688152,-2.888661741,2.460256738,  0000051P0000246
2.773133173,-2.882673646,2.445234069,2.781638656,-2.874495413,   0000051P0000247
2.431999669,2.792045519,-2.864423558,2.421380999,2.803781309,    0000051P0000248
-2.852944925,2.414061679,2.816137102,-2.840717154,2.410403344,   0000051P0000249
2.840718657,-2.816135585,2.410403718,2.852946366,-2.803779842,   0000051P0000250
2.414062428,2.864424883,-2.792044158,2.421382102,2.874496575,    0000051P0000251
-2.781637454,2.432001082,2.882674608,-2.773132172,2.445235735,   0000051P0000252
2.888662479,-2.76688075,2.460258588,0.,1.,0.706999654,           0000051P0000253
-0.706999642,1.740675804E-02;                                    0000051P0000254
104,1.550993721E-02,0.,6.25E-02,0.,-0.,-1.,0.,0.622478313,       0000053P0000255
3.987962329,-0.565069091,3.990082965;                            0000053P0000256
124,0.385381244,0.633654444,-0.67079307,0.,0.315658506,          0000055P0000257
-0.773616213,-0.549433947,-6.661338148E-16,-0.867087657,         0000055P0000258
-1.051550247E-13,-0.498155594,3.;                                0000055P0000259
104,6.157545418E-02,0.,6.25E-02,0.,-0.,-1.,0.,-4.028471956,      0000057P0000260
0.107139392,-4.028471956,-0.107139392;                           0000057P0000261
124,-0.551445722,-0.831469612,-6.757144092E-02,0.,0.825296845,   0000059P0000262
-0.555570233,0.101127808,-6.661338148E-16,-0.12162538,           0000059P0000263
-2.699146575E-13,0.992576076,3.;                                 0000059P0000264
104,1.550993721E-02,0.,6.25E-02,0.,-0.,-1.,0.,-0.565069091,      0000061P0000265
-3.990082965,0.622476179,-3.987962412;                           0000061P0000266
124,-0.43910945,-0.472239128,0.764312173,0.,-0.235248563,        0000063P0000267
0.881470479,0.409472719,-6.661338148E-16,-0.867087657,           0000063P0000268
-2.981541454E-13,-0.498155594,3.;                                0000063P0000269
126,11,6,0,0,1,0,0.,0.,0.,0.,0.,0.,0.,0.49999998,0.49999998,     0000065P0000270
0.49999998,0.49999998,0.49999998,1.,1.,1.,1.,1.,1.,1.,1.,1.,1.,  0000065P0000271
1.,1.,1.,1.,1.,1.,1.,1.,1.,1.450822215,-3.727615176,2.460256738, 0000065P0000272
1.458889534,-3.724475301,2.445234069,1.469877251,-3.720174507,   0000065P0000273
2.431999669,1.48334627,-3.71485186,2.421380999,1.498581409,      0000065P0000274
-3.708738078,2.414061679,1.514676038,-3.702169449,2.410403344,   0000065P0000275
1.546793393,-3.688865994,2.410403718,1.562818661,-3.682130117,   0000065P0000276
2.414062428,1.57791448,-3.675680397,2.421382102,1.591201983,     0000065P0000277
-3.669920126,2.432001082,1.602012331,-3.665191868,2.445235735,   0000065P0000278
1.609936718,-3.661707766,2.460258588,0.,1.,0.38262546,           0000065P0000279
-0.923739553,1.740675804E-02;                                    0000065P0000280
104,1.550993721E-02,0.,6.25E-02,0.,-0.,-1.,0.,0.622478313,       0000067P0000281
3.987962329,-0.565069091,3.990082965;                            0000067P0000282
124,0.476843124,0.289370264,-0.829991256,0.,0.144151416,         0000069P0000283
-0.957217243,-0.250909384,-6.661338148E-16,-0.867087657,         0000069P0000284
-2.54929762E-13,-0.498155594,3.;                                 0000069P0000285
104,6.157545418E-02,0.,6.25E-02,0.,-0.,-1.,0.,-4.028471956,      0000071P0000286
0.107139392,-4.028471956,-0.107139392;                           0000071P0000287
124,-0.193641986,-0.98078528,-2.372793463E-02,0.,0.973504005,    0000073P0000288
-0.195090322,0.119288383,-6.661338148E-16,-0.12162538,           0000073P0000289
4.672385935E-15,0.992576076,3.;                                  0000073P0000290
104,1.550993721E-02,0.,6.25E-02,0.,-0.,-1.,0.,-0.565069091,      0000075P0000291
-3.990082965,0.622476179,-3.987962412;                           0000075P0000292
124,-0.495709961,-9.896791597E-02,0.862830798,0.,                0000077P0000293
-4.930142092E-02,0.995090625,8.581385835E-02,-6.661338148E-16,   0000077P0000294
-0.867087657,3.225957814E-14,-0.498155594,3.;                    0000077P0000295
126,11,6,0,0,1,0,0.,0.,0.,0.,0.,0.,0.,0.49999998,0.49999998,     0000079P0000296
0.49999998,0.49999998,0.49999998,1.,1.,1.,1.,1.,1.,1.,1.,1.,1.,  0000079P0000297
1.,1.,1.,1.,1.,1.,1.,1.,1.,-8.611162045E-02,-3.999072991,        0000079P0000298
2.460256738,-7.745681134E-02,-3.999259354,2.445234069,           0000079P0000299
-6.565964221E-02,-3.999490756,2.431999669,-5.117900236E-02,      0000079P0000300
-3.999727642,2.421380999,-3.476392592E-02,-3.999909479,          0000079P0000301
2.414061679,-1.73807221E-02,-4.000000005,2.410403344,            0000079P0000302
1.738285695E-02,-3.999999995,2.410403718,3.476598262E-02,        0000079P0000303
-3.99990946,2.414062428,5.118090158E-02,-3.999727616,            0000079P0000304
2.421382102,6.566131387E-02,-3.999490727,2.432001082,            0000079P0000305
7.745819928E-02,-3.999259327,2.445235735,8.611268643E-02,        0000079P0000306
-3.999072968,2.460258588,0.,1.,8.647565659E-09,-0.999848491,     0000079P0000307
1.740675804E-02;                                                 0000079P0000308
104,1.550993721E-02,0.,6.25E-02,0.,-0.,-1.,0.,0.622478313,       0000081P0000309
3.987962329,-0.565069091,3.990082965;                            0000081P0000310
124,0.495709961,-9.896791597E-02,-0.862830798,0.,                0000083P0000311
-4.930142093E-02,-0.995090625,8.581385836E-02,-6.661338148E-16,  0000083P0000312
-0.867087657,-5.342282068E-14,-0.498155594,3.;                   0000083P0000313
104,6.157545418E-02,0.,6.25E-02,0.,-0.,-1.,0.,-4.028471956,      0000085P0000314
0.107139392,-4.028471956,-0.107139392;                           0000085P0000315
124,0.193641986,-0.98078528,2.372793463E-02,0.,0.973504005,      0000087P0000316
0.195090322,0.119288383,-6.661338148E-16,-0.12162538,            0000087P0000317
-4.672385935E-15,0.992576076,3.;                                 0000087P0000318
104,1.550993721E-02,0.,6.25E-02,0.,-0.,-1.,0.,-0.565069091,      0000089P0000319
-3.990082965,0.622476179,-3.987962412;                           0000089P0000320
124,-0.476843124,0.289370264,0.829991256,0.,0.144151416,         0000091P0000321
0.957217243,-0.250909384,-6.661338148E-16,-0.867087657,          0000091P0000322
-5.586255581E-13,-0.498155594,3.;                                0000091P0000323
126,11,6,0,0,1,0,0.,0.,0.,0.,0.,0.,0.,0.49999998,0.49999998,     0000093P0000324
0.49999998,0.49999998,0.49999998,1.,1.,1.,1.,1.,1.,1.,1.,1.,1.,  0000093P0000325
1.,1.,1.,1.,1.,1.,1.,1.,1.,-1.609935742,-3.661708195,            0000093P0000326
2.460256738,-1.602011059,-3.665192424,2.445234069,-1.59120045,   0000093P0000327
-3.669920792,2.431999669,-1.577912735,-3.675681148,2.421380999,  0000093P0000328
-1.562816768,-3.682130921,2.414061679,-1.546791425,-3.68886682,  0000093P0000329
2.410403344,-1.514674062,-3.702170257,2.410403718,-1.498579502,  0000093P0000330
-3.708738848,2.414062428,-1.483344505,-3.714852563,2.421382102,  0000093P0000331
-1.469875695,-3.72017512,2.432001082,-1.458888241,-3.724475807,  0000093P0000332
2.445235735,-1.450821221,-3.727615563,2.460258588,0.,1.,         0000093P0000333
-0.382625444,-0.92373956,1.740675803E-02;                        0000093P0000334
104,1.550993721E-02,0.,6.25E-02,0.,-0.,-1.,0.,0.622478313,       0000095P0000335
3.987962329,-0.565069091,3.990082965;                            0000095P0000336
124,0.43910945,-0.472239128,-0.764312173,0.,-0.235248563,        0000097P0000337
-0.881470479,0.409472719,-6.661338148E-16,-0.867087657,          0000097P0000338
7.257345115E-16,-0.498155594,3.;                                 0000097P0000339
104,6.157545418E-02,0.,6.25E-02,0.,-0.,-1.,0.,-4.028471956,      0000099P0000340
0.107139392,-4.028471956,-0.107139392;                           0000099P0000341
124,0.551445722,-0.831469612,6.757144092E-02,0.,0.825296845,     0000101P0000342
0.555570233,0.101127808,-6.661338148E-16,-0.12162538,            0000101P0000343
2.699146575E-13,0.992576076,3.;                                  0000101P0000344
104,1.550993721E-02,0.,6.25E-02,0.,-0.,-1.,0.,-0.565069091,      0000103P0000345
-3.990082965,0.622476179,-3.987962412;                           0000103P0000346
124,-0.385381244,0.633654444,0.67079307,0.,0.315658506,          0000105P0000347
0.773616213,-0.549433947,-6.661338148E-16,-0.867087657,          0000105P0000348
-3.470341298E-13,-0.498155594,3.;                                0000105P0000349
126,11,6,0,0,1,0,0.,0.,0.,0.,0.,0.,0.,0.49999998,0.49999998,     0000107P0000350
0.49999998,0.49999998,0.49999998,1.,1.,1.,1.,1.,1.,1.,1.,1.,1.,  0000107P0000351
1.,1.,1.,1.,1.,1.,1.,1.,1.,-2.888661741,-2.76688152,2.460256738, 0000107P0000352
-2.882673646,-2.773133173,2.445234069,-2.874495413,-2.781638656, 0000107P0000353
2.431999669,-2.864423558,-2.792045519,2.421380999,-2.852944925,  0000107P0000354
-2.803781309,2.414061679,-2.840717154,-2.816137102,2.410403344,  0000107P0000355
-2.816135585,-2.840718657,2.410403718,-2.803779842,-2.852946366, 0000107P0000356
2.414062428,-2.792044158,-2.864424883,2.421382102,-2.781637454,  0000107P0000357
-2.874496575,2.432001082,-2.773132172,-2.882674608,2.445235735,  0000107P0000358
-2.76688075,-2.888662479,2.460258588,0.,1.,-0.706999642,         0000107P0000359
-0.706999654,1.740675805E-02;                                    0000107P0000360
104,1.550993721E-02,0.,6.25E-02,0.,-0.,-1.,0.,0.622478313,       0000109P0000361
3.987962329,-0.565069091,3.990082965;                            0000109P0000362
124,0.315658506,-0.773616213,-0.549433947,0.,-0.385381244,       0000111P0000363
-0.633654444,0.67079307,-6.661338148E-16,-0.867087657,           0000111P0000364
-1.052521402E-13,-0.498155594,3.;                                0000111P0000365
104,6.157545418E-02,0.,6.25E-02,0.,-0.,-1.,0.,-4.028471956,      0000113P0000366
0.107139392,-4.028471956,-0.107139392;                           0000113P0000367
124,0.825296845,-0.555570233,0.101127808,0.,0.551445722,         0000115P0000368
0.831469612,6.757144092E-02,-6.661338148E-16,-0.12162538,        0000115P0000369
-2.699171145E-13,0.992576076,3.;                                 0000115P0000370
104,1.550993721E-02,0.,6.25E-02,0.,-0.,-1.,0.,-0.565069091,      0000117P0000371
-3.990082965,0.622476179,-3.987962412;                           0000117P0000372
124,-0.235248563,0.881470479,0.409472719,0.,0.43910945,          0000119P0000373
0.472239128,-0.764312173,-6.661338148E-16,-0.867087657,          0000119P0000374
-2.981416784E-13,-0.498155594,3.;                                0000119P0000375
126,11,6,0,0,1,0,0.,0.,0.,0.,0.,0.,0.,0.49999998,0.49999998,     0000121P0000376
0.49999998,0.49999998,0.49999998,1.,1.,1.,1.,1.,1.,1.,1.,1.,1.,  0000121P0000377
1.,1.,1.,1.,1.,1.,1.,1.,1.,-3.727615176,-1.450822215,            0000121P0000378
2.460256738,-3.724475301,-1.458889534,2.445234069,-3.720174507,  0000121P0000379
-1.469877251,2.431999669,-3.71485186,-1.48334627,2.421380999,    0000121P0000380
-3.708738078,-1.498581409,2.414061679,-3.702169449,-1.514676038, 0000121P0000381
2.410403344,-3.688865994,-1.546793393,2.410403718,-3.682130117,  0000121P0000382
-1.562818661,2.414062428,-3.675680397,-1.57791448,2.421382102,   0000121P0000383
-3.669920126,-1.591201983,2.432001082,-3.665191868,-1.602012331, 0000121P0000384
2.445235735,-3.661707766,-1.609936718,2.460258588,0.,1.,         0000121P0000385
-0.923739553,-0.38262546,1.740675804E-02;                        0000121P0000386
104,1.550993721E-02,0.,6.25E-02,0.,-0.,-1.,0.,0.622478313,       0000123P0000387
3.987962329,-0.565069091,3.990082965;                            0000123P0000388
124,0.144151416,-0.957217243,-0.250909384,0.,-0.476843124,       0000125P0000389
-0.289370264,0.829991256,-6.661338148E-16,-0.867087657,          0000125P0000390
-2.549386185E-13,-0.498155594,3.;                                0000125P0000391
104,6.157545418E-02,0.,6.25E-02,0.,-0.,-1.,0.,-4.028471956,      0000127P0000392
0.107139392,-4.028471956,-0.107139392;                           0000127P0000393
124,0.973504005,-0.195090322,0.119288383,0.,0.193641986,         0000129P0000394
0.98078528,2.372793463E-02,-6.661338148E-16,-0.12162538,         0000129P0000395
4.67380113E-15,0.992576076,3.;                                   0000129P0000396
104,1.550993721E-02,0.,6.25E-02,0.,-0.,-1.,0.,-0.565069091,      0000131P0000397
-3.990082965,0.622476179,-3.987962412;                           0000131P0000398
124,-4.930142092E-02,0.995090625,8.581385835E-02,0.,0.495709961, 0000133P0000399
9.896791597E-02,-0.862830798,-6.661338148E-16,-0.867087657,      0000133P0000400
3.225264514E-14,-0.498155594,3.;                                 0000133P0000401
126,11,6,0,0,1,0,0.,0.,0.,0.,0.,0.,0.,0.49999998,0.49999998,     0000135P0000402
0.49999998,0.49999998,0.49999998,1.,1.,1.,1.,1.,1.,1.,1.,1.,1.,  0000135P0000403
1.,1.,1.,1.,1.,1.,1.,1.,1.,-3.999072991,8.611162045E-02,         0000135P0000404
2.460256738,-3.999259354,7.745681134E-02,2.445234069,            0000135P0000405
-3.999490756,6.565964221E-02,2.431999669,-3.999727642,           0000135P0000406
5.117900236E-02,2.421380999,-3.999909479,3.476392592E-02,        0000135P0000407
2.414061679,-4.000000005,1.73807221E-02,2.410403344,             0000135P0000408
-3.999999995,-1.738285695E-02,2.410403718,-3.99990946,           0000135P0000409
-3.476598262E-02,2.414062428,-3.999727616,-5.118090158E-02,      0000135P0000410
2.421382102,-3.999490727,-6.566131387E-02,2.432001082,           0000135P0000411
-3.999259327,-7.745819928E-02,2.445235735,-3.999072968,          0000135P0000412
-8.611268643E-02,2.460258588,0.,1.,-0.999848491,                 0000135P0000413
-8.647560249E-09,1.740675804E-02;                                0000135P0000414
104,1.550993721E-02,0.,6.25E-02,0.,-0.,-1.,0.,0.622478313,       0000137P0000415
3.987962329,-0.565069091,3.990082965;                            0000137P0000416
124,-4.930142093E-02,-0.995090625,8.581385836E-02,0.,            0000139P0000417
-0.495709961,9.896791597E-02,0.862830798,-6.661338148E-16,       0000139P0000418
-0.867087657,-5.341006056E-14,-0.498155594,3.;                   0000139P0000419
104,6.157545418E-02,0.,6.25E-02,0.,-0.,-1.,0.,-4.028471956,      0000141P0000420
0.107139392,-4.028471956,-0.107139392;                           0000141P0000421
124,0.973504005,0.195090322,0.119288383,0.,-0.193641986,         0000143P0000422
0.98078528,-2.372793463E-02,-6.661338148E-16,-0.12162538,        0000143P0000423
-4.67380113E-15,0.992576076,3.;                                  0000143P0000424
104,1.550993721E-02,0.,6.25E-02,0.,-0.,-1.,0.,-0.565069091,      0000145P0000425
-3.990082965,0.622476179,-3.987962412;                           0000145P0000426
124,0.144151416,0.957217243,-0.250909384,0.,0.476843124,         0000147P0000427
-0.289370264,-0.829991256,-6.661338148E-16,-0.867087657,         0000147P0000428
-5.586226082E-13,-0.498155594,3.;                                0000147P0000429
126,11,6,0,0,1,0,0.,0.,0.,0.,0.,0.,0.,0.49999998,0.49999998,     0000149P0000430
0.49999998,0.49999998,0.49999998,1.,1.,1.,1.,1.,1.,1.,1.,1.,1.,  0000149P0000431
1.,1.,1.,1.,1.,1.,1.,1.,1.,-3.661708195,1.609935742,2.460256738, 0000149P0000432
-3.665192424,1.602011059,2.445234069,-3.669920792,1.59120045,    0000149P0000433
2.431999669,-3.675681148,1.577912735,2.421380999,-3.682130921,   0000149P0000434
1.562816768,2.414061679,-3.68886682,1.546791425,2.410403344,     0000149P0000435
-3.702170257,1.514674062,2.410403718,-3.708738848,1.498579502,   0000149P0000436
2.414062428,-3.714852563,1.483344505,2.421382102,-3.72017512,    0000149P0000437
1.469875695,2.432001082,-3.724475807,1.458888241,2.445235735,    0000149P0000438
-3.727615563,1.450821221,2.460258588,0.,1.,-0.92373956,          0000149P0000439
0.382625444,1.740675803E-02;                                     0000149P0000440
104,1.550993721E-02,0.,6.25E-02,0.,-0.,-1.,0.,0.622478313,       0000151P0000441
3.987962329,-0.565069091,3.990082965;                            0000151P0000442
124,-0.235248563,-0.881470479,0.409472719,0.,-0.43910945,        0000153P0000443
0.472239128,0.764312173,-6.661338148E-16,-0.867087657,           0000153P0000444
7.11350681E-16,-0.498155594,3.;                                  0000153P0000445
104,6.157545418E-02,0.,6.25E-02,0.,-0.,-1.,0.,-4.028471956,      0000155P0000446
0.107139392,-4.028471956,-0.107139392;                           0000155P0000447
124,0.825296845,0.555570233,0.101127808,0.,-0.551445722,         0000157P0000448
0.831469612,-6.757144092E-02,-6.661338148E-16,-0.12162538,       0000157P0000449
2.699171145E-13,0.992576076,3.;                                  0000157P0000450
104,1.550993721E-02,0.,6.25E-02,0.,-0.,-1.,0.,-0.565069091,      0000159P0000451
-3.990082965,0.622476179,-3.987962412;                           0000159P0000452
124,0.315658506,0.773616213,-0.549433947,0.,0.385381244,         0000161P0000453
-0.633654444,-0.67079307,-6.661338148E-16,-0.867087657,          0000161P0000454
-3.470379105E-13,-0.498155594,3.;                                0000161P0000455
126,11,6,0,0,1,0,0.,0.,0.,0.,0.,0.,0.,0.49999998,0.49999998,     0000163P0000456
0.49999998,0.49999998,0.49999998,1.,1.,1.,1.,1.,1.,1.,1.,1.,1.,  0000163P0000457
1.,1.,1.,1.,1.,1.,1.,1.,1.,-2.76688152,2.888661741,2.460256738,  0000163P0000458
-2.773133173,2.882673646,2.445234069,-2.781638656,2.874495413,   0000163P0000459
2.431999669,-2.792045519,2.864423558,2.421380999,-2.803781309,   0000163P0000460
2.852944925,2.414061679,-2.816137102,2.840717154,2.410403344,    0000163P0000461
-2.840718657,2.816135585,2.410403718,-2.852946366,2.803779842,   0000163P0000462
2.414062428,-2.864424883,2.792044158,2.421382102,-2.874496575,   0000163P0000463
2.781637454,2.432001082,-2.882674608,2.773132172,2.445235735,    0000163P0000464
-2.888662479,2.76688075,2.460258588,0.,1.,-0.706999654,          0000163P0000465
0.706999642,1.740675804E-02;                                     0000163P0000466
104,1.550993721E-02,0.,6.25E-02,0.,-0.,-1.,0.,0.622478313,       0000165P0000467
3.987962329,-0.565069091,3.990082965;                            0000165P0000468
124,-0.385381244,-0.633654444,0.67079307,0.,-0.315658506,        0000167P0000469
0.773616213,0.549433947,-6.661338148E-16,-0.867087657,           0000167P0000470
-1.051550247E-13,-0.498155594,3.;                                0000167P0000471
104,6.157545418E-02,0.,6.25E-02,0.,-0.,-1.,0.,-4.028471956,      0000169P0000472
0.107139392,-4.028471956,-0.107139392;                           0000169P0000473
124,0.551445722,0.831469612,6.757144092E-02,0.,-0.825296845,     0000171P0000474
0.555570233,-0.101127808,-6.661338148E-16,-0.12162538,           0000171P0000475
-2.699146575E-13,0.992576076,3.;                                 0000171P0000476
104,1.550993721E-02,0.,6.25E-02,0.,-0.,-1.,0.,-0.565069091,      0000173P0000477
-3.990082965,0.622476179,-3.987962412;                           0000173P0000478
124,0.43910945,0.472239128,-0.764312173,0.,0.235248563,          0000175P0000479
-0.881470479,-0.409472719,-6.661338148E-16,-0.867087657,         0000175P0000480
-2.981541454E-13,-0.498155594,3.;                                0000175P0000481
126,11,6,0,0,1,0,0.,0.,0.,0.,0.,0.,0.,0.49999998,0.49999998,     0000177P0000482
0.49999998,0.49999998,0.49999998,1.,1.,1.,1.,1.,1.,1.,1.,1.,1.,  0000177P0000483
1.,1.,1.,1.,1.,1.,1.,1.,1.,-1.450822215,3.727615176,2.460256738, 0000177P0000484
-1.458889534,3.724475301,2.445234069,-1.469877251,3.720174507,   0000177P0000485
2.431999669,-1.48334627,3.71485186,2.421380999,-1.498581409,     0000177P0000486
3.708738078,2.414061679,-1.514676038,3.702169449,2.410403344,    0000177P0000487
-1.546793393,3.688865994,2.410403718,-1.562818661,3.682130117,   0000177P0000488
2.414062428,-1.57791448,3.675680397,2.421382102,-1.591201983,    0000177P0000489
3.669920126,2.432001082,-1.602012331,3.665191868,2.445235735,    0000177P0000490
-1.609936718,3.661707766,2.460258588,0.,1.,-0.38262546,          0000177P0000491
0.923739553,1.740675804E-02;                                     0000177P0000492
104,1.550993721E-02,0.,6.25E-02,0.,-0.,-1.,0.,0.622478313,       0000179P0000493
3.987962329,-0.565069091,3.990082965;                            0000179P0000494
124,-0.476843124,-0.289370264,0.829991256,0.,-0.144151416,       0000181P0000495
0.957217243,0.250909384,-6.661338148E-16,-0.867087657,           0000181P0000496
-2.54929762E-13,-0.498155594,3.;                                 0000181P0000497
104,6.157545418E-02,0.,6.25E-02,0.,-0.,-1.,0.,-4.028471956,      0000183P0000498
0.107139392,-4.028471956,-0.107139392;                           0000183P0000499
124,0.193641986,0.98078528,2.372793463E-02,0.,-0.973504005,      0000185P0000500
0.195090322,-0.119288383,-6.661338148E-16,-0.12162538,           0000185P0000501
4.672385935E-15,0.992576076,3.;                                  0000185P0000502
104,1.550993721E-02,0.,6.25E-02,0.,-0.,-1.,0.,-0.565069091,      0000187P0000503
-3.990082965,0.622476179,-3.987962412;                           0000187P0000504
124,0.495709961,9.896791597E-02,-0.862830798,0.,4.930142092E-02, 0000189P0000505
-0.995090625,-8.581385835E-02,-6.661338148E-16,-0.867087657,     0000189P0000506
3.225957814E-14,-0.498155594,3.;                                 0000189P0000507
126,11,6,0,0,1,0,0.,0.,0.,0.,0.,0.,0.,0.49999998,0.49999998,     0000191P0000508
0.49999998,0.49999998,0.49999998,1.,1.,1.,1.,1.,1.,1.,1.,1.,1.,  0000191P0000509
1.,1.,1.,1.,1.,1.,1.,1.,1.,8.611162045E-02,3.999072991,          0000191P0000510
2.460256738,7.745681134E-02,3.999259354,2.445234069,             0000191P0000511
6.565964221E-02,3.999490756,2.431999669,5.117900236E-02,         0000191P0000512
3.999727642,2.421380999,3.476392592E-02,3.999909479,2.414061679, 0000191P0000513
1.73807221E-02,4.000000005,2.410403344,-1.738285695E-02,         0000191P0000514
3.999999995,2.410403718,-3.476598262E-02,3.99990946,2.414062428, 0000191P0000515
-5.118090158E-02,3.999727616,2.421382102,-6.566131387E-02,       0000191P0000516
3.999490727,2.432001082,-7.745819928E-02,3.999259327,            0000191P0000517
2.445235735,-8.611268643E-02,3.999072968,2.460258588,0.,1.,      0000191P0000518
-8.647645728E-09,0.999848491,1.740675804E-02;                    0000191P0000519
104,1.550993721E-02,0.,6.25E-02,0.,-0.,-1.,0.,0.622478313,       0000193P0000520
3.987962329,-0.565069091,3.990082965;                            0000193P0000521
124,-0.495709961,9.896791597E-02,0.862830798,0.,4.930142093E-02, 0000195P0000522
0.995090625,-8.581385836E-02,-6.661338148E-16,-0.867087657,      0000195P0000523
-5.342282068E-14,-0.498155594,3.;                                0000195P0000524
104,6.157545418E-02,0.,6.25E-02,0.,-0.,-1.,0.,-4.028471956,      0000197P0000525
0.107139392,-4.028471956,-0.107139392;                           0000197P0000526
124,-0.193641986,0.98078528,-2.372793463E-02,0.,-0.973504005,    0000199P0000527
-0.195090322,-0.119288383,-6.661338148E-16,-0.12162538,          0000199P0000528
-4.672385935E-15,0.992576076,3.;                                 0000199P0000529
104,1.550993721E-02,0.,6.25E-02,0.,-0.,-1.,0.,-0.565069091,      0000201P0000530
-3.990082965,0.622476179,-3.987962412;                           0000201P0000531
124,0.476843124,-0.289370264,-0.829991256,0.,-0.144151416,       0000203P0000532
-0.957217243,0.250909384,-6.661338148E-16,-0.867087657,          0000203P0000533
-5.586255581E-13,-0.498155594,3.;                                0000203P0000534
126,11,6,0,0,1,0,0.,0.,0.,0.,0.,0.,0.,0.49999998,0.49999998,     0000205P0000535
0.49999998,0.49999998,0.49999998,1.,1.,1.,1.,1.,1.,1.,1.,1.,1.,  0000205P0000536
1.,1.,1.,1.,1.,1.,1.,1.,1.,1.609935742,3.661708195,2.460256738,  0000205P0000537
1.602011059,3.665192424,2.445234069,1.59120045,3.669920792,      0000205P0000538
2.431999669,1.577912735,3.675681148,2.421380999,1.562816768,     0000205P0000539
3.682130921,2.414061679,1.546791425,3.68886682,2.410403344,      0000205P0000540
1.514674062,3.702170257,2.410403718,1.498579502,3.708738848,     0000205P0000541
2.414062428,1.483344505,3.714852563,2.421382102,1.469875695,     0000205P0000542
3.72017512,2.432001082,1.458888241,3.724475807,2.445235735,      0000205P0000543
1.450821221,3.727615563,2.460258588,0.,1.,0.382625444,           0000205P0000544
0.92373956,1.740675803E-02;                                      0000205P0000545
104,1.550993721E-02,0.,6.25E-02,0.,-0.,-1.,0.,0.622478313,       0000207P0000546
3.987962329,-0.565069091,3.990082965;                            0000207P0000547
124,-0.43910945,0.472239128,0.764312173,0.,0.235248563,          0000209P0000548
0.881470479,-0.409472719,-6.661338148E-16,-0.867087657,          0000209P0000549
7.257345115E-16,-0.498155594,3.;                                 0000209P0000550
104,6.157545418E-02,0.,6.25E-02,0.,-0.,-1.,0.,-4.028471956,      0000211P0000551
0.107139392,-4.028471956,-0.107139392;                           0000211P0000552
124,-0.551445722,0.831469612,-6.757144092E-02,0.,-0.825296845,   0000213P0000553
-0.555570233,-0.101127808,-6.661338148E-16,-0.12162538,          0000213P0000554
2.699146575E-13,0.992576076,3.;                                  0000213P0000555
104,1.550993721E-02,0.,6.25E-02,0.,-0.,-1.,0.,-0.565069091,      0000215P0000556
-3.990082965,0.622476179,-3.987962412;                           0000215P0000557
124,0.385381244,-0.633654444,-0.67079307,0.,-0.315658506,        0000217P0000558
-0.773616213,0.549433947,-6.661338148E-16,-0.867087657,          0000217P0000559
-3.470341298E-13,-0.498155594,3.;                                0000217P0000560
126,11,6,0,0,1,0,0.,0.,0.,0.,0.,0.,0.,0.49999998,0.49999998,     0000219P0000561
0.49999998,0.49999998,0.49999998,1.,1.,1.,1.,1.,1.,1.,1.,1.,1.,  0000219P0000562
1.,1.,1.,1.,1.,1.,1.,1.,1.,2.888661741,2.76688152,2.460256738,   0000219P0000563
2.882673646,2.773133173,2.445234069,2.874495413,2.781638656,     0000219P0000564
2.431999669,2.864423558,2.792045519,2.421380999,2.852944925,     0000219P0000565
2.803781309,2.414061679,2.840717154,2.816137102,2.410403344,     0000219P0000566
2.816135585,2.840718657,2.410403718,2.803779842,2.852946366,     0000219P0000567
2.414062428,2.792044158,2.864424883,2.421382102,2.781637454,     0000219P0000568
2.874496575,2.432001082,2.773132172,2.882674608,2.445235735,     0000219P0000569
2.76688075,2.888662479,2.460258588,0.,1.,0.706999642,            0000219P0000570
0.706999654,1.740675804E-02;                                     0000219P0000571
104,1.550993721E-02,0.,6.25E-02,0.,-0.,-1.,0.,0.622478313,       0000221P0000572
3.987962329,-0.565069091,3.990082965;                            0000221P0000573
124,-0.315658506,0.773616213,0.549433947,0.,0.385381244,         0000223P0000574
0.633654444,-0.67079307,-6.661338148E-16,-0.867087657,           0000223P0000575
-1.052521402E-13,-0.498155594,3.;                                0000223P0000576
104,6.157545418E-02,0.,6.25E-02,0.,-0.,-1.,0.,-4.028471956,      0000225P0000577
0.107139392,-4.028471956,-0.107139392;                           0000225P0000578
124,-0.825296845,0.555570233,-0.101127808,0.,-0.551445722,       0000227P0000579
-0.831469612,-6.757144092E-02,-6.661338148E-16,-0.12162538,      0000227P0000580
-2.699171145E-13,0.992576076,3.;                                 0000227P0000581
104,1.550993721E-02,0.,6.25E-02,0.,-0.,-1.,0.,-0.565069091,      0000229P0000582
-3.990082965,0.622476179,-3.987962412;                           0000229P0000583
124,0.235248563,-0.881470479,-0.409472719,0.,-0.43910945,        0000231P0000584
-0.472239128,0.764312173,-6.661338148E-16,-0.867087657,          0000231P0000585
-2.981416784E-13,-0.498155594,3.;                                0000231P0000586
126,11,6,0,0,1,0,0.,0.,0.,0.,0.,0.,0.,0.49999998,0.49999998,     0000233P0000587
0.49999998,0.49999998,0.49999998,1.,1.,1.,1.,1.,1.,1.,1.,1.,1.,  0000233P0000588
1.,1.,1.,1.,1.,1.,1.,1.,1.,3.727615176,1.450822215,2.460256738,  0000233P0000589
3.724475301,1.458889534,2.445234069,3.720174507,1.469877251,     0000233P0000590
2.431999669,3.71485186,1.48334627,2.421380999,3.708738078,       0000233P0000591
1.498581409,2.414061679,3.702169449,1.514676038,2.410403344,     0000233P0000592
3.688865994,1.546793393,2.410403718,3.682130117,1.562818661,     0000233P0000593
2.414062428,3.675680397,1.57791448,2.421382102,3.669920126,      0000233P0000594
1.591201983,2.432001082,3.665191868,1.602012331,2.445235735,     0000233P0000595
3.661707766,1.609936718,2.460258588,0.,1.,0.923739553,           0000233P0000596
0.38262546,1.740675804E-02;                                      0000233P0000597
104,1.550993721E-02,0.,6.25E-02,0.,-0.,-1.,0.,0.622478313,       0000235P0000598
3.987962329,-0.565069091,3.990082965;                            0000235P0000599
124,-0.144151416,0.957217243,0.250909384,0.,0.476843124,         0000237P0000600
0.289370264,-0.829991256,-6.661338148E-16,-0.867087657,          0000237P0000601
-2.549386185E-13,-0.498155594,3.;                                0000237P0000602
104,6.157545418E-02,0.,6.25E-02,0.,-0.,-1.,0.,-4.028471956,      0000239P0000603
0.107139392,-4.028471956,-0.107139392;                           0000239P0000604
124,-0.973504005,0.195090322,-0.119288383,0.,-0.193641986,       0000241P0000605
-0.98078528,-2.372793463E-02,-6.661338148E-16,-0.12162538,       0000241P0000606
4.67380113E-15,0.992576076,3.;                                   0000241P0000607
104,1.550993721E-02,0.,6.25E-02,0.,-0.,-1.,0.,-0.565069091,      0000243P0000608
-3.990082965,0.622476179,-3.987962412;                           0000243P0000609
124,4.930142092E-02,-0.995090625,-8.581385835E-02,0.,            0000245P0000610
-0.495709961,-9.896791597E-02,0.862830798,-6.661338148E-16,      0000245P0000611
-0.867087657,3.225264514E-14,-0.498155594,3.;                    0000245P0000612
126,6,6,0,0,1,0,0.,0.,0.,0.,0.,0.,0.,1.,1.,1.,1.,1.,1.,1.,1.,1., 0000247P0000613
1.,1.,1.,1.,1.,4.,4.457725084E-16,2.410403531,4.,                0000247P0000614
1.738196799E-02,2.410403531,3.999909468,3.476531104E-02,         0000247P0000615
2.414062128,3.999727624,5.11804572E-02,2.421381776,3.999490732,  0000247P0000616
6.566107255E-02,2.432000811,3.999259329,7.745811078E-02,         0000247P0000617
2.445235581,3.999072968,8.611268643E-02,2.460258588,0.,1.,       0000247P0000618
0.999882453,3.146129028E-03,1.500603646E-02;                     0000247P0000619
100,0.,0.,0.,4.,0.,4.,0.;                                        0000249P0000620
124,1.,0.,0.,0.,0.,-1.,2.220446049E-16,0.,0.,-2.220446049E-16,   0000251P0000621
-1.,0.;                                                          0000251P0000622
100,0.,0.,0.,10.,0.,10.,0.;                                      0000253P0000623
124,1.,0.,0.,0.,0.,-1.,2.220446049E-16,0.,0.,-2.220446049E-16,   0000255P0000624
-1.,0.;                                                          0000255P0000625
126,9,5,0,0,1,0,0.,0.,0.,0.,0.,0.,0.500949979,0.500949979,       0000257P0000626
0.500949979,0.500949979,1.,1.,1.,1.,1.,1.,1.,1.,1.,1.,1.,1.,1.,  0000257P0000627
1.,1.,1.,9.997682421,0.215281716,1.650646471,9.997959504,        0000257P0000628
0.202413943,1.628310003,9.998278876,0.186619362,1.60756434,      0000257P0000629
9.998616662,0.168139005,1.58891545,9.998939852,0.147349968,      0000257P0000630
1.572841177,9.999502396,0.102265093,1.546599288,9.999742165,     0000257P0000631
7.7980945E-02,1.536408045,9.999914204,5.241898713E-02,           0000257P0000632
1.52947448,10.,2.620842384E-02,1.526008827,10.,1.27686925E-11,   0000257P0000633
1.526008827,0.,1.,0.999885205,2.956893958E-03,1.486045985E-02;   0000257P0000634
126,9,5,0,0,1,0,0.,0.,0.,0.,0.,0.,0.500960084,0.500960084,       0000259P0000635
0.500960084,0.500960084,1.,1.,1.,1.,1.,1.,1.,1.,1.,1.,1.,1.,1.,  0000259P0000636
1.,1.,1.,9.997682478,-0.215279051,1.650641845,9.997959569,       0000259P0000637
-0.2024108,1.628305653,9.998278944,-0.186615775,1.607560328,     0000259P0000638
9.998616731,-0.168135018,1.588911833,9.998939916,-0.147345636,   0000259P0000639
1.572838007,9.999502435,-0.102261111,1.546597617,9.999742186,    0000259P0000640
-7.797780103E-02,1.536407192,9.999914211,-5.241683776E-02,       0000259P0000641
1.529474196,10.,-2.620734935E-02,1.526008827,10.,                0000259P0000642
1.276870276E-11,1.526008827,0.,1.,0.999885201,-2.956749091E-03,  0000259P0000643
1.486076806E-02;                                                 0000259P0000644
126,1,1,1,0,1,0,2.317522038E-04,2.317522038E-04,0.600092701,     0000261P0000645
0.600092701,1.,1.,9.997682478,-0.215279051,1.650641845,          0000261P0000646
3.999072991,-8.611162045E-02,2.460256738,2.317522038E-04,        0000261P0000647
0.600092701,0.13375435,-0.,0.991014517;                          0000261P0000648
126,1,1,1,0,1,0,2.317579422E-04,2.317579422E-04,0.600092703,     0000263P0000649
0.600092703,1.,1.,9.997682421,0.215281716,1.650646471,           0000263P0000650
3.999072968,8.611268643E-02,2.460258588,2.317579422E-04,         0000263P0000651
0.600092703,0.1337539,-0.,0.991014578;                           0000263P0000652
110,3.942635442,0.675000573,3.489964434,9.856588605,1.687501431, 0000265P0000653
4.224911085;                                                     0000265P0000654
104,2.481589954E-03,0.,1.E-02,0.,-0.,-1.,0.,1.412672727,         0000267P0000655
9.975207413,-1.556190448,9.969906029;                            0000267P0000656
124,-4.930142092E-02,0.995090625,-8.581385835E-02,0.,            0000269P0000657
0.495709961,9.896791597E-02,0.862830798,-6.661338148E-16,        0000269P0000658
0.867087657,-3.225264514E-14,-0.498155594,3.;                    0000269P0000659
104,9.852072668E-03,0.,1.E-02,0.,-0.,-1.,0.,10.071179889,        0000271P0000660
-0.26784848,10.074794508,-2.205189189E-12;                       0000271P0000661
124,0.973504005,-0.195090322,-0.119288383,0.,0.193641986,        0000273P0000662
0.98078528,-2.372793463E-02,-6.661338148E-16,0.12162538,         0000273P0000663
-4.67380113E-15,0.992576076,3.;                                  0000273P0000664
104,9.852072668E-03,0.,1.E-02,0.,-0.,-1.,0.,10.074794508,        0000275P0000665
-2.202746698E-12,10.071179889,0.26784848;                        0000275P0000666
124,0.973504005,-0.195090322,-0.119288383,0.,0.193641986,        0000277P0000667
0.98078528,-2.372793463E-02,-6.661338148E-16,0.12162538,         0000277P0000668
-4.67380113E-15,0.992576076,3.;                                  0000277P0000669
110,9.752079312,2.212905125,4.224911085,3.900831725,0.88516205,  0000279P0000670
3.489964434;                                                     0000279P0000671
126,1,1,1,0,1,0,2.317522038E-04,2.317522038E-04,0.600092701,     0000281P0000672
0.600092701,1.,1.,9.31903794,3.627055537,1.650641845,            0000281P0000673
3.727615176,1.450822215,2.460256738,2.317522038E-04,0.600092701, 0000281P0000674
0.143301439,-0.,0.989679088;                                     0000281P0000675
104,2.481589954E-03,0.,1.E-02,0.,-0.,-1.,0.,-1.556195783,        0000283P0000676
-9.969905823,1.412672727,-9.975207413;                           0000283P0000677
124,0.144151416,-0.957217243,0.250909384,0.,-0.476843124,        0000285P0000678
-0.289370264,-0.829991256,-6.661338148E-16,0.867087657,          0000285P0000679
2.549386185E-13,-0.498155594,3.;                                 0000285P0000680
126,9,5,0,0,1,0,0.,0.,0.,0.,0.,0.,0.500949979,0.500949979,       0000287P0000681
0.500949979,0.500949979,1.,1.,1.,1.,1.,1.,1.,1.,1.,1.,1.,1.,1.,  0000287P0000682
1.,1.,1.,9.154269415,4.024841796,1.650646471,9.159449691,        0000287P0000683
4.013059558,1.628310003,9.165789076,3.998589487,1.60756434,      0000287P0000684
9.173173276,3.981645128,1.58891545,9.181427484,3.962562242,      0000287P0000685
1.572841177,9.199200442,3.921124525,1.546599288,9.208715101,     0000287P0000686
3.898780653,1.536408045,9.218656182,3.87523032,1.52947448,       0000287P0000687
9.228765796,3.85104775,1.526008827,9.238795325,3.826834324,      0000287P0000688
1.526008827,0.,1.,0.922641922,0.385371316,1.486045985E-02;       0000287P0000689
126,9,5,0,0,1,0,0.,0.,0.,0.,0.,0.,0.500960084,0.500960084,       0000289P0000690
0.500960084,0.500960084,1.,1.,1.,1.,1.,1.,1.,1.,1.,1.,1.,1.,1.,  0000289P0000691
1.,1.,1.,9.31903794,3.627055537,1.650641845,9.314369472,         0000289P0000692
3.639050289,1.628305653,9.308620042,3.653765209,1.607560328,     0000289P0000693
9.301859837,3.670968468,1.588911833,9.294202669,3.69029903,      0000289P0000694
1.572838007,9.277469268,3.732166967,1.546597617,9.268397949,     0000289P0000695
3.754693568,1.536407192,9.258775122,3.77837465,1.529474196,      0000289P0000696
9.248824444,3.80262189,1.526008827,9.238795325,3.826834324,      0000289P0000697
1.526008827,0.,1.,0.924904971,0.379907821,1.486076807E-02;       0000289P0000698
126,1,1,1,0,1,0,2.317579422E-04,2.317579422E-04,0.600092703,     0000291P0000699
0.600092703,1.,1.,9.154269415,4.024841796,1.650646471,           0000291P0000700
3.661707766,1.609936718,2.460258588,2.317579422E-04,0.600092703, 0000291P0000701
0.145825871,-0.,0.989310273;                                     0000291P0000702
110,3.384208653,2.132400477,3.489964434,8.460521632,5.331001192, 0000293P0000703
4.224911085;                                                     0000293P0000704
104,2.481589954E-03,0.,1.E-02,0.,-0.,-1.,0.,1.412672727,         0000295P0000705
9.975207413,-1.556190448,9.969906029;                            0000295P0000706
124,-0.235248563,0.881470479,-0.409472719,0.,0.43910945,         0000297P0000707
0.472239128,0.764312173,-6.661338148E-16,0.867087657,            0000297P0000708
2.981416784E-13,-0.498155594,3.;                                 0000297P0000709
104,9.852072668E-03,0.,1.E-02,0.,-0.,-1.,0.,10.071179889,        0000299P0000710
-0.26784848,10.074794508,1.28519725E-12;                         0000299P0000711
124,0.825296845,-0.555570233,-0.101127808,0.,0.551445722,        0000301P0000712
0.831469612,-6.757144092E-02,-6.661338148E-16,0.12162538,        0000301P0000713
2.699171145E-13,0.992576076,3.;                                  0000301P0000714
104,9.852072668E-03,0.,1.E-02,0.,-0.,-1.,0.,10.074794508,        0000303P0000715
1.288848676E-12,10.071179889,0.26784848;                         0000303P0000716
124,0.825296845,-0.555570233,-0.101127808,0.,0.551445722,        0000305P0000717
0.831469612,-6.757144092E-02,-6.661338148E-16,0.12162538,        0000305P0000718
2.699171145E-13,0.992576076,3.;                                  0000305P0000719
110,8.162904347,5.776416936,4.224911085,3.265161739,2.310566774, 0000307P0000720
3.489964434;                                                     0000307P0000721
126,1,1,1,0,1,0,2.317522038E-04,2.317522038E-04,0.600092701,     0000309P0000722
0.600092701,1.,1.,7.221654353,6.917203799,1.650641845,           0000309P0000723
2.888661741,2.76688152,2.460256738,2.317522038E-04,0.600092701,  0000309P0000724
0.18367021,-0.,0.982987922;                                      0000309P0000725
104,2.481589954E-03,0.,1.E-02,0.,-0.,-1.,0.,-1.556195783,        0000311P0000726
-9.969905823,1.412672727,-9.975207413;                           0000311P0000727
124,0.315658506,-0.773616213,0.549433947,0.,-0.385381244,        0000313P0000728
-0.633654444,-0.67079307,-6.661338148E-16,0.867087657,           0000313P0000729
1.052521402E-13,-0.498155594,3.;                                 0000313P0000730
126,9,5,0,0,1,0,0.,0.,0.,0.,0.,0.,0.500949979,0.500949979,       0000315P0000731
0.500949979,0.500949979,1.,1.,1.,1.,1.,1.,1.,1.,1.,1.,1.,1.,1.,  0000315P0000732
1.,1.,1.,6.917201874,7.221656197,1.650646471,6.926496692,        0000315P0000733
7.212753235,1.628310003,6.937890978,7.20181061,1.60756434,       0000315P0000734
6.951197414,7.188981875,1.58891545,6.966126012,7.174510335,      0000315P0000735
1.572841177,6.998403612,7.143028293,1.546599288,7.01574464,      0000315P0000736
7.12602635,1.536408045,7.033941324,7.108072966,1.52947448,       0000315P0000737
7.052535658,7.089599966,1.526008827,7.071067812,7.071067812,     0000315P0000738
1.526008827,0.,1.,0.704934769,0.709116449,1.486045985E-02;       0000315P0000739
126,9,5,0,0,1,0,0.,0.,0.,0.,0.,0.,0.500960084,0.500960084,       0000317P0000740
0.500960084,0.500960084,1.,1.,1.,1.,1.,1.,1.,1.,1.,1.,1.,1.,1.,  0000317P0000741
1.,1.,1.,7.221654353,6.917203799,1.650641845,7.212751058,        0000317P0000742
6.92649896,1.628305653,7.201808122,6.937893562,1.607560328,      0000317P0000743
7.188979104,6.951200281,1.588911833,7.174507318,6.966129121,     0000317P0000744
1.572838007,7.143025505,6.998406455,1.546597617,7.126024142,     0000317P0000745
7.015746878,1.536407192,7.108071451,7.033942849,1.529474196,     0000317P0000746
7.089599206,7.052536417,1.526008827,7.071067812,7.071067812,     0000317P0000747
1.526008827,0.,1.,0.709116343,0.704934869,1.486076807E-02;       0000317P0000748
126,1,1,1,0,1,0,2.317579422E-04,2.317579422E-04,0.600092703,     0000319P0000749
0.600092703,1.,1.,6.917201874,7.221656197,1.650646471,           0000319P0000750
2.76688075,2.888662479,2.460258588,2.317579422E-04,0.600092703,  0000319P0000751
0.191463284,-0.,0.981499776;                                     0000319P0000752
110,2.310566774,3.265161739,3.489964434,5.776416936,8.162904347, 0000321P0000753
4.224911085;                                                     0000321P0000754
104,2.481589954E-03,0.,1.E-02,0.,-0.,-1.,0.,1.412672727,         0000323P0000755
9.975207413,-1.556190448,9.969906029;                            0000323P0000756
124,-0.385381244,0.633654444,-0.67079307,0.,0.315658506,         0000325P0000757
0.773616213,0.549433947,-6.661338148E-16,0.867087657,            0000325P0000758
3.470341298E-13,-0.498155594,3.;                                 0000325P0000759
104,9.852072668E-03,0.,1.E-02,0.,-0.,-1.,0.,10.071179889,        0000327P0000760
-0.26784848,10.074794508,-1.289494196E-12;                       0000327P0000761
124,0.551445722,-0.831469612,-6.757144092E-02,0.,0.825296845,    0000329P0000762
0.555570233,-0.101127808,-6.661338148E-16,0.12162538,            0000329P0000763
-2.699146575E-13,0.992576076,3.;                                 0000329P0000764
104,9.852072668E-03,0.,1.E-02,0.,-0.,-1.,0.,10.074794508,        0000331P0000765
-1.288017209E-12,10.071179889,0.26784848;                        0000331P0000766
124,0.551445722,-0.831469612,-6.757144092E-02,0.,0.825296845,    0000333P0000767
0.555570233,-0.101127808,-6.661338148E-16,0.12162538,            0000333P0000768
-2.699146575E-13,0.992576076,3.;                                 0000333P0000769
110,5.331001192,8.460521632,4.224911085,2.132400477,3.384208653, 0000335P0000770
3.489964434;                                                     0000335P0000771
126,1,1,1,0,1,0,2.317522038E-04,2.317522038E-04,0.600092701,     0000337P0000772
0.600092701,1.,1.,4.024839355,9.154270488,1.650641845,           0000337P0000773
1.609935742,3.661708195,2.460256738,2.317522038E-04,0.600092701, 0000337P0000774
0.317869346,-0.,0.948134526;                                     0000337P0000775
104,2.481589954E-03,0.,1.E-02,0.,-0.,-1.,0.,-1.556195783,        0000339P0000776
-9.969905823,1.412672727,-9.975207413;                           0000339P0000777
124,0.43910945,-0.472239128,0.764312173,0.,-0.235248563,         0000341P0000778
-0.881470479,-0.409472719,-6.661338148E-16,0.867087657,          0000341P0000779
-7.257345115E-16,-0.498155594,3.;                                0000341P0000780
126,9,5,0,0,1,0,0.,0.,0.,0.,0.,0.,0.500949979,0.500949979,       0000343P0000781
0.500949979,0.500949979,1.,1.,1.,1.,1.,1.,1.,1.,1.,1.,1.,1.,1.,  0000343P0000782
1.,1.,1.,3.627053053,9.319038907,1.650646471,3.639047361,        0000343P0000783
9.314370615,1.628310003,3.65376187,9.308621352,1.60756434,       0000343P0000784
3.670964758,9.301861299,1.58891545,3.690295003,9.294204267,      0000343P0000785
1.572841177,3.732163272,9.277470756,1.546599288,3.754690655,     0000343P0000786
9.268399132,1.536408045,3.778372662,9.258775938,1.52947448,      0000343P0000787
3.802620897,9.248824855,1.526008827,3.826834324,9.238795325,     0000343P0000788
1.526008827,0.,1.,0.379907688,0.92490503,1.486045985E-02;        0000343P0000789
126,9,5,0,0,1,0,0.,0.,0.,0.,0.,0.,0.500960084,0.500960084,       0000345P0000790
0.500960084,0.500960084,1.,1.,1.,1.,1.,1.,1.,1.,1.,1.,1.,1.,1.,  0000345P0000791
1.,1.,1.,4.024839355,9.154270488,1.650641845,4.01305668,         0000345P0000792
9.159450953,1.628305653,3.998586199,9.165790512,1.607560328,     0000345P0000793
3.981641471,9.173174865,1.588911833,3.962558265,9.181429202,     0000345P0000794
1.572838007,3.921120861,9.199202002,1.546597617,3.898777757,     0000345P0000795
9.208716324,1.536407192,3.875228337,9.218657011,1.529474196,     0000345P0000796
3.851046757,9.228766207,1.526008827,3.826834324,9.238795325,     0000345P0000797
1.526008827,0.,1.,0.385371181,0.922641973,1.486076805E-02;       0000345P0000798
126,1,1,1,0,1,0,2.317579422E-04,2.317579422E-04,0.600092703,     0000347P0000799
0.600092703,1.,1.,3.627053053,9.319038907,1.650646471,           0000347P0000800
1.450821221,3.727615563,2.460258588,2.317579422E-04,0.600092703, 0000347P0000801
0.34867751,-0.,0.937242761;                                      0000347P0000802
110,0.88516205,3.900831725,3.489964434,2.212905125,9.752079312,  0000349P0000803
4.224911085;                                                     0000349P0000804
104,2.481589954E-03,0.,1.E-02,0.,-0.,-1.,0.,1.412672727,         0000351P0000805
9.975207413,-1.556190448,9.969906029;                            0000351P0000806
124,-0.476843124,0.289370264,-0.829991256,0.,0.144151416,        0000353P0000807
0.957217243,0.250909384,-6.661338148E-16,0.867087657,            0000353P0000808
5.586255581E-13,-0.498155594,3.;                                 0000353P0000809
104,9.852072668E-03,0.,1.E-02,0.,-0.,-1.,0.,10.071179889,        0000355P0000810
-0.26784848,10.074794508,2.200170065E-12;                        0000355P0000811
124,0.193641986,-0.98078528,-2.372793463E-02,0.,0.973504005,     0000357P0000812
0.195090322,-0.119288383,-6.661338148E-16,0.12162538,            0000357P0000813
4.672385935E-15,0.992576076,3.;                                  0000357P0000814
104,9.852072668E-03,0.,1.E-02,0.,-0.,-1.,0.,10.074794508,        0000359P0000815
2.203441003E-12,10.071179889,0.26784848;                         0000359P0000816
124,0.193641986,-0.98078528,-2.372793463E-02,0.,0.973504005,     0000361P0000817
0.195090322,-0.119288383,-6.661338148E-16,0.12162538,            0000361P0000818
4.672385935E-15,0.992576076,3.;                                  0000361P0000819
110,1.687501431,9.856588605,4.224911085,0.675000573,3.942635442, 0000363P0000820
3.489964434;                                                     0000363P0000821
126,1,1,1,0,1,0,2.317522038E-04,2.317522038E-04,0.600092701,     0000365P0000822
0.600092701,1.,1.,0.215279051,9.997682478,1.650641845,           0000365P0000823
8.611162045E-02,3.999072991,2.460256738,2.317522038E-04,         0000365P0000824
0.600092701,0.98751112,-0.,0.157549318;                          0000365P0000825
104,2.481589954E-03,0.,1.E-02,0.,-0.,-1.,0.,-1.556195783,        0000367P0000826
-9.969905823,1.412672727,-9.975207413;                           0000367P0000827
124,0.495709961,-9.896791597E-02,0.862830798,0.,                 0000369P0000828
-4.930142093E-02,-0.995090625,-8.581385836E-02,-6.661338148E-16, 0000369P0000829
0.867087657,5.342282068E-14,-0.498155594,3.;                     0000369P0000830
126,9,5,0,0,1,0,0.,0.,0.,0.,0.,0.,0.500949979,0.500949979,       0000371P0000831
0.500949979,0.500949979,1.,1.,1.,1.,1.,1.,1.,1.,1.,1.,1.,1.,1.,  0000371P0000832
1.,1.,1.,-0.215281716,9.997682421,1.650646471,-0.202413943,      0000371P0000833
9.997959504,1.628310003,-0.186619362,9.998278876,1.60756434,     0000371P0000834
-0.168139005,9.998616662,1.58891545,-0.147349968,9.998939852,    0000371P0000835
1.572841177,-0.102265093,9.999502396,1.546599288,-7.7980945E-02, 0000371P0000836
9.999742165,1.536408045,-5.241898713E-02,9.999914204,1.52947448, 0000371P0000837
-2.620842384E-02,10.,1.526008827,-1.276900807E-11,10.,           0000371P0000838
1.526008827,0.,1.,-2.956893958E-03,0.999885205,1.486045985E-02;  0000371P0000839
126,9,5,0,0,1,0,0.,0.,0.,0.,0.,0.,0.500960084,0.500960084,       0000373P0000840
0.500960084,0.500960084,1.,1.,1.,1.,1.,1.,1.,1.,1.,1.,1.,1.,1.,  0000373P0000841
1.,1.,1.,0.215279051,9.997682478,1.650641845,0.2024108,          0000373P0000842
9.997959569,1.628305653,0.186615775,9.998278944,1.607560328,     0000373P0000843
0.168135018,9.998616731,1.588911833,0.147345636,9.998939916,     0000373P0000844
1.572838007,0.102261111,9.999502435,1.546597617,7.797780103E-02, 0000373P0000845
9.999742186,1.536407192,5.241683776E-02,9.999914211,1.529474196, 0000373P0000846
2.620734935E-02,10.,1.526008827,-1.276901168E-11,10.,            0000373P0000847
1.526008827,0.,1.,2.956749091E-03,0.999885201,1.486076806E-02;   0000373P0000848
126,1,1,1,0,1,0,2.317579422E-04,2.317579422E-04,0.600092703,     0000375P0000849
0.600092703,1.,1.,-0.215281716,9.997682421,1.650646471,          0000375P0000850
-8.611268643E-02,3.999072968,2.460258588,2.317579422E-04,        0000375P0000851
0.600092703,-0.987510733,0.,0.157551747;                         0000375P0000852
110,-0.675000573,3.942635442,3.489964434,-1.687501431,           0000377P0000853
9.856588605,4.224911085;                                         0000377P0000854
104,2.481589954E-03,0.,1.E-02,0.,-0.,-1.,0.,1.412672727,         0000379P0000855
9.975207413,-1.556190448,9.969906029;                            0000379P0000856
124,-0.495709961,-9.896791597E-02,-0.862830798,0.,               0000381P0000857
-4.930142092E-02,0.995090625,-8.581385835E-02,-6.661338148E-16,  0000381P0000858
0.867087657,-3.225957814E-14,-0.498155594,3.;                    0000381P0000859
104,9.852072668E-03,0.,1.E-02,0.,-0.,-1.,0.,10.071179889,        0000383P0000860
-0.26784848,10.074794508,-2.205183228E-12;                       0000383P0000861
124,-0.193641986,-0.98078528,2.372793463E-02,0.,0.973504005,     0000385P0000862
-0.195090322,-0.119288383,-6.661338148E-16,0.12162538,           0000385P0000863
-4.672385935E-15,0.992576076,3.;                                 0000385P0000864
104,9.852072668E-03,0.,1.E-02,0.,-0.,-1.,0.,10.074794508,        0000387P0000865
-2.202787669E-12,10.071179889,0.26784848;                        0000387P0000866
124,-0.193641986,-0.98078528,2.372793463E-02,0.,0.973504005,     0000389P0000867
-0.195090322,-0.119288383,-6.661338148E-16,0.12162538,           0000389P0000868
-4.672385935E-15,0.992576076,3.;                                 0000389P0000869
110,-2.212905125,9.752079312,4.224911085,-0.88516205,            0000391P0000870
3.900831725,3.489964434;                                         0000391P0000871
126,1,1,1,0,1,0,2.317522038E-04,2.317522038E-04,0.600092701,     0000393P0000872
0.600092701,1.,1.,-3.627055537,9.31903794,1.650641845,           0000393P0000873
-1.450822215,3.727615176,2.460256738,2.317522038E-04,            0000393P0000874
0.600092701,-0.34867835,0.,0.937242449;                          0000393P0000875
104,2.481589954E-03,0.,1.E-02,0.,-0.,-1.,0.,-1.556195783,        0000395P0000876
-9.969905823,1.412672727,-9.975207413;                           0000395P0000877
124,0.476843124,0.289370264,0.829991256,0.,0.144151416,          0000397P0000878
-0.957217243,0.250909384,-6.661338148E-16,0.867087657,           0000397P0000879
2.54929762E-13,-0.498155594,3.;                                  0000397P0000880
126,9,5,0,0,1,0,0.,0.,0.,0.,0.,0.,0.500949979,0.500949979,       0000399P0000881
0.500949979,0.500949979,1.,1.,1.,1.,1.,1.,1.,1.,1.,1.,1.,1.,1.,  0000399P0000882
1.,1.,1.,-4.024841796,9.154269415,1.650646471,-4.013059558,      0000399P0000883
9.159449691,1.628310003,-3.998589487,9.165789076,1.60756434,     0000399P0000884
-3.981645128,9.173173276,1.58891545,-3.962562242,9.181427484,    0000399P0000885
1.572841177,-3.921124525,9.199200442,1.546599288,-3.898780653,   0000399P0000886
9.208715101,1.536408045,-3.87523032,9.218656182,1.52947448,      0000399P0000887
-3.85104775,9.228765796,1.526008827,-3.826834324,9.238795325,    0000399P0000888
1.526008827,0.,1.,-0.385371316,0.922641922,1.486045985E-02;      0000399P0000889
126,9,5,0,0,1,0,0.,0.,0.,0.,0.,0.,0.500960084,0.500960084,       0000401P0000890
0.500960084,0.500960084,1.,1.,1.,1.,1.,1.,1.,1.,1.,1.,1.,1.,1.,  0000401P0000891
1.,1.,1.,-3.627055537,9.31903794,1.650641845,-3.639050289,       0000401P0000892
9.314369472,1.628305653,-3.653765209,9.308620042,1.607560328,    0000401P0000893
-3.670968468,9.301859837,1.588911833,-3.69029903,9.294202669,    0000401P0000894
1.572838007,-3.732166967,9.277469268,1.546597617,-3.754693568,   0000401P0000895
9.268397949,1.536407192,-3.77837465,9.258775122,1.529474196,     0000401P0000896
-3.80262189,9.248824444,1.526008827,-3.826834324,9.238795325,    0000401P0000897
1.526008827,0.,1.,-0.379907821,0.924904971,1.486076807E-02;      0000401P0000898
126,1,1,1,0,1,0,2.317579422E-04,2.317579422E-04,0.600092703,     0000403P0000899
0.600092703,1.,1.,-4.024841796,9.154269415,1.650646471,          0000403P0000900
-1.609936718,3.661707766,2.460258588,2.317579422E-04,            0000403P0000901
0.600092703,-0.317868193,0.,0.948134912;                         0000403P0000902
110,-2.132400477,3.384208653,3.489964434,-5.331001192,           0000405P0000903
8.460521632,4.224911085;                                         0000405P0000904
104,2.481589954E-03,0.,1.E-02,0.,-0.,-1.,0.,1.412672727,         0000407P0000905
9.975207413,-1.556190448,9.969906029;                            0000407P0000906
124,-0.43910945,-0.472239128,-0.764312173,0.,-0.235248563,       0000409P0000907
0.881470479,-0.409472719,-6.661338148E-16,0.867087657,           0000409P0000908
2.981541454E-13,-0.498155594,3.;                                 0000409P0000909
104,9.852072668E-03,0.,1.E-02,0.,-0.,-1.,0.,10.071179889,        0000411P0000910
-0.26784848,10.074794508,1.284913551E-12;                        0000411P0000911
124,-0.551445722,-0.831469612,6.757144092E-02,0.,0.825296845,    0000413P0000912
-0.555570233,-0.101127808,-6.661338148E-16,0.12162538,           0000413P0000913
2.699146575E-13,0.992576076,3.;                                  0000413P0000914
104,9.852072668E-03,0.,1.E-02,0.,-0.,-1.,0.,10.074794508,        0000415P0000915
1.288017209E-12,10.071179889,0.26784848;                         0000415P0000916
124,-0.551445722,-0.831469612,6.757144092E-02,0.,0.825296845,    0000417P0000917
-0.555570233,-0.101127808,-6.661338148E-16,0.12162538,           0000417P0000918
2.699146575E-13,0.992576076,3.;                                  0000417P0000919
110,-5.776416936,8.162904347,4.224911085,-2.310566774,           0000419P0000920
3.265161739,3.489964434;                                         0000419P0000921
126,1,1,1,0,1,0,2.317522038E-04,2.317522038E-04,0.600092701,     0000421P0000922
0.600092701,1.,1.,-6.917203799,7.221654353,1.650641845,          0000421P0000923
-2.76688152,2.888661741,2.460256738,2.317522038E-04,0.600092701, 0000421P0000924
-0.191463865,0.,0.981499663;                                     0000421P0000925
104,2.481589954E-03,0.,1.E-02,0.,-0.,-1.,0.,-1.556195783,        0000423P0000926
-9.969905823,1.412672727,-9.975207413;                           0000423P0000927
124,0.385381244,0.633654444,0.67079307,0.,0.315658506,           0000425P0000928
-0.773616213,0.549433947,-6.661338148E-16,0.867087657,           0000425P0000929
1.051550247E-13,-0.498155594,3.;                                 0000425P0000930
126,9,5,0,0,1,0,0.,0.,0.,0.,0.,0.,0.500950061,0.500950061,       0000427P0000931
0.500950061,0.500950061,1.,1.,1.,1.,1.,1.,1.,1.,1.,1.,1.,1.,1.,  0000427P0000932
1.,1.,1.,-7.221656197,6.917201874,1.650646471,-7.212753235,      0000427P0000933
6.926496692,1.628310003,-7.20181061,6.937890978,1.60756434,      0000427P0000934
-7.188981875,6.951197414,1.58891545,-7.174510335,6.966126012,    0000427P0000935
1.572841177,-7.143028299,6.998403606,1.546599292,-7.126026361,   0000427P0000936
7.015744629,1.536408052,-7.108072984,7.033941306,1.529474487,    0000427P0000937
-7.08959999,7.052535633,1.526008831,-7.071067842,7.071067781,    0000427P0000938
1.526008827,0.,1.,-0.70911645,0.704934768,1.486045794E-02;       0000427P0000939
126,9,5,0,0,1,0,0.,0.,0.,0.,0.,0.,0.500960084,0.500960084,       0000429P0000940
0.500960084,0.500960084,1.,1.,1.,1.,1.,1.,1.,1.,1.,1.,1.,1.,1.,  0000429P0000941
1.,1.,1.,-6.917203799,7.221654353,1.650641845,-6.92649896,       0000429P0000942
7.212751058,1.628305653,-6.937893562,7.201808122,1.607560328,    0000429P0000943
-6.951200281,7.188979104,1.588911833,-6.966129121,7.174507318,   0000429P0000944
1.572838007,-6.998406455,7.143025505,1.546597617,-7.015746878,   0000429P0000945
7.126024142,1.536407192,-7.033942849,7.108071451,1.529474196,    0000429P0000946
-7.052536417,7.089599206,1.526008827,-7.071067812,7.071067812,   0000429P0000947
1.526008827,0.,1.,-0.704934869,0.709116343,1.486076808E-02;      0000429P0000948
126,1,1,1,0,1,0,2.317579422E-04,2.317579422E-04,0.600092703,     0000431P0000949
0.600092703,1.,1.,-7.221656197,6.917201874,1.650646471,          0000431P0000950
-2.888662479,2.76688075,2.460258588,2.317579422E-04,0.600092703, 0000431P0000951
-0.183669556,0.,0.982988044;                                     0000431P0000952
110,-3.265161739,2.310566774,3.489964434,-8.162904347,           0000433P0000953
5.776416936,4.224911085;                                         0000433P0000954
104,2.481589954E-03,0.,1.E-02,0.,-0.,-1.,0.,1.412672727,         0000435P0000955
9.975207413,-1.556190448,9.969906029;                            0000435P0000956
124,-0.315658506,-0.773616213,-0.549433947,0.,-0.385381244,      0000437P0000957
0.633654444,-0.67079307,-6.661338148E-16,0.867087657,            0000437P0000958
3.470379105E-13,-0.498155594,3.;                                 0000437P0000959
104,9.852072668E-03,0.,1.E-02,0.,-0.,-1.,0.,10.071179889,        0000439P0000960
-0.26784848,10.074794508,-1.289736855E-12;                       0000439P0000961
124,-0.825296845,-0.555570233,0.101127808,0.,0.551445722,        0000441P0000962
-0.831469612,-6.757144092E-02,-6.661338148E-16,0.12162538,       0000441P0000963
-2.699171145E-13,0.992576076,3.;                                 0000441P0000964
104,9.852072668E-03,0.,1.E-02,0.,-0.,-1.,0.,10.074794508,        0000443P0000965
-1.287960498E-12,10.071179889,0.26784848;                        0000443P0000966
124,-0.825296845,-0.555570233,0.101127808,0.,0.551445722,        0000445P0000967
-0.831469612,-6.757144092E-02,-6.661338148E-16,0.12162538,       0000445P0000968
-2.699171145E-13,0.992576076,3.;                                 0000445P0000969
110,-8.460521632,5.331001192,4.224911085,-3.384208653,           0000447P0000970
2.132400477,3.489964434;                                         0000447P0000971
126,1,1,1,0,1,0,2.317522038E-04,2.317522038E-04,0.600092701,     0000449P0000972
0.600092701,1.,1.,-9.154270488,4.024839355,1.650641845,          0000449P0000973
-3.661708195,1.609935742,2.460256738,2.317522038E-04,            0000449P0000974
0.600092701,-0.145826343,0.,0.989310203;                         0000449P0000975
104,2.481589954E-03,0.,1.E-02,0.,-0.,-1.,0.,-1.556195783,        0000451P0000976
-9.969905823,1.412672727,-9.975207413;                           0000451P0000977
124,0.235248563,0.881470479,0.409472719,0.,0.43910945,           0000453P0000978
-0.472239128,0.764312173,-6.661338148E-16,0.867087657,           0000453P0000979
-7.11350681E-16,-0.498155594,3.;                                 0000453P0000980
126,9,5,0,0,1,0,0.,0.,0.,0.,0.,0.,0.500949979,0.500949979,       0000455P0000981
0.500949979,0.500949979,1.,1.,1.,1.,1.,1.,1.,1.,1.,1.,1.,1.,1.,  0000455P0000982
1.,1.,1.,-9.319038907,3.627053053,1.650646471,-9.314370615,      0000455P0000983
3.639047361,1.628310003,-9.308621352,3.65376187,1.60756434,      0000455P0000984
-9.301861299,3.670964758,1.58891545,-9.294204267,3.690295003,    0000455P0000985
1.572841177,-9.277470756,3.732163272,1.546599288,-9.268399132,   0000455P0000986
3.754690655,1.536408045,-9.258775938,3.778372662,1.52947448,     0000455P0000987
-9.248824855,3.802620897,1.526008827,-9.238795325,3.826834324,   0000455P0000988
1.526008827,0.,1.,-0.92490503,0.379907688,1.486045985E-02;       0000455P0000989
126,9,5,0,0,1,0,0.,0.,0.,0.,0.,0.,0.500960084,0.500960084,       0000457P0000990
0.500960084,0.500960084,1.,1.,1.,1.,1.,1.,1.,1.,1.,1.,1.,1.,1.,  0000457P0000991
1.,1.,1.,-9.154270488,4.024839355,1.650641845,-9.159450953,      0000457P0000992
4.01305668,1.628305653,-9.165790512,3.998586199,1.607560328,     0000457P0000993
-9.173174865,3.981641471,1.588911833,-9.181429202,3.962558265,   0000457P0000994
1.572838007,-9.199202002,3.921120861,1.546597617,-9.208716324,   0000457P0000995
3.898777757,1.536407192,-9.218657011,3.875228337,1.529474196,    0000457P0000996
-9.228766207,3.851046757,1.526008827,-9.238795325,3.826834324,   0000457P0000997
1.526008827,0.,1.,-0.922641973,0.385371181,1.486076805E-02;      0000457P0000998
126,1,1,1,0,1,0,2.317579422E-04,2.317579422E-04,0.600092703,     0000459P0000999
0.600092703,1.,1.,-9.319038907,3.627053053,1.650646471,          0000459P0001000
-3.727615563,1.450821221,2.460258588,2.317579422E-04,            0000459P0001001
0.600092703,-0.143300943,0.,0.98967916;                          0000459P0001002
110,-3.900831725,0.88516205,3.489964434,-9.752079312,            0000461P0001003
2.212905125,4.224911085;                                         0000461P0001004
104,2.481589954E-03,0.,1.E-02,0.,-0.,-1.,0.,1.412672727,         0000463P0001005
9.975207413,-1.556190448,9.969906029;                            0000463P0001006
124,-0.144151416,-0.957217243,-0.250909384,0.,-0.476843124,      0000465P0001007
0.289370264,-0.829991256,-6.661338148E-16,0.867087657,           0000465P0001008
5.586226082E-13,-0.498155594,3.;                                 0000465P0001009
104,9.852072668E-03,0.,1.E-02,0.,-0.,-1.,0.,10.071179889,        0000467P0001010
-0.26784848,10.074794508,2.199957658E-12;                        0000467P0001011
124,-0.973504005,-0.195090322,0.119288383,0.,0.193641986,        0000469P0001012
-0.98078528,-2.372793463E-02,-6.661338148E-16,0.12162538,        0000469P0001013
4.67380113E-15,0.992576076,3.;                                   0000469P0001014
104,9.852072668E-03,0.,1.E-02,0.,-0.,-1.,0.,10.074794508,        0000471P0001015
2.202968743E-12,10.071179889,0.26784848;                         0000471P0001016
124,-0.973504005,-0.195090322,0.119288383,0.,0.193641986,        0000473P0001017
-0.98078528,-2.372793463E-02,-6.661338148E-16,0.12162538,        0000473P0001018
4.67380113E-15,0.992576076,3.;                                   0000473P0001019
110,-9.856588605,1.687501431,4.224911085,-3.942635442,           0000475P0001020
0.675000573,3.489964434;                                         0000475P0001021
126,1,1,1,0,1,0,2.317522038E-04,2.317522038E-04,0.600092701,     0000477P0001022
0.600092701,1.,1.,-9.997682478,0.215279051,1.650641845,          0000477P0001023
-3.999072991,8.611162045E-02,2.460256738,2.317522038E-04,        0000477P0001024
0.600092701,-0.13375435,0.,0.991014517;                          0000477P0001025
104,2.481589954E-03,0.,1.E-02,0.,-0.,-1.,0.,-1.556195783,        0000479P0001026
-9.969905823,1.412672727,-9.975207413;                           0000479P0001027
124,4.930142093E-02,0.995090625,8.581385836E-02,0.,0.495709961,  0000481P0001028
-9.896791597E-02,0.862830798,-6.661338148E-16,0.867087657,       0000481P0001029
5.341006056E-14,-0.498155594,3.;                                 0000481P0001030
126,9,5,0,0,1,0,0.,0.,0.,0.,0.,0.,0.500949979,0.500949979,       0000483P0001031
0.500949979,0.500949979,1.,1.,1.,1.,1.,1.,1.,1.,1.,1.,1.,1.,1.,  0000483P0001032
1.,1.,1.,-9.997682421,-0.215281716,1.650646471,-9.997959504,     0000483P0001033
-0.202413943,1.628310003,-9.998278876,-0.186619362,1.60756434,   0000483P0001034
-9.998616662,-0.168139005,1.58891545,-9.998939852,-0.147349968,  0000483P0001035
1.572841177,-9.999502396,-0.102265093,1.546599288,-9.999742165,  0000483P0001036
-7.7980945E-02,1.536408045,-9.999914204,-5.241898713E-02,        0000483P0001037
1.52947448,-10.,-2.620842384E-02,1.526008827,-10.,               0000483P0001038
-1.276934114E-11,1.526008827,0.,1.,-0.999885205,                 0000483P0001039
-2.956893958E-03,1.486045985E-02;                                0000483P0001040
126,9,5,0,0,1,0,0.,0.,0.,0.,0.,0.,0.500960084,0.500960084,       0000485P0001041
0.500960084,0.500960084,1.,1.,1.,1.,1.,1.,1.,1.,1.,1.,1.,1.,1.,  0000485P0001042
1.,1.,1.,-9.997682478,0.215279051,1.650641845,-9.997959569,      0000485P0001043
0.2024108,1.628305653,-9.998278944,0.186615775,1.607560328,      0000485P0001044
-9.998616731,0.168135018,1.588911833,-9.998939916,0.147345636,   0000485P0001045
1.572838007,-9.999502435,0.102261111,1.546597617,-9.999742186,   0000485P0001046
7.797780103E-02,1.536407192,-9.999914211,5.241683776E-02,        0000485P0001047
1.529474196,-10.,2.620734935E-02,1.526008827,-10.,               0000485P0001048
-1.276934837E-11,1.526008827,0.,1.,-0.999885201,2.956749091E-03, 0000485P0001049
1.486076806E-02;                                                 0000485P0001050
126,1,1,1,0,1,0,2.317579422E-04,2.317579422E-04,0.600092703,     0000487P0001051
0.600092703,1.,1.,-9.997682421,-0.215281716,1.650646471,         0000487P0001052
-3.999072968,-8.611268643E-02,2.460258588,2.317579422E-04,       0000487P0001053
0.600092703,-0.1337539,0.,0.991014578;                           0000487P0001054
110,-3.942635442,-0.675000573,3.489964434,-9.856588605,          0000489P0001055
-1.687501431,4.224911085;                                        0000489P0001056
104,2.481589954E-03,0.,1.E-02,0.,-0.,-1.,0.,1.412672727,         0000491P0001057
9.975207413,-1.556190448,9.969906029;                            0000491P0001058
124,4.930142092E-02,-0.995090625,8.581385835E-02,0.,             0000493P0001059
-0.495709961,-9.896791597E-02,-0.862830798,-6.661338148E-16,     0000493P0001060
0.867087657,-3.225264514E-14,-0.498155594,3.;                    0000493P0001061
104,9.852072668E-03,0.,1.E-02,0.,-0.,-1.,0.,10.071179889,        0000495P0001062
-0.26784848,10.074794508,-2.20516359E-12;                        0000495P0001063
124,-0.973504005,0.195090322,0.119288383,0.,-0.193641986,        0000497P0001064
-0.98078528,2.372793463E-02,-6.661338148E-16,0.12162538,         0000497P0001065
-4.67380113E-15,0.992576076,3.;                                  0000497P0001066
104,9.852072668E-03,0.,1.E-02,0.,-0.,-1.,0.,10.074794508,        0000499P0001067
-2.202721099E-12,10.071179889,0.26784848;                        0000499P0001068
124,-0.973504005,0.195090322,0.119288383,0.,-0.193641986,        0000501P0001069
-0.98078528,2.372793463E-02,-6.661338148E-16,0.12162538,         0000501P0001070
-4.67380113E-15,0.992576076,3.;                                  0000501P0001071
110,-9.752079312,-2.212905125,4.224911085,-3.900831725,          0000503P0001072
-0.88516205,3.489964434;                                         0000503P0001073
126,1,1,1,0,1,0,2.317522038E-04,2.317522038E-04,0.600092701,     0000505P0001074
0.600092701,1.,1.,-9.31903794,-3.627055537,1.650641845,          0000505P0001075
-3.727615176,-1.450822215,2.460256738,2.317522038E-04,           0000505P0001076
0.600092701,-0.143301439,0.,0.989679088;                         0000505P0001077
104,2.481589954E-03,0.,1.E-02,0.,-0.,-1.,0.,-1.556195783,        0000507P0001078
-9.969905823,1.412672727,-9.975207413;                           0000507P0001079
124,-0.144151416,0.957217243,-0.250909384,0.,0.476843124,        0000509P0001080
0.289370264,0.829991256,-6.661338148E-16,0.867087657,            0000509P0001081
2.549386185E-13,-0.498155594,3.;                                 0000509P0001082
126,9,5,0,0,1,0,0.,0.,0.,0.,0.,0.,0.500950218,0.500950218,       0000511P0001083
0.500950218,0.500950218,1.,1.,1.,1.,1.,1.,1.,1.,1.,1.,1.,1.,1.,  0000511P0001084
1.,1.,1.,-9.154269415,-4.024841796,1.650646471,-9.159449691,     0000511P0001085
-4.013059558,1.628310003,-9.165789076,-3.998589487,1.60756434,   0000511P0001086
-9.173173276,-3.981645128,1.58891545,-9.181427484,-3.962562242,  0000511P0001087
1.572841177,-9.199200433,-3.921124545,1.5465993,-9.208715083,    0000511P0001088
-3.898780696,1.536408064,-9.218656154,-3.875230388,1.5294745,    0000511P0001089
-9.228765757,-3.851047843,1.52600884,-9.238795277,-3.826834439,  0000511P0001090
1.526008827,0.,1.,-0.92264192,-0.38537132,1.486045432E-02;       0000511P0001091
126,9,5,0,0,1,0,0.,0.,0.,0.,0.,0.,0.500960084,0.500960084,       0000513P0001092
0.500960084,0.500960084,0.999998637,0.999998637,0.999998637,     0000513P0001093
0.999998637,0.999998637,0.999998637,1.,1.,1.,1.,1.,1.,1.,1.,1.,  0000513P0001094
1.,-9.31903794,-3.627055537,1.650641845,-9.314369472,            0000513P0001095
-3.639050289,1.628305653,-9.308620042,-3.653765209,1.607560328,  0000513P0001096
-9.301859837,-3.670968468,1.588911833,-9.294202669,-3.69029903,  0000513P0001097
1.572838007,-9.277469291,-3.73216691,1.546597652,-9.268397998,   0000513P0001098
-3.754693445,1.536407248,-9.258775201,-3.778374456,1.529474253,  0000513P0001099
-9.248824552,-3.802621625,1.526008865,-9.238795462,-3.826833993, 0000513P0001100
1.526008827,0.,0.999998637,-0.924904971,-0.379907821,            0000513P0001101
1.486076807E-02;                                                 0000513P0001102
126,1,1,1,0,1,0,2.317579422E-04,2.317579422E-04,0.600092703,     0000515P0001103
0.600092703,1.,1.,-9.154269415,-4.024841796,1.650646471,         0000515P0001104
-3.661707766,-1.609936718,2.460258588,2.317579422E-04,           0000515P0001105
0.600092703,-0.145825871,0.,0.989310273;                         0000515P0001106
110,-3.384208653,-2.132400477,3.489964434,-8.460521632,          0000517P0001107
-5.331001192,4.224911085;                                        0000517P0001108
104,2.481589954E-03,0.,1.E-02,0.,-0.,-1.,0.,1.412672727,         0000519P0001109
9.975207413,-1.556190448,9.969906029;                            0000519P0001110
124,0.235248563,-0.881470479,0.409472719,0.,-0.43910945,         0000521P0001111
-0.472239128,-0.764312173,-6.661338148E-16,0.867087657,          0000521P0001112
2.981416784E-13,-0.498155594,3.;                                 0000521P0001113
104,9.852072668E-03,0.,1.E-02,0.,-0.,-1.,0.,10.071179889,        0000523P0001114
-0.26784848,10.074794508,1.284977688E-12;                        0000523P0001115
124,-0.825296845,0.555570233,0.101127808,0.,-0.551445722,        0000525P0001116
-0.831469612,6.757144092E-02,-6.661338148E-16,0.12162538,        0000525P0001117
2.699171145E-13,0.992576076,3.;                                  0000525P0001118
104,9.852072668E-03,0.,1.E-02,0.,-0.,-1.,0.,10.074794508,        0000527P0001119
1.288629115E-12,10.071179889,0.26784848;                         0000527P0001120
124,-0.825296845,0.555570233,0.101127808,0.,-0.551445722,        0000529P0001121
-0.831469612,6.757144092E-02,-6.661338148E-16,0.12162538,        0000529P0001122
2.699171145E-13,0.992576076,3.;                                  0000529P0001123
110,-8.162904347,-5.776416936,4.224911085,-3.265161739,          0000531P0001124
-2.310566774,3.489964434;                                        0000531P0001125
126,1,1,1,0,1,0,2.317522038E-04,2.317522038E-04,0.600092701,     0000533P0001126
0.600092701,1.,1.,-7.221654353,-6.917203799,1.650641845,         0000533P0001127
-2.888661741,-2.76688152,2.460256738,2.317522038E-04,            0000533P0001128
0.600092701,-0.18367021,0.,0.982987922;                          0000533P0001129
104,2.481589954E-03,0.,1.E-02,0.,-0.,-1.,0.,-1.556195783,        0000535P0001130
-9.969905823,1.412672727,-9.975207413;                           0000535P0001131
124,-0.315658506,0.773616213,-0.549433947,0.,0.385381244,        0000537P0001132
0.633654444,0.67079307,-6.661338148E-16,0.867087657,             0000537P0001133
1.052521402E-13,-0.498155594,3.;                                 0000537P0001134
126,9,5,0,0,1,0,0.,0.,0.,0.,0.,0.,0.500949979,0.500949979,       0000539P0001135
0.500949979,0.500949979,1.,1.,1.,1.,1.,1.,1.,1.,1.,1.,1.,1.,1.,  0000539P0001136
1.,1.,1.,-6.917201874,-7.221656197,1.650646471,-6.926496692,     0000539P0001137
-7.212753235,1.628310003,-6.937890978,-7.20181061,1.60756434,    0000539P0001138
-6.951197414,-7.188981875,1.58891545,-6.966126012,-7.174510335,  0000539P0001139
1.572841177,-6.998403612,-7.143028293,1.546599288,-7.01574464,   0000539P0001140
-7.12602635,1.536408045,-7.033941324,-7.108072966,1.52947448,    0000539P0001141
-7.052535658,-7.089599966,1.526008827,-7.071067812,-7.071067812, 0000539P0001142
1.526008827,0.,1.,-0.704934769,-0.709116449,1.486045985E-02;     0000539P0001143
126,9,5,0,0,1,0,0.,0.,0.,0.,0.,0.,0.500960084,0.500960084,       0000541P0001144
0.500960084,0.500960084,1.,1.,1.,1.,1.,1.,1.,1.,1.,1.,1.,1.,1.,  0000541P0001145
1.,1.,1.,-7.221654353,-6.917203799,1.650641845,-7.212751058,     0000541P0001146
-6.92649896,1.628305653,-7.201808122,-6.937893562,1.607560328,   0000541P0001147
-7.188979104,-6.951200281,1.588911833,-7.174507318,-6.966129121, 0000541P0001148
1.572838007,-7.143025505,-6.998406455,1.546597617,-7.126024142,  0000541P0001149
-7.015746878,1.536407192,-7.108071451,-7.033942849,1.529474196,  0000541P0001150
-7.089599206,-7.052536417,1.526008827,-7.071067812,-7.071067812, 0000541P0001151
1.526008827,0.,1.,-0.709116343,-0.704934869,1.486076807E-02;     0000541P0001152
126,1,1,1,0,1,0,2.317579422E-04,2.317579422E-04,0.600092703,     0000543P0001153
0.600092703,1.,1.,-6.917201874,-7.221656197,1.650646471,         0000543P0001154
-2.76688075,-2.888662479,2.460258588,2.317579422E-04,            0000543P0001155
0.600092703,-0.191463284,0.,0.981499776;                         0000543P0001156
110,-2.310566774,-3.265161739,3.489964434,-5.776416936,          0000545P0001157
-8.162904347,4.224911085;                                        0000545P0001158
104,2.481589954E-03,0.,1.E-02,0.,-0.,-1.,0.,1.412672727,         0000547P0001159
9.975207413,-1.556190448,9.969906029;                            0000547P0001160
124,0.385381244,-0.633654444,0.67079307,0.,-0.315658506,         0000549P0001161
-0.773616213,-0.549433947,-6.661338148E-16,0.867087657,          0000549P0001162
3.470341298E-13,-0.498155594,3.;                                 0000549P0001163
104,9.852072668E-03,0.,1.E-02,0.,-0.,-1.,0.,10.071179889,        0000551P0001164
-0.26784848,10.074794508,-1.290234364E-12;                       0000551P0001165
124,-0.551445722,0.831469612,6.757144092E-02,0.,-0.825296845,    0000553P0001166
-0.555570233,0.101127808,-6.661338148E-16,0.12162538,            0000553P0001167
-2.699146575E-13,0.992576076,3.;                                 0000553P0001168
104,9.852072668E-03,0.,1.E-02,0.,-0.,-1.,0.,10.074794508,        0000555P0001169
-1.288757378E-12,10.071179889,0.26784848;                        0000555P0001170
124,-0.551445722,0.831469612,6.757144092E-02,0.,-0.825296845,    0000557P0001171
-0.555570233,0.101127808,-6.661338148E-16,0.12162538,            0000557P0001172
-2.699146575E-13,0.992576076,3.;                                 0000557P0001173
110,-5.331001192,-8.460521632,4.224911085,-2.132400477,          0000559P0001174
-3.384208653,3.489964434;                                        0000559P0001175
126,1,1,1,0,1,0,2.317522038E-04,2.317522038E-04,0.600092701,     0000561P0001176
0.600092701,1.,1.,-4.024839355,-9.154270488,1.650641845,         0000561P0001177
-1.609935742,-3.661708195,2.460256738,2.317522038E-04,           0000561P0001178
0.600092701,-0.317869346,0.,0.948134526;                         0000561P0001179
104,2.481589954E-03,0.,1.E-02,0.,-0.,-1.,0.,-1.556195783,        0000563P0001180
-9.969905823,1.412672727,-9.975207413;                           0000563P0001181
124,-0.43910945,0.472239128,-0.764312173,0.,0.235248563,         0000565P0001182
0.881470479,0.409472719,-6.661338148E-16,0.867087657,            0000565P0001183
-7.257345115E-16,-0.498155594,3.;                                0000565P0001184
126,9,5,0,0,1,0,0.,0.,0.,0.,0.,0.,0.500949979,0.500949979,       0000567P0001185
0.500949979,0.500949979,1.,1.,1.,1.,1.,1.,1.,1.,1.,1.,1.,1.,1.,  0000567P0001186
1.,1.,1.,-3.627053053,-9.319038907,1.650646471,-3.639047361,     0000567P0001187
-9.314370615,1.628310003,-3.65376187,-9.308621352,1.60756434,    0000567P0001188
-3.670964758,-9.301861299,1.58891545,-3.690295003,-9.294204267,  0000567P0001189
1.572841177,-3.732163272,-9.277470756,1.546599288,-3.754690655,  0000567P0001190
-9.268399132,1.536408045,-3.778372662,-9.258775938,1.52947448,   0000567P0001191
-3.802620897,-9.248824855,1.526008827,-3.826834324,-9.238795325, 0000567P0001192
1.526008827,0.,1.,-0.379907688,-0.92490503,1.486045985E-02;      0000567P0001193
126,9,5,0,0,1,0,0.,0.,0.,0.,0.,0.,0.500960084,0.500960084,       0000569P0001194
0.500960084,0.500960084,1.,1.,1.,1.,1.,1.,1.,1.,1.,1.,1.,1.,1.,  0000569P0001195
1.,1.,1.,-4.024839355,-9.154270488,1.650641845,-4.01305668,      0000569P0001196
-9.159450953,1.628305653,-3.998586199,-9.165790512,1.607560328,  0000569P0001197
-3.981641471,-9.173174865,1.588911833,-3.962558265,-9.181429202, 0000569P0001198
1.572838007,-3.921120861,-9.199202002,1.546597617,-3.898777757,  0000569P0001199
-9.208716324,1.536407192,-3.875228337,-9.218657011,1.529474196,  0000569P0001200
-3.851046757,-9.228766207,1.526008827,-3.826834324,-9.238795325, 0000569P0001201
1.526008827,0.,1.,-0.385371181,-0.922641973,1.486076805E-02;     0000569P0001202
126,1,1,1,0,1,0,2.317579422E-04,2.317579422E-04,0.600092703,     0000571P0001203
0.600092703,1.,1.,-3.627053053,-9.319038907,1.650646471,         0000571P0001204
-1.450821221,-3.727615563,2.460258588,2.317579422E-04,           0000571P0001205
0.600092703,-0.34867751,0.,0.937242761;                          0000571P0001206
110,-0.88516205,-3.900831725,3.489964434,-2.212905125,           0000573P0001207
-9.752079312,4.224911085;                                        0000573P0001208
104,2.481589954E-03,0.,1.E-02,0.,-0.,-1.,0.,1.412672727,         0000575P0001209
9.975207413,-1.556190448,9.969906029;                            0000575P0001210
124,0.476843124,-0.289370264,0.829991256,0.,-0.144151416,        0000577P0001211
-0.957217243,-0.250909384,-6.661338148E-16,0.867087657,          0000577P0001212
5.586255581E-13,-0.498155594,3.;                                 0000577P0001213
104,9.852072668E-03,0.,1.E-02,0.,-0.,-1.,0.,10.071179889,        0000579P0001214
-0.26784848,10.074794508,2.199910153E-12;                        0000579P0001215
124,-0.193641986,0.98078528,2.372793463E-02,0.,-0.973504005,     0000581P0001216
-0.195090322,0.119288383,-6.661338148E-16,0.12162538,            0000581P0001217
4.672385935E-15,0.992576076,3.;                                  0000581P0001218
104,9.852072668E-03,0.,1.E-02,0.,-0.,-1.,0.,10.074794508,        0000583P0001219
2.20318109E-12,10.071179889,0.26784848;                          0000583P0001220
124,-0.193641986,0.98078528,2.372793463E-02,0.,-0.973504005,     0000585P0001221
-0.195090322,0.119288383,-6.661338148E-16,0.12162538,            0000585P0001222
4.672385935E-15,0.992576076,3.;                                  0000585P0001223
110,-1.687501431,-9.856588605,4.224911085,-0.675000573,          0000587P0001224
-3.942635442,3.489964434;                                        0000587P0001225
126,1,1,1,0,1,0,2.317522038E-04,2.317522038E-04,0.600092701,     0000589P0001226
0.600092701,1.,1.,-0.215279051,-9.997682478,1.650641845,         0000589P0001227
-8.611162045E-02,-3.999072991,2.460256738,2.317522038E-04,       0000589P0001228
0.600092701,-0.98751112,0.,0.157549318;                          0000589P0001229
104,2.481589954E-03,0.,1.E-02,0.,-0.,-1.,0.,-1.556195783,        0000591P0001230
-9.969905823,1.412672727,-9.975207413;                           0000591P0001231
124,-0.495709961,9.896791597E-02,-0.862830798,0.,                0000593P0001232
4.930142093E-02,0.995090625,8.581385836E-02,-6.661338148E-16,    0000593P0001233
0.867087657,5.342282068E-14,-0.498155594,3.;                     0000593P0001234
126,9,5,0,0,1,0,0.,0.,0.,0.,0.,0.,0.500949979,0.500949979,       0000595P0001235
0.500949979,0.500949979,1.,1.,1.,1.,1.,1.,1.,1.,1.,1.,1.,1.,1.,  0000595P0001236
1.,1.,1.,0.215281716,-9.997682421,1.650646471,0.202413943,       0000595P0001237
-9.997959504,1.628310003,0.186619362,-9.998278876,1.60756434,    0000595P0001238
0.168139005,-9.998616662,1.58891545,0.147349968,-9.998939852,    0000595P0001239
1.572841177,0.102265093,-9.999502396,1.546599288,7.7980945E-02,  0000595P0001240
-9.999742165,1.536408045,5.241898713E-02,-9.999914204,           0000595P0001241
1.52947448,2.620842384E-02,-10.,1.526008827,1.276901168E-11,     0000595P0001242
-10.,1.526008827,0.,1.,2.956893958E-03,-0.999885205,             0000595P0001243
1.486045985E-02;                                                 0000595P0001244
126,9,5,0,0,1,0,0.,0.,0.,0.,0.,0.,0.500960084,0.500960084,       0000597P0001245
0.500960084,0.500960084,1.,1.,1.,1.,1.,1.,1.,1.,1.,1.,1.,1.,1.,  0000597P0001246
1.,1.,1.,-0.215279051,-9.997682478,1.650641845,-0.2024108,       0000597P0001247
-9.997959569,1.628305653,-0.186615775,-9.998278944,1.607560328,  0000597P0001248
-0.168135018,-9.998616731,1.588911833,-0.147345636,-9.998939916, 0000597P0001249
1.572838007,-0.102261111,-9.999502435,1.546597617,               0000597P0001250
-7.797780103E-02,-9.999742186,1.536407192,-5.241683776E-02,      0000597P0001251
-9.999914211,1.529474196,-2.620734935E-02,-10.,1.526008827,      0000597P0001252
1.276900807E-11,-10.,1.526008827,0.,1.,-2.956749091E-03,         0000597P0001253
-0.999885201,1.486076806E-02;                                    0000597P0001254
126,1,1,1,0,1,0,2.317579422E-04,2.317579422E-04,0.600092703,     0000599P0001255
0.600092703,1.,1.,0.215281716,-9.997682421,1.650646471,          0000599P0001256
8.611268643E-02,-3.999072968,2.460258588,2.317579422E-04,        0000599P0001257
0.600092703,0.987510733,-0.,0.157551747;                         0000599P0001258
110,0.675000573,-3.942635442,3.489964434,1.687501431,            0000601P0001259
-9.856588605,4.224911085;                                        0000601P0001260
104,2.481589954E-03,0.,1.E-02,0.,-0.,-1.,0.,1.412672727,         0000603P0001261
9.975207413,-1.556190448,9.969906029;                            0000603P0001262
124,0.495709961,9.896791597E-02,0.862830798,0.,4.930142092E-02,  0000605P0001263
-0.995090625,8.581385835E-02,-6.661338148E-16,0.867087657,       0000605P0001264
-3.225957814E-14,-0.498155594,3.;                                0000605P0001265
104,9.852072668E-03,0.,1.E-02,0.,-0.,-1.,0.,10.071179889,        0000607P0001266
-0.26784848,10.074794508,-2.204923315E-12;                       0000607P0001267
124,0.193641986,0.98078528,-2.372793463E-02,0.,-0.973504005,     0000609P0001268
0.195090322,0.119288383,-6.661338148E-16,0.12162538,             0000609P0001269
-4.672385935E-15,0.992576076,3.;                                 0000609P0001270
104,9.852072668E-03,0.,1.E-02,0.,-0.,-1.,0.,10.074794508,        0000611P0001271
-2.202527756E-12,10.071179889,0.26784848;                        0000611P0001272
124,0.193641986,0.98078528,-2.372793463E-02,0.,-0.973504005,     0000613P0001273
0.195090322,0.119288383,-6.661338148E-16,0.12162538,             0000613P0001274
-4.672385935E-15,0.992576076,3.;                                 0000613P0001275
110,2.212905125,-9.752079312,4.224911085,0.88516205,             0000615P0001276
-3.900831725,3.489964434;                                        0000615P0001277
126,1,1,1,0,1,0,2.317522038E-04,2.317522038E-04,0.600092701,     0000617P0001278
0.600092701,1.,1.,3.627055537,-9.31903794,1.650641845,           0000617P0001279
1.450822215,-3.727615176,2.460256738,2.317522038E-04,            0000617P0001280
0.600092701,0.34867835,-0.,0.937242449;                          0000617P0001281
104,2.481589954E-03,0.,1.E-02,0.,-0.,-1.,0.,-1.556195783,        0000619P0001282
-9.969905823,1.412672727,-9.975207413;                           0000619P0001283
124,-0.476843124,-0.289370264,-0.829991256,0.,-0.144151416,      0000621P0001284
0.957217243,-0.250909384,-6.661338148E-16,0.867087657,           0000621P0001285
2.54929762E-13,-0.498155594,3.;                                  0000621P0001286
126,9,5,0,0,1,0,0.,0.,0.,0.,0.,0.,0.500949979,0.500949979,       0000623P0001287
0.500949979,0.500949979,1.,1.,1.,1.,1.,1.,1.,1.,1.,1.,1.,1.,1.,  0000623P0001288
1.,1.,1.,4.024841796,-9.154269415,1.650646471,4.013059558,       0000623P0001289
-9.159449691,1.628310003,3.998589487,-9.165789076,1.60756434,    0000623P0001290
3.981645128,-9.173173276,1.58891545,3.962562242,-9.181427484,    0000623P0001291
1.572841177,3.921124525,-9.199200442,1.546599288,3.898780653,    0000623P0001292
-9.208715101,1.536408045,3.87523032,-9.218656182,1.52947448,     0000623P0001293
3.85104775,-9.228765796,1.526008827,3.826834324,-9.238795325,    0000623P0001294
1.526008827,0.,1.,0.385371316,-0.922641922,1.486045985E-02;      0000623P0001295
126,9,5,0,0,1,0,0.,0.,0.,0.,0.,0.,0.500960084,0.500960084,       0000625P0001296
0.500960084,0.500960084,1.,1.,1.,1.,1.,1.,1.,1.,1.,1.,1.,1.,1.,  0000625P0001297
1.,1.,1.,3.627055537,-9.31903794,1.650641845,3.639050289,        0000625P0001298
-9.314369472,1.628305653,3.653765209,-9.308620042,1.607560328,   0000625P0001299
3.670968468,-9.301859837,1.588911833,3.69029903,-9.294202669,    0000625P0001300
1.572838007,3.732166967,-9.277469268,1.546597617,3.754693568,    0000625P0001301
-9.268397949,1.536407192,3.77837465,-9.258775122,1.529474196,    0000625P0001302
3.80262189,-9.248824444,1.526008827,3.826834324,-9.238795325,    0000625P0001303
1.526008827,0.,1.,0.379907821,-0.924904971,1.486076807E-02;      0000625P0001304
126,1,1,1,0,1,0,2.317579422E-04,2.317579422E-04,0.600092703,     0000627P0001305
0.600092703,1.,1.,4.024841796,-9.154269415,1.650646471,          0000627P0001306
1.609936718,-3.661707766,2.460258588,2.317579422E-04,            0000627P0001307
0.600092703,0.317868193,-0.,0.948134912;                         0000627P0001308
110,2.132400477,-3.384208653,3.489964434,5.331001192,            0000629P0001309
-8.460521632,4.224911085;                                        0000629P0001310
104,2.481589954E-03,0.,1.E-02,0.,-0.,-1.,0.,1.412672727,         0000631P0001311
9.975207413,-1.556190448,9.969906029;                            0000631P0001312
124,0.43910945,0.472239128,0.764312173,0.,0.235248563,           0000633P0001313
-0.881470479,0.409472719,-6.661338148E-16,0.867087657,           0000633P0001314
2.981541454E-13,-0.498155594,3.;                                 0000633P0001315
104,9.852072668E-03,0.,1.E-02,0.,-0.,-1.,0.,10.071179889,        0000635P0001316
-0.26784848,10.074794508,1.285653719E-12;                        0000635P0001317
124,0.551445722,0.831469612,-6.757144092E-02,0.,-0.825296845,    0000637P0001318
0.555570233,0.101127808,-6.661338148E-16,0.12162538,             0000637P0001319
2.699146575E-13,0.992576076,3.;                                  0000637P0001320
104,9.852072668E-03,0.,1.E-02,0.,-0.,-1.,0.,10.074794508,        0000639P0001321
1.288757378E-12,10.071179889,0.26784848;                         0000639P0001322
124,0.551445722,0.831469612,-6.757144092E-02,0.,-0.825296845,    0000641P0001323
0.555570233,0.101127808,-6.661338148E-16,0.12162538,             0000641P0001324
2.699146575E-13,0.992576076,3.;                                  0000641P0001325
110,5.776416936,-8.162904347,4.224911085,2.310566774,            0000643P0001326
-3.265161739,3.489964434;                                        0000643P0001327
126,1,1,1,0,1,0,2.317522038E-04,2.317522038E-04,0.600092701,     0000645P0001328
0.600092701,1.,1.,6.917203799,-7.221654353,1.650641845,          0000645P0001329
2.76688152,-2.888661741,2.460256738,2.317522038E-04,0.600092701, 0000645P0001330
0.191463865,-0.,0.981499663;                                     0000645P0001331
104,2.481589954E-03,0.,1.E-02,0.,-0.,-1.,0.,-1.556195783,        0000647P0001332
-9.969905823,1.412672727,-9.975207413;                           0000647P0001333
124,-0.385381244,-0.633654444,-0.67079307,0.,-0.315658506,       0000649P0001334
0.773616213,-0.549433947,-6.661338148E-16,0.867087657,           0000649P0001335
1.051550247E-13,-0.498155594,3.;                                 0000649P0001336
126,9,5,0,0,1,0,0.,0.,0.,0.,0.,0.,0.500949979,0.500949979,       0000651P0001337
0.500949979,0.500949979,1.,1.,1.,1.,1.,1.,1.,1.,1.,1.,1.,1.,1.,  0000651P0001338
1.,1.,1.,7.221656197,-6.917201874,1.650646471,7.212753235,       0000651P0001339
-6.926496692,1.628310003,7.20181061,-6.937890978,1.60756434,     0000651P0001340
7.188981875,-6.951197414,1.58891545,7.174510335,-6.966126012,    0000651P0001341
1.572841177,7.143028293,-6.998403612,1.546599288,7.12602635,     0000651P0001342
-7.01574464,1.536408045,7.108072966,-7.033941324,1.52947448,     0000651P0001343
7.089599966,-7.052535658,1.526008827,7.071067812,-7.071067812,   0000651P0001344
1.526008827,0.,1.,0.709116449,-0.704934769,1.486045986E-02;      0000651P0001345
126,9,5,0,0,1,0,0.,0.,0.,0.,0.,0.,0.500960084,0.500960084,       0000653P0001346
0.500960084,0.500960084,1.,1.,1.,1.,1.,1.,1.,1.,1.,1.,1.,1.,1.,  0000653P0001347
1.,1.,1.,6.917203799,-7.221654353,1.650641845,6.92649896,        0000653P0001348
-7.212751058,1.628305653,6.937893562,-7.201808122,1.607560328,   0000653P0001349
6.951200281,-7.188979104,1.588911833,6.966129121,-7.174507318,   0000653P0001350
1.572838007,6.998406455,-7.143025505,1.546597617,7.015746878,    0000653P0001351
-7.126024142,1.536407192,7.033942849,-7.108071451,1.529474196,   0000653P0001352
7.052536417,-7.089599206,1.526008827,7.071067812,-7.071067812,   0000653P0001353
1.526008827,0.,1.,0.704934869,-0.709116343,1.486076808E-02;      0000653P0001354
126,1,1,1,0,1,0,2.317579422E-04,2.317579422E-04,0.600092703,     0000655P0001355
0.600092703,1.,1.,7.221656197,-6.917201874,1.650646471,          0000655P0001356
2.888662479,-2.76688075,2.460258588,2.317579422E-04,0.600092703, 0000655P0001357
0.183669556,-0.,0.982988044;                                     0000655P0001358
110,3.265161739,-2.310566774,3.489964434,8.162904347,            0000657P0001359
-5.776416936,4.224911085;                                        0000657P0001360
104,2.481589954E-03,0.,1.E-02,0.,-0.,-1.,0.,1.412672727,         0000659P0001361
9.975207413,-1.556190448,9.969906029;                            0000659P0001362
124,0.315658506,0.773616213,0.549433947,0.,0.385381244,          0000661P0001363
-0.633654444,0.67079307,-6.661338148E-16,0.867087657,            0000661P0001364
3.470379105E-13,-0.498155594,3.;                                 0000661P0001365
104,9.852072668E-03,0.,1.E-02,0.,-0.,-1.,0.,10.071179889,        0000663P0001366
-0.26784848,10.074794508,-1.289517293E-12;                       0000663P0001367
124,0.825296845,0.555570233,-0.101127808,0.,-0.551445722,        0000665P0001368
0.831469612,6.757144092E-02,-6.661338148E-16,0.12162538,         0000665P0001369
-2.699171145E-13,0.992576076,3.;                                 0000665P0001370
104,9.852072668E-03,0.,1.E-02,0.,-0.,-1.,0.,10.074794508,        0000667P0001371
-1.288629115E-12,10.071179889,0.26784848;                        0000667P0001372
124,0.825296845,0.555570233,-0.101127808,0.,-0.551445722,        0000669P0001373
0.831469612,6.757144092E-02,-6.661338148E-16,0.12162538,         0000669P0001374
-2.699171145E-13,0.992576076,3.;                                 0000669P0001375
110,8.460521632,-5.331001192,4.224911085,3.384208653,            0000671P0001376
-2.132400477,3.489964434;                                        0000671P0001377
126,1,1,1,0,1,0,2.317522038E-04,2.317522038E-04,0.600092701,     0000673P0001378
0.600092701,1.,1.,9.154270488,-4.024839355,1.650641845,          0000673P0001379
3.661708195,-1.609935742,2.460256738,2.317522038E-04,            0000673P0001380
0.600092701,0.145826343,-0.,0.989310203;                         0000673P0001381
104,2.481589954E-03,0.,1.E-02,0.,-0.,-1.,0.,-1.556195783,        0000675P0001382
-9.969905823,1.412672727,-9.975207413;                           0000675P0001383
124,-0.235248563,-0.881470479,-0.409472719,0.,-0.43910945,       0000677P0001384
0.472239128,-0.764312173,-6.661338148E-16,0.867087657,           0000677P0001385
-7.11350681E-16,-0.498155594,3.;                                 0000677P0001386
126,9,5,0,0,1,0,0.,0.,0.,0.,0.,0.,0.500950223,0.500950223,       0000679P0001387
0.500950223,0.500950223,1.,1.,1.,1.,1.,1.,1.,1.,1.,1.,1.,1.,1.,  0000679P0001388
1.,1.,1.,9.319038907,-3.627053053,1.650646471,9.314370615,       0000679P0001389
-3.639047361,1.628310003,9.308621352,-3.65376187,1.60756434,     0000679P0001390
9.301861299,-3.670964758,1.58891545,9.294204267,-3.690295003,    0000679P0001391
1.572841177,9.277470764,-3.732163252,1.546599301,9.26839915,     0000679P0001392
-3.754690611,1.536408065,9.258775966,-3.778372592,1.5294745,     0000679P0001393
9.248824894,-3.802620803,1.52600884,9.238795374,-3.826834205,    0000679P0001394
1.526008827,0.,1.,0.924905032,-0.379907685,1.486045419E-02;      0000679P0001395
126,9,5,0,0,1,0,0.,0.,0.,0.,0.,0.,0.500960084,0.500960084,       0000681P0001396
0.500960084,0.500960084,1.,1.,1.,1.,1.,1.,1.,1.,1.,1.,1.,1.,1.,  0000681P0001397
1.,1.,1.,9.154270488,-4.024839355,1.650641845,9.159450953,       0000681P0001398
-4.01305668,1.628305653,9.165790512,-3.998586199,1.607560328,    0000681P0001399
9.173174865,-3.981641471,1.588911833,9.181429202,-3.962558265,   0000681P0001400
1.572838007,9.199202002,-3.921120861,1.546597617,9.208716324,    0000681P0001401
-3.898777757,1.536407192,9.218657011,-3.875228337,1.529474196,   0000681P0001402
9.228766207,-3.851046757,1.526008827,9.238795325,-3.826834324,   0000681P0001403
1.526008827,0.,1.,0.922641973,-0.385371181,1.486076805E-02;      0000681P0001404
126,1,1,1,0,1,0,2.317579422E-04,2.317579422E-04,0.600092703,     0000683P0001405
0.600092703,1.,1.,9.319038907,-3.627053053,1.650646471,          0000683P0001406
3.727615563,-1.450821221,2.460258588,2.317579422E-04,            0000683P0001407
0.600092703,0.143300943,-0.,0.98967916;                          0000683P0001408
110,3.900831725,-0.88516205,3.489964434,9.752079312,             0000685P0001409
-2.212905125,4.224911085;                                        0000685P0001410
104,2.481589954E-03,0.,1.E-02,0.,-0.,-1.,0.,1.412672727,         0000687P0001411
9.975207413,-1.556190448,9.969906029;                            0000687P0001412
124,0.144151416,0.957217243,0.250909384,0.,0.476843124,          0000689P0001413
-0.289370264,0.829991256,-6.661338148E-16,0.867087657,           0000689P0001414
5.586226082E-13,-0.498155594,3.;                                 0000689P0001415
104,9.852072668E-03,0.,1.E-02,0.,-0.,-1.,0.,10.071179889,        0000691P0001416
-0.26784848,10.074794508,2.199932058E-12;                        0000691P0001417
124,0.973504005,0.195090322,-0.119288383,0.,-0.193641986,        0000693P0001418
0.98078528,2.372793463E-02,-6.661338148E-16,0.12162538,          0000693P0001419
4.67380113E-15,0.992576076,3.;                                   0000693P0001420
104,9.852072668E-03,0.,1.E-02,0.,-0.,-1.,0.,10.074794508,        0000695P0001421
2.204275411E-12,10.071179889,0.26784848;                         0000695P0001422
124,0.973504005,0.195090322,-0.119288383,0.,-0.193641986,        0000697P0001423
0.98078528,2.372793463E-02,-6.661338148E-16,0.12162538,          0000697P0001424
4.67380113E-15,0.992576076,3.;                                   0000697P0001425
110,9.856588605,-1.687501431,4.224911085,3.942635442,            0000699P0001426
-0.675000573,3.489964434;                                        0000699P0001427
104,2.481589954E-03,0.,1.E-02,0.,-0.,-1.,0.,-1.556195783,        0000701P0001428
-9.969905823,1.412672727,-9.975207413;                           0000701P0001429
124,-4.930142093E-02,-0.995090625,-8.581385836E-02,0.,           0000703P0001430
-0.495709961,9.896791597E-02,-0.862830798,-6.661338148E-16,      0000703P0001431
0.867087657,5.341006056E-14,-0.498155594,3.;                     0000703P0001432
110,10.,0.,0.,10.,-3.38842027E-16,1.526008826;                   0000705P0001433
110,0.,3.689052653,0.,0.,1.278649122,0.;                         0000707P0001434
126,6,6,1,0,1,0,0.,0.,0.,0.,0.,0.,0.,1.,1.,1.,1.,1.,1.,1.,1.,1., 0000709P0001435
1.,1.,1.,1.,1.,0.,1.278649122,0.,0.248973239,1.278649122,0.,     0000709P0001436
0.497966194,1.274990675,0.,0.73309993,1.267671328,0.,0.9405429,  0000709P0001437
1.257052714,0.,1.109554921,1.243818431,0.,1.233553399,           0000709P0001438
1.228795915,0.,0.,1.,-0.,-0.,1.;                                 0000709P0001439
126,5,5,0,0,1,0,1.493195704,1.493195704,1.493195704,1.493195704, 0000711P0001440
1.493195704,1.493195704,1.641227624,1.641227624,1.641227624,     0000711P0001441
1.641227624,1.641227624,1.641227624,1.,1.,1.,1.,1.,1.,           0000711P0001442
1.233553399,1.228795915,0.,2.929874258,1.023285228,0.,           0000711P0001443
4.626195117,0.81718316,0.,6.322515975,0.610864997,0.,            0000711P0001444
8.018836834,0.404708188,0.,9.715157693,0.199088219,0.,           0000711P0001445
1.493195704,1.641227624,0.,0.,1.;                                0000711P0001446
126,5,5,1,0,1,0,3.114804602,3.114804602,3.114804602,3.114804602, 0000713P0001447
3.114804602,3.114804602,3.168380705,3.168380705,3.168380705,     0000713P0001448
3.168380705,3.168380705,3.168380705,1.,1.,1.,1.,1.,1.,           0000713P0001449
9.715157693,0.19908822,0.,10.329094616,0.198947547,0.,           0000713P0001450
10.943031539,0.198877194,0.,11.556968462,0.198877194,0.,         0000713P0001451
12.170905384,0.198947547,0.,12.784842307,0.19908822,0.,          0000713P0001452
3.114804602,3.168380705,0.,0.,1.;                                0000713P0001453
126,5,5,1,0,1,0,4.641957683,4.641957683,4.641957683,4.641957683, 0000715P0001454
4.641957683,4.641957683,4.789989337,4.789989337,4.789989337,     0000715P0001455
4.789989337,4.789989337,4.789989337,1.,1.,1.,1.,1.,1.,           0000715P0001456
12.784842307,0.199088219,0.,14.481160111,0.404707818,0.,         0000715P0001457
16.177477916,0.610864256,0.,17.87379572,0.817182045,0.,          0000715P0001458
19.570113524,1.023283743,0.,21.266431328,1.228794064,0.,         0000715P0001459
4.641957683,4.789989337,-0.,-0.,1.;                              0000715P0001460
126,11,6,1,0,1,0,0.,0.,0.,0.,0.,0.,0.,0.50000002,0.50000002,     0000717P0001461
0.50000002,0.50000002,0.50000002,1.,1.,1.,1.,1.,1.,1.,1.,1.,1.,  0000717P0001462
1.,1.,1.,1.,1.,1.,1.,1.,1.,21.266431328,1.228794065,0.,          0000717P0001463
21.390426462,1.243816918,0.,21.55943661,1.257051571,0.,          0000717P0001464
21.76687923,1.267670552,0.,22.002013966,1.274990225,0.,          0000717P0001465
22.251008915,1.278648935,0.,22.748960505,1.27864931,0.,          0000717P0001466
22.997956573,1.274990974,0.,23.233093563,1.267671654,0.,         0000717P0001467
23.440539442,1.257052984,0.,23.609553653,1.243818584,0.,         0000717P0001468
23.733553399,1.228795915,0.,0.,1.,-0.,-0.,1.;                    0000717P0001469
126,5,5,1,0,1,0,1.493195704,1.493195704,1.493195704,1.493195704, 0000719P0001470
1.493195704,1.493195704,1.641227624,1.641227624,1.641227624,     0000719P0001471
1.641227624,1.641227624,1.641227624,1.,1.,1.,1.,1.,1.,           0000719P0001472
23.733553399,1.228795914,0.,25.429874258,1.023285227,0.,         0000719P0001473
27.126195117,0.817183159,0.,28.822515975,0.610864998,0.,         0000719P0001474
30.518836834,0.404708189,0.,32.215157693,0.199088219,0.,         0000719P0001475
1.493195704,1.641227624,-0.,-0.,1.;                              0000719P0001476
126,5,5,1,0,1,0,3.114804602,3.114804602,3.114804602,3.114804602, 0000721P0001477
3.114804602,3.114804602,3.168380705,3.168380705,3.168380705,     0000721P0001478
3.168380705,3.168380705,3.168380705,1.,1.,1.,1.,1.,1.,           0000721P0001479
32.215157693,0.19908822,0.,32.829094616,0.198947547,0.,          0000721P0001480
33.443031539,0.198877194,0.,34.056968462,0.198877194,0.,         0000721P0001481
34.670905384,0.198947547,0.,35.284842307,0.19908822,0.,          0000721P0001482
3.114804602,3.168380705,0.,0.,1.;                                0000721P0001483
126,5,5,1,0,1,0,4.641957683,4.641957683,4.641957683,4.641957683, 0000723P0001484
4.641957683,4.641957683,4.789989337,4.789989337,4.789989337,     0000723P0001485
4.789989337,4.789989337,4.789989337,1.,1.,1.,1.,1.,1.,           0000723P0001486
35.284842307,0.199088219,0.,36.981160111,0.404707818,0.,         0000723P0001487
38.677477916,0.610864256,0.,40.37379572,0.817182045,0.,          0000723P0001488
42.070113524,1.023283743,0.,43.766431328,1.228794064,0.,         0000723P0001489
4.641957683,4.789989337,-0.,-0.,1.;                              0000723P0001490
126,11,6,1,0,1,0,0.,0.,0.,0.,0.,0.,0.,0.50000002,0.50000002,     0000725P0001491
0.50000002,0.50000002,0.50000002,1.,1.,1.,1.,1.,1.,1.,1.,1.,1.,  0000725P0001492
1.,1.,1.,1.,1.,1.,1.,1.,1.,43.766431328,1.228794065,0.,          0000725P0001493
43.890426462,1.243816918,0.,44.05943661,1.257051571,0.,          0000725P0001494
44.26687923,1.267670552,0.,44.502013966,1.274990225,0.,          0000725P0001495
44.751008915,1.278648935,0.,45.248960505,1.27864931,0.,          0000725P0001496
45.497956573,1.274990974,0.,45.733093563,1.267671654,0.,         0000725P0001497
45.940539442,1.257052984,0.,46.109553653,1.243818584,0.,         0000725P0001498
46.233553399,1.228795915,0.,0.,1.,-0.,-0.,1.;                    0000725P0001499
126,5,5,1,0,1,0,1.493195704,1.493195704,1.493195704,1.493195704, 0000727P0001500
1.493195704,1.493195704,1.641227624,1.641227624,1.641227624,     0000727P0001501
1.641227624,1.641227624,1.641227624,1.,1.,1.,1.,1.,1.,           0000727P0001502
46.233553399,1.228795914,0.,47.929874258,1.023285227,0.,         0000727P0001503
49.626195117,0.817183159,0.,51.322515975,0.610864998,0.,         0000727P0001504
53.018836834,0.404708189,0.,54.715157693,0.199088219,0.,         0000727P0001505
1.493195704,1.641227624,-0.,-0.,1.;                              0000727P0001506
126,5,5,1,0,1,0,3.114804602,3.114804602,3.114804602,3.114804602, 0000729P0001507
3.114804602,3.114804602,3.168380705,3.168380705,3.168380705,     0000729P0001508
3.168380705,3.168380705,3.168380705,1.,1.,1.,1.,1.,1.,           0000729P0001509
54.715157693,0.19908822,0.,55.329094616,0.198947547,0.,          0000729P0001510
55.943031539,0.198877194,0.,56.556968462,0.198877194,0.,         0000729P0001511
57.170905384,0.198947547,0.,57.784842307,0.19908822,0.,          0000729P0001512
3.114804602,3.168380705,0.,0.,1.;                                0000729P0001513
126,5,5,1,0,1,0,4.641957683,4.641957683,4.641957683,4.641957683, 0000731P0001514
4.641957683,4.641957683,4.789989337,4.789989337,4.789989337,     0000731P0001515
4.789989337,4.789989337,4.789989337,1.,1.,1.,1.,1.,1.,           0000731P0001516
57.784842307,0.199088219,0.,59.481160111,0.404707818,0.,         0000731P0001517
61.177477916,0.610864256,0.,62.87379572,0.817182045,0.,          0000731P0001518
64.570113524,1.023283743,0.,66.266431328,1.228794064,0.,         0000731P0001519
4.641957683,4.789989337,-0.,-0.,1.;                              0000731P0001520
126,11,6,1,0,1,0,0.,0.,0.,0.,0.,0.,0.,0.50000002,0.50000002,     0000733P0001521
0.50000002,0.50000002,0.50000002,1.,1.,1.,1.,1.,1.,1.,1.,1.,1.,  0000733P0001522
1.,1.,1.,1.,1.,1.,1.,1.,1.,66.266431328,1.228794065,0.,          0000733P0001523
66.390426462,1.243816918,0.,66.55943661,1.257051571,0.,          0000733P0001524
66.76687923,1.267670552,0.,67.002013966,1.274990225,0.,          0000733P0001525
67.251008915,1.278648935,0.,67.748960505,1.27864931,0.,          0000733P0001526
67.997956573,1.274990974,0.,68.233093563,1.267671654,0.,         0000733P0001527
68.440539442,1.257052984,0.,68.609553653,1.243818584,0.,         0000733P0001528
68.733553399,1.228795915,0.,0.,1.,-0.,-0.,1.;                    0000733P0001529
126,5,5,1,0,1,0,1.493195704,1.493195704,1.493195704,1.493195704, 0000735P0001530
1.493195704,1.493195704,1.641227624,1.641227624,1.641227624,     0000735P0001531
1.641227624,1.641227624,1.641227624,1.,1.,1.,1.,1.,1.,           0000735P0001532
68.733553399,1.228795914,0.,70.429874258,1.023285227,0.,         0000735P0001533
72.126195117,0.817183159,0.,73.822515975,0.610864998,0.,         0000735P0001534
75.518836834,0.404708189,0.,77.215157693,0.199088219,0.,         0000735P0001535
1.493195704,1.641227624,-0.,-0.,1.;                              0000735P0001536
126,5,5,1,0,1,0,3.114804602,3.114804602,3.114804602,3.114804602, 0000737P0001537
3.114804602,3.114804602,3.168380705,3.168380705,3.168380705,     0000737P0001538
3.168380705,3.168380705,3.168380705,1.,1.,1.,1.,1.,1.,           0000737P0001539
77.215157693,0.19908822,0.,77.829094616,0.198947547,0.,          0000737P0001540
78.443031539,0.198877194,0.,79.056968462,0.198877194,0.,         0000737P0001541
79.670905384,0.198947547,0.,80.284842307,0.19908822,0.,          0000737P0001542
3.114804602,3.168380705,0.,0.,1.;                                0000737P0001543
126,5,5,1,0,1,0,4.641957683,4.641957683,4.641957683,4.641957683, 0000739P0001544
4.641957683,4.641957683,4.789989337,4.789989337,4.789989337,     0000739P0001545
4.789989337,4.789989337,4.789989337,1.,1.,1.,1.,1.,1.,           0000739P0001546
80.284842307,0.199088219,0.,81.981160111,0.404707818,0.,         0000739P0001547
83.677477916,0.610864256,0.,85.37379572,0.817182045,0.,          0000739P0001548
87.070113524,1.023283743,0.,88.766431328,1.228794064,0.,         0000739P0001549
4.641957683,4.789989337,-0.,-0.,1.;                              0000739P0001550
126,11,6,1,0,1,0,0.,0.,0.,0.,0.,0.,0.,0.50000002,0.50000002,     0000741P0001551
0.50000002,0.50000002,0.50000002,1.,1.,1.,1.,1.,1.,1.,1.,1.,1.,  0000741P0001552
1.,1.,1.,1.,1.,1.,1.,1.,1.,88.766431328,1.228794065,0.,          0000741P0001553
88.890426462,1.243816918,0.,89.05943661,1.257051571,0.,          0000741P0001554
89.26687923,1.267670552,0.,89.502013966,1.274990225,0.,          0000741P0001555
89.751008915,1.278648935,0.,90.248960505,1.27864931,0.,          0000741P0001556
90.497956573,1.274990974,0.,90.733093563,1.267671654,0.,         0000741P0001557
90.940539442,1.257052984,0.,91.109553653,1.243818584,0.,         0000741P0001558
91.233553399,1.228795915,0.,0.,1.,-0.,-0.,1.;                    0000741P0001559
126,5,5,1,0,1,0,1.493195704,1.493195704,1.493195704,1.493195704, 0000743P0001560
1.493195704,1.493195704,1.641227624,1.641227624,1.641227624,     0000743P0001561
1.641227624,1.641227624,1.641227624,1.,1.,1.,1.,1.,1.,           0000743P0001562
91.233553399,1.228795914,0.,92.929874258,1.023285227,0.,         0000743P0001563
94.626195117,0.817183159,0.,96.322515975,0.610864998,0.,         0000743P0001564
98.018836834,0.404708189,0.,99.715157693,0.199088219,0.,         0000743P0001565
1.493195704,1.641227624,-0.,-0.,1.;                              0000743P0001566
126,5,5,1,0,1,0,3.114804602,3.114804602,3.114804602,3.114804602, 0000745P0001567
3.114804602,3.114804602,3.168380705,3.168380705,3.168380705,     0000745P0001568
3.168380705,3.168380705,3.168380705,1.,1.,1.,1.,1.,1.,           0000745P0001569
99.715157693,0.19908822,0.,100.329094616,0.198947547,0.,         0000745P0001570
100.943031539,0.198877194,0.,101.556968462,0.198877194,0.,       0000745P0001571
102.170905384,0.198947547,0.,102.784842307,0.19908822,0.,        0000745P0001572
3.114804602,3.168380705,0.,0.,1.;                                0000745P0001573
126,5,5,1,0,1,0,4.641957683,4.641957683,4.641957683,4.641957683, 0000747P0001574
4.641957683,4.641957683,4.789989337,4.789989337,4.789989337,     0000747P0001575
4.789989337,4.789989337,4.789989337,1.,1.,1.,1.,1.,1.,           0000747P0001576
102.784842307,0.199088219,0.,104.481160111,0.404707818,0.,       0000747P0001577
106.177477916,0.610864256,0.,107.87379572,0.817182045,0.,        0000747P0001578
109.570113524,1.023283743,0.,111.266431328,1.228794064,0.,       0000747P0001579
4.641957683,4.789989337,-0.,-0.,1.;                              0000747P0001580
126,11,6,1,0,1,0,0.,0.,0.,0.,0.,0.,0.,0.50000002,0.50000002,     0000749P0001581
0.50000002,0.50000002,0.50000002,1.,1.,1.,1.,1.,1.,1.,1.,1.,1.,  0000749P0001582
1.,1.,1.,1.,1.,1.,1.,1.,1.,111.266431328,1.228794065,0.,         0000749P0001583
111.390426462,1.243816918,0.,111.55943661,1.257051571,0.,        0000749P0001584
111.76687923,1.267670552,0.,112.002013966,1.274990225,0.,        0000749P0001585
112.251008915,1.278648935,0.,112.748960505,1.27864931,0.,        0000749P0001586
112.997956573,1.274990974,0.,113.233093563,1.267671654,0.,       0000749P0001587
113.440539442,1.257052984,0.,113.609553653,1.243818584,0.,       0000749P0001588
113.733553399,1.228795915,0.,0.,1.,-0.,-0.,1.;                   0000749P0001589
126,5,5,1,0,1,0,1.493195704,1.493195704,1.493195704,1.493195704, 0000751P0001590
1.493195704,1.493195704,1.641227624,1.641227624,1.641227624,     0000751P0001591
1.641227624,1.641227624,1.641227624,1.,1.,1.,1.,1.,1.,           0000751P0001592
113.733553399,1.228795914,0.,115.429874258,1.023285227,0.,       0000751P0001593
117.126195117,0.817183159,0.,118.822515975,0.610864998,0.,       0000751P0001594
120.518836834,0.404708189,0.,122.215157693,0.199088219,0.,       0000751P0001595
1.493195704,1.641227624,-0.,-0.,1.;                              0000751P0001596
126,5,5,1,0,1,0,3.114804602,3.114804602,3.114804602,3.114804602, 0000753P0001597
3.114804602,3.114804602,3.168380705,3.168380705,3.168380705,     0000753P0001598
3.168380705,3.168380705,3.168380705,1.,1.,1.,1.,1.,1.,           0000753P0001599
122.215157693,0.19908822,0.,122.829094616,0.198947547,0.,        0000753P0001600
123.443031539,0.198877194,0.,124.056968462,0.198877194,0.,       0000753P0001601
124.670905384,0.198947547,0.,125.284842307,0.19908822,0.,        0000753P0001602
3.114804602,3.168380705,0.,0.,1.;                                0000753P0001603
126,5,5,1,0,1,0,4.641957683,4.641957683,4.641957683,4.641957683, 0000755P0001604
4.641957683,4.641957683,4.789989337,4.789989337,4.789989337,     0000755P0001605
4.789989337,4.789989337,4.789989337,1.,1.,1.,1.,1.,1.,           0000755P0001606
125.284842307,0.199088219,0.,126.981160111,0.404707818,0.,       0000755P0001607
128.677477916,0.610864256,0.,130.37379572,0.817182045,0.,        0000755P0001608
132.070113524,1.023283743,0.,133.766431328,1.228794064,0.,       0000755P0001609
4.641957683,4.789989337,-0.,-0.,1.;                              0000755P0001610
126,11,6,1,0,1,0,0.,0.,0.,0.,0.,0.,0.,0.50000002,0.50000002,     0000757P0001611
0.50000002,0.50000002,0.50000002,1.,1.,1.,1.,1.,1.,1.,1.,1.,1.,  0000757P0001612
1.,1.,1.,1.,1.,1.,1.,1.,1.,133.766431328,1.228794065,0.,         0000757P0001613
133.890426462,1.243816918,0.,134.05943661,1.257051571,0.,        0000757P0001614
134.26687923,1.267670552,0.,134.502013966,1.274990225,0.,        0000757P0001615
134.751008915,1.278648935,0.,135.248960505,1.27864931,0.,        0000757P0001616
135.497956573,1.274990974,0.,135.733093563,1.267671654,0.,       0000757P0001617
135.940539442,1.257052984,0.,136.109553653,1.243818584,0.,       0000757P0001618
136.233553399,1.228795915,0.,0.,1.,-0.,-0.,1.;                   0000757P0001619
126,5,5,1,0,1,0,1.493195704,1.493195704,1.493195704,1.493195704, 0000759P0001620
1.493195704,1.493195704,1.641227624,1.641227624,1.641227624,     0000759P0001621
1.641227624,1.641227624,1.641227624,1.,1.,1.,1.,1.,1.,           0000759P0001622
136.233553399,1.228795914,0.,137.929874258,1.023285227,0.,       0000759P0001623
139.626195117,0.817183159,0.,141.322515975,0.610864998,0.,       0000759P0001624
143.018836834,0.404708189,0.,144.715157693,0.199088219,0.,       0000759P0001625
1.493195704,1.641227624,-0.,-0.,1.;                              0000759P0001626
126,5,5,1,0,1,0,3.114804602,3.114804602,3.114804602,3.114804602, 0000761P0001627
3.114804602,3.114804602,3.168380705,3.168380705,3.168380705,     0000761P0001628
3.168380705,3.168380705,3.168380705,1.,1.,1.,1.,1.,1.,           0000761P0001629
144.715157693,0.19908822,0.,145.329094616,0.198947547,0.,        0000761P0001630
145.943031539,0.198877194,0.,146.556968462,0.198877194,0.,       0000761P0001631
147.170905384,0.198947547,0.,147.784842307,0.19908822,0.,        0000761P0001632
3.114804602,3.168380705,0.,0.,1.;                                0000761P0001633
126,5,5,1,0,1,0,4.641957683,4.641957683,4.641957683,4.641957683, 0000763P0001634
4.641957683,4.641957683,4.789989337,4.789989337,4.789989337,     0000763P0001635
4.789989337,4.789989337,4.789989337,1.,1.,1.,1.,1.,1.,           0000763P0001636
147.784842307,0.199088219,0.,149.481160111,0.404707818,0.,       0000763P0001637
151.177477916,0.610864256,0.,152.87379572,0.817182045,0.,        0000763P0001638
154.570113524,1.023283743,0.,156.266431328,1.228794064,0.,       0000763P0001639
4.641957683,4.789989337,-0.,-0.,1.;                              0000763P0001640
126,11,6,1,0,1,0,0.,0.,0.,0.,0.,0.,0.,0.50000002,0.50000002,     0000765P0001641
0.50000002,0.50000002,0.50000002,1.,1.,1.,1.,1.,1.,1.,1.,1.,1.,  0000765P0001642
1.,1.,1.,1.,1.,1.,1.,1.,1.,156.266431328,1.228794065,0.,         0000765P0001643
156.390426462,1.243816918,0.,156.55943661,1.257051571,0.,        0000765P0001644
156.76687923,1.267670552,0.,157.002013966,1.274990225,0.,        0000765P0001645
157.251008915,1.278648935,0.,157.748960505,1.27864931,0.,        0000765P0001646
157.997956573,1.274990974,0.,158.233093563,1.267671654,0.,       0000765P0001647
158.440539442,1.257052984,0.,158.609553653,1.243818584,0.,       0000765P0001648
158.733553399,1.228795915,0.,0.,1.,-0.,-0.,1.;                   0000765P0001649
126,5,5,1,0,1,0,1.493195704,1.493195704,1.493195704,1.493195704, 0000767P0001650
1.493195704,1.493195704,1.641227624,1.641227624,1.641227624,     0000767P0001651
1.641227624,1.641227624,1.641227624,1.,1.,1.,1.,1.,1.,           0000767P0001652
158.733553399,1.228795914,0.,160.429874258,1.023285227,0.,       0000767P0001653
162.126195117,0.817183159,0.,163.822515975,0.610864998,0.,       0000767P0001654
165.518836834,0.404708189,0.,167.215157693,0.199088219,0.,       0000767P0001655
1.493195704,1.641227624,-0.,-0.,1.;                              0000767P0001656
126,5,5,1,0,1,0,3.114804602,3.114804602,3.114804602,3.114804602, 0000769P0001657
3.114804602,3.114804602,3.168380705,3.168380705,3.168380705,     0000769P0001658
3.168380705,3.168380705,3.168380705,1.,1.,1.,1.,1.,1.,           0000769P0001659
167.215157693,0.19908822,0.,167.829094616,0.198947547,0.,        0000769P0001660
168.443031539,0.198877194,0.,169.056968462,0.198877194,0.,       0000769P0001661
169.670905384,0.198947547,0.,170.284842307,0.19908822,0.,        0000769P0001662
3.114804602,3.168380705,0.,0.,1.;                                0000769P0001663
126,5,5,1,0,1,0,4.641957683,4.641957683,4.641957683,4.641957683, 0000771P0001664
4.641957683,4.641957683,4.789989337,4.789989337,4.789989337,     0000771P0001665
4.789989337,4.789989337,4.789989337,1.,1.,1.,1.,1.,1.,           0000771P0001666
170.284842307,0.199088219,0.,171.981160111,0.404707818,0.,       0000771P0001667
173.677477916,0.610864256,0.,175.37379572,0.817182045,0.,        0000771P0001668
177.070113524,1.023283743,0.,178.766431328,1.228794064,0.,       0000771P0001669
4.641957683,4.789989337,-0.,-0.,1.;                              0000771P0001670
126,11,6,1,0,1,0,0.,0.,0.,0.,0.,0.,0.,0.50000002,0.50000002,     0000773P0001671
0.50000002,0.50000002,0.50000002,1.,1.,1.,1.,1.,1.,1.,1.,1.,1.,  0000773P0001672
1.,1.,1.,1.,1.,1.,1.,1.,1.,178.766431328,1.228794065,0.,         0000773P0001673
178.890426462,1.243816918,0.,179.05943661,1.257051571,0.,        0000773P0001674
179.26687923,1.267670552,0.,179.502013966,1.274990225,0.,        0000773P0001675
179.751008915,1.278648935,0.,180.248960505,1.27864931,0.,        0000773P0001676
180.497956573,1.274990974,0.,180.733093563,1.267671654,0.,       0000773P0001677
180.940539442,1.257052984,0.,181.109553653,1.243818584,0.,       0000773P0001678
181.233553399,1.228795915,0.,0.,1.,-0.,-0.,1.;                   0000773P0001679
126,5,5,1,0,1,0,1.493195704,1.493195704,1.493195704,1.493195704, 0000775P0001680
1.493195704,1.493195704,1.641227624,1.641227624,1.641227624,     0000775P0001681
1.641227624,1.641227624,1.641227624,1.,1.,1.,1.,1.,1.,           0000775P0001682
181.233553399,1.228795914,0.,182.929874258,1.023285227,0.,       0000775P0001683
184.626195117,0.817183159,0.,186.322515975,0.610864998,0.,       0000775P0001684
188.018836834,0.404708189,0.,189.715157693,0.199088219,0.,       0000775P0001685
1.493195704,1.641227624,-0.,-0.,1.;                              0000775P0001686
126,5,5,1,0,1,0,3.114804602,3.114804602,3.114804602,3.114804602, 0000777P0001687
3.114804602,3.114804602,3.168380705,3.168380705,3.168380705,     0000777P0001688
3.168380705,3.168380705,3.168380705,1.,1.,1.,1.,1.,1.,           0000777P0001689
189.715157693,0.19908822,0.,190.329094616,0.198947547,0.,        0000777P0001690
190.943031539,0.198877194,0.,191.556968462,0.198877194,0.,       0000777P0001691
192.170905384,0.198947547,0.,192.784842307,0.19908822,0.,        0000777P0001692
3.114804602,3.168380705,0.,0.,1.;                                0000777P0001693
126,5,5,1,0,1,0,4.641957683,4.641957683,4.641957683,4.641957683, 0000779P0001694
4.641957683,4.641957683,4.789989337,4.789989337,4.789989337,     0000779P0001695
4.789989337,4.789989337,4.789989337,1.,1.,1.,1.,1.,1.,           0000779P0001696
192.784842307,0.199088219,0.,194.481160111,0.404707818,0.,       0000779P0001697
196.177477916,0.610864256,0.,197.87379572,0.817182045,0.,        0000779P0001698
199.570113524,1.023283743,0.,201.266431328,1.228794064,0.,       0000779P0001699
4.641957683,4.789989337,-0.,-0.,1.;                              0000779P0001700
126,11,6,1,0,1,0,0.,0.,0.,0.,0.,0.,0.,0.50000002,0.50000002,     0000781P0001701
0.50000002,0.50000002,0.50000002,1.,1.,1.,1.,1.,1.,1.,1.,1.,1.,  0000781P0001702
1.,1.,1.,1.,1.,1.,1.,1.,1.,201.266431328,1.228794065,0.,         0000781P0001703
201.390426462,1.243816918,0.,201.55943661,1.257051571,0.,        0000781P0001704
201.76687923,1.267670552,0.,202.002013966,1.274990225,0.,        0000781P0001705
202.251008915,1.278648935,0.,202.748960505,1.27864931,0.,        0000781P0001706
202.997956573,1.274990974,0.,203.233093563,1.267671654,0.,       0000781P0001707
203.440539442,1.257052984,0.,203.609553653,1.243818584,0.,       0000781P0001708
203.733553399,1.228795915,0.,0.,1.,-0.,-0.,1.;                   0000781P0001709
126,5,5,1,0,1,0,1.493195704,1.493195704,1.493195704,1.493195704, 0000783P0001710
1.493195704,1.493195704,1.641227624,1.641227624,1.641227624,     0000783P0001711
1.641227624,1.641227624,1.641227624,1.,1.,1.,1.,1.,1.,           0000783P0001712
203.733553399,1.228795914,0.,205.429874258,1.023285227,0.,       0000783P0001713
207.126195117,0.817183159,0.,208.822515975,0.610864998,0.,       0000783P0001714
210.518836834,0.404708189,0.,212.215157693,0.199088219,0.,       0000783P0001715
1.493195704,1.641227624,-0.,-0.,1.;                              0000783P0001716
126,5,5,1,0,1,0,3.114804602,3.114804602,3.114804602,3.114804602, 0000785P0001717
3.114804602,3.114804602,3.168380705,3.168380705,3.168380705,     0000785P0001718
3.168380705,3.168380705,3.168380705,1.,1.,1.,1.,1.,1.,           0000785P0001719
212.215157693,0.19908822,0.,212.829094616,0.198947547,0.,        0000785P0001720
213.443031539,0.198877194,0.,214.056968462,0.198877194,0.,       0000785P0001721
214.670905384,0.198947547,0.,215.284842307,0.19908822,0.,        0000785P0001722
3.114804602,3.168380705,0.,0.,1.;                                0000785P0001723
126,5,5,1,0,1,0,4.641957683,4.641957683,4.641957683,4.641957683, 0000787P0001724
4.641957683,4.641957683,4.789989337,4.789989337,4.789989337,     0000787P0001725
4.789989337,4.789989337,4.789989337,1.,1.,1.,1.,1.,1.,           0000787P0001726
215.284842307,0.199088219,0.,216.981160111,0.404707818,0.,       0000787P0001727
218.677477916,0.610864256,0.,220.37379572,0.817182045,0.,        0000787P0001728
222.070113524,1.023283743,0.,223.766431328,1.228794064,0.,       0000787P0001729
4.641957683,4.789989337,-0.,-0.,1.;                              0000787P0001730
126,11,6,1,0,1,0,0.,0.,0.,0.,0.,0.,0.,0.50000002,0.50000002,     0000789P0001731
0.50000002,0.50000002,0.50000002,1.,1.,1.,1.,1.,1.,1.,1.,1.,1.,  0000789P0001732
1.,1.,1.,1.,1.,1.,1.,1.,1.,223.766431328,1.228794065,0.,         0000789P0001733
223.890426462,1.243816918,0.,224.05943661,1.257051571,0.,        0000789P0001734
224.26687923,1.267670552,0.,224.502013966,1.274990225,0.,        0000789P0001735
224.751008915,1.278648935,0.,225.248960505,1.27864931,0.,        0000789P0001736
225.497956573,1.274990974,0.,225.733093563,1.267671654,0.,       0000789P0001737
225.940539442,1.257052984,0.,226.109553653,1.243818584,0.,       0000789P0001738
226.233553399,1.228795915,0.,0.,1.,-0.,-0.,1.;                   0000789P0001739
126,5,5,1,0,1,0,1.493195704,1.493195704,1.493195704,1.493195704, 0000791P0001740
1.493195704,1.493195704,1.641227624,1.641227624,1.641227624,     0000791P0001741
1.641227624,1.641227624,1.641227624,1.,1.,1.,1.,1.,1.,           0000791P0001742
226.233553399,1.228795914,0.,227.929874258,1.023285227,0.,       0000791P0001743
229.626195117,0.817183159,0.,231.322515975,0.610864998,0.,       0000791P0001744
233.018836834,0.404708189,0.,234.715157693,0.199088219,0.,       0000791P0001745
1.493195704,1.641227624,-0.,-0.,1.;                              0000791P0001746
126,5,5,1,0,1,0,3.114804602,3.114804602,3.114804602,3.114804602, 0000793P0001747
3.114804602,3.114804602,3.168380705,3.168380705,3.168380705,     0000793P0001748
3.168380705,3.168380705,3.168380705,1.,1.,1.,1.,1.,1.,           0000793P0001749
234.715157693,0.19908822,0.,235.329094616,0.198947547,0.,        0000793P0001750
235.943031539,0.198877194,0.,236.556968462,0.198877194,0.,       0000793P0001751
237.170905384,0.198947547,0.,237.784842307,0.19908822,0.,        0000793P0001752
3.114804602,3.168380705,0.,0.,1.;                                0000793P0001753
126,5,5,1,0,1,0,4.641957683,4.641957683,4.641957683,4.641957683, 0000795P0001754
4.641957683,4.641957683,4.789989337,4.789989337,4.789989337,     0000795P0001755
4.789989337,4.789989337,4.789989337,1.,1.,1.,1.,1.,1.,           0000795P0001756
237.784842307,0.199088219,0.,239.481160111,0.404707818,0.,       0000795P0001757
241.177477916,0.610864256,0.,242.87379572,0.817182045,0.,        0000795P0001758
244.570113524,1.023283743,0.,246.266431328,1.228794064,0.,       0000795P0001759
4.641957683,4.789989337,-0.,-0.,1.;                              0000795P0001760
126,11,6,1,0,1,0,0.,0.,0.,0.,0.,0.,0.,0.50000002,0.50000002,     0000797P0001761
0.50000002,0.50000002,0.50000002,1.,1.,1.,1.,1.,1.,1.,1.,1.,1.,  0000797P0001762
1.,1.,1.,1.,1.,1.,1.,1.,1.,246.266431328,1.228794065,0.,         0000797P0001763
246.390426462,1.243816918,0.,246.55943661,1.257051571,0.,        0000797P0001764
246.76687923,1.267670552,0.,247.002013966,1.274990225,0.,        0000797P0001765
247.251008915,1.278648935,0.,247.748960505,1.27864931,0.,        0000797P0001766
247.997956573,1.274990974,0.,248.233093563,1.267671654,0.,       0000797P0001767
248.440539442,1.257052984,0.,248.609553653,1.243818584,0.,       0000797P0001768
248.733553399,1.228795915,0.,0.,1.,-0.,-0.,1.;                   0000797P0001769
126,5,5,1,0,1,0,1.493195704,1.493195704,1.493195704,1.493195704, 0000799P0001770
1.493195704,1.493195704,1.641227624,1.641227624,1.641227624,     0000799P0001771
1.641227624,1.641227624,1.641227624,1.,1.,1.,1.,1.,1.,           0000799P0001772
248.733553399,1.228795914,0.,250.429874258,1.023285227,0.,       0000799P0001773
252.126195117,0.817183159,0.,253.822515975,0.610864998,0.,       0000799P0001774
255.518836834,0.404708189,0.,257.215157693,0.199088219,0.,       0000799P0001775
1.493195704,1.641227624,-0.,-0.,1.;                              0000799P0001776
126,5,5,1,0,1,0,3.114804602,3.114804602,3.114804602,3.114804602, 0000801P0001777
3.114804602,3.114804602,3.168380705,3.168380705,3.168380705,     0000801P0001778
3.168380705,3.168380705,3.168380705,1.,1.,1.,1.,1.,1.,           0000801P0001779
257.215157693,0.19908822,0.,257.829094616,0.198947547,0.,        0000801P0001780
258.443031539,0.198877194,0.,259.056968462,0.198877194,0.,       0000801P0001781
259.670905384,0.198947547,0.,260.284842307,0.19908822,0.,        0000801P0001782
3.114804602,3.168380705,0.,0.,1.;                                0000801P0001783
126,5,5,1,0,1,0,4.641957683,4.641957683,4.641957683,4.641957683, 0000803P0001784
4.641957683,4.641957683,4.789989337,4.789989337,4.789989337,     0000803P0001785
4.789989337,4.789989337,4.789989337,1.,1.,1.,1.,1.,1.,           0000803P0001786
260.284842307,0.199088219,0.,261.981160111,0.404707818,0.,       0000803P0001787
263.677477916,0.610864256,0.,265.37379572,0.817182045,0.,        0000803P0001788
267.070113524,1.023283743,0.,268.766431328,1.228794064,0.,       0000803P0001789
4.641957683,4.789989337,-0.,-0.,1.;                              0000803P0001790
126,11,6,1,0,1,0,0.,0.,0.,0.,0.,0.,0.,0.50000002,0.50000002,     0000805P0001791
0.50000002,0.50000002,0.50000002,1.,1.,1.,1.,1.,1.,1.,1.,1.,1.,  0000805P0001792
1.,1.,1.,1.,1.,1.,1.,1.,1.,268.766431328,1.228794065,0.,         0000805P0001793
268.890426462,1.243816918,0.,269.05943661,1.257051571,0.,        0000805P0001794
269.26687923,1.267670552,0.,269.502013966,1.274990225,0.,        0000805P0001795
269.751008915,1.278648935,0.,270.248960505,1.27864931,0.,        0000805P0001796
270.497956573,1.274990974,0.,270.733093563,1.267671654,0.,       0000805P0001797
270.940539442,1.257052984,0.,271.109553653,1.243818584,0.,       0000805P0001798
271.233553399,1.228795915,0.,0.,1.,-0.,-0.,1.;                   0000805P0001799
126,5,5,1,0,1,0,1.493195704,1.493195704,1.493195704,1.493195704, 0000807P0001800
1.493195704,1.493195704,1.641227624,1.641227624,1.641227624,     0000807P0001801
1.641227624,1.641227624,1.641227624,1.,1.,1.,1.,1.,1.,           0000807P0001802
271.233553399,1.228795914,0.,272.929874258,1.023285227,0.,       0000807P0001803
274.626195117,0.817183159,0.,276.322515975,0.610864998,0.,       0000807P0001804
278.018836834,0.404708189,0.,279.715157693,0.199088219,0.,       0000807P0001805
1.493195704,1.641227624,-0.,-0.,1.;                              0000807P0001806
126,5,5,1,0,1,0,3.114804602,3.114804602,3.114804602,3.114804602, 0000809P0001807
3.114804602,3.114804602,3.168380705,3.168380705,3.168380705,     0000809P0001808
3.168380705,3.168380705,3.168380705,1.,1.,1.,1.,1.,1.,           0000809P0001809
279.715157693,0.19908822,0.,280.329094616,0.198947547,0.,        0000809P0001810
280.943031539,0.198877194,0.,281.556968462,0.198877194,0.,       0000809P0001811
282.170905384,0.198947547,0.,282.784842307,0.19908822,0.,        0000809P0001812
3.114804602,3.168380705,0.,0.,1.;                                0000809P0001813
126,5,5,1,0,1,0,4.641957683,4.641957683,4.641957683,4.641957683, 0000811P0001814
4.641957683,4.641957683,4.789989337,4.789989337,4.789989337,     0000811P0001815
4.789989337,4.789989337,4.789989337,1.,1.,1.,1.,1.,1.,           0000811P0001816
282.784842307,0.199088219,0.,284.481160111,0.404707818,0.,       0000811P0001817
286.177477916,0.610864256,0.,287.87379572,0.817182045,0.,        0000811P0001818
289.570113524,1.023283743,0.,291.266431328,1.228794064,0.,       0000811P0001819
4.641957683,4.789989337,-0.,-0.,1.;                              0000811P0001820
126,11,6,1,0,1,0,0.,0.,0.,0.,0.,0.,0.,0.50000002,0.50000002,     0000813P0001821
0.50000002,0.50000002,0.50000002,1.,1.,1.,1.,1.,1.,1.,1.,1.,1.,  0000813P0001822
1.,1.,1.,1.,1.,1.,1.,1.,1.,291.266431328,1.228794065,0.,         0000813P0001823
291.390426462,1.243816918,0.,291.55943661,1.257051571,0.,        0000813P0001824
291.76687923,1.267670552,0.,292.002013966,1.274990225,0.,        0000813P0001825
292.251008915,1.278648935,0.,292.748960505,1.27864931,0.,        0000813P0001826
292.997956573,1.274990974,0.,293.233093563,1.267671654,0.,       0000813P0001827
293.440539442,1.257052984,0.,293.609553653,1.243818584,0.,       0000813P0001828
293.733553399,1.228795915,0.,0.,1.,-0.,-0.,1.;                   0000813P0001829
126,5,5,1,0,1,0,1.493195704,1.493195704,1.493195704,1.493195704, 0000815P0001830
1.493195704,1.493195704,1.641227624,1.641227624,1.641227624,     0000815P0001831
1.641227624,1.641227624,1.641227624,1.,1.,1.,1.,1.,1.,           0000815P0001832
293.733553399,1.228795914,0.,295.429874258,1.023285227,0.,       0000815P0001833
297.126195117,0.817183159,0.,298.822515975,0.610864998,0.,       0000815P0001834
300.518836834,0.404708189,0.,302.215157693,0.199088219,0.,       0000815P0001835
1.493195704,1.641227624,-0.,-0.,1.;                              0000815P0001836
126,5,5,1,0,1,0,3.114804602,3.114804602,3.114804602,3.114804602, 0000817P0001837
3.114804602,3.114804602,3.168380705,3.168380705,3.168380705,     0000817P0001838
3.168380705,3.168380705,3.168380705,1.,1.,1.,1.,1.,1.,           0000817P0001839
302.215157693,0.19908822,0.,302.829094616,0.198947547,0.,        0000817P0001840
303.443031539,0.198877194,0.,304.056968462,0.198877194,0.,       0000817P0001841
304.670905384,0.198947547,0.,305.284842307,0.19908822,0.,        0000817P0001842
3.114804602,3.168380705,0.,0.,1.;                                0000817P0001843
126,5,5,1,0,1,0,4.641957683,4.641957683,4.641957683,4.641957683, 0000819P0001844
4.641957683,4.641957683,4.789989337,4.789989337,4.789989337,     0000819P0001845
4.789989337,4.789989337,4.789989337,1.,1.,1.,1.,1.,1.,           0000819P0001846
305.284842307,0.199088219,0.,306.981160111,0.404707818,0.,       0000819P0001847
308.677477916,0.610864256,0.,310.37379572,0.817182045,0.,        0000819P0001848
312.070113524,1.023283743,0.,313.766431328,1.228794064,0.,       0000819P0001849
4.641957683,4.789989337,-0.,-0.,1.;                              0000819P0001850
126,11,6,1,0,1,0,0.,0.,0.,0.,0.,0.,0.,0.50000002,0.50000002,     0000821P0001851
0.50000002,0.50000002,0.50000002,1.,1.,1.,1.,1.,1.,1.,1.,1.,1.,  0000821P0001852
1.,1.,1.,1.,1.,1.,1.,1.,1.,313.766431328,1.228794065,0.,         0000821P0001853
313.890426462,1.243816918,0.,314.05943661,1.257051571,0.,        0000821P0001854
314.26687923,1.267670552,0.,314.502013966,1.274990225,0.,        0000821P0001855
314.751008915,1.278648935,0.,315.248960505,1.27864931,0.,        0000821P0001856
315.497956573,1.274990974,0.,315.733093563,1.267671654,0.,       0000821P0001857
315.940539442,1.257052984,0.,316.109553653,1.243818584,0.,       0000821P0001858
316.233553399,1.228795915,0.,0.,1.,-0.,-0.,1.;                   0000821P0001859
126,5,5,1,0,1,0,1.493195704,1.493195704,1.493195704,1.493195704, 0000823P0001860
1.493195704,1.493195704,1.641227624,1.641227624,1.641227624,     0000823P0001861
1.641227624,1.641227624,1.641227624,1.,1.,1.,1.,1.,1.,           0000823P0001862
316.233553399,1.228795914,0.,317.929874258,1.023285227,0.,       0000823P0001863
319.626195117,0.817183159,0.,321.322515975,0.610864998,0.,       0000823P0001864
323.018836834,0.404708189,0.,324.715157693,0.199088219,0.,       0000823P0001865
1.493195704,1.641227624,-0.,-0.,1.;                              0000823P0001866
126,5,5,1,0,1,0,3.114804602,3.114804602,3.114804602,3.114804602, 0000825P0001867
3.114804602,3.114804602,3.168380705,3.168380705,3.168380705,     0000825P0001868
3.168380705,3.168380705,3.168380705,1.,1.,1.,1.,1.,1.,           0000825P0001869
324.715157693,0.19908822,0.,325.329094616,0.198947547,0.,        0000825P0001870
325.943031539,0.198877194,0.,326.556968462,0.198877194,0.,       0000825P0001871
327.170905384,0.198947547,0.,327.784842307,0.19908822,0.,        0000825P0001872
3.114804602,3.168380705,0.,0.,1.;                                0000825P0001873
126,5,5,1,0,1,0,4.641957683,4.641957683,4.641957683,4.641957683, 0000827P0001874
4.641957683,4.641957683,4.789989337,4.789989337,4.789989337,     0000827P0001875
4.789989337,4.789989337,4.789989337,1.,1.,1.,1.,1.,1.,           0000827P0001876
327.784842307,0.199088219,0.,329.481160111,0.404707818,0.,       0000827P0001877
331.177477916,0.610864256,0.,332.87379572,0.817182045,0.,        0000827P0001878
334.570113524,1.023283743,0.,336.266431328,1.228794064,0.,       0000827P0001879
4.641957683,4.789989337,-0.,-0.,1.;                              0000827P0001880
126,11,6,1,0,1,0,0.,0.,0.,0.,0.,0.,0.,0.50000002,0.50000002,     0000829P0001881
0.50000002,0.50000002,0.50000002,1.,1.,1.,1.,1.,1.,1.,1.,1.,1.,  0000829P0001882
1.,1.,1.,1.,1.,1.,1.,1.,1.,336.266431328,1.228794065,0.,         0000829P0001883
336.390426462,1.243816918,0.,336.55943661,1.257051571,0.,        0000829P0001884
336.76687923,1.267670552,0.,337.002013966,1.274990225,0.,        0000829P0001885
337.251008915,1.278648935,0.,337.748960505,1.27864931,0.,        0000829P0001886
337.997956573,1.274990974,0.,338.233093563,1.267671654,0.,       0000829P0001887
338.440539442,1.257052984,0.,338.609553653,1.243818584,0.,       0000829P0001888
338.733553399,1.228795915,0.,0.,1.,-0.,-0.,1.;                   0000829P0001889
126,5,5,1,0,1,0,1.493195704,1.493195704,1.493195704,1.493195704, 0000831P0001890
1.493195704,1.493195704,1.641227624,1.641227624,1.641227624,     0000831P0001891
1.641227624,1.641227624,1.641227624,1.,1.,1.,1.,1.,1.,           0000831P0001892
338.733553399,1.228795914,0.,340.429874258,1.023285227,0.,       0000831P0001893
342.126195117,0.817183159,0.,343.822515975,0.610864998,0.,       0000831P0001894
345.518836834,0.404708189,0.,347.215157693,0.199088219,0.,       0000831P0001895
1.493195704,1.641227624,-0.,-0.,1.;                              0000831P0001896
126,5,5,1,0,1,0,3.114804602,3.114804602,3.114804602,3.114804602, 0000833P0001897
3.114804602,3.114804602,3.168380705,3.168380705,3.168380705,     0000833P0001898
3.168380705,3.168380705,3.168380705,1.,1.,1.,1.,1.,1.,           0000833P0001899
347.215157693,0.19908822,0.,347.829094616,0.198947547,0.,        0000833P0001900
348.443031539,0.198877194,0.,349.056968462,0.198877194,0.,       0000833P0001901
349.670905384,0.198947547,0.,350.284842307,0.19908822,0.,        0000833P0001902
3.114804602,3.168380705,0.,0.,1.;                                0000833P0001903
126,5,5,0,0,1,0,4.641957683,4.641957683,4.641957683,4.641957683, 0000835P0001904
4.641957683,4.641957683,4.789989337,4.789989337,4.789989337,     0000835P0001905
4.789989337,4.789989337,4.789989337,1.,1.,1.,1.,1.,1.,           0000835P0001906
350.284842307,0.199088219,0.,351.981160111,0.404707818,0.,       0000835P0001907
353.677477916,0.610864255,0.,355.37379572,0.817182046,0.,        0000835P0001908
357.070113524,1.023283744,0.,358.766431328,1.228794065,0.,       0000835P0001909
4.641957683,4.789989337,0.,0.,1.;                                0000835P0001910
126,6,6,1,0,1,0,0.,0.,0.,0.,0.,0.,0.,1.,1.,1.,1.,1.,1.,1.,1.,1., 0000837P0001911
1.,1.,1.,1.,1.,358.766431328,1.228794065,0.,358.89042773,        0000837P0001912
1.243817072,0.,359.059440067,1.257051842,0.,359.266885596,       0000837P0001913
1.267670877,0.,359.502023586,1.274990525,0.,359.751021649,       0000837P0001914
1.278649122,0.,360.,1.278649122,0.,0.,1.,-0.,-0.,1.;             0000837P0001915
110,360.,1.278649122,0.,360.,3.689052653,0.;                     0000839P0001916
110,360.,3.689052653,0.,0.,3.689052653,0.;                       0000841P0001917
510,845,2,1,853,855;                                             0000843P0001918
190,847,849,851;                                                 0000845P0001919
116,0.,0.,0.,0;                                                  0000847P0001920
123,0.,2.220446049E-16,-1.;                                      0000849P0001921
123,1.,0.,0.;                                                    0000851P0001922
508,1,0,17,68,1,0;                                               0000853P0001923
508,1,0,17,67,0,0;                                               0000855P0001924
510,859,1,1,861;                                                 0000857P0001925
128,8,1,8,1,0,0,1,0,0,0.523577324,0.523577324,0.523577324,       0000859P0001926
0.523577324,0.523577324,0.523577324,0.523577324,0.523577324,     0000859P0001927
0.523577324,2.617993878,2.617993878,2.617993878,2.617993878,     0000859P0001928
2.617993878,2.617993878,2.617993878,2.617993878,2.617993878,0.,  0000859P0001929
0.,1.,1.,1.,1.,1.,1.,1.,1.,1.,1.,1.,1.,1.,1.,1.,1.,1.,1.,1.,1.,  0000859P0001930
10.,0.215331621,1.650333675,10.,0.182785537,1.593959411,10.,     0000859P0001931
0.13337187,1.547322992,10.,7.04919616E-02,1.516312488,10.,       0000859P0001932
2.887981076E-06,1.505390804,10.,-7.048641991E-02,1.516310976,    0000859P0001933
10.,-0.133366994,1.547320131,10.,-0.182781661,1.59395549,10.,    0000859P0001934
-0.215328954,1.650329056,-9.992007222E-16,9.992007222E-16,3.,    0000859P0001935
-9.992007222E-16,9.992007222E-16,3.,-9.992007222E-16,            0000859P0001936
9.992007222E-16,3.,-9.992007222E-16,9.992007222E-16,3.,          0000859P0001937
-9.992007222E-16,9.992007222E-16,3.,-9.992007222E-16,            0000859P0001938
9.992007222E-16,3.,-9.992007222E-16,9.992007222E-16,3.,          0000859P0001939
-9.992007222E-16,9.992007222E-16,3.,-9.992007222E-16,            0000859P0001940
9.992007222E-16,3.,0.523577324,2.617993878,0.,0.600092703;       0000859P0001941
508,6,0,17,69,1,1,0,863,0,17,70,0,1,0,865,0,17,71,1,1,0,867,0,   0000861P0001942
17,2,1,1,0,869,0,17,66,1,1,0,871,0,17,72,0,1,0,873;              0000861P0001943
126,9,5,1,0,1,0,0.,0.,0.,0.,0.,0.,0.500949979,0.500949979,       0000863P0001944
0.500949979,0.500949979,1.,1.,1.,1.,1.,1.,1.,1.,1.,1.,1.,1.,1.,  0000863P0001945
1.,1.,1.,0.523577324,2.317579422E-04,0.,0.627158218,             0000863P0001946
2.040495578E-04,0.,0.731059588,1.721123627E-04,0.,0.835349653,   0000863P0001947
1.383337654E-04,0.,0.94004706,1.060148164E-04,0.,1.149728646,    0000863P0001948
4.976042865E-05,0.,1.254719019,2.578350853E-05,0.,1.359974885,   0000863P0001949
8.579582736E-06,0.,1.465389387,1.782540979E-15,0.,1.570796327,   0000863P0001950
0.,0.,0.,1.,0.,0.,1.;                                            0000863P0001951
126,9,5,1,0,1,0,0.,0.,0.,0.,0.,0.,0.499039916,0.499039916,       0000865P0001952
0.499039916,0.499039916,1.,1.,1.,1.,1.,1.,1.,1.,1.,1.,1.,1.,1.,  0000865P0001953
1.,1.,1.,1.570796327,0.,0.,1.676198945,-1.782146953E-15,-0.,     0000865P0001954
1.781609124,8.578880167E-06,0.,1.886860689,2.578139078E-05,0.,   0000865P0001955
1.99184679,4.97564977E-05,0.,2.201524138,1.060083694E-04,0.,     0000865P0001956
2.306221548,1.38326948E-04,0.,2.410511619,1.721055577E-04,0.,    0000865P0001957
2.514412991,2.040431344E-04,0.,2.617993878,2.317522038E-04,0.,   0000865P0001958
0.,1.,0.,0.,1.;                                                  0000865P0001959
110,2.617993878,2.317522038E-04,0.,2.617993878,0.600092701,0.;   0000867P0001960
126,6,6,1,0,1,0,0.,0.,0.,0.,0.,0.,0.,1.,1.,1.,1.,1.,1.,1.,1.,1., 0000869P0001961
1.,1.,1.,1.,1.,2.617993878,0.600092701,0.,2.443831974,           0000869P0001962
0.600074065,0.,2.269509486,0.600050925,0.,2.095011204,           0000869P0001963
0.600027237,0.,1.920344213,0.600009053,0.,1.745562886,0.6,0.,    0000869P0001964
1.570796327,0.6,0.,0.,1.,-0.,-0.,1.;                             0000869P0001965
126,6,6,1,0,1,0,0.,0.,0.,0.,0.,0.,0.,1.,1.,1.,1.,1.,1.,1.,1.,1., 0000871P0001966
1.,1.,1.,1.,1.,1.570796327,0.6,0.,1.396026179,0.6,0.,            0000871P0001967
1.221241266,0.600009053,0.,1.046570697,0.600027238,0.,           0000871P0001968
0.872068841,0.600050927,0.,0.697742785,0.600074067,0.,           0000871P0001969
0.523577324,0.600092703,0.,0.,1.,-0.,-0.,1.;                     0000871P0001970
110,0.523577324,0.600092703,0.,0.523577324,2.317579422E-04,0.;   0000873P0001971
510,877,1,1,885;                                                 0000875P0001972
190,879,881,883;                                                 0000877P0001973
116,10.,3.978247348,8.167894898,0;                               0000879P0001974
123,-8.581385835E-02,0.862830798,-0.498155594;                   0000881P0001975
123,-2.875226721E-14,-0.5,-0.866025404;                          0000883P0001976
508,4,0,17,73,1,0,0,17,74,1,0,0,17,72,1,0,0,17,65,0,0;           0000885P0001977
510,889,1,1,897;                                                 0000887P0001978
190,891,893,895;                                                 0000889P0001979
116,9.904867499,1.463177415,4.225350714,0;                       0000891P0001980
123,-0.119288383,-2.372793463E-02,0.992576076;                   0000893P0001981
123,-0.195090322,0.98078528,2.905688799E-14;                     0000895P0001982
508,5,0,17,75,1,0,0,17,76,1,0,0,17,77,1,0,0,17,64,0,0,0,17,73,1, 0000897P0001983
0;                                                               0000897P0001984
510,901,1,1,909;                                                 0000899P0001985
190,903,905,907;                                                 0000901P0001986
116,10.761204675,0.151413024,8.167894898,0;                      0000903P0001987
123,0.250909384,-0.829991256,-0.498155594;                       0000905P0001988
123,0.191341716,-0.461939766,0.866025404;                        0000907P0001989
508,4,0,17,78,0,0,0,17,79,1,0,0,17,77,1,0,0,17,63,0,0;           0000909P0001990
510,913,1,1,915;                                                 0000911P0001991
128,8,1,8,1,0,0,1,0,0,0.523577324,0.523577324,0.523577324,       0000913P0001992
0.523577324,0.523577324,0.523577324,0.523577324,0.523577324,     0000913P0001993
0.523577324,2.617993878,2.617993878,2.617993878,2.617993878,     0000913P0001994
2.617993878,2.617993878,2.617993878,2.617993878,2.617993878,0.,  0000913P0001995
0.,1.,1.,1.,1.,1.,1.,1.,1.,1.,1.,1.,1.,1.,1.,1.,1.,1.,1.,1.,1.,  0000913P0001996
9.156391481,4.025774801,1.650333675,9.168846328,3.99570614,      0000913P0001997
1.593959411,9.18775612,3.950053865,1.547322992,9.211819219,      0000913P0001998
3.891960404,1.516312488,9.23879422,3.826836992,1.505390804,      0000913P0001999
9.26576931,3.761713363,1.516310976,9.289832664,3.703619288,      0000913P0002000
1.547320131,9.308742838,3.657966088,1.59395549,9.321198148,      0000913P0002001
3.62789631,1.650329056,-1.305518658E-15,5.407635341E-16,3.,      0000913P0002002
-1.305518658E-15,5.407635341E-16,3.,-1.305518658E-15,            0000913P0002003
5.407635341E-16,3.,-1.305518658E-15,5.407635341E-16,3.,          0000913P0002004
-1.305518658E-15,5.407635341E-16,3.,-1.305518658E-15,            0000913P0002005
5.407635341E-16,3.,-1.305518658E-15,5.407635341E-16,3.,          0000913P0002006
-1.305518658E-15,5.407635341E-16,3.,-1.305518658E-15,            0000913P0002007
5.407635341E-16,3.,0.523577324,2.617993878,0.,0.600092703;       0000913P0002008
508,5,0,17,80,1,1,0,917,0,17,81,0,1,0,919,0,17,78,1,1,0,921,0,   0000915P0002009
17,62,1,1,0,923,0,17,82,0,1,0,925;                               0000915P0002010
126,9,5,1,0,1,0,0.,0.,0.,0.,0.,0.,0.500949979,0.500949979,       0000917P0002011
0.500949979,0.500949979,1.,1.,1.,1.,1.,1.,1.,1.,1.,1.,1.,1.,1.,  0000917P0002012
1.,1.,1.,0.523577324,2.317579422E-04,0.,0.627158218,             0000917P0002013
2.040495578E-04,0.,0.731059588,1.721123627E-04,0.,0.835349653,   0000917P0002014
1.383337654E-04,0.,0.94004706,1.060148164E-04,0.,1.149728646,    0000917P0002015
4.976042865E-05,0.,1.254719019,2.578350853E-05,0.,1.359974885,   0000917P0002016
8.579582734E-06,0.,1.465389387,3.455614248E-15,0.,1.570796327,   0000917P0002017
0.,0.,0.,1.,0.,0.,1.;                                            0000917P0002018
126,9,5,1,0,1,0,0.,0.,0.,0.,0.,0.,0.499039916,0.499039916,       0000919P0002019
0.499039916,0.499039916,1.,1.,1.,1.,1.,1.,1.,1.,1.,1.,1.,1.,1.,  0000919P0002020
1.,1.,1.,1.570796327,0.,0.,1.676198945,-3.455472579E-15,-0.,     0000919P0002021
1.781609124,8.57888017E-06,0.,1.886860689,2.578139078E-05,0.,    0000919P0002022
1.99184679,4.97564977E-05,0.,2.201524138,1.060083694E-04,0.,     0000919P0002023
2.306221548,1.38326948E-04,0.,2.410511619,1.721055577E-04,0.,    0000919P0002024
2.514412991,2.040431344E-04,0.,2.617993878,2.317522038E-04,0.,   0000919P0002025
0.,1.,0.,0.,1.;                                                  0000919P0002026
110,2.617993878,2.317522038E-04,0.,2.617993878,0.600092701,0.;   0000921P0002027
126,11,6,1,0,1,0,0.,0.,0.,0.,0.,0.,0.,0.49999998,0.49999998,     0000923P0002028
0.49999998,0.49999998,0.49999998,1.,1.,1.,1.,1.,1.,1.,1.,1.,1.,  0000923P0002029
1.,1.,1.,1.,1.,1.,1.,1.,1.,2.617993878,0.600092701,0.,           0000923P0002030
2.443830193,0.600074065,0.,2.269505919,0.600050924,0.,           0000923P0002031
2.095005849,0.600027236,0.,1.920337067,0.600009052,0.,           0000923P0002032
1.745553948,0.6,0.,1.39601724,0.6,0.,1.22123412,0.600009054,0.,  0000923P0002033
1.046565342,0.600027238,0.,0.872065275,0.600050927,0.,           0000923P0002034
0.697741004,0.600074067,0.,0.523577324,0.600092703,0.,0.,1.,-0., 0000923P0002035
-0.,1.;                                                          0000923P0002036
110,0.523577324,0.600092703,0.,0.523577324,2.317579422E-04,0.;   0000925P0002037
510,929,1,1,937;                                                 0000927P0002038
190,931,933,935;                                                 0000929P0002039
116,7.716385975,7.502255623,8.167894898,0;                       0000931P0002040
123,-0.409472719,0.764312173,-0.498155594;                       0000933P0002041
123,0.191341716,-0.461939766,-0.866025404;                       0000935P0002042
508,4,0,17,83,1,0,0,17,84,1,0,0,17,82,1,0,0,17,61,0,0;           0000937P0002043
510,941,1,1,949;                                                 0000939P0002044
190,943,945,947;                                                 0000941P0002045
116,8.590970599,5.142228358,4.225350714,0;                       0000943P0002046
123,-0.101127808,-6.757144092E-02,0.992576076;                   0000945P0002047
123,-0.555570233,0.831469612,2.477429678E-13;                    0000947P0002048
508,5,0,17,85,1,0,0,17,86,1,0,0,17,87,1,0,0,17,60,0,0,0,17,83,1, 0000949P0002049
0;                                                               0000949P0002050
510,953,1,1,961;                                                 0000951P0002051
190,955,957,959;                                                 0000953P0002052
116,9.884113489,4.258022135,8.167894898,0;                       0000955P0002053
123,0.549433947,-0.67079307,-0.498155594;                        0000957P0002054
123,0.353553391,-0.353553391,0.866025404;                        0000959P0002055
508,4,0,17,88,0,0,0,17,89,1,0,0,17,87,1,0,0,17,59,0,0;           0000961P0002056
510,965,1,1,967;                                                 0000963P0002057
128,8,1,8,1,0,0,1,0,0,0.523577324,0.523577324,0.523577324,       0000965P0002058
0.523577324,0.523577324,0.523577324,0.523577324,0.523577324,     0000965P0002059
0.523577324,2.617993878,2.617993878,2.617993878,2.617993878,     0000965P0002060
2.617993878,2.617993878,2.617993878,2.617993878,2.617993878,0.,  0000965P0002061
0.,1.,1.,1.,1.,1.,1.,1.,1.,1.,1.,1.,1.,1.,1.,1.,1.,1.,1.,1.,1.,  0000965P0002062
6.918805363,7.223330261,1.650333675,6.941818919,7.200316704,     0000965P0002063
1.593959411,6.976759658,7.165375966,1.547322992,7.021222468,     0000965P0002064
7.120913156,1.516312488,7.07106577,7.071069854,1.505390804,      0000965P0002065
7.120909237,7.021226386,1.516310976,7.165372518,6.976763106,     0000965P0002066
1.547320131,7.200313964,6.94182166,1.59395549,7.223328375,       0000965P0002067
6.918807248,1.650329056,-1.413083213E-15,-9.860761315E-32,3.,    0000965P0002068
-1.413083213E-15,-9.860761315E-32,3.,-1.413083213E-15,           0000965P0002069
-9.860761315E-32,3.,-1.413083213E-15,-9.860761315E-32,3.,        0000965P0002070
-1.413083213E-15,-9.860761315E-32,3.,-1.413083213E-15,           0000965P0002071
-9.860761315E-32,3.,-1.413083213E-15,-9.860761315E-32,3.,        0000965P0002072
-1.413083213E-15,-9.860761315E-32,3.,-1.413083213E-15,           0000965P0002073
-9.860761315E-32,3.,0.523577324,2.617993878,0.,0.600092703;      0000965P0002074
508,5,0,17,90,1,1,0,969,0,17,91,0,1,0,971,0,17,88,1,1,0,973,0,   0000967P0002075
17,58,1,1,0,975,0,17,92,0,1,0,977;                               0000967P0002076
126,9,5,1,0,1,0,0.,0.,0.,0.,0.,0.,0.500949979,0.500949979,       0000969P0002077
0.500949979,0.500949979,1.,1.,1.,1.,1.,1.,1.,1.,1.,1.,1.,1.,1.,  0000969P0002078
1.,1.,1.,0.523577324,2.317579422E-04,0.,0.627158218,             0000969P0002079
2.040495578E-04,0.,0.731059588,1.721123627E-04,0.,0.835349653,   0000969P0002080
1.383337654E-04,0.,0.94004706,1.060148164E-04,0.,1.149728646,    0000969P0002081
4.976042865E-05,0.,1.254719019,2.578350853E-05,0.,1.359974885,   0000969P0002082
8.579582733E-06,0.,1.465389387,3.454438932E-15,0.,1.570796327,   0000969P0002083
0.,0.,0.,1.,0.,0.,1.;                                            0000969P0002084
126,9,5,1,0,1,0,0.,0.,0.,0.,0.,0.,0.499039916,0.499039916,       0000971P0002085
0.499039916,0.499039916,1.,1.,1.,1.,1.,1.,1.,1.,1.,1.,1.,1.,1.,  0000971P0002086
1.,1.,1.,1.570796327,0.,0.,1.676198945,-3.454297311E-15,-0.,     0000971P0002087
1.781609124,8.57888017E-06,0.,1.886860689,2.578139078E-05,0.,    0000971P0002088
1.99184679,4.97564977E-05,0.,2.201524138,1.060083694E-04,0.,     0000971P0002089
2.306221548,1.38326948E-04,0.,2.410511619,1.721055577E-04,0.,    0000971P0002090
2.514412991,2.040431344E-04,0.,2.617993878,2.317522038E-04,0.,   0000971P0002091
0.,1.,0.,0.,1.;                                                  0000971P0002092
110,2.617993878,2.317522038E-04,0.,2.617993878,0.600092701,0.;   0000973P0002093
126,11,6,1,0,1,0,0.,0.,0.,0.,0.,0.,0.,0.49999998,0.49999998,     0000975P0002094
0.49999998,0.49999998,0.49999998,1.,1.,1.,1.,1.,1.,1.,1.,1.,1.,  0000975P0002095
1.,1.,1.,1.,1.,1.,1.,1.,1.,2.617993878,0.600092701,0.,           0000975P0002096
2.443830193,0.600074065,0.,2.269505919,0.600050924,0.,           0000975P0002097
2.095005849,0.600027236,0.,1.920337067,0.600009052,0.,           0000975P0002098
1.745553948,0.6,0.,1.39601724,0.6,0.,1.22123412,0.600009054,0.,  0000975P0002099
1.046565342,0.600027238,0.,0.872065275,0.600050927,0.,           0000975P0002100
0.697741004,0.600074067,0.,0.523577324,0.600092703,0.,0.,1.,-0., 0000975P0002101
-0.,1.;                                                          0000975P0002102
110,0.523577324,0.600092703,0.,0.523577324,2.317579422E-04,0.;   0000977P0002103
510,981,1,1,989;                                                 0000979P0002104
190,983,985,987;                                                 0000981P0002105
116,4.258022135,9.884113489,8.167894898,0;                       0000983P0002106
123,-0.67079307,0.549433947,-0.498155594;                        0000985P0002107
123,0.353553391,-0.353553391,-0.866025404;                       0000987P0002108
508,4,0,17,93,1,0,0,17,94,1,0,0,17,92,1,0,0,17,57,0,0;           0000989P0002109
510,993,1,1,1001;                                                0000991P0002110
190,995,997,999;                                                 0000993P0002111
116,5.969176303,8.038421647,4.225350714,0;                       0000995P0002112
123,-6.757144092E-02,-0.101127808,0.992576076;                   0000997P0002113
123,-0.831469612,0.555570233,-2.477304336E-13;                   0000999P0002114
508,5,0,17,95,1,0,0,17,96,1,0,0,17,97,1,0,0,17,56,0,0,0,17,93,1, 0001001P0002115
0;                                                               0001001P0002116
510,1005,1,1,1013;                                               0001003P0002117
190,1007,1009,1011;                                              0001005P0002118
116,7.502255623,7.716385975,8.167894898,0;                       0001007P0002119
123,0.764312173,-0.409472719,-0.498155594;                       0001009P0002120
123,0.461939766,-0.191341716,0.866025404;                        0001011P0002121
508,4,0,17,98,0,0,0,17,99,1,0,0,17,97,1,0,0,17,55,0,0;           0001013P0002122
510,1017,1,1,1019;                                               0001015P0002123
128,8,1,8,1,0,0,1,0,0,0.523577324,0.523577324,0.523577324,       0001017P0002124
0.523577324,0.523577324,0.523577324,0.523577324,0.523577324,     0001017P0002125
0.523577324,2.617993878,2.617993878,2.617993878,2.617993878,     0001017P0002126
2.617993878,2.617993878,2.617993878,2.617993878,2.617993878,0.,  0001017P0002127
0.,1.,1.,1.,1.,1.,1.,1.,1.,1.,1.,1.,1.,1.,1.,1.,1.,1.,1.,1.,1.,  0001017P0002128
3.627893846,9.321199169,1.650333675,3.657962507,9.308744322,     0001017P0002129
1.593959411,3.703614782,9.28983453,1.547322992,3.761708243,      0001017P0002130
9.265771431,1.516312488,3.826831656,9.23879643,1.505390804,      0001017P0002131
3.891955284,9.21182134,1.516310976,3.95004936,9.187757986,       0001017P0002132
1.547320131,3.995702559,9.168847812,1.59395549,4.025772337,      0001017P0002133
9.156392502,1.650329056,-1.305518658E-15,-5.407635341E-16,3.,    0001017P0002134
-1.305518658E-15,-5.407635341E-16,3.,-1.305518658E-15,           0001017P0002135
-5.407635341E-16,3.,-1.305518658E-15,-5.407635341E-16,3.,        0001017P0002136
-1.305518658E-15,-5.407635341E-16,3.,-1.305518658E-15,           0001017P0002137
-5.407635341E-16,3.,-1.305518658E-15,-5.407635341E-16,3.,        0001017P0002138
-1.305518658E-15,-5.407635341E-16,3.,-1.305518658E-15,           0001017P0002139
-5.407635341E-16,3.,0.523577324,2.617993878,0.,0.600092703;      0001017P0002140
508,5,0,17,100,1,1,0,1021,0,17,101,0,1,0,1023,0,17,98,1,1,0,     0001019P0002141
1025,0,17,54,1,1,0,1027,0,17,102,0,1,0,1029;                     0001019P0002142
126,9,5,1,0,1,0,0.,0.,0.,0.,0.,0.,0.500949979,0.500949979,       0001021P0002143
0.500949979,0.500949979,1.,1.,1.,1.,1.,1.,1.,1.,1.,1.,1.,1.,1.,  0001021P0002144
1.,1.,1.,0.523577324,2.317579422E-04,0.,0.627158218,             0001021P0002145
2.040495578E-04,0.,0.731059588,1.721123627E-04,0.,0.835349653,   0001021P0002146
1.383337654E-04,0.,0.94004706,1.060148164E-04,0.,1.149728646,    0001021P0002147
4.976042865E-05,0.,1.254719019,2.578350853E-05,0.,1.359974885,   0001021P0002148
8.579582733E-06,0.,1.465389387,3.455318061E-15,0.,1.570796327,   0001021P0002149
0.,0.,0.,1.,0.,0.,1.;                                            0001021P0002150
126,9,5,1,0,1,0,0.,0.,0.,0.,0.,0.,0.499039916,0.499039916,       0001023P0002151
0.499039916,0.499039916,1.,1.,1.,1.,1.,1.,1.,1.,1.,1.,1.,1.,1.,  0001023P0002152
1.,1.,1.,1.570796327,0.,0.,1.676198945,-3.455176404E-15,-0.,     0001023P0002153
1.781609124,8.578880169E-06,0.,1.886860689,2.578139078E-05,0.,   0001023P0002154
1.99184679,4.97564977E-05,0.,2.201524138,1.060083694E-04,0.,     0001023P0002155
2.306221548,1.38326948E-04,0.,2.410511619,1.721055577E-04,0.,    0001023P0002156
2.514412991,2.040431344E-04,0.,2.617993878,2.317522038E-04,0.,   0001023P0002157
0.,1.,0.,0.,1.;                                                  0001023P0002158
110,2.617993878,2.317522038E-04,0.,2.617993878,0.600092701,0.;   0001025P0002159
126,11,6,1,0,1,0,0.,0.,0.,0.,0.,0.,0.,0.49999998,0.49999998,     0001027P0002160
0.49999998,0.49999998,0.49999998,1.,1.,1.,1.,1.,1.,1.,1.,1.,1.,  0001027P0002161
1.,1.,1.,1.,1.,1.,1.,1.,1.,2.617993878,0.600092701,0.,           0001027P0002162
2.443830193,0.600074065,0.,2.269505919,0.600050924,0.,           0001027P0002163
2.095005849,0.600027236,0.,1.920337067,0.600009052,0.,           0001027P0002164
1.745553948,0.6,0.,1.39601724,0.6,0.,1.22123412,0.600009054,0.,  0001027P0002165
1.046565342,0.600027238,0.,0.872065275,0.600050927,0.,           0001027P0002166
0.697741004,0.600074067,0.,0.523577324,0.600092703,0.,0.,1.,-0., 0001027P0002167
-0.,1.;                                                          0001027P0002168
110,0.523577324,0.600092703,0.,0.523577324,2.317579422E-04,0.;   0001029P0002169
510,1033,1,1,1041;                                               0001031P0002170
190,1035,1037,1039;                                              0001033P0002171
116,0.151413024,10.761204675,8.167894898,0;                      0001035P0002172
123,-0.829991256,0.250909384,-0.498155594;                       0001037P0002173
123,0.461939766,-0.191341716,-0.866025404;                       0001039P0002174
508,4,0,17,103,1,0,0,17,104,1,0,0,17,102,1,0,0,17,53,0,0;        0001041P0002175
510,1045,1,1,1053;                                               0001043P0002176
190,1047,1049,1051;                                              0001045P0002177
116,2.438629025,9.71083811,4.225350714,0;                        0001047P0002178
123,-2.372793463E-02,-0.119288383,0.992576076;                   0001049P0002179
123,-0.98078528,0.195090322,-2.905333119E-14;                    0001051P0002180
508,5,0,17,105,1,0,0,17,106,1,0,0,17,107,1,0,0,17,52,0,0,0,17,   0001053P0002181
103,1,0;                                                         0001053P0002182
510,1057,1,1,1065;                                               0001055P0002183
190,1059,1061,1063;                                              0001057P0002184
116,3.978247348,10.,8.167894898,0;                               0001059P0002185
123,0.862830798,-8.581385836E-02,-0.498155594;                   0001061P0002186
123,0.5,-4.351046588E-14,0.866025404;                            0001063P0002187
508,4,0,17,108,0,0,0,17,109,1,0,0,17,107,1,0,0,17,51,0,0;        0001065P0002188
510,1069,1,1,1071;                                               0001067P0002189
128,8,1,8,1,0,0,1,0,0,0.523577324,0.523577324,0.523577324,       0001069P0002190
0.523577324,0.523577324,0.523577324,0.523577324,0.523577324,     0001069P0002191
0.523577324,2.617993878,2.617993878,2.617993878,2.617993878,     0001069P0002192
2.617993878,2.617993878,2.617993878,2.617993878,2.617993878,0.,  0001069P0002193
0.,1.,1.,1.,1.,1.,1.,1.,1.,1.,1.,1.,1.,1.,1.,1.,1.,1.,1.,1.,1.,  0001069P0002194
-0.215331621,10.,1.650333675,-0.182785537,10.,1.593959411,       0001069P0002195
-0.13337187,10.,1.547322992,-7.04919616E-02,10.,1.516312488,     0001069P0002196
-2.887981074E-06,10.,1.505390804,7.048641991E-02,10.,            0001069P0002197
1.516310976,0.133366994,10.,1.547320131,0.182781661,10.,         0001069P0002198
1.59395549,0.215328954,10.,1.650329056,-9.992007222E-16,         0001069P0002199
-9.992007222E-16,3.,-9.992007222E-16,-9.992007222E-16,3.,        0001069P0002200
-9.992007222E-16,-9.992007222E-16,3.,-9.992007222E-16,           0001069P0002201
-9.992007222E-16,3.,-9.992007222E-16,-9.992007222E-16,3.,        0001069P0002202
-9.992007222E-16,-9.992007222E-16,3.,-9.992007222E-16,           0001069P0002203
-9.992007222E-16,3.,-9.992007222E-16,-9.992007222E-16,3.,        0001069P0002204
-9.992007222E-16,-9.992007222E-16,3.,0.523577324,2.617993878,0., 0001069P0002205
0.600092703;                                                     0001069P0002206
508,5,0,17,110,1,1,0,1073,0,17,111,0,1,0,1075,0,17,108,1,1,0,    0001071P0002207
1077,0,17,50,1,1,0,1079,0,17,112,0,1,0,1081;                     0001071P0002208
126,9,5,1,0,1,0,0.,0.,0.,0.,0.,0.,0.500949979,0.500949979,       0001073P0002209
0.500949979,0.500949979,1.,1.,1.,1.,1.,1.,1.,1.,1.,1.,1.,1.,1.,  0001073P0002210
1.,1.,1.,0.523577324,2.317579422E-04,0.,0.627158218,             0001073P0002211
2.040495578E-04,0.,0.731059588,1.721123627E-04,0.,0.835349653,   0001073P0002212
1.383337654E-04,0.,0.94004706,1.060148164E-04,0.,1.149728646,    0001073P0002213
4.976042865E-05,0.,1.254719019,2.578350853E-05,0.,1.359974885,   0001073P0002214
8.579582733E-06,0.,1.465389387,3.456128851E-15,0.,1.570796327,   0001073P0002215
0.,0.,0.,1.,0.,0.,1.;                                            0001073P0002216
126,9,5,1,0,1,0,0.,0.,0.,0.,0.,0.,0.499039916,0.499039916,       0001075P0002217
0.499039916,0.499039916,1.,1.,1.,1.,1.,1.,1.,1.,1.,1.,1.,1.,1.,  0001075P0002218
1.,1.,1.,1.570796327,0.,0.,1.676198945,-3.455987161E-15,-0.,     0001075P0002219
1.781609124,8.57888017E-06,0.,1.886860689,2.578139078E-05,0.,    0001075P0002220
1.99184679,4.97564977E-05,0.,2.201524138,1.060083694E-04,0.,     0001075P0002221
2.306221548,1.38326948E-04,0.,2.410511619,1.721055577E-04,0.,    0001075P0002222
2.514412991,2.040431344E-04,0.,2.617993878,2.317522038E-04,0.,   0001075P0002223
0.,1.,0.,0.,1.;                                                  0001075P0002224
110,2.617993878,2.317522038E-04,0.,2.617993878,0.600092701,0.;   0001077P0002225
126,11,6,1,0,1,0,0.,0.,0.,0.,0.,0.,0.,0.49999998,0.49999998,     0001079P0002226
0.49999998,0.49999998,0.49999998,1.,1.,1.,1.,1.,1.,1.,1.,1.,1.,  0001079P0002227
1.,1.,1.,1.,1.,1.,1.,1.,1.,2.617993878,0.600092701,0.,           0001079P0002228
2.443830193,0.600074065,0.,2.269505919,0.600050924,0.,           0001079P0002229
2.095005849,0.600027236,0.,1.920337067,0.600009052,0.,           0001079P0002230
1.745553948,0.6,0.,1.39601724,0.6,0.,1.22123412,0.600009054,0.,  0001079P0002231
1.046565342,0.600027238,0.,0.872065275,0.600050927,0.,           0001079P0002232
0.697741004,0.600074067,0.,0.523577324,0.600092703,0.,0.,1.,-0., 0001079P0002233
-0.,1.;                                                          0001079P0002234
110,0.523577324,0.600092703,0.,0.523577324,2.317579422E-04,0.;   0001081P0002235
510,1085,1,1,1093;                                               0001083P0002236
190,1087,1089,1091;                                              0001085P0002237
116,-3.978247348,10.,8.167894898,0;                              0001087P0002238
123,-0.862830798,-8.581385835E-02,-0.498155594;                  0001089P0002239
123,0.5,-2.886693563E-14,-0.866025404;                           0001091P0002240
508,4,0,17,113,1,0,0,17,114,1,0,0,17,112,1,0,0,17,49,0,0;        0001093P0002241
510,1097,1,1,1105;                                               0001095P0002242
190,1099,1101,1103;                                              0001097P0002243
116,-1.463177415,9.904867499,4.225350714,0;                      0001099P0002244
123,2.372793463E-02,-0.119288383,0.992576076;                    0001101P0002245
123,-0.98078528,-0.195090322,2.906027008E-14;                    0001103P0002246
508,5,0,17,115,1,0,0,17,116,1,0,0,17,117,1,0,0,17,48,0,0,0,17,   0001105P0002247
113,1,0;                                                         0001105P0002248
510,1109,1,1,1117;                                               0001107P0002249
190,1111,1113,1115;                                              0001109P0002250
116,-0.151413024,10.761204675,8.167894898,0;                     0001111P0002251
123,0.829991256,0.250909384,-0.498155594;                        0001113P0002252
123,0.461939766,0.191341716,0.866025404;                         0001115P0002253
508,4,0,17,118,0,0,0,17,119,1,0,0,17,117,1,0,0,17,47,0,0;        0001117P0002254
510,1121,1,1,1123;                                               0001119P0002255
128,8,1,8,1,0,0,1,0,0,0.523577324,0.523577324,0.523577324,       0001121P0002256
0.523577324,0.523577324,0.523577324,0.523577324,0.523577324,     0001121P0002257
0.523577324,2.617993878,2.617993878,2.617993878,2.617993878,     0001121P0002258
2.617993878,2.617993878,2.617993878,2.617993878,2.617993878,0.,  0001121P0002259
0.,1.,1.,1.,1.,1.,1.,1.,1.,1.,1.,1.,1.,1.,1.,1.,1.,1.,1.,1.,1.,  0001121P0002260
-4.025774801,9.156391481,1.650333675,-3.99570614,9.168846328,    0001121P0002261
1.593959411,-3.950053865,9.18775612,1.547322992,-3.891960404,    0001121P0002262
9.211819219,1.516312488,-3.826836992,9.23879422,1.505390804,     0001121P0002263
-3.761713363,9.26576931,1.516310976,-3.703619288,9.289832664,    0001121P0002264
1.547320131,-3.657966088,9.308742838,1.59395549,-3.62789631,     0001121P0002265
9.321198148,1.650329056,-5.407635341E-16,-1.305518658E-15,3.,    0001121P0002266
-5.407635341E-16,-1.305518658E-15,3.,-5.407635341E-16,           0001121P0002267
-1.305518658E-15,3.,-5.407635341E-16,-1.305518658E-15,3.,        0001121P0002268
-5.407635341E-16,-1.305518658E-15,3.,-5.407635341E-16,           0001121P0002269
-1.305518658E-15,3.,-5.407635341E-16,-1.305518658E-15,3.,        0001121P0002270
-5.407635341E-16,-1.305518658E-15,3.,-5.407635341E-16,           0001121P0002271
-1.305518658E-15,3.,0.523577324,2.617993878,0.,0.600092703;      0001121P0002272
508,5,0,17,120,1,1,0,1125,0,17,121,0,1,0,1127,0,17,118,1,1,0,    0001123P0002273
1129,0,17,46,1,1,0,1131,0,17,122,0,1,0,1133;                     0001123P0002274
126,9,5,1,0,1,0,0.,0.,0.,0.,0.,0.,0.500949979,0.500949979,       0001125P0002275
0.500949979,0.500949979,1.,1.,1.,1.,1.,1.,1.,1.,1.,1.,1.,1.,1.,  0001125P0002276
1.,1.,1.,0.523577324,2.317579422E-04,0.,0.627158218,             0001125P0002277
2.040495578E-04,0.,0.731059588,1.721123627E-04,0.,0.835349653,   0001125P0002278
1.383337654E-04,0.,0.94004706,1.060148164E-04,0.,1.149728646,    0001125P0002279
4.976042865E-05,0.,1.254719019,2.578350853E-05,0.,1.359974885,   0001125P0002280
8.579582733E-06,0.,1.465389387,3.455751571E-15,0.,1.570796327,   0001125P0002281
0.,0.,0.,1.,0.,0.,1.;                                            0001125P0002282
126,9,5,1,0,1,0,0.,0.,0.,0.,0.,0.,0.499039916,0.499039916,       0001127P0002283
0.499039916,0.499039916,1.,1.,1.,1.,1.,1.,1.,1.,1.,1.,1.,1.,1.,  0001127P0002284
1.,1.,1.,1.570796327,0.,0.,1.676198945,-3.455609896E-15,-0.,     0001127P0002285
1.781609124,8.57888017E-06,0.,1.886860689,2.578139078E-05,0.,    0001127P0002286
1.99184679,4.97564977E-05,0.,2.201524138,1.060083694E-04,0.,     0001127P0002287
2.306221548,1.38326948E-04,0.,2.410511619,1.721055577E-04,0.,    0001127P0002288
2.514412991,2.040431344E-04,0.,2.617993878,2.317522038E-04,0.,   0001127P0002289
0.,1.,0.,0.,1.;                                                  0001127P0002290
110,2.617993878,2.317522038E-04,0.,2.617993878,0.600092701,0.;   0001129P0002291
126,11,6,1,0,1,0,0.,0.,0.,0.,0.,0.,0.,0.49999998,0.49999998,     0001131P0002292
0.49999998,0.49999998,0.49999998,1.,1.,1.,1.,1.,1.,1.,1.,1.,1.,  0001131P0002293
1.,1.,1.,1.,1.,1.,1.,1.,1.,2.617993878,0.600092701,0.,           0001131P0002294
2.443830193,0.600074065,0.,2.269505919,0.600050924,0.,           0001131P0002295
2.095005849,0.600027236,0.,1.920337067,0.600009052,0.,           0001131P0002296
1.745553948,0.6,0.,1.39601724,0.6,0.,1.22123412,0.600009054,0.,  0001131P0002297
1.046565342,0.600027238,0.,0.872065275,0.600050927,0.,           0001131P0002298
0.697741004,0.600074067,0.,0.523577324,0.600092703,0.,0.,1.,-0., 0001131P0002299
-0.,1.;                                                          0001131P0002300
110,0.523577324,0.600092703,0.,0.523577324,2.317579422E-04,0.;   0001133P0002301
510,1137,1,1,1145;                                               0001135P0002302
190,1139,1141,1143;                                              0001137P0002303
116,-7.502255623,7.716385975,8.167894898,0;                      0001139P0002304
123,-0.764312173,-0.409472719,-0.498155594;                      0001141P0002305
123,0.461939766,0.191341716,-0.866025404;                        0001143P0002306
508,4,0,17,123,1,0,0,17,124,1,0,0,17,122,1,0,0,17,45,0,0;        0001145P0002307
510,1149,1,1,1157;                                               0001147P0002308
190,1151,1153,1155;                                              0001149P0002309
116,-5.142228358,8.590970599,4.225350714,0;                      0001151P0002310
123,6.757144092E-02,-0.101127808,0.992576076;                    0001153P0002311
123,-0.831469612,-0.555570233,2.477304336E-13;                   0001155P0002312
508,5,0,17,125,1,0,0,17,126,1,0,0,17,127,1,0,0,17,44,0,0,0,17,   0001157P0002313
123,1,0;                                                         0001157P0002314
510,1161,1,1,1169;                                               0001159P0002315
190,1163,1165,1167;                                              0001161P0002316
116,-4.258022135,9.884113489,8.167894898,0;                      0001163P0002317
123,0.67079307,0.549433947,-0.498155594;                         0001165P0002318
123,0.353553391,0.353553391,0.866025404;                         0001167P0002319
508,4,0,17,128,0,0,0,17,129,1,0,0,17,127,1,0,0,17,43,0,0;        0001169P0002320
510,1173,1,1,1175;                                               0001171P0002321
128,8,1,8,1,0,0,1,0,0,0.523577324,0.523577324,0.523577324,       0001173P0002322
0.523577324,0.523577324,0.523577324,0.523577324,0.523577324,     0001173P0002323
0.523577324,2.617993878,2.617993878,2.617993878,2.617993878,     0001173P0002324
2.617993878,2.617993878,2.617993878,2.617993878,2.617993878,0.,  0001173P0002325
0.,1.,1.,1.,1.,1.,1.,1.,1.,1.,1.,1.,1.,1.,1.,1.,1.,1.,1.,1.,1.,  0001173P0002326
-7.223330261,6.918805363,1.650333675,-7.200316704,6.941818919,   0001173P0002327
1.593959411,-7.165375966,6.976759658,1.547322992,-7.120913156,   0001173P0002328
7.021222468,1.516312488,-7.071069854,7.07106577,1.505390804,     0001173P0002329
-7.021226386,7.120909237,1.516310976,-6.976763106,7.165372518,   0001173P0002330
1.547320131,-6.94182166,7.200313964,1.59395549,-6.918807248,     0001173P0002331
7.223328375,1.650329056,-1.972152263E-31,-1.413083213E-15,3.,    0001173P0002332
-1.972152263E-31,-1.413083213E-15,3.,-1.972152263E-31,           0001173P0002333
-1.413083213E-15,3.,-1.972152263E-31,-1.413083213E-15,3.,        0001173P0002334
-1.972152263E-31,-1.413083213E-15,3.,-1.972152263E-31,           0001173P0002335
-1.413083213E-15,3.,-1.972152263E-31,-1.413083213E-15,3.,        0001173P0002336
-1.972152263E-31,-1.413083213E-15,3.,-1.972152263E-31,           0001173P0002337
-1.413083213E-15,3.,0.523577324,2.617993878,0.,0.600092703;      0001173P0002338
508,5,0,17,130,1,1,0,1177,0,17,131,0,1,0,1179,0,17,128,1,1,0,    0001175P0002339
1181,0,17,42,1,1,0,1183,0,17,132,0,1,0,1185;                     0001175P0002340
126,9,5,1,0,1,0,0.,0.,0.,0.,0.,0.,0.500950061,0.500950061,       0001177P0002341
0.500950061,0.500950061,1.,1.,1.,1.,1.,1.,1.,1.,1.,1.,1.,1.,1.,  0001177P0002342
1.,1.,1.,0.523577324,2.317579422E-04,0.,0.627158218,             0001177P0002343
2.040495578E-04,0.,0.731059588,1.721123627E-04,0.,0.835349653,   0001177P0002344
1.383337654E-04,0.,0.94004706,1.060148164E-04,0.,1.149728612,    0001177P0002345
4.976043787E-05,0.,1.25471895,2.578352431E-05,0.,1.359974782,    0001177P0002346
8.579599684E-06,0.,1.465389249,1.129350681E-11,0.,1.570796153,   0001177P0002347
0.,0.,0.,1.,0.,0.,1.;                                            0001177P0002348
126,9,5,1,0,1,0,0.,0.,0.,0.,0.,0.,0.499039916,0.499039916,       0001179P0002349
0.499039916,0.499039916,1.,1.,1.,1.,1.,1.,1.,1.,1.,1.,1.,1.,1.,  0001179P0002350
1.,1.,1.,1.570796327,0.,0.,1.676198945,-3.456357038E-15,-0.,     0001179P0002351
1.781609124,8.57888017E-06,0.,1.886860689,2.578139078E-05,0.,    0001179P0002352
1.99184679,4.97564977E-05,0.,2.201524138,1.060083694E-04,0.,     0001179P0002353
2.306221548,1.38326948E-04,0.,2.410511619,1.721055577E-04,0.,    0001179P0002354
2.514412991,2.040431344E-04,0.,2.617993878,2.317522038E-04,0.,   0001179P0002355
0.,1.,0.,0.,1.;                                                  0001179P0002356
110,2.617993878,2.317522038E-04,0.,2.617993878,0.600092701,0.;   0001181P0002357
126,11,6,1,0,1,0,0.,0.,0.,0.,0.,0.,0.,0.49999998,0.49999998,     0001183P0002358
0.49999998,0.49999998,0.49999998,1.,1.,1.,1.,1.,1.,1.,1.,1.,1.,  0001183P0002359
1.,1.,1.,1.,1.,1.,1.,1.,1.,2.617993878,0.600092701,0.,           0001183P0002360
2.443830193,0.600074065,0.,2.269505919,0.600050924,0.,           0001183P0002361
2.095005849,0.600027236,0.,1.920337067,0.600009052,0.,           0001183P0002362
1.745553948,0.6,0.,1.39601724,0.6,0.,1.22123412,0.600009054,0.,  0001183P0002363
1.046565342,0.600027238,0.,0.872065275,0.600050927,0.,           0001183P0002364
0.697741004,0.600074067,0.,0.523577324,0.600092703,0.,0.,1.,-0., 0001183P0002365
-0.,1.;                                                          0001183P0002366
110,0.523577324,0.600092703,0.,0.523577324,2.317579422E-04,0.;   0001185P0002367
510,1189,1,1,1197;                                               0001187P0002368
190,1191,1193,1195;                                              0001189P0002369
116,-9.884113489,4.258022135,8.167894898,0;                      0001191P0002370
123,-0.549433947,-0.67079307,-0.498155594;                       0001193P0002371
123,0.353553391,0.353553391,-0.866025404;                        0001195P0002372
508,4,0,17,133,1,0,0,17,134,1,0,0,17,132,1,0,0,17,41,0,0;        0001197P0002373
510,1201,1,1,1209;                                               0001199P0002374
190,1203,1205,1207;                                              0001201P0002375
116,-8.038421647,5.969176303,4.225350714,0;                      0001203P0002376
123,0.101127808,-6.757144092E-02,0.992576076;                    0001205P0002377
123,-0.555570233,-0.831469612,-2.477360289E-13;                  0001207P0002378
508,5,0,17,135,1,0,0,17,136,1,0,0,17,137,1,0,0,17,40,0,0,0,17,   0001209P0002379
133,1,0;                                                         0001209P0002380
510,1213,1,1,1221;                                               0001211P0002381
190,1215,1217,1219;                                              0001213P0002382
116,-7.716385975,7.502255623,8.167894898,0;                      0001215P0002383
123,0.409472719,0.764312173,-0.498155594;                        0001217P0002384
123,0.191341716,0.461939766,0.866025404;                         0001219P0002385
508,4,0,17,138,0,0,0,17,139,1,0,0,17,137,1,0,0,17,39,0,0;        0001221P0002386
510,1225,1,1,1227;                                               0001223P0002387
128,8,1,8,1,0,0,1,0,0,0.523577324,0.523577324,0.523577324,       0001225P0002388
0.523577324,0.523577324,0.523577324,0.523577324,0.523577324,     0001225P0002389
0.523577324,2.617993878,2.617993878,2.617993878,2.617993878,     0001225P0002390
2.617993878,2.617993878,2.617993878,2.617993878,2.617993878,0.,  0001225P0002391
0.,1.,1.,1.,1.,1.,1.,1.,1.,1.,1.,1.,1.,1.,1.,1.,1.,1.,1.,1.,1.,  0001225P0002392
-9.321199169,3.627893846,1.650333675,-9.308744322,3.657962507,   0001225P0002393
1.593959411,-9.28983453,3.703614782,1.547322992,-9.265771431,    0001225P0002394
3.761708243,1.516312488,-9.23879643,3.826831656,1.505390804,     0001225P0002395
-9.21182134,3.891955284,1.516310976,-9.187757986,3.95004936,     0001225P0002396
1.547320131,-9.168847812,3.995702559,1.59395549,-9.156392502,    0001225P0002397
4.025772337,1.650329056,5.407635341E-16,-1.305518658E-15,3.,     0001225P0002398
5.407635341E-16,-1.305518658E-15,3.,5.407635341E-16,             0001225P0002399
-1.305518658E-15,3.,5.407635341E-16,-1.305518658E-15,3.,         0001225P0002400
5.407635341E-16,-1.305518658E-15,3.,5.407635341E-16,             0001225P0002401
-1.305518658E-15,3.,5.407635341E-16,-1.305518658E-15,3.,         0001225P0002402
5.407635341E-16,-1.305518658E-15,3.,5.407635341E-16,             0001225P0002403
-1.305518658E-15,3.,0.523577324,2.617993878,0.,0.600092703;      0001225P0002404
508,5,0,17,140,1,1,0,1229,0,17,141,0,1,0,1231,0,17,138,1,1,0,    0001227P0002405
1233,0,17,38,1,1,0,1235,0,17,142,0,1,0,1237;                     0001227P0002406
126,9,5,1,0,1,0,0.,0.,0.,0.,0.,0.,0.500949979,0.500949979,       0001229P0002407
0.500949979,0.500949979,1.,1.,1.,1.,1.,1.,1.,1.,1.,1.,1.,1.,1.,  0001229P0002408
1.,1.,1.,0.523577324,2.317579422E-04,0.,0.627158218,             0001229P0002409
2.040495578E-04,0.,0.731059588,1.721123627E-04,0.,0.835349653,   0001229P0002410
1.383337654E-04,0.,0.94004706,1.060148164E-04,0.,1.149728646,    0001229P0002411
4.976042865E-05,0.,1.254719019,2.578350853E-05,0.,1.359974885,   0001229P0002412
8.579582733E-06,0.,1.465389387,3.455755442E-15,0.,1.570796327,   0001229P0002413
0.,0.,0.,1.,0.,0.,1.;                                            0001229P0002414
126,9,5,1,0,1,0,0.,0.,0.,0.,0.,0.,0.499039916,0.499039916,       0001231P0002415
0.499039916,0.499039916,1.,1.,1.,1.,1.,1.,1.,1.,1.,1.,1.,1.,1.,  0001231P0002416
1.,1.,1.,1.570796327,0.,0.,1.676198945,-3.455613767E-15,-0.,     0001231P0002417
1.781609124,8.57888017E-06,0.,1.886860689,2.578139078E-05,0.,    0001231P0002418
1.99184679,4.97564977E-05,0.,2.201524138,1.060083694E-04,0.,     0001231P0002419
2.306221548,1.38326948E-04,0.,2.410511619,1.721055577E-04,0.,    0001231P0002420
2.514412991,2.040431344E-04,0.,2.617993878,2.317522038E-04,0.,   0001231P0002421
0.,1.,0.,0.,1.;                                                  0001231P0002422
110,2.617993878,2.317522038E-04,0.,2.617993878,0.600092701,0.;   0001233P0002423
126,11,6,1,0,1,0,0.,0.,0.,0.,0.,0.,0.,0.49999998,0.49999998,     0001235P0002424
0.49999998,0.49999998,0.49999998,1.,1.,1.,1.,1.,1.,1.,1.,1.,1.,  0001235P0002425
1.,1.,1.,1.,1.,1.,1.,1.,1.,2.617993878,0.600092701,0.,           0001235P0002426
2.443830193,0.600074065,0.,2.269505919,0.600050924,0.,           0001235P0002427
2.095005849,0.600027236,0.,1.920337067,0.600009052,0.,           0001235P0002428
1.745553948,0.6,0.,1.39601724,0.6,0.,1.22123412,0.600009054,0.,  0001235P0002429
1.046565342,0.600027238,0.,0.872065275,0.600050927,0.,           0001235P0002430
0.697741004,0.600074067,0.,0.523577324,0.600092703,0.,0.,1.,-0., 0001235P0002431
-0.,1.;                                                          0001235P0002432
110,0.523577324,0.600092703,0.,0.523577324,2.317579422E-04,0.;   0001237P0002433
510,1241,1,1,1249;                                               0001239P0002434
190,1243,1245,1247;                                              0001241P0002435
116,-10.761204675,0.151413024,8.167894898,0;                     0001243P0002436
123,-0.250909384,-0.829991256,-0.498155594;                      0001245P0002437
123,0.191341716,0.461939766,-0.866025404;                        0001247P0002438
508,4,0,17,143,1,0,0,17,144,1,0,0,17,142,1,0,0,17,37,0,0;        0001249P0002439
510,1253,1,1,1261;                                               0001251P0002440
190,1255,1257,1259;                                              0001253P0002441
116,-9.71083811,2.438629025,4.225350714,0;                       0001255P0002442
123,0.119288383,-2.372793463E-02,0.992576076;                    0001257P0002443
123,-0.195090322,-0.98078528,-2.905026615E-14;                   0001259P0002444
508,5,0,17,145,1,0,0,17,146,1,0,0,17,147,1,0,0,17,36,0,0,0,17,   0001261P0002445
143,1,0;                                                         0001261P0002446
510,1265,1,1,1273;                                               0001263P0002447
190,1267,1269,1271;                                              0001265P0002448
116,-10.,3.978247348,8.167894898,0;                              0001267P0002449
123,8.581385836E-02,0.862830798,-0.498155594;                    0001269P0002450
123,4.346308964E-14,0.5,0.866025404;                             0001271P0002451
508,4,0,17,148,0,0,0,17,149,1,0,0,17,147,1,0,0,17,35,0,0;        0001273P0002452
510,1277,1,1,1279;                                               0001275P0002453
128,8,1,8,1,0,0,1,0,0,0.523577324,0.523577324,0.523577324,       0001277P0002454
0.523577324,0.523577324,0.523577324,0.523577324,0.523577324,     0001277P0002455
0.523577324,2.617993878,2.617993878,2.617993878,2.617993878,     0001277P0002456
2.617993878,2.617993878,2.617993878,2.617993878,2.617993878,0.,  0001277P0002457
0.,1.,1.,1.,1.,1.,1.,1.,1.,1.,1.,1.,1.,1.,1.,1.,1.,1.,1.,1.,1.,  0001277P0002458
-10.,-0.215331621,1.650333675,-10.,-0.182785537,1.593959411,     0001277P0002459
-10.,-0.13337187,1.547322992,-10.,-7.04919616E-02,1.516312488,   0001277P0002460
-10.,-2.887981075E-06,1.505390804,-10.,7.048641991E-02,          0001277P0002461
1.516310976,-10.,0.133366994,1.547320131,-10.,0.182781661,       0001277P0002462
1.59395549,-10.,0.215328954,1.650329056,9.992007222E-16,         0001277P0002463
-9.992007222E-16,3.,9.992007222E-16,-9.992007222E-16,3.,         0001277P0002464
9.992007222E-16,-9.992007222E-16,3.,9.992007222E-16,             0001277P0002465
-9.992007222E-16,3.,9.992007222E-16,-9.992007222E-16,3.,         0001277P0002466
9.992007222E-16,-9.992007222E-16,3.,9.992007222E-16,             0001277P0002467
-9.992007222E-16,3.,9.992007222E-16,-9.992007222E-16,3.,         0001277P0002468
9.992007222E-16,-9.992007222E-16,3.,0.523577324,2.617993878,0.,  0001277P0002469
0.600092703;                                                     0001277P0002470
508,5,0,17,150,1,1,0,1281,0,17,151,0,1,0,1283,0,17,148,1,1,0,    0001279P0002471
1285,0,17,34,1,1,0,1287,0,17,152,0,1,0,1289;                     0001279P0002472
126,9,5,1,0,1,0,0.,0.,0.,0.,0.,0.,0.500949979,0.500949979,       0001281P0002473
0.500949979,0.500949979,1.,1.,1.,1.,1.,1.,1.,1.,1.,1.,1.,1.,1.,  0001281P0002474
1.,1.,1.,0.523577324,2.317579422E-04,0.,0.627158218,             0001281P0002475
2.040495578E-04,0.,0.731059588,1.721123627E-04,0.,0.835349653,   0001281P0002476
1.383337654E-04,0.,0.94004706,1.060148164E-04,0.,1.149728646,    0001281P0002477
4.976042865E-05,0.,1.254719019,2.578350853E-05,0.,1.359974885,   0001281P0002478
8.579582733E-06,0.,1.465389387,3.455466385E-15,0.,1.570796327,   0001281P0002479
0.,0.,0.,1.,0.,0.,1.;                                            0001281P0002480
126,9,5,1,0,1,0,0.,0.,0.,0.,0.,0.,0.499039916,0.499039916,       0001283P0002481
0.499039916,0.499039916,1.,1.,1.,1.,1.,1.,1.,1.,1.,1.,1.,1.,1.,  0001283P0002482
1.,1.,1.,1.570796327,0.,0.,1.676198945,-3.455324722E-15,-0.,     0001283P0002483
1.781609124,8.57888017E-06,0.,1.886860689,2.578139078E-05,0.,    0001283P0002484
1.99184679,4.97564977E-05,0.,2.201524138,1.060083694E-04,0.,     0001283P0002485
2.306221548,1.38326948E-04,0.,2.410511619,1.721055577E-04,0.,    0001283P0002486
2.514412991,2.040431344E-04,0.,2.617993878,2.317522038E-04,0.,   0001283P0002487
0.,1.,0.,0.,1.;                                                  0001283P0002488
110,2.617993878,2.317522038E-04,0.,2.617993878,0.600092701,0.;   0001285P0002489
126,11,6,1,0,1,0,0.,0.,0.,0.,0.,0.,0.,0.49999998,0.49999998,     0001287P0002490
0.49999998,0.49999998,0.49999998,1.,1.,1.,1.,1.,1.,1.,1.,1.,1.,  0001287P0002491
1.,1.,1.,1.,1.,1.,1.,1.,1.,2.617993878,0.600092701,0.,           0001287P0002492
2.443830193,0.600074065,0.,2.269505919,0.600050924,0.,           0001287P0002493
2.095005849,0.600027236,0.,1.920337067,0.600009052,0.,           0001287P0002494
1.745553948,0.6,0.,1.39601724,0.6,0.,1.22123412,0.600009054,0.,  0001287P0002495
1.046565342,0.600027238,0.,0.872065275,0.600050927,0.,           0001287P0002496
0.697741004,0.600074067,0.,0.523577324,0.600092703,0.,0.,1.,-0., 0001287P0002497
-0.,1.;                                                          0001287P0002498
110,0.523577324,0.600092703,0.,0.523577324,2.317579422E-04,0.;   0001289P0002499
510,1293,1,1,1301;                                               0001291P0002500
190,1295,1297,1299;                                              0001293P0002501
116,-10.,-3.978247348,8.167894898,0;                             0001295P0002502
123,8.581385835E-02,-0.862830798,-0.498155594;                   0001297P0002503
123,2.881404173E-14,0.5,-0.866025404;                            0001299P0002504
508,4,0,17,153,1,0,0,17,154,1,0,0,17,152,1,0,0,17,33,0,0;        0001301P0002505
510,1305,1,1,1313;                                               0001303P0002506
190,1307,1309,1311;                                              0001305P0002507
116,-9.904867499,-1.463177415,4.225350714,0;                     0001307P0002508
123,0.119288383,2.372793463E-02,0.992576076;                     0001309P0002509
123,0.195090322,-0.98078528,2.905688799E-14;                     0001311P0002510
508,5,0,17,155,1,0,0,17,156,1,0,0,17,157,1,0,0,17,32,0,0,0,17,   0001313P0002511
153,1,0;                                                         0001313P0002512
510,1317,1,1,1325;                                               0001315P0002513
190,1319,1321,1323;                                              0001317P0002514
116,-10.761204675,-0.151413024,8.167894898,0;                    0001319P0002515
123,-0.250909384,0.829991256,-0.498155594;                       0001321P0002516
123,-0.191341716,0.461939766,0.866025404;                        0001323P0002517
508,4,0,17,158,0,0,0,17,159,1,0,0,17,157,1,0,0,17,31,0,0;        0001325P0002518
510,1329,1,1,1331;                                               0001327P0002519
128,8,1,8,1,0,0,1,0,0,0.523577324,0.523577324,0.523577324,       0001329P0002520
0.523577324,0.523577324,0.523577324,0.523577324,0.523577324,     0001329P0002521
0.523577324,2.617993878,2.617993878,2.617993878,2.617993878,     0001329P0002522
2.617993878,2.617993878,2.617993878,2.617993878,2.617993878,0.,  0001329P0002523
0.,1.,1.,1.,1.,1.,1.,1.,1.,1.,1.,1.,1.,1.,1.,1.,1.,1.,1.,1.,1.,  0001329P0002524
-9.156391481,-4.025774801,1.650333675,-9.168846328,-3.99570614,  0001329P0002525
1.593959411,-9.18775612,-3.950053865,1.547322992,-9.211819219,   0001329P0002526
-3.891960404,1.516312488,-9.23879422,-3.826836992,1.505390804,   0001329P0002527
-9.26576931,-3.761713363,1.516310976,-9.289832664,-3.703619288,  0001329P0002528
1.547320131,-9.308742838,-3.657966088,1.59395549,-9.321198148,   0001329P0002529
-3.62789631,1.650329056,1.305518658E-15,-5.407635341E-16,3.,     0001329P0002530
1.305518658E-15,-5.407635341E-16,3.,1.305518658E-15,             0001329P0002531
-5.407635341E-16,3.,1.305518658E-15,-5.407635341E-16,3.,         0001329P0002532
1.305518658E-15,-5.407635341E-16,3.,1.305518658E-15,             0001329P0002533
-5.407635341E-16,3.,1.305518658E-15,-5.407635341E-16,3.,         0001329P0002534
1.305518658E-15,-5.407635341E-16,3.,1.305518658E-15,             0001329P0002535
-5.407635341E-16,3.,0.523577324,2.617993878,3.201214333E-16,     0001329P0002536
0.600092703;                                                     0001329P0002537
508,5,0,17,160,1,1,0,1333,0,17,161,0,1,0,1335,0,17,158,1,1,0,    0001331P0002538
1337,0,17,30,1,1,0,1339,0,17,162,0,1,0,1341;                     0001331P0002539
126,9,5,1,0,1,0,0.,0.,0.,0.,0.,0.,0.500950218,0.500950218,       0001333P0002540
0.500950218,0.500950218,1.,1.,1.,1.,1.,1.,1.,1.,1.,1.,1.,1.,1.,  0001333P0002541
1.,1.,1.,0.523577324,2.317579422E-04,0.,0.627158218,             0001333P0002542
2.040495578E-04,0.,0.731059588,1.721123627E-04,0.,0.835349653,   0001333P0002543
1.383337654E-04,0.,0.94004706,1.060148164E-04,0.,1.149728546,    0001333P0002544
4.97604555E-05,0.,1.254718818,2.578355443E-05,0.,1.359974583,    0001333P0002545
8.579632054E-06,0.,1.465388984,3.285374217E-11,0.,1.570796795,   0001333P0002546
3.201214333E-16,0.,0.,1.,0.,0.,1.;                               0001333P0002547
126,9,5,1,0,1,0,0.,0.,0.,0.,0.,0.,0.499038552,0.499038552,       0001335P0002548
0.499038552,0.499038552,0.999998637,0.999998637,0.999998637,     0001335P0002549
0.999998637,0.999998637,0.999998637,1.,1.,1.,1.,1.,1.,1.,1.,1.,  0001335P0002550
1.,1.570796795,3.201214333E-16,0.,1.676200097,9.374500113E-11,   0001335P0002551
0.,1.781609987,8.57902116E-06,0.,1.886861262,2.578152178E-05,0., 0001335P0002552
1.991847076,4.975657439E-05,0.,2.201524138,1.060083694E-04,0.,   0001335P0002553
2.306221548,1.38326948E-04,0.,2.410511619,1.721055577E-04,0.,    0001335P0002554
2.514412991,2.040431344E-04,0.,2.617993878,2.317522038E-04,0.,   0001335P0002555
0.,0.999998637,0.,0.,1.;                                         0001335P0002556
110,2.617993878,2.317522038E-04,0.,2.617993878,0.600092701,0.;   0001337P0002557
126,11,6,1,0,1,0,0.,0.,0.,0.,0.,0.,0.,0.49999998,0.49999998,     0001339P0002558
0.49999998,0.49999998,0.49999998,1.,1.,1.,1.,1.,1.,1.,1.,1.,1.,  0001339P0002559
1.,1.,1.,1.,1.,1.,1.,1.,1.,2.617993878,0.600092701,0.,           0001339P0002560
2.443830193,0.600074065,0.,2.269505919,0.600050924,0.,           0001339P0002561
2.095005849,0.600027236,0.,1.920337067,0.600009052,0.,           0001339P0002562
1.745553948,0.6,0.,1.39601724,0.6,0.,1.22123412,0.600009054,0.,  0001339P0002563
1.046565342,0.600027238,0.,0.872065275,0.600050927,0.,           0001339P0002564
0.697741004,0.600074067,0.,0.523577324,0.600092703,0.,0.,1.,-0., 0001339P0002565
-0.,1.;                                                          0001339P0002566
110,0.523577324,0.600092703,0.,0.523577324,2.317579422E-04,0.;   0001341P0002567
510,1345,1,1,1353;                                               0001343P0002568
190,1347,1349,1351;                                              0001345P0002569
116,-7.716385975,-7.502255623,8.167894898,0;                     0001347P0002570
123,0.409472719,-0.764312173,-0.498155594;                       0001349P0002571
123,-0.191341716,0.461939766,-0.866025404;                       0001351P0002572
508,4,0,17,163,1,0,0,17,164,1,0,0,17,162,1,0,0,17,29,0,0;        0001353P0002573
510,1357,1,1,1365;                                               0001355P0002574
190,1359,1361,1363;                                              0001357P0002575
116,-8.590970599,-5.142228358,4.225350714,0;                     0001359P0002576
123,0.101127808,6.757144092E-02,0.992576076;                     0001361P0002577
123,0.555570233,-0.831469612,2.477429678E-13;                    0001363P0002578
508,5,0,17,165,1,0,0,17,166,1,0,0,17,167,1,0,0,17,28,0,0,0,17,   0001365P0002579
163,1,0;                                                         0001365P0002580
510,1369,1,1,1377;                                               0001367P0002581
190,1371,1373,1375;                                              0001369P0002582
116,-9.884113489,-4.258022135,8.167894898,0;                     0001371P0002583
123,-0.549433947,0.67079307,-0.498155594;                        0001373P0002584
123,-0.353553391,0.353553391,0.866025404;                        0001375P0002585
508,4,0,17,168,0,0,0,17,169,1,0,0,17,167,1,0,0,17,27,0,0;        0001377P0002586
510,1381,1,1,1383;                                               0001379P0002587
128,8,1,8,1,0,0,1,0,0,0.523577324,0.523577324,0.523577324,       0001381P0002588
0.523577324,0.523577324,0.523577324,0.523577324,0.523577324,     0001381P0002589
0.523577324,2.617993878,2.617993878,2.617993878,2.617993878,     0001381P0002590
2.617993878,2.617993878,2.617993878,2.617993878,2.617993878,0.,  0001381P0002591
0.,1.,1.,1.,1.,1.,1.,1.,1.,1.,1.,1.,1.,1.,1.,1.,1.,1.,1.,1.,1.,  0001381P0002592
-6.918805363,-7.223330261,1.650333675,-6.941818919,-7.200316704, 0001381P0002593
1.593959411,-6.976759658,-7.165375966,1.547322992,-7.021222468,  0001381P0002594
-7.120913156,1.516312488,-7.07106577,-7.071069854,1.505390804,   0001381P0002595
-7.120909237,-7.021226386,1.516310976,-7.165372518,-6.976763106, 0001381P0002596
1.547320131,-7.200313964,-6.94182166,1.59395549,-7.223328375,    0001381P0002597
-6.918807248,1.650329056,1.413083213E-15,0.,3.,1.413083213E-15,  0001381P0002598
0.,3.,1.413083213E-15,0.,3.,1.413083213E-15,0.,3.,               0001381P0002599
1.413083213E-15,0.,3.,1.413083213E-15,0.,3.,1.413083213E-15,0.,  0001381P0002600
3.,1.413083213E-15,0.,3.,1.413083213E-15,0.,3.,0.523577324,      0001381P0002601
2.617993878,0.,0.600092703;                                      0001381P0002602
508,5,0,17,170,1,1,0,1385,0,17,171,0,1,0,1387,0,17,168,1,1,0,    0001383P0002603
1389,0,17,26,1,1,0,1391,0,17,172,0,1,0,1393;                     0001383P0002604
126,9,5,1,0,1,0,0.,0.,0.,0.,0.,0.,0.500949979,0.500949979,       0001385P0002605
0.500949979,0.500949979,1.,1.,1.,1.,1.,1.,1.,1.,1.,1.,1.,1.,1.,  0001385P0002606
1.,1.,1.,0.523577324,2.317579422E-04,0.,0.627158218,             0001385P0002607
2.040495578E-04,0.,0.731059588,1.721123627E-04,0.,0.835349653,   0001385P0002608
1.383337654E-04,0.,0.94004706,1.060148164E-04,0.,1.149728646,    0001385P0002609
4.976042865E-05,0.,1.254719019,2.578350853E-05,0.,1.359974885,   0001385P0002610
8.579582733E-06,0.,1.465389387,3.455608476E-15,0.,1.570796327,   0001385P0002611
0.,0.,0.,1.,0.,0.,1.;                                            0001385P0002612
126,9,5,1,0,1,0,0.,0.,0.,0.,0.,0.,0.499039916,0.499039916,       0001387P0002613
0.499039916,0.499039916,1.,1.,1.,1.,1.,1.,1.,1.,1.,1.,1.,1.,1.,  0001387P0002614
1.,1.,1.,1.570796327,0.,0.,1.676198945,-3.455466807E-15,-0.,     0001387P0002615
1.781609124,8.57888017E-06,0.,1.886860689,2.578139078E-05,0.,    0001387P0002616
1.99184679,4.97564977E-05,0.,2.201524138,1.060083694E-04,0.,     0001387P0002617
2.306221548,1.38326948E-04,0.,2.410511619,1.721055577E-04,0.,    0001387P0002618
2.514412991,2.040431344E-04,0.,2.617993878,2.317522038E-04,0.,   0001387P0002619
0.,1.,0.,0.,1.;                                                  0001387P0002620
110,2.617993878,2.317522038E-04,0.,2.617993878,0.600092701,0.;   0001389P0002621
126,11,6,1,0,1,0,0.,0.,0.,0.,0.,0.,0.,0.49999998,0.49999998,     0001391P0002622
0.49999998,0.49999998,0.49999998,1.,1.,1.,1.,1.,1.,1.,1.,1.,1.,  0001391P0002623
1.,1.,1.,1.,1.,1.,1.,1.,1.,2.617993878,0.600092701,0.,           0001391P0002624
2.443830193,0.600074065,0.,2.269505919,0.600050924,0.,           0001391P0002625
2.095005849,0.600027236,0.,1.920337067,0.600009052,0.,           0001391P0002626
1.745553948,0.6,0.,1.39601724,0.6,0.,1.22123412,0.600009054,0.,  0001391P0002627
1.046565342,0.600027238,0.,0.872065275,0.600050927,0.,           0001391P0002628
0.697741004,0.600074067,0.,0.523577324,0.600092703,0.,0.,1.,-0., 0001391P0002629
-0.,1.;                                                          0001391P0002630
110,0.523577324,0.600092703,0.,0.523577324,2.317579422E-04,0.;   0001393P0002631
510,1397,1,1,1405;                                               0001395P0002632
190,1399,1401,1403;                                              0001397P0002633
116,-4.258022135,-9.884113489,8.167894898,0;                     0001399P0002634
123,0.67079307,-0.549433947,-0.498155594;                        0001401P0002635
123,-0.353553391,0.353553391,-0.866025404;                       0001403P0002636
508,4,0,17,173,1,0,0,17,174,1,0,0,17,172,1,0,0,17,25,0,0;        0001405P0002637
510,1409,1,1,1417;                                               0001407P0002638
190,1411,1413,1415;                                              0001409P0002639
116,-5.969176303,-8.038421647,4.225350714,0;                     0001411P0002640
123,6.757144092E-02,0.101127808,0.992576076;                     0001413P0002641
123,0.831469612,-0.555570233,-2.477304336E-13;                   0001415P0002642
508,5,0,17,175,1,0,0,17,176,1,0,0,17,177,1,0,0,17,24,0,0,0,17,   0001417P0002643
173,1,0;                                                         0001417P0002644
510,1421,1,1,1429;                                               0001419P0002645
190,1423,1425,1427;                                              0001421P0002646
116,-7.502255623,-7.716385975,8.167894898,0;                     0001423P0002647
123,-0.764312173,0.409472719,-0.498155594;                       0001425P0002648
123,-0.461939766,0.191341716,0.866025404;                        0001427P0002649
508,4,0,17,178,0,0,0,17,179,1,0,0,17,177,1,0,0,17,23,0,0;        0001429P0002650
510,1433,1,1,1435;                                               0001431P0002651
128,8,1,8,1,0,0,1,0,0,0.523577324,0.523577324,0.523577324,       0001433P0002652
0.523577324,0.523577324,0.523577324,0.523577324,0.523577324,     0001433P0002653
0.523577324,2.617993878,2.617993878,2.617993878,2.617993878,     0001433P0002654
2.617993878,2.617993878,2.617993878,2.617993878,2.617993878,0.,  0001433P0002655
0.,1.,1.,1.,1.,1.,1.,1.,1.,1.,1.,1.,1.,1.,1.,1.,1.,1.,1.,1.,1.,  0001433P0002656
-3.627893846,-9.321199169,1.650333675,-3.657962507,-9.308744322, 0001433P0002657
1.593959411,-3.703614782,-9.28983453,1.547322992,-3.761708243,   0001433P0002658
-9.265771431,1.516312488,-3.826831656,-9.23879643,1.505390804,   0001433P0002659
-3.891955284,-9.21182134,1.516310976,-3.95004936,-9.187757986,   0001433P0002660
1.547320131,-3.995702559,-9.168847812,1.59395549,-4.025772337,   0001433P0002661
-9.156392502,1.650329056,1.305518658E-15,5.407635341E-16,3.,     0001433P0002662
1.305518658E-15,5.407635341E-16,3.,1.305518658E-15,              0001433P0002663
5.407635341E-16,3.,1.305518658E-15,5.407635341E-16,3.,           0001433P0002664
1.305518658E-15,5.407635341E-16,3.,1.305518658E-15,              0001433P0002665
5.407635341E-16,3.,1.305518658E-15,5.407635341E-16,3.,           0001433P0002666
1.305518658E-15,5.407635341E-16,3.,1.305518658E-15,              0001433P0002667
5.407635341E-16,3.,0.523577324,2.617993878,0.,0.600092703;       0001433P0002668
508,5,0,17,180,1,1,0,1437,0,17,181,0,1,0,1439,0,17,178,1,1,0,    0001435P0002669
1441,0,17,22,1,1,0,1443,0,17,182,0,1,0,1445;                     0001435P0002670
126,9,5,1,0,1,0,0.,0.,0.,0.,0.,0.,0.500949979,0.500949979,       0001437P0002671
0.500949979,0.500949979,1.,1.,1.,1.,1.,1.,1.,1.,1.,1.,1.,1.,1.,  0001437P0002672
1.,1.,1.,0.523577324,2.317579422E-04,0.,0.627158218,             0001437P0002673
2.040495578E-04,0.,0.731059588,1.721123627E-04,0.,0.835349653,   0001437P0002674
1.383337654E-04,0.,0.94004706,1.060148164E-04,0.,1.149728646,    0001437P0002675
4.976042865E-05,0.,1.254719019,2.578350853E-05,0.,1.359974885,   0001437P0002676
8.579582734E-06,0.,1.465389387,3.455171431E-15,0.,1.570796327,   0001437P0002677
0.,0.,0.,1.,0.,0.,1.;                                            0001437P0002678
126,9,5,1,0,1,0,0.,0.,0.,0.,0.,0.,0.499039916,0.499039916,       0001439P0002679
0.499039916,0.499039916,1.,1.,1.,1.,1.,1.,1.,1.,1.,1.,1.,1.,1.,  0001439P0002680
1.,1.,1.,1.570796327,0.,0.,1.676198945,-3.45502978E-15,-0.,      0001439P0002681
1.781609124,8.578880171E-06,0.,1.886860689,2.578139078E-05,0.,   0001439P0002682
1.99184679,4.97564977E-05,0.,2.201524138,1.060083694E-04,0.,     0001439P0002683
2.306221548,1.38326948E-04,0.,2.410511619,1.721055577E-04,0.,    0001439P0002684
2.514412991,2.040431344E-04,0.,2.617993878,2.317522038E-04,0.,   0001439P0002685
0.,1.,0.,0.,1.;                                                  0001439P0002686
110,2.617993878,2.317522038E-04,0.,2.617993878,0.600092701,0.;   0001441P0002687
126,11,6,1,0,1,0,0.,0.,0.,0.,0.,0.,0.,0.49999998,0.49999998,     0001443P0002688
0.49999998,0.49999998,0.49999998,1.,1.,1.,1.,1.,1.,1.,1.,1.,1.,  0001443P0002689
1.,1.,1.,1.,1.,1.,1.,1.,1.,2.617993878,0.600092701,0.,           0001443P0002690
2.443830193,0.600074065,0.,2.269505919,0.600050924,0.,           0001443P0002691
2.095005849,0.600027236,0.,1.920337067,0.600009052,0.,           0001443P0002692
1.745553948,0.6,0.,1.39601724,0.6,0.,1.22123412,0.600009054,0.,  0001443P0002693
1.046565342,0.600027238,0.,0.872065275,0.600050927,0.,           0001443P0002694
0.697741004,0.600074067,0.,0.523577324,0.600092703,0.,0.,1.,-0., 0001443P0002695
-0.,1.;                                                          0001443P0002696
110,0.523577324,0.600092703,0.,0.523577324,2.317579422E-04,0.;   0001445P0002697
510,1449,1,1,1457;                                               0001447P0002698
190,1451,1453,1455;                                              0001449P0002699
116,-0.151413024,-10.761204675,8.167894898,0;                    0001451P0002700
123,0.829991256,-0.250909384,-0.498155594;                       0001453P0002701
123,-0.461939766,0.191341716,-0.866025404;                       0001455P0002702
508,4,0,17,183,1,0,0,17,184,1,0,0,17,182,1,0,0,17,21,0,0;        0001457P0002703
510,1461,1,1,1469;                                               0001459P0002704
190,1463,1465,1467;                                              0001461P0002705
116,-2.438629025,-9.71083811,4.225350714,0;                      0001463P0002706
123,2.372793463E-02,0.119288383,0.992576076;                     0001465P0002707
123,0.98078528,-0.195090322,-2.905333119E-14;                    0001467P0002708
508,5,0,17,185,1,0,0,17,186,1,0,0,17,187,1,0,0,17,20,0,0,0,17,   0001469P0002709
183,1,0;                                                         0001469P0002710
510,1473,1,1,1481;                                               0001471P0002711
190,1475,1477,1479;                                              0001473P0002712
116,-3.978247348,-10.,8.167894898,0;                             0001475P0002713
123,-0.862830798,8.581385836E-02,-0.498155594;                   0001477P0002714
123,-0.5,4.351046588E-14,0.866025404;                            0001479P0002715
508,4,0,17,188,0,0,0,17,189,1,0,0,17,187,1,0,0,17,19,0,0;        0001481P0002716
510,1485,1,1,1487;                                               0001483P0002717
128,8,1,8,1,0,0,1,0,0,0.523577324,0.523577324,0.523577324,       0001485P0002718
0.523577324,0.523577324,0.523577324,0.523577324,0.523577324,     0001485P0002719
0.523577324,2.617993878,2.617993878,2.617993878,2.617993878,     0001485P0002720
2.617993878,2.617993878,2.617993878,2.617993878,2.617993878,0.,  0001485P0002721
0.,1.,1.,1.,1.,1.,1.,1.,1.,1.,1.,1.,1.,1.,1.,1.,1.,1.,1.,1.,1.,  0001485P0002722
0.215331621,-10.,1.650333675,0.182785537,-10.,1.593959411,       0001485P0002723
0.13337187,-10.,1.547322992,7.04919616E-02,-10.,1.516312488,     0001485P0002724
2.887981074E-06,-10.,1.505390804,-7.048641991E-02,-10.,          0001485P0002725
1.516310976,-0.133366994,-10.,1.547320131,-0.182781661,-10.,     0001485P0002726
1.59395549,-0.215328954,-10.,1.650329056,9.992007222E-16,        0001485P0002727
9.992007222E-16,3.,9.992007222E-16,9.992007222E-16,3.,           0001485P0002728
9.992007222E-16,9.992007222E-16,3.,9.992007222E-16,              0001485P0002729
9.992007222E-16,3.,9.992007222E-16,9.992007222E-16,3.,           0001485P0002730
9.992007222E-16,9.992007222E-16,3.,9.992007222E-16,              0001485P0002731
9.992007222E-16,3.,9.992007222E-16,9.992007222E-16,3.,           0001485P0002732
9.992007222E-16,9.992007222E-16,3.,0.523577324,2.617993878,0.,   0001485P0002733
0.600092703;                                                     0001485P0002734
508,5,0,17,190,1,1,0,1489,0,17,191,0,1,0,1491,0,17,188,1,1,0,    0001487P0002735
1493,0,17,18,1,1,0,1495,0,17,192,0,1,0,1497;                     0001487P0002736
126,9,5,1,0,1,0,0.,0.,0.,0.,0.,0.,0.500949979,0.500949979,       0001489P0002737
0.500949979,0.500949979,1.,1.,1.,1.,1.,1.,1.,1.,1.,1.,1.,1.,1.,  0001489P0002738
1.,1.,1.,0.523577324,2.317579422E-04,0.,0.627158218,             0001489P0002739
2.040495578E-04,0.,0.731059588,1.721123627E-04,0.,0.835349653,   0001489P0002740
1.383337654E-04,0.,0.94004706,1.060148164E-04,0.,1.149728646,    0001489P0002741
4.976042865E-05,0.,1.254719019,2.578350853E-05,0.,1.359974885,   0001489P0002742
8.579582733E-06,0.,1.465389387,3.455386427E-15,0.,1.570796327,   0001489P0002743
0.,0.,0.,1.,0.,0.,1.;                                            0001489P0002744
126,9,5,1,0,1,0,0.,0.,0.,0.,0.,0.,0.499039916,0.499039916,       0001491P0002745
0.499039916,0.499039916,1.,1.,1.,1.,1.,1.,1.,1.,1.,1.,1.,1.,1.,  0001491P0002746
1.,1.,1.,1.570796327,0.,0.,1.676198945,-3.455244767E-15,-0.,     0001491P0002747
1.781609124,8.57888017E-06,0.,1.886860689,2.578139078E-05,0.,    0001491P0002748
1.99184679,4.97564977E-05,0.,2.201524138,1.060083694E-04,0.,     0001491P0002749
2.306221548,1.38326948E-04,0.,2.410511619,1.721055577E-04,0.,    0001491P0002750
2.514412991,2.040431344E-04,0.,2.617993878,2.317522038E-04,0.,   0001491P0002751
0.,1.,0.,0.,1.;                                                  0001491P0002752
110,2.617993878,2.317522038E-04,0.,2.617993878,0.600092701,0.;   0001493P0002753
126,11,6,1,0,1,0,0.,0.,0.,0.,0.,0.,0.,0.49999998,0.49999998,     0001495P0002754
0.49999998,0.49999998,0.49999998,1.,1.,1.,1.,1.,1.,1.,1.,1.,1.,  0001495P0002755
1.,1.,1.,1.,1.,1.,1.,1.,1.,2.617993878,0.600092701,0.,           0001495P0002756
2.443830193,0.600074065,0.,2.269505919,0.600050924,0.,           0001495P0002757
2.095005849,0.600027236,0.,1.920337067,0.600009052,0.,           0001495P0002758
1.745553948,0.6,0.,1.39601724,0.6,0.,1.22123412,0.600009054,0.,  0001495P0002759
1.046565342,0.600027238,0.,0.872065275,0.600050927,0.,           0001495P0002760
0.697741004,0.600074067,0.,0.523577324,0.600092703,0.,0.,1.,-0., 0001495P0002761
-0.,1.;                                                          0001495P0002762
110,0.523577324,0.600092703,0.,0.523577324,2.317579422E-04,0.;   0001497P0002763
510,1501,1,1,1509;                                               0001499P0002764
190,1503,1505,1507;                                              0001501P0002765
116,3.978247348,-10.,8.167894898,0;                              0001503P0002766
123,0.862830798,8.581385835E-02,-0.498155594;                    0001505P0002767
123,-0.5,2.886693563E-14,-0.866025404;                           0001507P0002768
508,4,0,17,193,1,0,0,17,194,1,0,0,17,192,1,0,0,17,17,0,0;        0001509P0002769
510,1513,1,1,1521;                                               0001511P0002770
190,1515,1517,1519;                                              0001513P0002771
116,1.463177415,-9.904867499,4.225350714,0;                      0001515P0002772
123,-2.372793463E-02,0.119288383,0.992576076;                    0001517P0002773
123,0.98078528,0.195090322,2.906027008E-14;                      0001519P0002774
508,5,0,17,195,1,0,0,17,196,1,0,0,17,197,1,0,0,17,16,0,0,0,17,   0001521P0002775
193,1,0;                                                         0001521P0002776
510,1525,1,1,1533;                                               0001523P0002777
190,1527,1529,1531;                                              0001525P0002778
116,0.151413024,-10.761204675,8.167894898,0;                     0001527P0002779
123,-0.829991256,-0.250909384,-0.498155594;                      0001529P0002780
123,-0.461939766,-0.191341716,0.866025404;                       0001531P0002781
508,4,0,17,198,0,0,0,17,199,1,0,0,17,197,1,0,0,17,15,0,0;        0001533P0002782
510,1537,1,1,1539;                                               0001535P0002783
128,8,1,8,1,0,0,1,0,0,0.523577324,0.523577324,0.523577324,       0001537P0002784
0.523577324,0.523577324,0.523577324,0.523577324,0.523577324,     0001537P0002785
0.523577324,2.617993878,2.617993878,2.617993878,2.617993878,     0001537P0002786
2.617993878,2.617993878,2.617993878,2.617993878,2.617993878,0.,  0001537P0002787
0.,1.,1.,1.,1.,1.,1.,1.,1.,1.,1.,1.,1.,1.,1.,1.,1.,1.,1.,1.,1.,  0001537P0002788
4.025774801,-9.156391481,1.650333675,3.99570614,-9.168846328,    0001537P0002789
1.593959411,3.950053865,-9.18775612,1.547322992,3.891960404,     0001537P0002790
-9.211819219,1.516312488,3.826836992,-9.23879422,1.505390804,    0001537P0002791
3.761713363,-9.26576931,1.516310976,3.703619288,-9.289832664,    0001537P0002792
1.547320131,3.657966088,-9.308742838,1.59395549,3.62789631,      0001537P0002793
-9.321198148,1.650329056,5.407635341E-16,1.305518658E-15,3.,     0001537P0002794
5.407635341E-16,1.305518658E-15,3.,5.407635341E-16,              0001537P0002795
1.305518658E-15,3.,5.407635341E-16,1.305518658E-15,3.,           0001537P0002796
5.407635341E-16,1.305518658E-15,3.,5.407635341E-16,              0001537P0002797
1.305518658E-15,3.,5.407635341E-16,1.305518658E-15,3.,           0001537P0002798
5.407635341E-16,1.305518658E-15,3.,5.407635341E-16,              0001537P0002799
1.305518658E-15,3.,0.523577324,2.617993878,0.,0.600092703;       0001537P0002800
508,5,0,17,200,1,1,0,1541,0,17,201,0,1,0,1543,0,17,198,1,1,0,    0001539P0002801
1545,0,17,14,1,1,0,1547,0,17,202,0,1,0,1549;                     0001539P0002802
126,9,5,1,0,1,0,0.,0.,0.,0.,0.,0.,0.500949979,0.500949979,       0001541P0002803
0.500949979,0.500949979,1.,1.,1.,1.,1.,1.,1.,1.,1.,1.,1.,1.,1.,  0001541P0002804
1.,1.,1.,0.523577324,2.317579422E-04,0.,0.627158218,             0001541P0002805
2.040495578E-04,0.,0.731059588,1.721123627E-04,0.,0.835349653,   0001541P0002806
1.383337654E-04,0.,0.94004706,1.060148164E-04,0.,1.149728646,    0001541P0002807
4.976042865E-05,0.,1.254719019,2.578350853E-05,0.,1.359974885,   0001541P0002808
8.579582733E-06,0.,1.465389387,3.455314102E-15,0.,1.570796327,   0001541P0002809
0.,0.,0.,1.,0.,0.,1.;                                            0001541P0002810
126,9,5,1,0,1,0,0.,0.,0.,0.,0.,0.,0.499039916,0.499039916,       0001543P0002811
0.499039916,0.499039916,1.,1.,1.,1.,1.,1.,1.,1.,1.,1.,1.,1.,1.,  0001543P0002812
1.,1.,1.,1.570796327,0.,0.,1.676198945,-3.455172445E-15,-0.,     0001543P0002813
1.781609124,8.57888017E-06,0.,1.886860689,2.578139078E-05,0.,    0001543P0002814
1.99184679,4.97564977E-05,0.,2.201524138,1.060083694E-04,0.,     0001543P0002815
2.306221548,1.38326948E-04,0.,2.410511619,1.721055577E-04,0.,    0001543P0002816
2.514412991,2.040431344E-04,0.,2.617993878,2.317522038E-04,0.,   0001543P0002817
0.,1.,0.,0.,1.;                                                  0001543P0002818
110,2.617993878,2.317522038E-04,0.,2.617993878,0.600092701,0.;   0001545P0002819
126,11,6,1,0,1,0,0.,0.,0.,0.,0.,0.,0.,0.49999998,0.49999998,     0001547P0002820
0.49999998,0.49999998,0.49999998,1.,1.,1.,1.,1.,1.,1.,1.,1.,1.,  0001547P0002821
1.,1.,1.,1.,1.,1.,1.,1.,1.,2.617993878,0.600092701,0.,           0001547P0002822
2.443830193,0.600074065,0.,2.269505919,0.600050924,0.,           0001547P0002823
2.095005849,0.600027236,0.,1.920337067,0.600009052,0.,           0001547P0002824
1.745553948,0.6,0.,1.39601724,0.6,0.,1.22123412,0.600009054,0.,  0001547P0002825
1.046565342,0.600027238,0.,0.872065275,0.600050927,0.,           0001547P0002826
0.697741004,0.600074067,0.,0.523577324,0.600092703,0.,0.,1.,-0., 0001547P0002827
-0.,1.;                                                          0001547P0002828
110,0.523577324,0.600092703,0.,0.523577324,2.317579422E-04,0.;   0001549P0002829
510,1553,1,1,1561;                                               0001551P0002830
190,1555,1557,1559;                                              0001553P0002831
116,7.502255623,-7.716385975,8.167894898,0;                      0001555P0002832
123,0.764312173,0.409472719,-0.498155594;                        0001557P0002833
123,-0.461939766,-0.191341716,-0.866025404;                      0001559P0002834
508,4,0,17,203,1,0,0,17,204,1,0,0,17,202,1,0,0,17,13,0,0;        0001561P0002835
510,1565,1,1,1573;                                               0001563P0002836
190,1567,1569,1571;                                              0001565P0002837
116,5.142228358,-8.590970599,4.225350714,0;                      0001567P0002838
123,-6.757144092E-02,0.101127808,0.992576076;                    0001569P0002839
123,0.831469612,0.555570233,2.477304336E-13;                     0001571P0002840
508,5,0,17,205,1,0,0,17,206,1,0,0,17,207,1,0,0,17,12,0,0,0,17,   0001573P0002841
203,1,0;                                                         0001573P0002842
510,1577,1,1,1585;                                               0001575P0002843
190,1579,1581,1583;                                              0001577P0002844
116,4.258022135,-9.884113489,8.167894898,0;                      0001579P0002845
123,-0.67079307,-0.549433947,-0.498155594;                       0001581P0002846
123,-0.353553391,-0.353553391,0.866025404;                       0001583P0002847
508,4,0,17,208,0,0,0,17,209,1,0,0,17,207,1,0,0,17,11,0,0;        0001585P0002848
510,1589,1,1,1591;                                               0001587P0002849
128,8,1,8,1,0,0,1,0,0,0.523577324,0.523577324,0.523577324,       0001589P0002850
0.523577324,0.523577324,0.523577324,0.523577324,0.523577324,     0001589P0002851
0.523577324,2.617993878,2.617993878,2.617993878,2.617993878,     0001589P0002852
2.617993878,2.617993878,2.617993878,2.617993878,2.617993878,0.,  0001589P0002853
0.,1.,1.,1.,1.,1.,1.,1.,1.,1.,1.,1.,1.,1.,1.,1.,1.,1.,1.,1.,1.,  0001589P0002854
7.223330261,-6.918805363,1.650333675,7.200316704,-6.941818919,   0001589P0002855
1.593959411,7.165375966,-6.976759658,1.547322992,7.120913156,    0001589P0002856
-7.021222468,1.516312488,7.071069854,-7.07106577,1.505390804,    0001589P0002857
7.021226386,-7.120909237,1.516310976,6.976763106,-7.165372518,   0001589P0002858
1.547320131,6.94182166,-7.200313964,1.59395549,6.918807248,      0001589P0002859
-7.223328375,1.650329056,3.944304526E-31,1.413083213E-15,3.,     0001589P0002860
3.944304526E-31,1.413083213E-15,3.,3.944304526E-31,              0001589P0002861
1.413083213E-15,3.,3.944304526E-31,1.413083213E-15,3.,           0001589P0002862
3.944304526E-31,1.413083213E-15,3.,3.944304526E-31,              0001589P0002863
1.413083213E-15,3.,3.944304526E-31,1.413083213E-15,3.,           0001589P0002864
3.944304526E-31,1.413083213E-15,3.,3.944304526E-31,              0001589P0002865
1.413083213E-15,3.,0.523577324,2.617993878,0.,0.600092703;       0001589P0002866
508,5,0,17,210,1,1,0,1593,0,17,211,0,1,0,1595,0,17,208,1,1,0,    0001591P0002867
1597,0,17,10,1,1,0,1599,0,17,212,0,1,0,1601;                     0001591P0002868
126,9,5,1,0,1,0,0.,0.,0.,0.,0.,0.,0.500949979,0.500949979,       0001593P0002869
0.500949979,0.500949979,1.,1.,1.,1.,1.,1.,1.,1.,1.,1.,1.,1.,1.,  0001593P0002870
1.,1.,1.,0.523577324,2.317579422E-04,0.,0.627158218,             0001593P0002871
2.040495578E-04,0.,0.731059588,1.721123627E-04,0.,0.835349653,   0001593P0002872
1.383337654E-04,0.,0.94004706,1.060148164E-04,0.,1.149728646,    0001593P0002873
4.976042865E-05,0.,1.254719019,2.578350853E-05,0.,1.359974885,   0001593P0002874
8.579582733E-06,0.,1.465389387,3.455321478E-15,0.,1.570796327,   0001593P0002875
0.,0.,0.,1.,0.,0.,1.;                                            0001593P0002876
126,9,5,1,0,1,0,0.,0.,0.,0.,0.,0.,0.499039916,0.499039916,       0001595P0002877
0.499039916,0.499039916,1.,1.,1.,1.,1.,1.,1.,1.,1.,1.,1.,1.,1.,  0001595P0002878
1.,1.,1.,1.570796327,0.,0.,1.676198945,-3.455179821E-15,-0.,     0001595P0002879
1.781609124,8.578880169E-06,0.,1.886860689,2.578139078E-05,0.,   0001595P0002880
1.99184679,4.97564977E-05,0.,2.201524138,1.060083694E-04,0.,     0001595P0002881
2.306221548,1.38326948E-04,0.,2.410511619,1.721055577E-04,0.,    0001595P0002882
2.514412991,2.040431344E-04,0.,2.617993878,2.317522038E-04,0.,   0001595P0002883
0.,1.,0.,0.,1.;                                                  0001595P0002884
110,2.617993878,2.317522038E-04,0.,2.617993878,0.600092701,0.;   0001597P0002885
126,11,6,1,0,1,0,0.,0.,0.,0.,0.,0.,0.,0.49999998,0.49999998,     0001599P0002886
0.49999998,0.49999998,0.49999998,1.,1.,1.,1.,1.,1.,1.,1.,1.,1.,  0001599P0002887
1.,1.,1.,1.,1.,1.,1.,1.,1.,2.617993878,0.600092701,0.,           0001599P0002888
2.443830193,0.600074065,0.,2.269505919,0.600050924,0.,           0001599P0002889
2.095005849,0.600027236,0.,1.920337067,0.600009052,0.,           0001599P0002890
1.745553948,0.6,0.,1.39601724,0.6,0.,1.22123412,0.600009054,0.,  0001599P0002891
1.046565342,0.600027238,0.,0.872065275,0.600050927,0.,           0001599P0002892
0.697741004,0.600074067,0.,0.523577324,0.600092703,0.,0.,1.,-0., 0001599P0002893
-0.,1.;                                                          0001599P0002894
110,0.523577324,0.600092703,0.,0.523577324,2.317579422E-04,0.;   0001601P0002895
510,1605,1,1,1613;                                               0001603P0002896
190,1607,1609,1611;                                              0001605P0002897
116,9.884113489,-4.258022135,8.167894898,0;                      0001607P0002898
123,0.549433947,0.67079307,-0.498155594;                         0001609P0002899
123,-0.353553391,-0.353553391,-0.866025404;                      0001611P0002900
508,4,0,17,213,1,0,0,17,214,1,0,0,17,212,1,0,0,17,9,0,0;         0001613P0002901
510,1617,1,1,1625;                                               0001615P0002902
190,1619,1621,1623;                                              0001617P0002903
116,8.038421647,-5.969176303,4.225350714,0;                      0001619P0002904
123,-0.101127808,6.757144092E-02,0.992576076;                    0001621P0002905
123,0.555570233,0.831469612,-2.477360289E-13;                    0001623P0002906
508,5,0,17,215,1,0,0,17,216,1,0,0,17,217,1,0,0,17,8,0,0,0,17,    0001625P0002907
213,1,0;                                                         0001625P0002908
510,1629,1,1,1637;                                               0001627P0002909
190,1631,1633,1635;                                              0001629P0002910
116,7.716385975,-7.502255623,8.167894898,0;                      0001631P0002911
123,-0.409472719,-0.764312173,-0.498155594;                      0001633P0002912
123,-0.191341716,-0.461939766,0.866025404;                       0001635P0002913
508,4,0,17,218,0,0,0,17,219,1,0,0,17,217,1,0,0,17,7,0,0;         0001637P0002914
510,1641,1,1,1643;                                               0001639P0002915
128,8,1,8,1,0,0,1,0,0,0.523577324,0.523577324,0.523577324,       0001641P0002916
0.523577324,0.523577324,0.523577324,0.523577324,0.523577324,     0001641P0002917
0.523577324,2.617993878,2.617993878,2.617993878,2.617993878,     0001641P0002918
2.617993878,2.617993878,2.617993878,2.617993878,2.617993878,0.,  0001641P0002919
0.,1.,1.,1.,1.,1.,1.,1.,1.,1.,1.,1.,1.,1.,1.,1.,1.,1.,1.,1.,1.,  0001641P0002920
9.321199169,-3.627893846,1.650333675,9.308744322,-3.657962507,   0001641P0002921
1.593959411,9.28983453,-3.703614782,1.547322992,9.265771431,     0001641P0002922
-3.761708243,1.516312488,9.23879643,-3.826831656,1.505390804,    0001641P0002923
9.21182134,-3.891955284,1.516310976,9.187757986,-3.95004936,     0001641P0002924
1.547320131,9.168847812,-3.995702559,1.59395549,9.156392502,     0001641P0002925
-4.025772337,1.650329056,-5.407635341E-16,1.305518658E-15,3.,    0001641P0002926
-5.407635341E-16,1.305518658E-15,3.,-5.407635341E-16,            0001641P0002927
1.305518658E-15,3.,-5.407635341E-16,1.305518658E-15,3.,          0001641P0002928
-5.407635341E-16,1.305518658E-15,3.,-5.407635341E-16,            0001641P0002929
1.305518658E-15,3.,-5.407635341E-16,1.305518658E-15,3.,          0001641P0002930
-5.407635341E-16,1.305518658E-15,3.,-5.407635341E-16,            0001641P0002931
1.305518658E-15,3.,0.523577324,2.617993878,0.,0.600092703;       0001641P0002932
508,5,0,17,220,1,1,0,1645,0,17,221,0,1,0,1647,0,17,218,1,1,0,    0001643P0002933
1649,0,17,6,1,1,0,1651,0,17,222,0,1,0,1653;                      0001643P0002934
126,9,5,1,0,1,0,0.,0.,0.,0.,0.,0.,0.500950223,0.500950223,       0001645P0002935
0.500950223,0.500950223,1.,1.,1.,1.,1.,1.,1.,1.,1.,1.,1.,1.,1.,  0001645P0002936
1.,1.,1.,0.523577324,2.317579422E-04,0.,0.627158218,             0001645P0002937
2.040495578E-04,0.,0.731059588,1.721123627E-04,0.,0.835349653,   0001645P0002938
1.383337654E-04,0.,0.94004706,1.060148164E-04,0.,1.149728544,    0001645P0002939
4.976045604E-05,0.,1.254718814,2.578355536E-05,0.,1.359974577,   0001645P0002940
8.579633057E-06,0.,1.465388976,3.352182728E-11,0.,1.57079607,    0001645P0002941
3.273159438E-21,0.,0.,1.,0.,0.,1.;                               0001645P0002942
126,9,5,1,0,1,0,0.,0.,0.,0.,0.,0.,0.499039916,0.499039916,       0001647P0002943
0.499039916,0.499039916,1.,1.,1.,1.,1.,1.,1.,1.,1.,1.,1.,1.,1.,  0001647P0002944
1.,1.,1.,1.57079607,3.273159438E-21,0.,1.676198945,              0001647P0002945
-3.455319349E-15,-0.,1.781609124,8.57888017E-06,0.,1.886860689,  0001647P0002946
2.578139078E-05,0.,1.99184679,4.97564977E-05,0.,2.201524138,     0001647P0002947
1.060083694E-04,0.,2.306221548,1.38326948E-04,0.,2.410511619,    0001647P0002948
1.721055577E-04,0.,2.514412991,2.040431344E-04,0.,2.617993878,   0001647P0002949
2.317522038E-04,0.,0.,1.,0.,0.,1.;                               0001647P0002950
110,2.617993878,2.317522038E-04,0.,2.617993878,0.600092701,0.;   0001649P0002951
126,11,6,1,0,1,0,0.,0.,0.,0.,0.,0.,0.,0.49999998,0.49999998,     0001651P0002952
0.49999998,0.49999998,0.49999998,1.,1.,1.,1.,1.,1.,1.,1.,1.,1.,  0001651P0002953
1.,1.,1.,1.,1.,1.,1.,1.,1.,2.617993878,0.600092701,0.,           0001651P0002954
2.443830193,0.600074065,0.,2.269505919,0.600050924,0.,           0001651P0002955
2.095005849,0.600027236,0.,1.920337067,0.600009052,0.,           0001651P0002956
1.745553948,0.6,0.,1.39601724,0.6,0.,1.22123412,0.600009054,0.,  0001651P0002957
1.046565342,0.600027238,0.,0.872065275,0.600050927,0.,           0001651P0002958
0.697741004,0.600074067,0.,0.523577324,0.600092703,0.,0.,1.,-0., 0001651P0002959
-0.,1.;                                                          0001651P0002960
110,0.523577324,0.600092703,0.,0.523577324,2.317579422E-04,0.;   0001653P0002961
510,1657,1,1,1665;                                               0001655P0002962
190,1659,1661,1663;                                              0001657P0002963
116,10.761204675,-0.151413024,8.167894898,0;                     0001659P0002964
123,0.250909384,0.829991256,-0.498155594;                        0001661P0002965
123,-0.191341716,-0.461939766,-0.866025404;                      0001663P0002966
508,4,0,17,5,0,0,0,17,223,1,0,0,17,224,1,0,0,17,222,1,0;         0001665P0002967
510,1669,1,1,1677;                                               0001667P0002968
190,1671,1673,1675;                                              0001669P0002969
116,9.71083811,-2.438629025,4.225350714,0;                       0001671P0002970
123,-0.119288383,2.372793463E-02,0.992576076;                    0001673P0002971
123,0.195090322,0.98078528,-2.905026615E-14;                     0001675P0002972
508,5,0,17,225,1,0,0,17,226,1,0,0,17,227,1,0,0,17,4,0,0,0,17,    0001677P0002973
223,1,0;                                                         0001677P0002974
510,1681,1,1,1689;                                               0001679P0002975
190,1683,1685,1687;                                              0001681P0002976
116,10.,-3.978247348,8.167894898,0;                              0001683P0002977
123,-8.581385836E-02,-0.862830798,-0.498155594;                  0001685P0002978
123,-4.340131512E-14,-0.5,0.866025404;                           0001687P0002979
508,4,0,17,71,0,0,0,17,228,1,0,0,17,227,1,0,0,17,3,0,0;          0001689P0002980
510,1693,1,1,1701;                                               0001691P0002981
192,1695,1697,10.,1699;                                          0001693P0002982
116,0.,0.,0.,0;                                                  0001695P0002983
123,0.,-2.220446049E-16,1.;                                      0001697P0002984
123,1.,0.,0.;                                                    0001699P0002985
508,99,0,17,229,1,1,0,1703,0,17,70,0,1,0,1705,0,17,228,1,1,0,    0001701P0002986
1707,0,17,226,0,1,0,1709,0,17,225,0,1,0,1711,0,17,224,1,1,0,     0001701P0002987
1713,0,17,220,1,1,0,1715,0,17,221,0,1,0,1717,0,17,219,1,1,0,     0001701P0002988
1719,0,17,216,0,1,0,1721,0,17,215,0,1,0,1723,0,17,214,1,1,0,     0001701P0002989
1725,0,17,210,1,1,0,1727,0,17,211,0,1,0,1729,0,17,209,1,1,0,     0001701P0002990
1731,0,17,206,0,1,0,1733,0,17,205,0,1,0,1735,0,17,204,1,1,0,     0001701P0002991
1737,0,17,200,1,1,0,1739,0,17,201,0,1,0,1741,0,17,199,1,1,0,     0001701P0002992
1743,0,17,196,0,1,0,1745,0,17,195,0,1,0,1747,0,17,194,1,1,0,     0001701P0002993
1749,0,17,190,1,1,0,1751,0,17,191,0,1,0,1753,0,17,189,1,1,0,     0001701P0002994
1755,0,17,186,0,1,0,1757,0,17,185,0,1,0,1759,0,17,184,1,1,0,     0001701P0002995
1761,0,17,180,1,1,0,1763,0,17,181,0,1,0,1765,0,17,179,1,1,0,     0001701P0002996
1767,0,17,176,0,1,0,1769,0,17,175,0,1,0,1771,0,17,174,1,1,0,     0001701P0002997
1773,0,17,170,1,1,0,1775,0,17,171,0,1,0,1777,0,17,169,1,1,0,     0001701P0002998
1779,0,17,166,0,1,0,1781,0,17,165,0,1,0,1783,0,17,164,1,1,0,     0001701P0002999
1785,0,17,160,1,1,0,1787,0,17,161,0,1,0,1789,0,17,159,1,1,0,     0001701P0003000
1791,0,17,156,0,1,0,1793,0,17,155,0,1,0,1795,0,17,154,1,1,0,     0001701P0003001
1797,0,17,150,1,1,0,1799,0,17,151,0,1,0,1801,0,17,149,1,1,0,     0001701P0003002
1803,0,17,146,0,1,0,1805,0,17,145,0,1,0,1807,0,17,144,1,1,0,     0001701P0003003
1809,0,17,140,1,1,0,1811,0,17,141,0,1,0,1813,0,17,139,1,1,0,     0001701P0003004
1815,0,17,136,0,1,0,1817,0,17,135,0,1,0,1819,0,17,134,1,1,0,     0001701P0003005
1821,0,17,130,1,1,0,1823,0,17,131,0,1,0,1825,0,17,129,1,1,0,     0001701P0003006
1827,0,17,126,0,1,0,1829,0,17,125,0,1,0,1831,0,17,124,1,1,0,     0001701P0003007
1833,0,17,120,1,1,0,1835,0,17,121,0,1,0,1837,0,17,119,1,1,0,     0001701P0003008
1839,0,17,116,0,1,0,1841,0,17,115,0,1,0,1843,0,17,114,1,1,0,     0001701P0003009
1845,0,17,110,1,1,0,1847,0,17,111,0,1,0,1849,0,17,109,1,1,0,     0001701P0003010
1851,0,17,106,0,1,0,1853,0,17,105,0,1,0,1855,0,17,104,1,1,0,     0001701P0003011
1857,0,17,100,1,1,0,1859,0,17,101,0,1,0,1861,0,17,99,1,1,0,1863, 0001701P0003012
0,17,96,0,1,0,1865,0,17,95,0,1,0,1867,0,17,94,1,1,0,1869,0,17,   0001701P0003013
90,1,1,0,1871,0,17,91,0,1,0,1873,0,17,89,1,1,0,1875,0,17,86,0,1, 0001701P0003014
0,1877,0,17,85,0,1,0,1879,0,17,84,1,1,0,1881,0,17,80,1,1,0,1883, 0001701P0003015
0,17,81,0,1,0,1885,0,17,79,1,1,0,1887,0,17,76,0,1,0,1889,0,17,   0001701P0003016
75,0,1,0,1891,0,17,74,1,1,0,1893,0,17,69,1,1,0,1895,0,17,229,0,  0001701P0003017
1,0,1897,0,17,68,0,1,0,1899;                                     0001701P0003018
110,360.,0.,0.,360.,1.526008826,0.;                              0001703P0003019
126,9,5,1,0,1,0,0.,0.,0.,0.,0.,0.,0.499039916,0.499039916,       0001705P0003020
0.499039916,0.499039916,1.,1.,1.,1.,1.,1.,1.,1.,1.,1.,1.,1.,1.,  0001705P0003021
1.,1.,1.,360.,1.526008827,0.,359.849842949,1.526008827,0.,       0001705P0003022
359.699673656,1.529474196,0.,359.55321792,1.536407192,0.,        0001705P0003023
359.414078483,1.546597617,0.,359.155743075,1.572838007,0.,       0001705P0003024
359.036614871,1.588911833,0.,358.930710597,1.607560328,0.,       0001705P0003025
358.840193339,1.628305653,0.,358.766446601,1.650641845,0.,0.,1., 0001705P0003026
-0.,-0.,1.;                                                      0001705P0003027
126,5,5,1,0,1,0,4.634788357,4.634788357,4.634788357,4.634788357, 0001707P0003028
4.634788357,4.634788357,4.782820278,4.782820278,4.782820278,     0001707P0003029
4.782820278,4.782820278,4.782820278,1.,1.,1.,1.,1.,1.,           0001707P0003030
358.766446601,1.650641845,0.,357.070125742,2.164418562,0.,       0001707P0003031
355.373804883,2.679673732,0.,353.677484025,3.19546914,0.,        0001707P0003032
351.981163166,3.710861163,0.,350.284842307,4.224911085,0.,       0001707P0003033
4.634788357,4.782820278,0.,0.,1.;                                0001707P0003034
126,5,5,1,0,1,0,2.204267044E-13,2.204267044E-13,2.204267044E-13, 0001709P0003035
2.204267044E-13,2.204267044E-13,2.204267044E-13,2.678805176E-02, 0001709P0003036
2.678805176E-02,2.678805176E-02,2.678805176E-02,2.678805176E-02, 0001709P0003037
2.678805176E-02,1.,1.,1.,1.,1.,1.,350.284842307,4.224911085,0.,  0001709P0003038
349.977873846,4.225086926,0.,349.670905384,4.225218818,0.,       0001709P0003039
349.363936923,4.225306749,0.,349.056968461,4.225350714,0.,       0001709P0003040
348.75,4.225350714,0.,2.204267044E-13,2.678805176E-02,0.,0.,1.;  0001709P0003041
126,5,5,1,0,1,0,6.283185307,6.283185307,6.283185307,6.283185307, 0001711P0003042
6.283185307,6.283185307,6.309973359,6.309973359,6.309973359,     0001711P0003043
6.309973359,6.309973359,6.309973359,1.,1.,1.,1.,1.,1.,348.75,    0001711P0003044
4.225350714,0.,348.443031539,4.225350714,0.,348.136063077,       0001711P0003045
4.225306749,0.,347.829094616,4.225218818,0.,347.522126154,       0001711P0003046
4.225086926,0.,347.215157693,4.224911085,0.,6.283185307,         0001711P0003047
6.309973359,0.,0.,1.;                                            0001711P0003048
126,5,5,1,0,1,0,1.500365029,1.500365029,1.500365029,1.500365029, 0001713P0003049
1.500365029,1.500365029,1.648396683,1.648396683,1.648396683,     0001713P0003050
1.648396683,1.648396683,1.648396683,1.,1.,1.,1.,1.,1.,           0001713P0003051
347.215157693,4.224911085,0.,345.518839889,3.710862089,0.,       0001713P0003052
343.822522084,3.195470996,0.,342.12620428,2.679676519,0.,        0001713P0003053
340.429886476,2.164422273,0.,338.733568672,1.650646471,0.,       0001713P0003054
1.500365029,1.648396683,0.,0.,1.;                                0001713P0003055
126,9,5,1,0,1,0,0.,0.,0.,0.,0.,0.,0.500950223,0.500950223,       0001715P0003056
0.500950223,0.500950223,1.,1.,1.,1.,1.,1.,1.,1.,1.,1.,1.,1.,1.,  0001715P0003057
1.,1.,1.,338.733568672,1.650646471,0.,338.65982467,1.628310003,  0001715P0003058
0.,338.569309956,1.60756434,0.,338.463407974,1.58891545,0.,      0001715P0003059
338.344281748,1.572841177,0.,338.085944461,1.546599301,0.,       0001715P0003060
337.946800365,1.536408065,0.,337.800339088,1.5294745,0.,         0001715P0003061
337.650163794,1.52600884,0.,337.500000733,1.526008827,0.,0.,1.,  0001715P0003062
-0.,-0.,1.;                                                      0001715P0003063
126,9,5,1,0,1,0,0.,0.,0.,0.,0.,0.,0.499039916,0.499039916,       0001717P0003064
0.499039916,0.499039916,1.,1.,1.,1.,1.,1.,1.,1.,1.,1.,1.,1.,1.,  0001717P0003065
1.,1.,1.,337.5,1.526008827,0.,337.349842949,1.526008827,0.,      0001717P0003066
337.199673656,1.529474196,0.,337.05321792,1.536407192,0.,        0001717P0003067
336.914078483,1.546597617,0.,336.655743075,1.572838007,0.,       0001717P0003068
336.536614871,1.588911833,0.,336.430710597,1.607560328,0.,       0001717P0003069
336.340193339,1.628305653,0.,336.266446601,1.650641845,0.,0.,1., 0001717P0003070
-0.,-0.,1.;                                                      0001717P0003071
126,5,5,1,0,1,0,4.634788357,4.634788357,4.634788357,4.634788357, 0001719P0003072
4.634788357,4.634788357,4.782820278,4.782820278,4.782820278,     0001719P0003073
4.782820278,4.782820278,4.782820278,1.,1.,1.,1.,1.,1.,           0001719P0003074
336.266446601,1.650641845,0.,334.570125742,2.164418562,0.,       0001719P0003075
332.873804883,2.679673732,0.,331.177484025,3.19546914,0.,        0001719P0003076
329.481163166,3.710861163,0.,327.784842307,4.224911085,0.,       0001719P0003077
4.634788357,4.782820278,0.,0.,1.;                                0001719P0003078
126,5,5,1,0,1,0,-1.287858709E-13,-1.287858709E-13,               0001721P0003079
-1.287858709E-13,-1.287858709E-13,-1.287858709E-13,              0001721P0003080
-1.287858709E-13,2.678805176E-02,2.678805176E-02,                0001721P0003081
2.678805176E-02,2.678805176E-02,2.678805176E-02,2.678805176E-02, 0001721P0003082
1.,1.,1.,1.,1.,1.,327.784842307,4.224911085,0.,327.477873846,    0001721P0003083
4.225086926,0.,327.170905384,4.225218818,0.,326.863936923,       0001721P0003084
4.225306749,0.,326.556968461,4.225350714,0.,326.25,4.225350714,  0001721P0003085
0.,-1.287858709E-13,2.678805176E-02,0.,0.,1.;                    0001721P0003086
126,5,5,1,0,1,0,6.283185307,6.283185307,6.283185307,6.283185307, 0001723P0003087
6.283185307,6.283185307,6.309973359,6.309973359,6.309973359,     0001723P0003088
6.309973359,6.309973359,6.309973359,1.,1.,1.,1.,1.,1.,326.25,    0001723P0003089
4.225350714,0.,325.943031539,4.225350714,0.,325.636063077,       0001723P0003090
4.225306749,0.,325.329094616,4.225218818,0.,325.022126154,       0001723P0003091
4.225086926,0.,324.715157693,4.224911085,0.,6.283185307,         0001723P0003092
6.309973359,0.,0.,1.;                                            0001723P0003093
126,5,5,1,0,1,0,1.500365029,1.500365029,1.500365029,1.500365029, 0001725P0003094
1.500365029,1.500365029,1.648396683,1.648396683,1.648396683,     0001725P0003095
1.648396683,1.648396683,1.648396683,1.,1.,1.,1.,1.,1.,           0001725P0003096
324.715157693,4.224911085,0.,323.018839889,3.710862089,0.,       0001725P0003097
321.322522084,3.195470996,0.,319.62620428,2.679676519,0.,        0001725P0003098
317.929886476,2.164422273,0.,316.233568672,1.650646471,0.,       0001725P0003099
1.500365029,1.648396683,0.,0.,1.;                                0001725P0003100
126,9,5,1,0,1,0,0.,0.,0.,0.,0.,0.,0.500949979,0.500949979,       0001727P0003101
0.500949979,0.500949979,1.,1.,1.,1.,1.,1.,1.,1.,1.,1.,1.,1.,1.,  0001727P0003102
1.,1.,1.,316.233568672,1.650646471,0.,316.15982467,1.628310003,  0001727P0003103
0.,316.069309956,1.60756434,0.,315.963407974,1.58891545,0.,      0001727P0003104
315.844281748,1.572841177,0.,315.585944335,1.546599288,0.,       0001727P0003105
315.446800094,1.536408045,0.,315.300338659,1.52947448,0.,        0001727P0003106
315.150163207,1.526008827,0.,315.,1.526008827,0.,0.,1.,-0.,-0.,  0001727P0003107
1.;                                                              0001727P0003108
126,9,5,1,0,1,0,0.,0.,0.,0.,0.,0.,0.499039916,0.499039916,       0001729P0003109
0.499039916,0.499039916,1.,1.,1.,1.,1.,1.,1.,1.,1.,1.,1.,1.,1.,  0001729P0003110
1.,1.,1.,315.,1.526008827,0.,314.849842949,1.526008827,0.,       0001729P0003111
314.699673656,1.529474196,0.,314.55321792,1.536407192,0.,        0001729P0003112
314.414078483,1.546597617,0.,314.155743075,1.572838007,0.,       0001729P0003113
314.036614871,1.588911833,0.,313.930710597,1.607560328,0.,       0001729P0003114
313.840193339,1.628305653,0.,313.766446601,1.650641845,0.,0.,1., 0001729P0003115
-0.,-0.,1.;                                                      0001729P0003116
126,5,5,1,0,1,0,4.634788357,4.634788357,4.634788357,4.634788357, 0001731P0003117
4.634788357,4.634788357,4.782820278,4.782820278,4.782820278,     0001731P0003118
4.782820278,4.782820278,4.782820278,1.,1.,1.,1.,1.,1.,           0001731P0003119
313.766446601,1.650641845,0.,312.070125742,2.164418562,0.,       0001731P0003120
310.373804883,2.679673732,0.,308.677484025,3.19546914,0.,        0001731P0003121
306.981163166,3.710861163,0.,305.284842307,4.224911085,0.,       0001731P0003122
4.634788357,4.782820278,0.,0.,1.;                                0001731P0003123
126,5,5,1,0,1,0,1.288833522E-13,1.288833522E-13,1.288833522E-13, 0001733P0003124
1.288833522E-13,1.288833522E-13,1.288833522E-13,2.678805176E-02, 0001733P0003125
2.678805176E-02,2.678805176E-02,2.678805176E-02,2.678805176E-02, 0001733P0003126
2.678805176E-02,1.,1.,1.,1.,1.,1.,305.284842307,4.224911085,0.,  0001733P0003127
304.977873846,4.225086926,0.,304.670905384,4.225218818,0.,       0001733P0003128
304.363936923,4.225306749,0.,304.056968461,4.225350714,0.,       0001733P0003129
303.75,4.225350714,0.,1.288833522E-13,2.678805176E-02,0.,0.,1.;  0001733P0003130
126,5,5,1,0,1,0,6.283185307,6.283185307,6.283185307,6.283185307, 0001735P0003131
6.283185307,6.283185307,6.309973359,6.309973359,6.309973359,     0001735P0003132
6.309973359,6.309973359,6.309973359,1.,1.,1.,1.,1.,1.,303.75,    0001735P0003133
4.225350714,0.,303.443031539,4.225350714,0.,303.136063077,       0001735P0003134
4.225306749,0.,302.829094616,4.225218818,0.,302.522126154,       0001735P0003135
4.225086926,0.,302.215157693,4.224911085,0.,6.283185307,         0001735P0003136
6.309973359,0.,0.,1.;                                            0001735P0003137
126,5,5,1,0,1,0,1.500365029,1.500365029,1.500365029,1.500365029, 0001737P0003138
1.500365029,1.500365029,1.648396683,1.648396683,1.648396683,     0001737P0003139
1.648396683,1.648396683,1.648396683,1.,1.,1.,1.,1.,1.,           0001737P0003140
302.215157693,4.224911085,0.,300.518839889,3.710862089,0.,       0001737P0003141
298.822522084,3.195470996,0.,297.12620428,2.679676519,0.,        0001737P0003142
295.429886476,2.164422273,0.,293.733568672,1.650646471,0.,       0001737P0003143
1.500365029,1.648396683,0.,0.,1.;                                0001737P0003144
126,9,5,1,0,1,0,0.,0.,0.,0.,0.,0.,0.500949979,0.500949979,       0001739P0003145
0.500949979,0.500949979,1.,1.,1.,1.,1.,1.,1.,1.,1.,1.,1.,1.,1.,  0001739P0003146
1.,1.,1.,293.733568672,1.650646471,0.,293.65982467,1.628310003,  0001739P0003147
0.,293.569309956,1.60756434,0.,293.463407974,1.58891545,0.,      0001739P0003148
293.344281748,1.572841177,0.,293.085944335,1.546599288,0.,       0001739P0003149
292.946800094,1.536408045,0.,292.800338659,1.52947448,0.,        0001739P0003150
292.650163207,1.526008827,0.,292.5,1.526008827,0.,0.,1.,-0.,-0., 0001739P0003151
1.;                                                              0001739P0003152
126,9,5,1,0,1,0,0.,0.,0.,0.,0.,0.,0.499039916,0.499039916,       0001741P0003153
0.499039916,0.499039916,1.,1.,1.,1.,1.,1.,1.,1.,1.,1.,1.,1.,1.,  0001741P0003154
1.,1.,1.,292.5,1.526008827,0.,292.349842949,1.526008827,0.,      0001741P0003155
292.199673656,1.529474196,0.,292.05321792,1.536407192,0.,        0001741P0003156
291.914078483,1.546597617,0.,291.655743075,1.572838007,0.,       0001741P0003157
291.536614871,1.588911833,0.,291.430710597,1.607560328,0.,       0001741P0003158
291.340193339,1.628305653,0.,291.266446601,1.650641845,0.,0.,1., 0001741P0003159
-0.,-0.,1.;                                                      0001741P0003160
126,5,5,1,0,1,0,4.634788357,4.634788357,4.634788357,4.634788357, 0001743P0003161
4.634788357,4.634788357,4.782820278,4.782820278,4.782820278,     0001743P0003162
4.782820278,4.782820278,4.782820278,1.,1.,1.,1.,1.,1.,           0001743P0003163
291.266446601,1.650641845,0.,289.570125742,2.164418562,0.,       0001743P0003164
287.873804883,2.679673732,0.,286.177484025,3.19546914,0.,        0001743P0003165
284.481163166,3.710861163,0.,282.784842307,4.224911085,0.,       0001743P0003166
4.634788357,4.782820278,0.,0.,1.;                                0001743P0003167
126,5,5,1,0,1,0,-2.202682481E-13,-2.202682481E-13,               0001745P0003168
-2.202682481E-13,-2.202682481E-13,-2.202682481E-13,              0001745P0003169
-2.202682481E-13,2.678805176E-02,2.678805176E-02,                0001745P0003170
2.678805176E-02,2.678805176E-02,2.678805176E-02,2.678805176E-02, 0001745P0003171
1.,1.,1.,1.,1.,1.,282.784842307,4.224911085,0.,282.477873846,    0001745P0003172
4.225086926,0.,282.170905384,4.225218818,0.,281.863936923,       0001745P0003173
4.225306749,0.,281.556968461,4.225350714,0.,281.25,4.225350714,  0001745P0003174
0.,-2.202682481E-13,2.678805176E-02,0.,0.,1.;                    0001745P0003175
126,5,5,1,0,1,0,6.283185307,6.283185307,6.283185307,6.283185307, 0001747P0003176
6.283185307,6.283185307,6.309973359,6.309973359,6.309973359,     0001747P0003177
6.309973359,6.309973359,6.309973359,1.,1.,1.,1.,1.,1.,281.25,    0001747P0003178
4.225350714,0.,280.943031539,4.225350714,0.,280.636063077,       0001747P0003179
4.225306749,0.,280.329094616,4.225218818,0.,280.022126154,       0001747P0003180
4.225086926,0.,279.715157693,4.224911085,0.,6.283185307,         0001747P0003181
6.309973359,0.,0.,1.;                                            0001747P0003182
126,5,5,1,0,1,0,1.500365029,1.500365029,1.500365029,1.500365029, 0001749P0003183
1.500365029,1.500365029,1.648396683,1.648396683,1.648396683,     0001749P0003184
1.648396683,1.648396683,1.648396683,1.,1.,1.,1.,1.,1.,           0001749P0003185
279.715157693,4.224911085,0.,278.018839889,3.710862089,0.,       0001749P0003186
276.322522084,3.195470996,0.,274.62620428,2.679676519,0.,        0001749P0003187
272.929886476,2.164422273,0.,271.233568672,1.650646471,0.,       0001749P0003188
1.500365029,1.648396683,0.,0.,1.;                                0001749P0003189
126,9,5,1,0,1,0,0.,0.,0.,0.,0.,0.,0.500949979,0.500949979,       0001751P0003190
0.500949979,0.500949979,1.,1.,1.,1.,1.,1.,1.,1.,1.,1.,1.,1.,1.,  0001751P0003191
1.,1.,1.,271.233568672,1.650646471,0.,271.15982467,1.628310003,  0001751P0003192
0.,271.069309956,1.60756434,0.,270.963407974,1.58891545,0.,      0001751P0003193
270.844281748,1.572841177,0.,270.585944336,1.546599288,0.,       0001751P0003194
270.446800094,1.536408045,0.,270.300338659,1.52947448,0.,        0001751P0003195
270.150163207,1.526008827,0.,270.,1.526008827,0.,0.,1.,-0.,-0.,  0001751P0003196
1.;                                                              0001751P0003197
126,9,5,1,0,1,0,0.,0.,0.,0.,0.,0.,0.499039916,0.499039916,       0001753P0003198
0.499039916,0.499039916,1.,1.,1.,1.,1.,1.,1.,1.,1.,1.,1.,1.,1.,  0001753P0003199
1.,1.,1.,270.,1.526008827,0.,269.849842949,1.526008827,0.,       0001753P0003200
269.699673656,1.529474196,0.,269.55321792,1.536407192,0.,        0001753P0003201
269.414078483,1.546597617,0.,269.155743075,1.572838007,0.,       0001753P0003202
269.036614871,1.588911833,0.,268.930710597,1.607560328,0.,       0001753P0003203
268.840193339,1.628305653,0.,268.766446601,1.650641845,0.,0.,1., 0001753P0003204
-0.,-0.,1.;                                                      0001753P0003205
126,5,5,1,0,1,0,4.634788357,4.634788357,4.634788357,4.634788357, 0001755P0003206
4.634788357,4.634788357,4.782820278,4.782820278,4.782820278,     0001755P0003207
4.782820278,4.782820278,4.782820278,1.,1.,1.,1.,1.,1.,           0001755P0003208
268.766446601,1.650641845,0.,267.070125742,2.164418562,0.,       0001755P0003209
265.373804883,2.679673732,0.,263.677484025,3.19546914,0.,        0001755P0003210
261.981163166,3.710861163,0.,260.284842307,4.224911085,0.,       0001755P0003211
4.634788357,4.782820278,0.,0.,1.;                                0001755P0003212
126,5,5,1,0,1,0,2.203504893E-13,2.203504893E-13,2.203504893E-13, 0001757P0003213
2.203504893E-13,2.203504893E-13,2.203504893E-13,2.678805176E-02, 0001757P0003214
2.678805176E-02,2.678805176E-02,2.678805176E-02,2.678805176E-02, 0001757P0003215
2.678805176E-02,1.,1.,1.,1.,1.,1.,260.284842307,4.224911085,0.,  0001757P0003216
259.977873846,4.225086926,0.,259.670905384,4.225218818,0.,       0001757P0003217
259.363936923,4.225306749,0.,259.056968461,4.225350714,0.,       0001757P0003218
258.75,4.225350714,0.,2.203504893E-13,2.678805176E-02,0.,0.,1.;  0001757P0003219
126,5,5,1,0,1,0,6.283185307,6.283185307,6.283185307,6.283185307, 0001759P0003220
6.283185307,6.283185307,6.309973359,6.309973359,6.309973359,     0001759P0003221
6.309973359,6.309973359,6.309973359,1.,1.,1.,1.,1.,1.,258.75,    0001759P0003222
4.225350714,0.,258.443031539,4.225350714,0.,258.136063077,       0001759P0003223
4.225306749,0.,257.829094616,4.225218818,0.,257.522126154,       0001759P0003224
4.225086926,0.,257.215157693,4.224911085,0.,6.283185307,         0001759P0003225
6.309973359,0.,0.,1.;                                            0001759P0003226
126,5,5,1,0,1,0,1.500365029,1.500365029,1.500365029,1.500365029, 0001761P0003227
1.500365029,1.500365029,1.648396683,1.648396683,1.648396683,     0001761P0003228
1.648396683,1.648396683,1.648396683,1.,1.,1.,1.,1.,1.,           0001761P0003229
257.215157693,4.224911085,0.,255.518839889,3.710862089,0.,       0001761P0003230
253.822522084,3.195470996,0.,252.12620428,2.679676519,0.,        0001761P0003231
250.429886476,2.164422273,0.,248.733568672,1.650646471,0.,       0001761P0003232
1.500365029,1.648396683,0.,0.,1.;                                0001761P0003233
126,9,5,1,0,1,0,0.,0.,0.,0.,0.,0.,0.500949979,0.500949979,       0001763P0003234
0.500949979,0.500949979,1.,1.,1.,1.,1.,1.,1.,1.,1.,1.,1.,1.,1.,  0001763P0003235
1.,1.,1.,248.733568672,1.650646471,0.,248.65982467,1.628310003,  0001763P0003236
0.,248.569309956,1.60756434,0.,248.463407974,1.58891545,0.,      0001763P0003237
248.344281748,1.572841177,0.,248.085944335,1.546599288,0.,       0001763P0003238
247.946800094,1.536408045,0.,247.800338659,1.52947448,0.,        0001763P0003239
247.650163207,1.526008827,0.,247.5,1.526008827,0.,0.,1.,-0.,-0., 0001763P0003240
1.;                                                              0001763P0003241
126,9,5,1,0,1,0,0.,0.,0.,0.,0.,0.,0.499039916,0.499039916,       0001765P0003242
0.499039916,0.499039916,1.,1.,1.,1.,1.,1.,1.,1.,1.,1.,1.,1.,1.,  0001765P0003243
1.,1.,1.,247.5,1.526008827,0.,247.349842949,1.526008827,0.,      0001765P0003244
247.199673656,1.529474196,0.,247.05321792,1.536407192,0.,        0001765P0003245
246.914078483,1.546597617,0.,246.655743075,1.572838007,0.,       0001765P0003246
246.536614871,1.588911833,0.,246.430710597,1.607560328,0.,       0001765P0003247
246.340193339,1.628305653,0.,246.266446601,1.650641845,0.,0.,1., 0001765P0003248
-0.,-0.,1.;                                                      0001765P0003249
126,5,5,1,0,1,0,4.634788357,4.634788357,4.634788357,4.634788357, 0001767P0003250
4.634788357,4.634788357,4.782820278,4.782820278,4.782820278,     0001767P0003251
4.782820278,4.782820278,4.782820278,1.,1.,1.,1.,1.,1.,           0001767P0003252
246.266446601,1.650641845,0.,244.570125742,2.164418562,0.,       0001767P0003253
242.873804883,2.679673732,0.,241.177484025,3.19546914,0.,        0001767P0003254
239.481163166,3.710861163,0.,237.784842307,4.224911085,0.,       0001767P0003255
4.634788357,4.782820278,0.,0.,1.;                                0001767P0003256
126,5,5,1,0,1,0,-1.287858709E-13,-1.287858709E-13,               0001769P0003257
-1.287858709E-13,-1.287858709E-13,-1.287858709E-13,              0001769P0003258
-1.287858709E-13,2.678805176E-02,2.678805176E-02,                0001769P0003259
2.678805176E-02,2.678805176E-02,2.678805176E-02,2.678805176E-02, 0001769P0003260
1.,1.,1.,1.,1.,1.,237.784842307,4.224911085,0.,237.477873846,    0001769P0003261
4.225086926,0.,237.170905384,4.225218818,0.,236.863936923,       0001769P0003262
4.225306749,0.,236.556968461,4.225350714,0.,236.25,4.225350714,  0001769P0003263
0.,-1.287858709E-13,2.678805176E-02,0.,0.,1.;                    0001769P0003264
126,5,5,1,0,1,0,6.283185307,6.283185307,6.283185307,6.283185307, 0001771P0003265
6.283185307,6.283185307,6.309973359,6.309973359,6.309973359,     0001771P0003266
6.309973359,6.309973359,6.309973359,1.,1.,1.,1.,1.,1.,236.25,    0001771P0003267
4.225350714,0.,235.943031539,4.225350714,0.,235.636063077,       0001771P0003268
4.225306749,0.,235.329094616,4.225218818,0.,235.022126154,       0001771P0003269
4.225086926,0.,234.715157693,4.224911085,0.,6.283185307,         0001771P0003270
6.309973359,0.,0.,1.;                                            0001771P0003271
126,5,5,1,0,1,0,1.500365029,1.500365029,1.500365029,1.500365029, 0001773P0003272
1.500365029,1.500365029,1.648396683,1.648396683,1.648396683,     0001773P0003273
1.648396683,1.648396683,1.648396683,1.,1.,1.,1.,1.,1.,           0001773P0003274
234.715157693,4.224911085,0.,233.018839889,3.710862089,0.,       0001773P0003275
231.322522084,3.195470996,0.,229.62620428,2.679676519,0.,        0001773P0003276
227.929886476,2.164422273,0.,226.233568672,1.650646471,0.,       0001773P0003277
1.500365029,1.648396683,0.,0.,1.;                                0001773P0003278
126,9,5,1,0,1,0,0.,0.,0.,0.,0.,0.,0.500949979,0.500949979,       0001775P0003279
0.500949979,0.500949979,1.,1.,1.,1.,1.,1.,1.,1.,1.,1.,1.,1.,1.,  0001775P0003280
1.,1.,1.,226.233568672,1.650646471,0.,226.15982467,1.628310003,  0001775P0003281
0.,226.069309956,1.60756434,0.,225.963407974,1.58891545,0.,      0001775P0003282
225.844281748,1.572841177,0.,225.585944335,1.546599288,0.,       0001775P0003283
225.446800094,1.536408045,0.,225.300338659,1.52947448,0.,        0001775P0003284
225.150163207,1.526008827,0.,225.,1.526008827,0.,0.,1.,-0.,-0.,  0001775P0003285
1.;                                                              0001775P0003286
126,9,5,1,0,1,0,0.,0.,0.,0.,0.,0.,0.499039916,0.499039916,       0001777P0003287
0.499039916,0.499039916,1.,1.,1.,1.,1.,1.,1.,1.,1.,1.,1.,1.,1.,  0001777P0003288
1.,1.,1.,225.,1.526008827,0.,224.849842949,1.526008827,0.,       0001777P0003289
224.699673656,1.529474196,0.,224.55321792,1.536407192,0.,        0001777P0003290
224.414078483,1.546597617,0.,224.155743075,1.572838007,0.,       0001777P0003291
224.036614871,1.588911833,0.,223.930710597,1.607560328,0.,       0001777P0003292
223.840193339,1.628305653,0.,223.766446601,1.650641845,0.,0.,1., 0001777P0003293
-0.,-0.,1.;                                                      0001777P0003294
126,5,5,1,0,1,0,4.634788357,4.634788357,4.634788357,4.634788357, 0001779P0003295
4.634788357,4.634788357,4.782820278,4.782820278,4.782820278,     0001779P0003296
4.782820278,4.782820278,4.782820278,1.,1.,1.,1.,1.,1.,           0001779P0003297
223.766446601,1.650641845,0.,222.070125742,2.164418562,0.,       0001779P0003298
220.373804883,2.679673732,0.,218.677484025,3.19546914,0.,        0001779P0003299
216.981163166,3.710861163,0.,215.284842307,4.224911085,0.,       0001779P0003300
4.634788357,4.782820278,0.,0.,1.;                                0001779P0003301
126,5,5,1,0,1,0,1.288203133E-13,1.288203133E-13,1.288203133E-13, 0001781P0003302
1.288203133E-13,1.288203133E-13,1.288203133E-13,2.678805176E-02, 0001781P0003303
2.678805176E-02,2.678805176E-02,2.678805176E-02,2.678805176E-02, 0001781P0003304
2.678805176E-02,1.,1.,1.,1.,1.,1.,215.284842307,4.224911085,0.,  0001781P0003305
214.977873846,4.225086926,0.,214.670905384,4.225218818,0.,       0001781P0003306
214.363936923,4.225306749,0.,214.056968461,4.225350714,0.,       0001781P0003307
213.75,4.225350714,0.,1.288203133E-13,2.678805176E-02,0.,0.,1.;  0001781P0003308
126,5,5,1,0,1,0,6.283185307,6.283185307,6.283185307,6.283185307, 0001783P0003309
6.283185307,6.283185307,6.309973359,6.309973359,6.309973359,     0001783P0003310
6.309973359,6.309973359,6.309973359,1.,1.,1.,1.,1.,1.,213.75,    0001783P0003311
4.225350714,0.,213.443031539,4.225350714,0.,213.136063077,       0001783P0003312
4.225306749,0.,212.829094616,4.225218818,0.,212.522126154,       0001783P0003313
4.225086926,0.,212.215157693,4.224911085,0.,6.283185307,         0001783P0003314
6.309973359,0.,0.,1.;                                            0001783P0003315
126,5,5,1,0,1,0,1.500365029,1.500365029,1.500365029,1.500365029, 0001785P0003316
1.500365029,1.500365029,1.648396683,1.648396683,1.648396683,     0001785P0003317
1.648396683,1.648396683,1.648396683,1.,1.,1.,1.,1.,1.,           0001785P0003318
212.215157693,4.224911085,0.,210.518839889,3.710862089,0.,       0001785P0003319
208.822522084,3.195470996,0.,207.12620428,2.679676519,0.,        0001785P0003320
205.429886476,2.164422273,0.,203.733568672,1.650646471,0.,       0001785P0003321
1.500365029,1.648396683,0.,0.,1.;                                0001785P0003322
126,9,5,1,0,1,0,0.,0.,0.,0.,0.,0.,0.500950218,0.500950218,       0001787P0003323
0.500950218,0.500950218,1.,1.,1.,1.,1.,1.,1.,1.,1.,1.,1.,1.,1.,  0001787P0003324
1.,1.,1.,203.733568672,1.650646471,0.,203.65982467,1.628310003,  0001787P0003325
0.,203.569309956,1.60756434,0.,203.463407974,1.58891545,0.,      0001787P0003326
203.344281748,1.572841177,0.,203.085944459,1.5465993,0.,         0001787P0003327
202.94680036,1.536408064,0.,202.80033908,1.5294745,0.,           0001787P0003328
202.650163782,1.52600884,0.,202.500000718,1.526008827,0.,0.,1.,  0001787P0003329
-0.,-0.,1.;                                                      0001787P0003330
126,9,5,1,0,1,0,1.363348947E-06,1.363348947E-06,1.363348947E-06, 0001789P0003331
1.363348947E-06,1.363348947E-06,1.363348947E-06,0.499039916,     0001789P0003332
0.499039916,0.499039916,0.499039916,1.,1.,1.,1.,1.,1.,1.,1.,1.,  0001789P0003333
1.,1.,1.,1.,1.,1.,1.,202.499997949,1.526008827,0.,202.349841308, 0001789P0003334
1.526008865,0.,202.199672455,1.529474253,0.,202.05321716,        0001789P0003335
1.536407248,0.,201.914078131,1.546597652,0.,201.655743075,       0001789P0003336
1.572838007,0.,201.536614871,1.588911833,0.,201.430710597,       0001789P0003337
1.607560328,0.,201.340193339,1.628305653,0.,201.266446601,       0001789P0003338
1.650641845,0.,1.363348947E-06,1.,-0.,-0.,1.;                    0001789P0003339
126,5,5,1,0,1,0,4.634788357,4.634788357,4.634788357,4.634788357, 0001791P0003340
4.634788357,4.634788357,4.782820278,4.782820278,4.782820278,     0001791P0003341
4.782820278,4.782820278,4.782820278,1.,1.,1.,1.,1.,1.,           0001791P0003342
201.266446601,1.650641845,0.,199.570125742,2.164418562,0.,       0001791P0003343
197.873804883,2.679673732,0.,196.177484025,3.19546914,0.,        0001791P0003344
194.481163166,3.710861163,0.,192.784842307,4.224911085,0.,       0001791P0003345
4.634788357,4.782820278,0.,0.,1.;                                0001791P0003346
126,5,5,1,0,1,0,-2.202682481E-13,-2.202682481E-13,               0001793P0003347
-2.202682481E-13,-2.202682481E-13,-2.202682481E-13,              0001793P0003348
-2.202682481E-13,2.678805176E-02,2.678805176E-02,                0001793P0003349
2.678805176E-02,2.678805176E-02,2.678805176E-02,2.678805176E-02, 0001793P0003350
1.,1.,1.,1.,1.,1.,192.784842307,4.224911085,0.,192.477873846,    0001793P0003351
4.225086926,0.,192.170905384,4.225218818,0.,191.863936923,       0001793P0003352
4.225306749,0.,191.556968461,4.225350714,0.,191.25,4.225350714,  0001793P0003353
0.,-2.202682481E-13,2.678805176E-02,0.,0.,1.;                    0001793P0003354
126,5,5,1,0,1,0,6.283185307,6.283185307,6.283185307,6.283185307, 0001795P0003355
6.283185307,6.283185307,6.309973359,6.309973359,6.309973359,     0001795P0003356
6.309973359,6.309973359,6.309973359,1.,1.,1.,1.,1.,1.,191.25,    0001795P0003357
4.225350714,0.,190.943031539,4.225350714,0.,190.636063077,       0001795P0003358
4.225306749,0.,190.329094616,4.225218818,0.,190.022126154,       0001795P0003359
4.225086926,0.,189.715157693,4.224911085,0.,6.283185307,         0001795P0003360
6.309973359,0.,0.,1.;                                            0001795P0003361
126,5,5,1,0,1,0,1.500365029,1.500365029,1.500365029,1.500365029, 0001797P0003362
1.500365029,1.500365029,1.648396683,1.648396683,1.648396683,     0001797P0003363
1.648396683,1.648396683,1.648396683,1.,1.,1.,1.,1.,1.,           0001797P0003364
189.715157693,4.224911085,0.,188.018839889,3.710862089,0.,       0001797P0003365
186.322522084,3.195470996,0.,184.62620428,2.679676519,0.,        0001797P0003366
182.929886476,2.164422273,0.,181.233568672,1.650646471,0.,       0001797P0003367
1.500365029,1.648396683,0.,0.,1.;                                0001797P0003368
126,9,5,1,0,1,0,0.,0.,0.,0.,0.,0.,0.500949979,0.500949979,       0001799P0003369
0.500949979,0.500949979,1.,1.,1.,1.,1.,1.,1.,1.,1.,1.,1.,1.,1.,  0001799P0003370
1.,1.,1.,181.233568672,1.650646471,0.,181.15982467,1.628310003,  0001799P0003371
0.,181.069309956,1.60756434,0.,180.963407974,1.58891545,0.,      0001799P0003372
180.844281748,1.572841177,0.,180.585944335,1.546599288,0.,       0001799P0003373
180.446800094,1.536408045,0.,180.300338659,1.52947448,0.,        0001799P0003374
180.150163207,1.526008827,0.,180.,1.526008827,0.,0.,1.,-0.,-0.,  0001799P0003375
1.;                                                              0001799P0003376
126,9,5,1,0,1,0,0.,0.,0.,0.,0.,0.,0.499039916,0.499039916,       0001801P0003377
0.499039916,0.499039916,1.,1.,1.,1.,1.,1.,1.,1.,1.,1.,1.,1.,1.,  0001801P0003378
1.,1.,1.,180.,1.526008827,0.,179.849842949,1.526008827,0.,       0001801P0003379
179.699673656,1.529474196,0.,179.55321792,1.536407192,0.,        0001801P0003380
179.414078483,1.546597617,0.,179.155743075,1.572838007,0.,       0001801P0003381
179.036614871,1.588911833,0.,178.930710597,1.607560328,0.,       0001801P0003382
178.840193339,1.628305653,0.,178.766446601,1.650641845,0.,0.,1., 0001801P0003383
-0.,-0.,1.;                                                      0001801P0003384
126,5,5,1,0,1,0,4.634788357,4.634788357,4.634788357,4.634788357, 0001803P0003385
4.634788357,4.634788357,4.782820278,4.782820278,4.782820278,     0001803P0003386
4.782820278,4.782820278,4.782820278,1.,1.,1.,1.,1.,1.,           0001803P0003387
178.766446601,1.650641845,0.,177.070125742,2.164418562,0.,       0001803P0003388
175.373804883,2.679673732,0.,173.677484025,3.19546914,0.,        0001803P0003389
171.981163166,3.710861163,0.,170.284842307,4.224911085,0.,       0001803P0003390
4.634788357,4.782820278,0.,0.,1.;                                0001803P0003391
126,5,5,1,0,1,0,2.202934776E-13,2.202934776E-13,2.202934776E-13, 0001805P0003392
2.202934776E-13,2.202934776E-13,2.202934776E-13,2.678805176E-02, 0001805P0003393
2.678805176E-02,2.678805176E-02,2.678805176E-02,2.678805176E-02, 0001805P0003394
2.678805176E-02,1.,1.,1.,1.,1.,1.,170.284842307,4.224911085,0.,  0001805P0003395
169.977873846,4.225086926,0.,169.670905384,4.225218818,0.,       0001805P0003396
169.363936923,4.225306749,0.,169.056968461,4.225350714,0.,       0001805P0003397
168.75,4.225350714,0.,2.202934776E-13,2.678805176E-02,0.,0.,1.;  0001805P0003398
126,5,5,1,0,1,0,6.283185307,6.283185307,6.283185307,6.283185307, 0001807P0003399
6.283185307,6.283185307,6.309973359,6.309973359,6.309973359,     0001807P0003400
6.309973359,6.309973359,6.309973359,1.,1.,1.,1.,1.,1.,168.75,    0001807P0003401
4.225350714,0.,168.443031539,4.225350714,0.,168.136063077,       0001807P0003402
4.225306749,0.,167.829094616,4.225218818,0.,167.522126154,       0001807P0003403
4.225086926,0.,167.215157693,4.224911085,0.,6.283185307,         0001807P0003404
6.309973359,0.,0.,1.;                                            0001807P0003405
126,5,5,1,0,1,0,1.500365029,1.500365029,1.500365029,1.500365029, 0001809P0003406
1.500365029,1.500365029,1.648396683,1.648396683,1.648396683,     0001809P0003407
1.648396683,1.648396683,1.648396683,1.,1.,1.,1.,1.,1.,           0001809P0003408
167.215157693,4.224911085,0.,165.518839889,3.710862089,0.,       0001809P0003409
163.822522084,3.195470996,0.,162.12620428,2.679676519,0.,        0001809P0003410
160.429886476,2.164422273,0.,158.733568672,1.650646471,0.,       0001809P0003411
1.500365029,1.648396683,0.,0.,1.;                                0001809P0003412
126,9,5,1,0,1,0,0.,0.,0.,0.,0.,0.,0.500949979,0.500949979,       0001811P0003413
0.500949979,0.500949979,1.,1.,1.,1.,1.,1.,1.,1.,1.,1.,1.,1.,1.,  0001811P0003414
1.,1.,1.,158.733568672,1.650646471,0.,158.65982467,1.628310003,  0001811P0003415
0.,158.569309956,1.60756434,0.,158.463407974,1.58891545,0.,      0001811P0003416
158.344281748,1.572841177,0.,158.085944335,1.546599288,0.,       0001811P0003417
157.946800094,1.536408045,0.,157.800338659,1.52947448,0.,        0001811P0003418
157.650163207,1.526008827,0.,157.5,1.526008827,0.,0.,1.,-0.,-0., 0001811P0003419
1.;                                                              0001811P0003420
126,9,5,1,0,1,0,0.,0.,0.,0.,0.,0.,0.499039916,0.499039916,       0001813P0003421
0.499039916,0.499039916,1.,1.,1.,1.,1.,1.,1.,1.,1.,1.,1.,1.,1.,  0001813P0003422
1.,1.,1.,157.5,1.526008827,0.,157.349842949,1.526008827,0.,      0001813P0003423
157.199673656,1.529474196,0.,157.05321792,1.536407192,0.,        0001813P0003424
156.914078483,1.546597617,0.,156.655743075,1.572838007,0.,       0001813P0003425
156.536614871,1.588911833,0.,156.430710597,1.607560328,0.,       0001813P0003426
156.340193339,1.628305653,0.,156.266446601,1.650641845,0.,0.,1., 0001813P0003427
-0.,-0.,1.;                                                      0001813P0003428
126,5,5,1,0,1,0,4.634788357,4.634788357,4.634788357,4.634788357, 0001815P0003429
4.634788357,4.634788357,4.782820278,4.782820278,4.782820278,     0001815P0003430
4.782820278,4.782820278,4.782820278,1.,1.,1.,1.,1.,1.,           0001815P0003431
156.266446601,1.650641845,0.,154.570125742,2.164418562,0.,       0001815P0003432
152.873804883,2.679673732,0.,151.177484025,3.19546914,0.,        0001815P0003433
149.481163166,3.710861163,0.,147.784842307,4.224911085,0.,       0001815P0003434
4.634788357,4.782820278,0.,0.,1.;                                0001815P0003435
126,5,5,1,0,1,0,-1.287858709E-13,-1.287858709E-13,               0001817P0003436
-1.287858709E-13,-1.287858709E-13,-1.287858709E-13,              0001817P0003437
-1.287858709E-13,2.678805176E-02,2.678805176E-02,                0001817P0003438
2.678805176E-02,2.678805176E-02,2.678805176E-02,2.678805176E-02, 0001817P0003439
1.,1.,1.,1.,1.,1.,147.784842307,4.224911085,0.,147.477873846,    0001817P0003440
4.225086926,0.,147.170905384,4.225218818,0.,146.863936923,       0001817P0003441
4.225306749,0.,146.556968461,4.225350714,0.,146.25,4.225350714,  0001817P0003442
0.,-1.287858709E-13,2.678805176E-02,0.,0.,1.;                    0001817P0003443
126,5,5,1,0,1,0,6.283185307,6.283185307,6.283185307,6.283185307, 0001819P0003444
6.283185307,6.283185307,6.309973359,6.309973359,6.309973359,     0001819P0003445
6.309973359,6.309973359,6.309973359,1.,1.,1.,1.,1.,1.,146.25,    0001819P0003446
4.225350714,0.,145.943031539,4.225350714,0.,145.636063077,       0001819P0003447
4.225306749,0.,145.329094616,4.225218818,0.,145.022126154,       0001819P0003448
4.225086926,0.,144.715157693,4.224911085,0.,6.283185307,         0001819P0003449
6.309973359,0.,0.,1.;                                            0001819P0003450
126,5,5,1,0,1,0,1.500365029,1.500365029,1.500365029,1.500365029, 0001821P0003451
1.500365029,1.500365029,1.648396683,1.648396683,1.648396683,     0001821P0003452
1.648396683,1.648396683,1.648396683,1.,1.,1.,1.,1.,1.,           0001821P0003453
144.715157693,4.224911085,0.,143.018839889,3.710862089,0.,       0001821P0003454
141.322522084,3.195470996,0.,139.62620428,2.679676519,0.,        0001821P0003455
137.929886476,2.164422273,0.,136.233568672,1.650646471,0.,       0001821P0003456
1.500365029,1.648396683,0.,0.,1.;                                0001821P0003457
126,9,5,1,0,1,0,0.,0.,0.,0.,0.,0.,0.500950061,0.500950061,       0001823P0003458
0.500950061,0.500950061,1.,1.,1.,1.,1.,1.,1.,1.,1.,1.,1.,1.,1.,  0001823P0003459
1.,1.,1.,136.233568672,1.650646471,0.,136.15982467,1.628310003,  0001823P0003460
0.,136.069309956,1.60756434,0.,135.963407974,1.58891545,0.,      0001823P0003461
135.844281748,1.572841177,0.,135.585944378,1.546599292,0.,       0001823P0003462
135.446800185,1.536408052,0.,135.300338804,1.529474487,0.,       0001823P0003463
135.150163405,1.526008831,0.,135.000000247,1.526008827,0.,0.,1., 0001823P0003464
-0.,-0.,1.;                                                      0001823P0003465
126,9,5,1,0,1,0,0.,0.,0.,0.,0.,0.,0.499039916,0.499039916,       0001825P0003466
0.499039916,0.499039916,1.,1.,1.,1.,1.,1.,1.,1.,1.,1.,1.,1.,1.,  0001825P0003467
1.,1.,1.,135.,1.526008827,0.,134.849842949,1.526008827,0.,       0001825P0003468
134.699673656,1.529474196,0.,134.55321792,1.536407192,0.,        0001825P0003469
134.414078483,1.546597617,0.,134.155743075,1.572838007,0.,       0001825P0003470
134.036614871,1.588911833,0.,133.930710597,1.607560328,0.,       0001825P0003471
133.840193339,1.628305653,0.,133.766446601,1.650641845,0.,0.,1., 0001825P0003472
-0.,-0.,1.;                                                      0001825P0003473
126,5,5,1,0,1,0,4.634788357,4.634788357,4.634788357,4.634788357, 0001827P0003474
4.634788357,4.634788357,4.782820278,4.782820278,4.782820278,     0001827P0003475
4.782820278,4.782820278,4.782820278,1.,1.,1.,1.,1.,1.,           0001827P0003476
133.766446601,1.650641845,0.,132.070125742,2.164418562,0.,       0001827P0003477
130.373804883,2.679673732,0.,128.677484025,3.19546914,0.,        0001827P0003478
126.981163166,3.710861163,0.,125.284842307,4.224911085,0.,       0001827P0003479
4.634788357,4.782820278,0.,0.,1.;                                0001827P0003480
126,5,5,1,0,1,0,1.288833522E-13,1.288833522E-13,1.288833522E-13, 0001829P0003481
1.288833522E-13,1.288833522E-13,1.288833522E-13,2.678805176E-02, 0001829P0003482
2.678805176E-02,2.678805176E-02,2.678805176E-02,2.678805176E-02, 0001829P0003483
2.678805176E-02,1.,1.,1.,1.,1.,1.,125.284842307,4.224911085,0.,  0001829P0003484
124.977873846,4.225086926,0.,124.670905384,4.225218818,0.,       0001829P0003485
124.363936923,4.225306749,0.,124.056968461,4.225350714,0.,       0001829P0003486
123.75,4.225350714,0.,1.288833522E-13,2.678805176E-02,0.,0.,1.;  0001829P0003487
126,5,5,1,0,1,0,6.283185307,6.283185307,6.283185307,6.283185307, 0001831P0003488
6.283185307,6.283185307,6.309973359,6.309973359,6.309973359,     0001831P0003489
6.309973359,6.309973359,6.309973359,1.,1.,1.,1.,1.,1.,123.75,    0001831P0003490
4.225350714,0.,123.443031539,4.225350714,0.,123.136063077,       0001831P0003491
4.225306749,0.,122.829094616,4.225218818,0.,122.522126154,       0001831P0003492
4.225086926,0.,122.215157693,4.224911085,0.,6.283185307,         0001831P0003493
6.309973359,0.,0.,1.;                                            0001831P0003494
126,5,5,1,0,1,0,1.500365029,1.500365029,1.500365029,1.500365029, 0001833P0003495
1.500365029,1.500365029,1.648396683,1.648396683,1.648396683,     0001833P0003496
1.648396683,1.648396683,1.648396683,1.,1.,1.,1.,1.,1.,           0001833P0003497
122.215157693,4.224911085,0.,120.518839889,3.710862089,0.,       0001833P0003498
118.822522084,3.195470996,0.,117.12620428,2.679676519,0.,        0001833P0003499
115.429886476,2.164422273,0.,113.733568672,1.650646471,0.,       0001833P0003500
1.500365029,1.648396683,0.,0.,1.;                                0001833P0003501
126,9,5,1,0,1,0,0.,0.,0.,0.,0.,0.,0.500949979,0.500949979,       0001835P0003502
0.500949979,0.500949979,1.,1.,1.,1.,1.,1.,1.,1.,1.,1.,1.,1.,1.,  0001835P0003503
1.,1.,1.,113.733568672,1.650646471,0.,113.65982467,1.628310003,  0001835P0003504
0.,113.569309956,1.60756434,0.,113.463407974,1.58891545,0.,      0001835P0003505
113.344281748,1.572841177,0.,113.085944336,1.546599288,0.,       0001835P0003506
112.946800094,1.536408045,0.,112.800338659,1.52947448,0.,        0001835P0003507
112.650163207,1.526008827,0.,112.5,1.526008827,0.,0.,1.,-0.,-0., 0001835P0003508
1.;                                                              0001835P0003509
126,9,5,1,0,1,0,0.,0.,0.,0.,0.,0.,0.499039916,0.499039916,       0001837P0003510
0.499039916,0.499039916,1.,1.,1.,1.,1.,1.,1.,1.,1.,1.,1.,1.,1.,  0001837P0003511
1.,1.,1.,112.5,1.526008827,0.,112.349842949,1.526008827,0.,      0001837P0003512
112.199673656,1.529474196,0.,112.05321792,1.536407192,0.,        0001837P0003513
111.914078483,1.546597617,0.,111.655743075,1.572838007,0.,       0001837P0003514
111.536614871,1.588911833,0.,111.430710597,1.607560328,0.,       0001837P0003515
111.340193339,1.628305653,0.,111.266446601,1.650641845,0.,0.,1., 0001837P0003516
-0.,-0.,1.;                                                      0001837P0003517
126,5,5,1,0,1,0,4.634788357,4.634788357,4.634788357,4.634788357, 0001839P0003518
4.634788357,4.634788357,4.782820278,4.782820278,4.782820278,     0001839P0003519
4.782820278,4.782820278,4.782820278,1.,1.,1.,1.,1.,1.,           0001839P0003520
111.266446601,1.650641845,0.,109.570125742,2.164418562,0.,       0001839P0003521
107.873804883,2.679673732,0.,106.177484025,3.19546914,0.,        0001839P0003522
104.481163166,3.710861163,0.,102.784842307,4.224911085,0.,       0001839P0003523
4.634788357,4.782820278,0.,0.,1.;                                0001839P0003524
126,5,5,1,0,1,0,-2.202682481E-13,-2.202682481E-13,               0001841P0003525
-2.202682481E-13,-2.202682481E-13,-2.202682481E-13,              0001841P0003526
-2.202682481E-13,2.678805176E-02,2.678805176E-02,                0001841P0003527
2.678805176E-02,2.678805176E-02,2.678805176E-02,2.678805176E-02, 0001841P0003528
1.,1.,1.,1.,1.,1.,102.784842307,4.224911085,0.,102.477873846,    0001841P0003529
4.225086926,0.,102.170905384,4.225218818,0.,101.863936923,       0001841P0003530
4.225306749,0.,101.556968461,4.225350714,0.,101.25,4.225350714,  0001841P0003531
0.,-2.202682481E-13,2.678805176E-02,0.,0.,1.;                    0001841P0003532
126,5,5,1,0,1,0,6.283185307,6.283185307,6.283185307,6.283185307, 0001843P0003533
6.283185307,6.283185307,6.309973359,6.309973359,6.309973359,     0001843P0003534
6.309973359,6.309973359,6.309973359,1.,1.,1.,1.,1.,1.,101.25,    0001843P0003535
4.225350714,0.,100.943031539,4.225350714,0.,100.636063077,       0001843P0003536
4.225306749,0.,100.329094616,4.225218818,0.,100.022126154,       0001843P0003537
4.225086926,0.,99.715157693,4.224911085,0.,6.283185307,          0001843P0003538
6.309973359,0.,0.,1.;                                            0001843P0003539
126,5,5,1,0,1,0,1.500365029,1.500365029,1.500365029,1.500365029, 0001845P0003540
1.500365029,1.500365029,1.648396683,1.648396683,1.648396683,     0001845P0003541
1.648396683,1.648396683,1.648396683,1.,1.,1.,1.,1.,1.,           0001845P0003542
99.715157693,4.224911085,0.,98.018839889,3.710862089,0.,         0001845P0003543
96.322522084,3.195470996,0.,94.62620428,2.679676519,0.,          0001845P0003544
92.929886476,2.164422273,0.,91.233568672,1.650646471,0.,         0001845P0003545
1.500365029,1.648396683,0.,0.,1.;                                0001845P0003546
126,9,5,1,0,1,0,0.,0.,0.,0.,0.,0.,0.500949979,0.500949979,       0001847P0003547
0.500949979,0.500949979,1.,1.,1.,1.,1.,1.,1.,1.,1.,1.,1.,1.,1.,  0001847P0003548
1.,1.,1.,91.233568672,1.650646471,0.,91.15982467,1.628310003,0., 0001847P0003549
91.069309956,1.60756434,0.,90.963407974,1.58891545,0.,           0001847P0003550
90.844281748,1.572841177,0.,90.585944335,1.546599288,0.,         0001847P0003551
90.446800094,1.536408045,0.,90.300338659,1.52947448,0.,          0001847P0003552
90.150163207,1.526008827,0.,90.,1.526008827,0.,0.,1.,-0.,-0.,1.; 0001847P0003553
126,9,5,1,0,1,0,0.,0.,0.,0.,0.,0.,0.499039916,0.499039916,       0001849P0003554
0.499039916,0.499039916,1.,1.,1.,1.,1.,1.,1.,1.,1.,1.,1.,1.,1.,  0001849P0003555
1.,1.,1.,90.,1.526008827,0.,89.849842949,1.526008827,0.,         0001849P0003556
89.699673656,1.529474196,0.,89.55321792,1.536407192,0.,          0001849P0003557
89.414078483,1.546597617,0.,89.155743075,1.572838007,0.,         0001849P0003558
89.036614871,1.588911833,0.,88.930710597,1.607560328,0.,         0001849P0003559
88.840193339,1.628305653,0.,88.766446601,1.650641845,0.,0.,1.,   0001849P0003560
-0.,-0.,1.;                                                      0001849P0003561
126,5,5,1,0,1,0,4.634788357,4.634788357,4.634788357,4.634788357, 0001851P0003562
4.634788357,4.634788357,4.782820278,4.782820278,4.782820278,     0001851P0003563
4.782820278,4.782820278,4.782820278,1.,1.,1.,1.,1.,1.,           0001851P0003564
88.766446601,1.650641845,0.,87.070125742,2.164418562,0.,         0001851P0003565
85.373804883,2.679673732,0.,83.677484025,3.19546914,0.,          0001851P0003566
81.981163166,3.710861163,0.,80.284842307,4.224911085,0.,         0001851P0003567
4.634788357,4.782820278,0.,0.,1.;                                0001851P0003568
126,5,5,1,0,1,0,2.203504893E-13,2.203504893E-13,2.203504893E-13, 0001853P0003569
2.203504893E-13,2.203504893E-13,2.203504893E-13,2.678805176E-02, 0001853P0003570
2.678805176E-02,2.678805176E-02,2.678805176E-02,2.678805176E-02, 0001853P0003571
2.678805176E-02,1.,1.,1.,1.,1.,1.,80.284842307,4.224911085,0.,   0001853P0003572
79.977873846,4.225086926,0.,79.670905384,4.225218818,0.,         0001853P0003573
79.363936923,4.225306749,0.,79.056968461,4.225350714,0.,78.75,   0001853P0003574
4.225350714,0.,2.203504893E-13,2.678805176E-02,0.,0.,1.;         0001853P0003575
126,5,5,1,0,1,0,6.283185307,6.283185307,6.283185307,6.283185307, 0001855P0003576
6.283185307,6.283185307,6.309973359,6.309973359,6.309973359,     0001855P0003577
6.309973359,6.309973359,6.309973359,1.,1.,1.,1.,1.,1.,78.75,     0001855P0003578
4.225350714,0.,78.443031539,4.225350714,0.,78.136063077,         0001855P0003579
4.225306749,0.,77.829094616,4.225218818,0.,77.522126154,         0001855P0003580
4.225086926,0.,77.215157693,4.224911085,0.,6.283185307,          0001855P0003581
6.309973359,0.,0.,1.;                                            0001855P0003582
126,5,5,1,0,1,0,1.500365029,1.500365029,1.500365029,1.500365029, 0001857P0003583
1.500365029,1.500365029,1.648396683,1.648396683,1.648396683,     0001857P0003584
1.648396683,1.648396683,1.648396683,1.,1.,1.,1.,1.,1.,           0001857P0003585
77.215157693,4.224911085,0.,75.518839889,3.710862089,0.,         0001857P0003586
73.822522084,3.195470996,0.,72.12620428,2.679676519,0.,          0001857P0003587
70.429886476,2.164422273,0.,68.733568672,1.650646471,0.,         0001857P0003588
1.500365029,1.648396683,0.,0.,1.;                                0001857P0003589
126,9,5,1,0,1,0,0.,0.,0.,0.,0.,0.,0.500949979,0.500949979,       0001859P0003590
0.500949979,0.500949979,1.,1.,1.,1.,1.,1.,1.,1.,1.,1.,1.,1.,1.,  0001859P0003591
1.,1.,1.,68.733568672,1.650646471,0.,68.65982467,1.628310003,0., 0001859P0003592
68.569309956,1.60756434,0.,68.463407974,1.58891545,0.,           0001859P0003593
68.344281748,1.572841177,0.,68.085944335,1.546599288,0.,         0001859P0003594
67.946800094,1.536408045,0.,67.800338659,1.52947448,0.,          0001859P0003595
67.650163207,1.526008827,0.,67.5,1.526008827,0.,0.,1.,-0.,-0.,   0001859P0003596
1.;                                                              0001859P0003597
126,9,5,1,0,1,0,0.,0.,0.,0.,0.,0.,0.499039916,0.499039916,       0001861P0003598
0.499039916,0.499039916,1.,1.,1.,1.,1.,1.,1.,1.,1.,1.,1.,1.,1.,  0001861P0003599
1.,1.,1.,67.5,1.526008827,0.,67.349842949,1.526008827,0.,        0001861P0003600
67.199673656,1.529474196,0.,67.05321792,1.536407192,0.,          0001861P0003601
66.914078483,1.546597617,0.,66.655743075,1.572838007,0.,         0001861P0003602
66.536614871,1.588911833,0.,66.430710597,1.607560328,0.,         0001861P0003603
66.340193339,1.628305653,0.,66.266446601,1.650641845,0.,0.,1.,   0001861P0003604
-0.,-0.,1.;                                                      0001861P0003605
126,5,5,1,0,1,0,4.634788357,4.634788357,4.634788357,4.634788357, 0001863P0003606
4.634788357,4.634788357,4.782820278,4.782820278,4.782820278,     0001863P0003607
4.782820278,4.782820278,4.782820278,1.,1.,1.,1.,1.,1.,           0001863P0003608
66.266446601,1.650641845,0.,64.570125742,2.164418562,0.,         0001863P0003609
62.873804883,2.679673732,0.,61.177484025,3.19546914,0.,          0001863P0003610
59.481163166,3.710861163,0.,57.784842307,4.224911085,0.,         0001863P0003611
4.634788357,4.782820278,0.,0.,1.;                                0001863P0003612
126,5,5,1,0,1,0,-1.287858709E-13,-1.287858709E-13,               0001865P0003613
-1.287858709E-13,-1.287858709E-13,-1.287858709E-13,              0001865P0003614
-1.287858709E-13,2.678805176E-02,2.678805176E-02,                0001865P0003615
2.678805176E-02,2.678805176E-02,2.678805176E-02,2.678805176E-02, 0001865P0003616
1.,1.,1.,1.,1.,1.,57.784842307,4.224911085,0.,57.477873846,      0001865P0003617
4.225086926,0.,57.170905384,4.225218818,0.,56.863936923,         0001865P0003618
4.225306749,0.,56.556968461,4.225350714,0.,56.25,4.225350714,0., 0001865P0003619
-1.287858709E-13,2.678805176E-02,0.,0.,1.;                       0001865P0003620
126,5,5,1,0,1,0,6.283185307,6.283185307,6.283185307,6.283185307, 0001867P0003621
6.283185307,6.283185307,6.309973359,6.309973359,6.309973359,     0001867P0003622
6.309973359,6.309973359,6.309973359,1.,1.,1.,1.,1.,1.,56.25,     0001867P0003623
4.225350714,0.,55.943031539,4.225350714,0.,55.636063077,         0001867P0003624
4.225306749,0.,55.329094616,4.225218818,0.,55.022126154,         0001867P0003625
4.225086926,0.,54.715157693,4.224911085,0.,6.283185307,          0001867P0003626
6.309973359,0.,0.,1.;                                            0001867P0003627
126,5,5,1,0,1,0,1.500365029,1.500365029,1.500365029,1.500365029, 0001869P0003628
1.500365029,1.500365029,1.648396683,1.648396683,1.648396683,     0001869P0003629
1.648396683,1.648396683,1.648396683,1.,1.,1.,1.,1.,1.,           0001869P0003630
54.715157693,4.224911085,0.,53.018839889,3.710862089,0.,         0001869P0003631
51.322522084,3.195470996,0.,49.62620428,2.679676519,0.,          0001869P0003632
47.929886476,2.164422273,0.,46.233568672,1.650646471,0.,         0001869P0003633
1.500365029,1.648396683,0.,0.,1.;                                0001869P0003634
126,9,5,1,0,1,0,0.,0.,0.,0.,0.,0.,0.500949979,0.500949979,       0001871P0003635
0.500949979,0.500949979,1.,1.,1.,1.,1.,1.,1.,1.,1.,1.,1.,1.,1.,  0001871P0003636
1.,1.,1.,46.233568672,1.650646471,0.,46.15982467,1.628310003,0., 0001871P0003637
46.069309956,1.60756434,0.,45.963407974,1.58891545,0.,           0001871P0003638
45.844281748,1.572841177,0.,45.585944335,1.546599288,0.,         0001871P0003639
45.446800094,1.536408045,0.,45.300338659,1.52947448,0.,          0001871P0003640
45.150163207,1.526008827,0.,45.,1.526008827,0.,0.,1.,-0.,-0.,1.; 0001871P0003641
126,9,5,1,0,1,0,0.,0.,0.,0.,0.,0.,0.499039916,0.499039916,       0001873P0003642
0.499039916,0.499039916,1.,1.,1.,1.,1.,1.,1.,1.,1.,1.,1.,1.,1.,  0001873P0003643
1.,1.,1.,45.,1.526008827,0.,44.849842949,1.526008827,0.,         0001873P0003644
44.699673656,1.529474196,0.,44.55321792,1.536407192,0.,          0001873P0003645
44.414078483,1.546597617,0.,44.155743075,1.572838007,0.,         0001873P0003646
44.036614871,1.588911833,0.,43.930710597,1.607560328,0.,         0001873P0003647
43.840193339,1.628305653,0.,43.766446601,1.650641845,0.,0.,1.,   0001873P0003648
-0.,-0.,1.;                                                      0001873P0003649
126,5,5,1,0,1,0,4.634788357,4.634788357,4.634788357,4.634788357, 0001875P0003650
4.634788357,4.634788357,4.782820278,4.782820278,4.782820278,     0001875P0003651
4.782820278,4.782820278,4.782820278,1.,1.,1.,1.,1.,1.,           0001875P0003652
43.766446601,1.650641845,0.,42.070125742,2.164418562,0.,         0001875P0003653
40.373804883,2.679673732,0.,38.677484025,3.19546914,0.,          0001875P0003654
36.981163166,3.710861163,0.,35.284842307,4.224911085,0.,         0001875P0003655
4.634788357,4.782820278,0.,0.,1.;                                0001875P0003656
126,5,5,1,0,1,0,1.289091312E-13,1.289091312E-13,1.289091312E-13, 0001877P0003657
1.289091312E-13,1.289091312E-13,1.289091312E-13,2.678805176E-02, 0001877P0003658
2.678805176E-02,2.678805176E-02,2.678805176E-02,2.678805176E-02, 0001877P0003659
2.678805176E-02,1.,1.,1.,1.,1.,1.,35.284842307,4.224911085,0.,   0001877P0003660
34.977873846,4.225086926,0.,34.670905384,4.225218818,0.,         0001877P0003661
34.363936923,4.225306749,0.,34.056968461,4.225350714,0.,33.75,   0001877P0003662
4.225350714,0.,1.289091312E-13,2.678805176E-02,0.,0.,1.;         0001877P0003663
126,5,5,1,0,1,0,6.283185307,6.283185307,6.283185307,6.283185307, 0001879P0003664
6.283185307,6.283185307,6.309973359,6.309973359,6.309973359,     0001879P0003665
6.309973359,6.309973359,6.309973359,1.,1.,1.,1.,1.,1.,33.75,     0001879P0003666
4.225350714,0.,33.443031539,4.225350714,0.,33.136063077,         0001879P0003667
4.225306749,0.,32.829094616,4.225218818,0.,32.522126154,         0001879P0003668
4.225086926,0.,32.215157693,4.224911085,0.,6.283185307,          0001879P0003669
6.309973359,0.,0.,1.;                                            0001879P0003670
126,5,5,1,0,1,0,1.500365029,1.500365029,1.500365029,1.500365029, 0001881P0003671
1.500365029,1.500365029,1.648396683,1.648396683,1.648396683,     0001881P0003672
1.648396683,1.648396683,1.648396683,1.,1.,1.,1.,1.,1.,           0001881P0003673
32.215157693,4.224911085,0.,30.518839889,3.710862089,0.,         0001881P0003674
28.822522084,3.195470996,0.,27.12620428,2.679676519,0.,          0001881P0003675
25.429886476,2.164422273,0.,23.733568672,1.650646471,0.,         0001881P0003676
1.500365029,1.648396683,0.,0.,1.;                                0001881P0003677
126,9,5,1,0,1,0,0.,0.,0.,0.,0.,0.,0.500949979,0.500949979,       0001883P0003678
0.500949979,0.500949979,1.,1.,1.,1.,1.,1.,1.,1.,1.,1.,1.,1.,1.,  0001883P0003679
1.,1.,1.,23.733568672,1.650646471,0.,23.65982467,1.628310003,0., 0001883P0003680
23.569309956,1.60756434,0.,23.463407974,1.58891545,0.,           0001883P0003681
23.344281748,1.572841177,0.,23.085944335,1.546599288,0.,         0001883P0003682
22.946800094,1.536408045,0.,22.800338659,1.52947448,0.,          0001883P0003683
22.650163207,1.526008827,0.,22.5,1.526008827,0.,0.,1.,-0.,-0.,   0001883P0003684
1.;                                                              0001883P0003685
126,9,5,1,0,1,0,0.,0.,0.,0.,0.,0.,0.499039916,0.499039916,       0001885P0003686
0.499039916,0.499039916,1.,1.,1.,1.,1.,1.,1.,1.,1.,1.,1.,1.,1.,  0001885P0003687
1.,1.,1.,22.5,1.526008827,0.,22.349842949,1.526008827,0.,        0001885P0003688
22.199673656,1.529474196,0.,22.05321792,1.536407192,0.,          0001885P0003689
21.914078483,1.546597617,0.,21.655743075,1.572838007,0.,         0001885P0003690
21.536614871,1.588911833,0.,21.430710597,1.607560328,0.,         0001885P0003691
21.340193339,1.628305653,0.,21.266446601,1.650641845,0.,0.,1.,   0001885P0003692
-0.,-0.,1.;                                                      0001885P0003693
126,5,5,1,0,1,0,4.634788357,4.634788357,4.634788357,4.634788357, 0001887P0003694
4.634788357,4.634788357,4.782820278,4.782820278,4.782820278,     0001887P0003695
4.782820278,4.782820278,4.782820278,1.,1.,1.,1.,1.,1.,           0001887P0003696
21.266446601,1.650641845,0.,19.570125742,2.164418562,0.,         0001887P0003697
17.873804883,2.679673732,0.,16.177484025,3.19546914,0.,          0001887P0003698
14.481163166,3.710861163,0.,12.784842307,4.224911085,0.,         0001887P0003699
4.634788357,4.782820278,0.,0.,1.;                                0001887P0003700
126,5,5,1,0,1,0,-2.202682481E-13,-2.202682481E-13,               0001889P0003701
-2.202682481E-13,-2.202682481E-13,-2.202682481E-13,              0001889P0003702
-2.202682481E-13,2.678805176E-02,2.678805176E-02,                0001889P0003703
2.678805176E-02,2.678805176E-02,2.678805176E-02,2.678805176E-02, 0001889P0003704
1.,1.,1.,1.,1.,1.,12.784842307,4.224911085,0.,12.477873846,      0001889P0003705
4.225086926,0.,12.170905384,4.225218818,0.,11.863936923,         0001889P0003706
4.225306749,0.,11.556968461,4.225350714,0.,11.25,4.225350714,0., 0001889P0003707
-2.202682481E-13,2.678805176E-02,0.,0.,1.;                       0001889P0003708
126,5,5,1,0,1,0,6.283185307,6.283185307,6.283185307,6.283185307, 0001891P0003709
6.283185307,6.283185307,6.309973359,6.309973359,6.309973359,     0001891P0003710
6.309973359,6.309973359,6.309973359,1.,1.,1.,1.,1.,1.,11.25,     0001891P0003711
4.225350714,0.,10.943031539,4.225350714,0.,10.636063077,         0001891P0003712
4.225306749,0.,10.329094616,4.225218818,0.,10.022126154,         0001891P0003713
4.225086926,0.,9.715157693,4.224911085,0.,6.283185307,           0001891P0003714
6.309973359,0.,0.,1.;                                            0001891P0003715
126,5,5,1,0,1,0,1.500365029,1.500365029,1.500365029,1.500365029, 0001893P0003716
1.500365029,1.500365029,1.648396683,1.648396683,1.648396683,     0001893P0003717
1.648396683,1.648396683,1.648396683,1.,1.,1.,1.,1.,1.,           0001893P0003718
9.715157693,4.224911085,0.,8.018839889,3.710862089,0.,           0001893P0003719
6.322522084,3.195470996,0.,4.62620428,2.679676519,0.,            0001893P0003720
2.929886476,2.164422273,0.,1.233568672,1.650646471,0.,           0001893P0003721
1.500365029,1.648396683,0.,0.,1.;                                0001893P0003722
126,9,5,1,0,1,0,0.,0.,0.,0.,0.,0.,0.500949979,0.500949979,       0001895P0003723
0.500949979,0.500949979,1.,1.,1.,1.,1.,1.,1.,1.,1.,1.,1.,1.,1.,  0001895P0003724
1.,1.,1.,1.233568672,1.650646471,0.,1.15982467,1.628310003,0.,   0001895P0003725
1.069309956,1.60756434,0.,0.963407974,1.58891545,0.,0.844281748, 0001895P0003726
1.572841177,0.,0.585944335,1.546599288,0.,0.446800094,           0001895P0003727
1.536408045,0.,0.30033866,1.52947448,0.,0.150163207,1.526008827, 0001895P0003728
0.,-2.37142157E-11,1.526008827,0.,0.,1.,-0.,-0.,1.;              0001895P0003729
110,-2.37142157E-11,1.526008826,0.,-2.37142157E-11,0.,0.;        0001897P0003730
110,0.,0.,0.,360.,0.,0.;                                         0001899P0003731
S      1G      4D   1900P   3731                                        T0000001
