                                                                        S0000001
,,31HOpen CASCADE IGES processor 7.9,13HFilename.iges,                  G0000001
16HOpen CASCADE 7.9,31HOpen CASCADE IGES processor 7.9,32,308,15,308,15,G0000002
,1.,2,2HMM,1,0.01,15H20261004.214557,1E-07,10.015795,7Hjiayuxu,,11,0,   G0000003
15H20261004.214557,;                                                    G0000004
     186       1       0       0       0       0       0       000000000D0000001
     186       0       0       1       0                               0D0000002
     514       2       0       0       0       0       0       000010000D0000003
     514       0       0       3       1                               0D0000004
     510       5       0       0       0       0       0       000010000D0000005
     510       0       0       1       1                               0D0000006
     192       6       0       0       0       0       0       000010000D0000007
     192       0       0       1       1                               0D0000008
     116       7       0       0       0       0       0       000010400D0000009
     116       0       0       1       0                               0D0000010
     123       8       0       0       0       0       0       000010200D0000011
     123       0       0       1       0                               0D0000012
     123       9       0       0       0       0       0       000010200D0000013
     123       0       0       1       0                               0D0000014
     508      10       0       0       0       0       0       000010000D0000015
     508       0       0       2       1                               0D0000016
     504      12       0       0       0       0       0       000010001D0000017
     504       0       0      13       1                               0D0000018
     110      25       0       0       0       0       0       000010000D0000019
     110       0       0       1       0                               0D0000020
     502      26       0       0       0       0       0       000010000D0000021
     502       0       0      17       1                               0D0000022
     100      43       0       0       0       0      25       000010000D0000023
     100       0       0       1       0                               0D0000024
     124      44       0       0       0       0       0       000000000D0000025
     124       0       0       3       0                               0D0000026
     100      47       0       0       0       0      29       000010000D0000027
     100       0       0       1       0                               0D0000028
     124      48       0       0       0       0       0       000000000D0000029
     124       0       0       3       0                               0D0000030
     110      51       0       0       0       0       0       000010000D0000031
     110       0       0       1       0                               0D0000032
     100      52       0       0       0       0      35       000010000D0000033
     100       0       0       1       0                               0D0000034
     124      53       0       0       0       0       0       000000000D0000035
     124       0       0       3       0                               0D0000036
     110      56       0       0       0       0       0       000010000D0000037
     110       0       0       2       0                               0D0000038
     100      58       0       0       0       0      41       000010000D0000039
     100       0       0       1       0                               0D0000040
     124      59       0       0       0       0       0       000000000D0000041
     124       0       0       2       0                               0D0000042
     110      61       0       0       0       0       0       000010000D0000043
     110       0       0       1       0                               0D0000044
     100      62       0       0       0       0      47       000010000D0000045
     100       0       0       1       0                               0D0000046
     124      63       0       0       0       0       0       000000000D0000047
     124       0       0       2       0                               0D0000048
     100      65       0       0       0       0      51       000010000D0000049
     100       0       0       1       0                               0D0000050
     124      66       0       0       0       0       0       000000000D0000051
     124       0       0       2       0                               0D0000052
     100      68       0       0       0       0      55       000010000D0000053
     100       0       0       1       0                               0D0000054
     124      69       0       0       0       0       0       000000000D0000055
     124       0       0       2       0                               0D0000056
     100      71       0       0       0       0      59       000010000D0000057
     100       0       0       2       0                               0D0000058
     124      73       0       0       0       0       0       000000000D0000059
     124       0       0       2       0                               0D0000060
     100      75       0       0       0       0      63       000010000D0000061
     100       0       0       1       0                               0D0000062
     124      76       0       0       0       0       0       000000000D0000063
     124       0       0       2       0                               0D0000064
     100      78       0       0       0       0      67       000010000D0000065
     100       0       0       1       0                               0D0000066
     124      79       0       0       0       0       0       000000000D0000067
     124       0       0       2       0                               0D0000068
     100      81       0       0       0       0      71       000010000D0000069
     100       0       0       1       0                               0D0000070
     124      82       0       0       0       0       0       000000000D0000071
     124       0       0       2       0                               0D0000072
     100      84       0       0       0       0      75       000010000D0000073
     100       0       0       2       0                               0D0000074
     124      86       0       0       0       0       0       000000000D0000075
     124       0       0       2       0                               0D0000076
     100      88       0       0       0       0      79       000010000D0000077
     100       0       0       2       0                               0D0000078
     124      90       0       0       0       0       0       000000000D0000079
     124       0       0       2       0                               0D0000080
     100      92       0       0       0       0      83       000010000D0000081
     100       0       0       2       0                               0D0000082
     124      94       0       0       0       0       0       000000000D0000083
     124       0       0       2       0                               0D0000084
     100      96       0       0       0       0      87       000010000D0000085
     100       0       0       1       0                               0D0000086
     124      97       0       0       0       0       0       000000000D0000087
     124       0       0       2       0                               0D0000088
     100      99       0       0       0       0      91       000010000D0000089
     100       0       0       1       0                               0D0000090
     124     100       0       0       0       0       0       000000000D0000091
     124       0       0       2       0                               0D0000092
     100     102       0       0       0       0      95       000010000D0000093
     100       0       0       1       0                               0D0000094
     124     103       0       0       0       0       0       000000000D0000095
     124       0       0       2       0                               0D0000096
     100     105       0       0       0       0      99       000010000D0000097
     100       0       0       2       0                               0D0000098
     124     107       0       0       0       0       0       000000000D0000099
     124       0       0       2       0                               0D0000100
     110     109       0       0       0       0       0       000010000D0000101
     110       0       0       2       0                               0D0000102
     110     111       0       0       0       0       0       000010000D0000103
     110       0       0       2       0                               0D0000104
     100     113       0       0       0       0     107       000010000D0000105
     100       0       0       1       0                               0D0000106
     124     114       0       0       0       0       0       000000000D0000107
     124       0       0       3       0                               0D0000108
     100     117       0       0       0       0     111       000010000D0000109
     100       0       0       1       0                               0D0000110
     124     118       0       0       0       0       0       000000000D0000111
     124       0       0       3       0                               0D0000112
     104     121       0       0       0       0     115       000010000D0000113
     104       0       0       2       2                               0D0000114
     124     123       0       0       0       0       0       000000000D0000115
     124       0       0       3       0                               0D0000116
     104     126       0       0       0       0     119       000010000D0000117
     104       0       0       2       2                               0D0000118
     124     128       0       0       0       0       0       000000000D0000119
     124       0       0       3       0                               0D0000120
     110     131       0       0       0       0       0       000010000D0000121
     110       0       0       1       0                               0D0000122
     100     132       0       0       0       0     125       000010000D0000123
     100       0       0       1       0                               0D0000124
     124     133       0       0       0       0       0       000000000D0000125
     124       0       0       3       0                               0D0000126
     110     136       0       0       0       0       0       000010000D0000127
     110       0       0       2       0                               0D0000128
     110     138       0       0       0       0       0       000010000D0000129
     110       0       0       2       0                               0D0000130
     100     140       0       0       0       0     133       000010000D0000131
     100       0       0       1       0                               0D0000132
     124     141       0       0       0       0       0       000000000D0000133
     124       0       0       3       0                               0D0000134
     110     144       0       0       0       0       0       000010000D0000135
     110       0       0       1       0                               0D0000136
     104     145       0       0       0       0     139       000010000D0000137
     104       0       0       2       2                               0D0000138
     124     147       0       0       0       0       0       000000000D0000139
     124       0       0       2       0                               0D0000140
     104     149       0       0       0       0     143       000010000D0000141
     104       0       0       2       2                               0D0000142
     124     151       0       0       0       0       0       000000000D0000143
     124       0       0       2       0                               0D0000144
     110     153       0       0       0       0       0       000010000D0000145
     110       0       0       2       0                               0D0000146
     100     155       0       0       0       0     149       000010000D0000147
     100       0       0       1       0                               0D0000148
     124     156       0       0       0       0       0       000000000D0000149
     124       0       0       3       0                               0D0000150
     110     159       0       0       0       0       0       000010000D0000151
     110       0       0       1       0                               0D0000152
     110     160       0       0       0       0       0       000010000D0000153
     110       0       0       1       0                               0D0000154
     100     161       0       0       0       0     157       000010000D0000155
     100       0       0       1       0                               0D0000156
     124     162       0       0       0       0       0       000000000D0000157
     124       0       0       3       0                               0D0000158
     110     165       0       0       0       0       0       000010000D0000159
     110       0       0       2       0                               0D0000160
     104     167       0       0       0       0     163       000010000D0000161
     104       0       0       2       2                               0D0000162
     124     169       0       0       0       0       0       000000000D0000163
     124       0       0       3       0                               0D0000164
     104     172       0       0       0       0     167       000010000D0000165
     104       0       0       2       2                               0D0000166
     124     174       0       0       0       0       0       000000000D0000167
     124       0       0       3       0                               0D0000168
     110     177       0       0       0       0       0       000010000D0000169
     110       0       0       2       0                               0D0000170
     100     179       0       0       0       0     173       000010000D0000171
     100       0       0       2       0                               0D0000172
     124     181       0       0       0       0       0       000000000D0000173
     124       0       0       3       0                               0D0000174
     110     184       0       0       0       0       0       000010000D0000175
     110       0       0       2       0                               0D0000176
     104     186       0       0       0       0     179       000010000D0000177
     104       0       0       2       2                               0D0000178
     124     188       0       0       0       0       0       000000000D0000179
     124       0       0       3       0                               0D0000180
     104     191       0       0       0       0     183       000010000D0000181
     104       0       0       2       2                               0D0000182
     124     193       0       0       0       0       0       000000000D0000183
     124       0       0       2       0                               0D0000184
     104     195       0       0       0       0     187       000010000D0000185
     104       0       0       2       2                               0D0000186
     124     197       0       0       0       0       0       000000000D0000187
     124       0       0       3       0                               0D0000188
     104     200       0       0       0       0     191       000010000D0000189
     104       0       0       2       2                               0D0000190
     124     202       0       0       0       0       0       000000000D0000191
     124       0       0       3       0                               0D0000192
     104     205       0       0       0       0     195       000010000D0000193
     104       0       0       2       2                               0D0000194
     124     207       0       0       0       0       0       000000000D0000195
     124       0       0       2       0                               0D0000196
     104     209       0       0       0       0     199       000010000D0000197
     104       0       0       2       2                               0D0000198
     124     211       0       0       0       0       0       000000000D0000199
     124       0       0       3       0                               0D0000200
     110     214       0       0       0       0       0       000010000D0000201
     110       0       0       1       0                               0D0000202
     110     215       0       0       0       0       0       000010000D0000203
     110       0       0       1       0                               0D0000204
     110     216       0       0       0       0       0       000010000D0000205
     110       0       0       1       0                               0D0000206
     110     217       0       0       0       0       0       000010000D0000207
     110       0       0       1       0                               0D0000208
     110     218       0       0       0       0       0       000010000D0000209
     110       0       0       1       0                               0D0000210
     510     219       0       0       0       0       0       000010000D0000211
     510       0       0       1       1                               0D0000212
     194     220       0       0       0       0       0       000010000D0000213
     194       0       0       1       1                               0D0000214
     116     221       0       0       0       0       0       000010400D0000215
     116       0       0       1       0                               0D0000216
     123     222       0       0       0       0       0       000010200D0000217
     123       0       0       1       0                               0D0000218
     123     223       0       0       0       0       0       000010200D0000219
     123       0       0       1       0                               0D0000220
     508     224       0       0       0       0       0       000010000D0000221
     508       0       0       2       1                               0D0000222
     126     226       0       0       0       0       0       000010000D0000223
     126       0       0       2       0                               0D0000224
     110     228       0       0       0       0       0       000010000D0000225
     110       0       0       1       0                               0D0000226
     126     229       0       0       0       0       0       000010000D0000227
     126       0       0       3       0                               0D0000228
     110     232       0       0       0       0       0       000010000D0000229
     110       0       0       1       0                               0D0000230
     510     233       0       0       0       0       0       000010000D0000231
     510       0       0       1       1                               0D0000232
     194     234       0       0       0       0       0       000010000D0000233
     194       0       0       1       1                               0D0000234
     116     235       0       0       0       0       0       000010400D0000235
     116       0       0       1       0                               0D0000236
     123     236       0       0       0       0       0       000010200D0000237
     123       0       0       1       0                               0D0000238
     123     237       0       0       0       0       0       000010200D0000239
     123       0       0       1       0                               0D0000240
     508     238       0       0       0       0       0       000010000D0000241
     508       0       0       2       1                               0D0000242
     110     240       0       0       0       0       0       000010000D0000243
     110       0       0       1       0                               0D0000244
     110     241       0       0       0       0       0       000010000D0000245
     110       0       0       1       0                               0D0000246
     110     242       0       0       0       0       0       000010000D0000247
     110       0       0       1       0                               0D0000248
     110     243       0       0       0       0       0       000010000D0000249
     110       0       0       1       0                               0D0000250
     510     244       0       0       0       0       0       000010000D0000251
     510       0       0       1       1                               0D0000252
     190     245       0       0       0       0       0       000010000D0000253
     190       0       0       1       1                               0D0000254
     116     246       0       0       0       0       0       000010400D0000255
     116       0       0       1       0                               0D0000256
     123     247       0       0       0       0       0       000010200D0000257
     123       0       0       1       0                               0D0000258
     123     248       0       0       0       0       0       000010200D0000259
     123       0       0       1       0                               0D0000260
     508     249       0       0       0       0       0       000010000D0000261
     508       0       0       1       1                               0D0000262
     510     250       0       0       0       0       0       000010000D0000263
     510       0       0       1       1                               0D0000264
     194     251       0       0       0       0       0       000010000D0000265
     194       0       0       1       1                               0D0000266
     116     252       0       0       0       0       0       000010400D0000267
     116       0       0       1       0                               0D0000268
     123     253       0       0       0       0       0       000010200D0000269
     123       0       0       1       0                               0D0000270
     123     254       0       0       0       0       0       000010200D0000271
     123       0       0       1       0                               0D0000272
     508     255       0       0       0       0       0       000010000D0000273
     508       0       0       2       1                               0D0000274
     126     257       0       0       0       0       0       000010000D0000275
     126       0       0       2       0                               0D0000276
     110     259       0       0       0       0       0       000010000D0000277
     110       0       0       1       0                               0D0000278
     126     260       0       0       0       0       0       000010000D0000279
     126       0       0       2       0                               0D0000280
     110     262       0       0       0       0       0       000010000D0000281
     110       0       0       1       0                               0D0000282
     510     263       0       0       0       0       0       000010000D0000283
     510       0       0       1       1                               0D0000284
     190     264       0       0       0       0       0       000010000D0000285
     190       0       0       1       1                               0D0000286
     116     265       0       0       0       0       0       000010400D0000287
     116       0       0       1       0                               0D0000288
     123     266       0       0       0       0       0       000010200D0000289
     123       0       0       1       0                               0D0000290
     123     267       0       0       0       0       0       000010200D0000291
     123       0       0       1       0                               0D0000292
     508     268       0       0       0       0       0       000010000D0000293
     508       0       0       1       1                               0D0000294
     508     269       0       0       0       0       0       000010000D0000295
     508       0       0       3       1                               0D0000296
     510     272       0       0       0       0       0       000010000D0000297
     510       0       0       1       1                               0D0000298
     192     273       0       0       0       0       0       000010000D0000299
     192       0       0       1       1                               0D0000300
     116     274       0       0       0       0       0       000010400D0000301
     116       0       0       1       0                               0D0000302
     123     275       0       0       0       0       0       000010200D0000303
     123       0       0       1       0                               0D0000304
     123     276       0       0       0       0       0       000010200D0000305
     123       0       0       1       0                               0D0000306
     508     277       0       0       0       0       0       000010000D0000307
     508       0       0       2       1                               0D0000308
     126     279       0       0       0       0       0       000010000D0000309
     126       0       0      20       0                               0D0000310
     126     299       0       0       0       0       0       000010000D0000311
     126       0       0      17       0                               0D0000312
     126     316       0       0       0       0       0       000010000D0000313
     126       0       0      18       0                               0D0000314
     126     334       0       0       0       0       0       000010000D0000315
     126       0       0      20       0                               0D0000316
     126     354       0       0       0       0       0       000010000D0000317
     126       0       0      23       0                               0D0000318
     126     377       0       0       0       0       0       000010000D0000319
     126       0       0      22       0                               0D0000320
     510     399       0       0       0       0       0       000010000D0000321
     510       0       0       1       1                               0D0000322
     194     400       0       0       0       0       0       000010000D0000323
     194       0       0       1       1                               0D0000324
     116     401       0       0       0       0       0       000010400D0000325
     116       0       0       1       0                               0D0000326
     123     402       0       0       0       0       0       000010200D0000327
     123       0       0       1       0                               0D0000328
     123     403       0       0       0       0       0       000010200D0000329
     123       0       0       1       0                               0D0000330
     508     404       0       0       0       0       0       000010000D0000331
     508       0       0       1       1                               0D0000332
     126     405       0       0       0       0       0       000010000D0000333
     126       0       0      11       0                               0D0000334
     110     416       0       0       0       0       0       000010000D0000335
     110       0       0       1       0                               0D0000336
     510     417       0       0       0       0       0       000010000D0000337
     510       0       0       1       1                               0D0000338
     194     418       0       0       0       0       0       000010000D0000339
     194       0       0       1       1                               0D0000340
     116     419       0       0       0       0       0       000010400D0000341
     116       0       0       1       0                               0D0000342
     123     420       0       0       0       0       0       000010200D0000343
     123       0       0       1       0                               0D0000344
     123     421       0       0       0       0       0       000010200D0000345
     123       0       0       1       0                               0D0000346
     508     422       0       0       0       0       0       000010000D0000347
     508       0       0       1       1                               0D0000348
     110     423       0       0       0       0       0       000010000D0000349
     110       0       0       1       0                               0D0000350
     126     424       0       0       0       0       0       000010000D0000351
     126       0       0      11       0                               0D0000352
     510     435       0       0       0       0       0       000010000D0000353
     510       0       0       1       1                               0D0000354
     192     436       0       0       0       0       0       000010000D0000355
     192       0       0       1       1                               0D0000356
     116     437       0       0       0       0       0       000010400D0000357
     116       0       0       1       0                               0D0000358
     123     438       0       0       0       0       0       000010200D0000359
     123       0       0       1       0                               0D0000360
     123     439       0       0       0       0       0       000010200D0000361
     123       0       0       1       0                               0D0000362
     508     440       0       0       0       0       0       000010000D0000363
     508       0       0       2       1                               0D0000364
     110     442       0       0       0       0       0       000010000D0000365
     110       0       0       1       0                               0D0000366
     126     443       0       0       0       0       0       000010000D0000367
     126       0       0       2       0                               0D0000368
     110     445       0       0       0       0       0       000010000D0000369
     110       0       0       1       0                               0D0000370
     126     446       0       0       0       0       0       000010000D0000371
     126       0       0       3       0                               0D0000372
     510     449       0       0       0       0       0       000010000D0000373
     510       0       0       1       1                               0D0000374
     192     450       0       0       0       0       0       000010000D0000375
     192       0       0       1       1                               0D0000376
     116     451       0       0       0       0       0       000010400D0000377
     116       0       0       1       0                               0D0000378
     123     452       0       0       0       0       0       000010200D0000379
     123       0       0       1       0                               0D0000380
     123     453       0       0       0       0       0       000010200D0000381
     123       0       0       1       0                               0D0000382
     508     454       0       0       0       0       0       000010000D0000383
     508       0       0       2       1                               0D0000384
     110     456       0       0       0       0       0       000010000D0000385
     110       0       0       1       0                               0D0000386
     126     457       0       0       0       0       0       000010000D0000387
     126       0       0       2       0                               0D0000388
     110     459       0       0       0       0       0       000010000D0000389
     110       0       0       1       0                               0D0000390
     126     460       0       0       0       0       0       000010000D0000391
     126       0       0       2       0                               0D0000392
     510     462       0       0       0       0       0       000010000D0000393
     510       0       0       1       1                               0D0000394
     194     463       0       0       0       0       0       000010000D0000395
     194       0       0       1       1                               0D0000396
     116     464       0       0       0       0       0       000010400D0000397
     116       0       0       1       0                               0D0000398
     123     465       0       0       0       0       0       000010200D0000399
     123       0       0       1       0                               0D0000400
     123     466       0       0       0       0       0       000010200D0000401
     123       0       0       1       0                               0D0000402
     508     467       0       0       0       0       0       000010000D0000403
     508       0       0       1       1                               0D0000404
     126     468       0       0       0       0       0       000010000D0000405
     126       0       0      11       0                               0D0000406
     110     479       0       0       0       0       0       000010000D0000407
     110       0       0       1       0                               0D0000408
     510     480       0       0       0       0       0       000010000D0000409
     510       0       0       1       1                               0D0000410
     194     481       0       0       0       0       0       000010000D0000411
     194       0       0       1       1                               0D0000412
     116     482       0       0       0       0       0       000010400D0000413
     116       0       0       1       0                               0D0000414
     123     483       0       0       0       0       0       000010200D0000415
     123       0       0       1       0                               0D0000416
     123     484       0       0       0       0       0       000010200D0000417
     123       0       0       1       0                               0D0000418
     508     485       0       0       0       0       0       000010000D0000419
     508       0       0       1       1                               0D0000420
     110     486       0       0       0       0       0       000010000D0000421
     110       0       0       1       0                               0D0000422
     126     487       0       0       0       0       0       000010000D0000423
     126       0       0      11       0                               0D0000424
     510     498       0       0       0       0       0       000010000D0000425
     510       0       0       1       1                               0D0000426
     192     499       0       0       0       0       0       000010000D0000427
     192       0       0       1       1                               0D0000428
     116     500       0       0       0       0       0       000010400D0000429
     116       0       0       1       0                               0D0000430
     123     501       0       0       0       0       0       000010200D0000431
     123       0       0       1       0                               0D0000432
     123     502       0       0       0       0       0       000010200D0000433
     123       0       0       1       0                               0D0000434
     508     503       0       0       0       0       0       000010000D0000435
     508       0       0       2       1                               0D0000436
     110     505       0       0       0       0       0       000010000D0000437
     110       0       0       1       0                               0D0000438
     126     506       0       0       0       0       0       000010000D0000439
     126       0       0       2       0                               0D0000440
     110     508       0       0       0       0       0       000010000D0000441
     110       0       0       1       0                               0D0000442
     126     509       0       0       0       0       0       000010000D0000443
     126       0       0       3       0                               0D0000444
     510     512       0       0       0       0       0       000010000D0000445
     510       0       0       1       1                               0D0000446
     192     513       0       0       0       0       0       000010000D0000447
     192       0       0       1       1                               0D0000448
     116     514       0       0       0       0       0       000010400D0000449
     116       0       0       1       0                               0D0000450
     123     515       0       0       0       0       0       000010200D0000451
     123       0       0       1       0                               0D0000452
     123     516       0       0       0       0       0       000010200D0000453
     123       0       0       1       0                               0D0000454
     508     517       0       0       0       0       0       000010000D0000455
     508       0       0       2       1                               0D0000456
     110     519       0       0       0       0       0       000010000D0000457
     110       0       0       1       0                               0D0000458
     126     520       0       0       0       0       0       000010000D0000459
     126       0       0       2       0                               0D0000460
     110     522       0       0       0       0       0       000010000D0000461
     110       0       0       1       0                               0D0000462
     126     523       0       0       0       0       0       000010000D0000463
     126       0       0       3       0                               0D0000464
     510     526       0       0       0       0       0       000010000D0000465
     510       0       0       1       1                               0D0000466
     194     527       0       0       0       0       0       000010000D0000467
     194       0       0       1       1                               0D0000468
     116     528       0       0       0       0       0       000010400D0000469
     116       0       0       1       0                               0D0000470
     123     529       0       0       0       0       0       000010200D0000471
     123       0       0       1       0                               0D0000472
     123     530       0       0       0       0       0       000010200D0000473
     123       0       0       1       0                               0D0000474
     508     531       0       0       0       0       0       000010000D0000475
     508       0       0       1       1                               0D0000476
     126     532       0       0       0       0       0       000010000D0000477
     126       0       0      11       0                               0D0000478
     110     543       0       0       0       0       0       000010000D0000479
     110       0       0       1       0                               0D0000480
     510     544       0       0       0       0       0       000010000D0000481
     510       0       0       1       1                               0D0000482
     194     545       0       0       0       0       0       000010000D0000483
     194       0       0       1       1                               0D0000484
     116     546       0       0       0       0       0       000010400D0000485
     116       0       0       1       0                               0D0000486
     123     547       0       0       0       0       0       000010200D0000487
     123       0       0       1       0                               0D0000488
     123     548       0       0       0       0       0       000010200D0000489
     123       0       0       1       0                               0D0000490
     508     549       0       0       0       0       0       000010000D0000491
     508       0       0       1       1                               0D0000492
     110     550       0       0       0       0       0       000010000D0000493
     110       0       0       1       0                               0D0000494
     126     551       0       0       0       0       0       000010000D0000495
     126       0       0      11       0                               0D0000496
     510     562       0       0       0       0       0       000010000D0000497
     510       0       0       1       1                               0D0000498
     192     563       0       0       0       0       0       000010000D0000499
     192       0       0       1       1                               0D0000500
     116     564       0       0       0       0       0       000010400D0000501
     116       0       0       1       0                               0D0000502
     123     565       0       0       0       0       0       000010200D0000503
     123       0       0       1       0                               0D0000504
     123     566       0       0       0       0       0       000010200D0000505
     123       0       0       1       0                               0D0000506
     508     567       0       0       0       0       0       000010000D0000507
     508       0       0       2       1                               0D0000508
     110     569       0       0       0       0       0       000010000D0000509
     110       0       0       1       0                               0D0000510
     126     570       0       0       0       0       0       000010000D0000511
     126       0       0       2       0                               0D0000512
     110     572       0       0       0       0       0       000010000D0000513
     110       0       0       1       0                               0D0000514
     126     573       0       0       0       0       0       000010000D0000515
     126       0       0       3       0                               0D0000516
     510     576       0       0       0       0       0       000010000D0000517
     510       0       0       1       1                               0D0000518
     194     577       0       0       0       0       0       000010000D0000519
     194       0       0       1       1                               0D0000520
     116     578       0       0       0       0       0       000010400D0000521
     116       0       0       1       0                               0D0000522
     123     579       0       0       0       0       0       000010200D0000523
     123       0       0       1       0                               0D0000524
     123     580       0       0       0       0       0       000010200D0000525
     123       0       0       1       0                               0D0000526
     508     581       0       0       0       0       0       000010000D0000527
     508       0       0       5       1                               0D0000528
     110     586       0       0       0       0       0       000010000D0000529
     110       0       0       1       0                               0D0000530
     126     587       0       0       0       0       0       000010000D0000531
     126       0       0      11       0                               0D0000532
     110     598       0       0       0       0       0       000010000D0000533
     110       0       0       1       0                               0D0000534
     126     599       0       0       0       0       0       000010000D0000535
     126       0       0      11       0                               0D0000536
     110     610       0       0       0       0       0       000010000D0000537
     110       0       0       1       0                               0D0000538
     126     611       0       0       0       0       0       000010000D0000539
     126       0       0      11       0                               0D0000540
     110     622       0       0       0       0       0       000010000D0000541
     110       0       0       1       0                               0D0000542
     126     623       0       0       0       0       0       000010000D0000543
     126       0       0      11       0                               0D0000544
     110     634       0       0       0       0       0       000010000D0000545
     110       0       0       1       0                               0D0000546
     126     635       0       0       0       0       0       000010000D0000547
     126       0       0      11       0                               0D0000548
     110     646       0       0       0       0       0       000010000D0000549
     110       0       0       1       0                               0D0000550
     126     647       0       0       0       0       0       000010000D0000551
     126       0       0      11       0                               0D0000552
     110     658       0       0       0       0       0       000010000D0000553
     110       0       0       1       0                               0D0000554
     110     659       0       0       0       0       0       000010000D0000555
     110       0       0       1       0                               0D0000556
     110     660       0       0       0       0       0       000010000D0000557
     110       0       0       1       0                               0D0000558
     110     661       0       0       0       0       0       000010000D0000559
     110       0       0       1       0                               0D0000560
     510     662       0       0       0       0       0       000010000D0000561
     510       0       0       1       1                               0D0000562
     190     663       0       0       0       0       0       000010000D0000563
     190       0       0       1       1                               0D0000564
     116     664       0       0       0       0       0       000010400D0000565
     116       0       0       1       0                               0D0000566
     123     665       0       0       0       0       0       000010200D0000567
     123       0       0       1       0                               0D0000568
     123     666       0       0       0       0       0       000010200D0000569
     123       0       0       1       0                               0D0000570
     508     667       0       0       0       0       0       000010000D0000571
     508       0       0       1       1                               0D0000572
     510     668       0       0       0       0       0       000010000D0000573
     510       0       0       1       1                               0D0000574
     190     669       0       0       0       0       0       000010000D0000575
     190       0       0       1       1                               0D0000576
     116     670       0       0       0       0       0       000010400D0000577
     116       0       0       1       0                               0D0000578
     123     671       0       0       0       0       0       000010200D0000579
     123       0       0       1       0                               0D0000580
     123     672       0       0       0       0       0       000010200D0000581
     123       0       0       1       0                               0D0000582
     508     673       0       0       0       0       0       000010000D0000583
     508       0       0       1       1                               0D0000584
     510     674       0       0       0       0       0       000010000D0000585
     510       0       0       1       1                               0D0000586
     190     675       0       0       0       0       0       000010000D0000587
     190       0       0       1       1                               0D0000588
     116     676       0       0       0       0       0       000010400D0000589
     116       0       0       1       0                               0D0000590
     123     677       0       0       0       0       0       000010200D0000591
     123       0       0       1       0                               0D0000592
     123     678       0       0       0       0       0       000010200D0000593
     123       0       0       1       0                               0D0000594
     508     679       0       0       0       0       0       000010000D0000595
     508       0       0       1       1                               0D0000596
     510     680       0       0       0       0       0       000010000D0000597
     510       0       0       1       1                               0D0000598
     190     681       0       0       0       0       0       000010000D0000599
     190       0       0       1       1                               0D0000600
     116     682       0       0       0       0       0       000010400D0000601
     116       0       0       1       0                               0D0000602
     123     683       0       0       0       0       0       000010200D0000603
     123       0       0       1       0                               0D0000604
     123     684       0       0       0       0       0       000010200D0000605
     123       0       0       1       0                               0D0000606
     508     685       0       0       0       0       0       000010000D0000607
     508       0       0       1       1                               0D0000608
     510     686       0       0       0       0       0       000010000D0000609
     510       0       0       1       1                               0D0000610
     190     687       0       0       0       0       0       000010000D0000611
     190       0       0       1       1                               0D0000612
     116     688       0       0       0       0       0       000010400D0000613
     116       0       0       1       0                               0D0000614
     123     689       0       0       0       0       0       000010200D0000615
     123       0       0       1       0                               0D0000616
     123     690       0       0       0       0       0       000010200D0000617
     123       0       0       1       0                               0D0000618
     508     691       0       0       0       0       0       000010000D0000619
     508       0       0       1       1                               0D0000620
     510     692       0       0       0       0       0       000010000D0000621
     510       0       0       1       1                               0D0000622
     190     693       0       0       0       0       0       000010000D0000623
     190       0       0       1       1                               0D0000624
     116     694       0       0       0       0       0       000010400D0000625
     116       0       0       1       0                               0D0000626
     123     695       0       0       0       0       0       000010200D0000627
     123       0       0       1       0                               0D0000628
     123     696       0       0       0       0       0       000010200D0000629
     123       0       0       1       0                               0D0000630
     508     697       0       0       0       0       0       000010000D0000631
     508       0       0       1       1                               0D0000632
186,3,1,0;                                                       0000001P0000001
514,25,5,1,211,1,231,1,251,1,263,1,283,0,297,0,321,0,337,0,353,  0000003P0000002
0,373,0,393,0,409,0,425,0,445,0,465,0,481,0,497,0,517,0,561,1,   0000003P0000003
573,1,585,1,597,1,609,1,621,1;                                   0000003P0000004
510,7,1,1,15;                                                    0000005P0000005
192,9,11,1.5,13;                                                 0000007P0000006
116,0.,-7.549516567E-16,-1.7,0;                                  0000009P0000007
123,0.,-4.440892099E-16,-1.;                                     0000011P0000008
123,1.,-2.516505522E-16,1.117552949E-31;                         0000013P0000009
508,4,0,17,1,0,1,0,203,0,17,2,1,1,0,205,0,17,1,1,1,0,207,0,17,3, 0000015P0000010
0,1,0,209;                                                       0000015P0000011
504,54,19,21,1,21,2,23,21,1,21,1,27,21,2,21,2,31,21,2,21,3,33,   0000017P0000012
21,3,21,3,37,21,4,21,1,39,21,4,21,4,43,21,5,21,4,45,21,5,21,5,   0000017P0000013
49,21,6,21,7,53,21,8,21,6,57,21,9,21,8,61,21,10,21,9,65,21,11,   0000017P0000014
21,10,69,21,12,21,11,73,21,13,21,12,77,21,14,21,13,81,21,15,21,  0000017P0000015
14,85,21,16,21,15,89,21,17,21,16,93,21,18,21,17,97,21,7,21,18,   0000017P0000016
101,21,19,21,8,103,21,20,21,7,105,21,21,21,20,109,21,19,21,21,   0000017P0000017
113,21,18,21,7,117,21,8,21,9,121,21,22,21,17,123,21,23,21,22,    0000017P0000018
127,21,23,21,18,129,21,24,21,9,131,21,25,21,24,135,21,25,21,10,  0000017P0000019
137,21,16,21,17,141,21,10,21,11,145,21,26,21,15,147,21,27,21,26, 0000017P0000020
151,21,27,21,16,153,21,28,21,11,155,21,29,21,28,159,21,29,21,12, 0000017P0000021
161,21,14,21,15,165,21,12,21,13,169,21,30,21,13,171,21,31,21,30, 0000017P0000022
175,21,31,21,14,177,21,23,21,20,181,21,27,21,22,185,21,31,21,26, 0000017P0000023
189,21,29,21,30,193,21,25,21,28,197,21,19,21,24,201,21,32,21,21; 0000017P0000024
110,1.5,-1.132427485E-15,-1.7,1.5,-6.528111385E-15,-9.8;         0000019P0000025
502,32,1.5,-1.132427485E-15,-1.7,1.5,-4.729550085E-15,-9.8,1.3,  0000021P0000026
-4.768037816E-15,-10.,3.023222778,-7.850463576E-17,-0.176776724, 0000021P0000027
2.949999444,0.,0.,1.15,0.,0.,1.149970821,-8.192110677E-03,       0000021P0000028
1.819013979E-18,1.149970821,8.192110677E-03,-1.819013979E-18,    0000021P0000029
0.582079986,0.991807889,-4.422701959E-16,0.567890835,1.,         0000021P0000030
-4.440892099E-16,-0.567890835,1.,-4.440892099E-16,-0.582079986,  0000021P0000031
0.991807889,-4.422701959E-16,-1.149970821,8.192110677E-03,       0000021P0000032
-1.819013979E-18,-1.149970821,-8.192110677E-03,1.819013979E-18,  0000021P0000033
-0.582079986,-0.991807889,4.422701959E-16,-0.567890835,-1.,      0000021P0000034
4.440892099E-16,0.567890835,-1.,4.440892099E-16,0.582079986,     0000021P0000035
-0.991807889,4.422701959E-16,1.149970821,8.192110677E-03,-1.7,   0000021P0000036
1.149970821,-8.192110677E-03,-1.7,1.15,-1.887379142E-15,-1.7,    0000021P0000037
0.567890835,-1.,-1.7,0.582079986,-0.991807889,-1.7,0.582079986,  0000021P0000038
0.991807889,-1.7,0.567890835,1.,-1.7,-0.582079986,-0.991807889,  0000021P0000039
-1.7,-0.567890835,-1.,-1.7,-0.567890835,1.,-1.7,-0.582079986,    0000021P0000040
0.991807889,-1.7,-1.149970821,8.192110677E-03,-1.7,-1.149970821, 0000021P0000041
-8.192110677E-03,-1.7,0.,-2.352081185E-15,-2.11856639;           0000021P0000042
100,0.,0.,0.,1.5,0.,1.5,0.;                                      0000023P0000043
124,1.,-2.516505522E-16,2.189528851E-47,0.,-2.516505522E-16,-1., 0000025P0000044
-4.440892099E-16,-7.549516567E-16,1.117552949E-31,               0000025P0000045
4.440892099E-16,-1.,-1.7;                                        0000025P0000046
100,0.,0.,0.,1.5,0.,1.5,0.;                                      0000027P0000047
124,1.,-1.480297366E-15,8.758115402E-47,1.004263899E-45,         0000029P0000048
-1.480297366E-15,-1.,-4.440892099E-16,-4.352074257E-15,          0000029P0000049
6.573840877E-31,4.440892099E-16,-1.,-9.8;                        0000029P0000050
110,1.5,-4.729550085E-15,-9.8,1.3,-4.768037816E-15,-10.;         0000031P0000051
100,0.,0.,0.,1.3,0.,1.3,0.;                                      0000033P0000052
124,1.,-1.480297366E-15,8.758115402E-47,1.02178013E-45,          0000035P0000053
-1.480297366E-15,-1.,-4.440892099E-16,-4.440892099E-15,          0000035P0000054
6.573840877E-31,4.440892099E-16,-1.,-10.;                        0000035P0000055
110,3.023222778,-1.177569536E-16,-0.176776724,1.5,               0000037P0000056
-1.132427485E-15,-1.7;                                           0000037P0000057
100,0.,0.,0.,3.023222778,0.,3.023222778,0.;                      0000039P0000058
124,1.,0.,0.,0.,0.,-1.,-4.440892099E-16,-7.850463576E-17,0.,     0000041P0000059
4.440892099E-16,-1.,-0.176776724;                                0000041P0000060
110,2.949999444,0.,0.,3.023222778,-7.850463576E-17,-0.176776724; 0000043P0000061
100,0.,0.,0.,2.949999444,0.,2.949999444,0.;                      0000045P0000062
124,1.,0.,0.,0.,0.,-1.,-4.440892099E-16,0.,0.,4.440892099E-16,   0000047P0000063
-1.,0.;                                                          0000047P0000064
100,0.,0.,0.,1.15,0.,1.149970821,8.192110677E-03;                0000049P0000065
124,1.,0.,0.,0.,0.,-1.,-4.440892099E-16,0.,0.,4.440892099E-16,   0000051P0000066
-1.,0.;                                                          0000051P0000067
100,0.,0.,0.,1.149970821,-8.192110677E-03,1.15,-2.816687638E-16; 0000053P0000068
124,1.,0.,0.,0.,0.,-1.,-4.440892099E-16,0.,0.,4.440892099E-16,   0000055P0000069
-1.,0.;                                                          0000055P0000070
100,0.,0.,0.,0.582079986,-0.991807889,1.149970821,               0000057P0000071
-8.192110677E-03;                                                0000057P0000072
124,1.,0.,0.,0.,0.,-1.,-4.440892099E-16,0.,0.,4.440892099E-16,   0000059P0000073
-1.,0.;                                                          0000059P0000074
100,0.,0.,0.,0.567890835,-1.,0.582079986,-0.991807889;           0000061P0000075
124,1.,0.,0.,0.,0.,-1.,-4.440892099E-16,0.,0.,4.440892099E-16,   0000063P0000076
-1.,0.;                                                          0000063P0000077
100,0.,0.,0.,-0.567890835,-1.,0.567890835,-1.;                   0000065P0000078
124,1.,0.,0.,0.,0.,-1.,-4.440892099E-16,0.,0.,4.440892099E-16,   0000067P0000079
-1.,0.;                                                          0000067P0000080
100,0.,0.,0.,-0.582079986,-0.991807889,-0.567890835,-1.;         0000069P0000081
124,1.,0.,0.,0.,0.,-1.,-4.440892099E-16,0.,0.,4.440892099E-16,   0000071P0000082
-1.,0.;                                                          0000071P0000083
100,0.,0.,0.,-1.149970821,-8.192110677E-03,-0.582079986,         0000073P0000084
-0.991807889;                                                    0000073P0000085
124,1.,0.,0.,0.,0.,-1.,-4.440892099E-16,0.,0.,4.440892099E-16,   0000075P0000086
-1.,0.;                                                          0000075P0000087
100,0.,0.,0.,-1.149970821,8.192110677E-03,-1.149970821,          0000077P0000088
-8.192110677E-03;                                                0000077P0000089
124,1.,0.,0.,0.,0.,-1.,-4.440892099E-16,0.,0.,4.440892099E-16,   0000079P0000090
-1.,0.;                                                          0000079P0000091
100,0.,0.,0.,-0.582079986,0.991807889,-1.149970821,              0000081P0000092
8.192110677E-03;                                                 0000081P0000093
124,1.,0.,0.,0.,0.,-1.,-4.440892099E-16,0.,0.,4.440892099E-16,   0000083P0000094
-1.,0.;                                                          0000083P0000095
100,0.,0.,0.,-0.567890835,1.,-0.582079986,0.991807889;           0000085P0000096
124,1.,0.,0.,0.,0.,-1.,-4.440892099E-16,0.,0.,4.440892099E-16,   0000087P0000097
-1.,0.;                                                          0000087P0000098
100,0.,0.,0.,0.567890835,1.,-0.567890835,1.;                     0000089P0000099
124,1.,0.,0.,0.,0.,-1.,-4.440892099E-16,0.,0.,4.440892099E-16,   0000091P0000100
-1.,0.;                                                          0000091P0000101
100,0.,0.,0.,0.582079986,0.991807889,0.567890835,1.;             0000093P0000102
124,1.,0.,0.,0.,0.,-1.,-4.440892099E-16,0.,0.,4.440892099E-16,   0000095P0000103
-1.,0.;                                                          0000095P0000104
100,0.,0.,0.,1.149970821,8.192110677E-03,0.582079986,            0000097P0000105
0.991807889;                                                     0000097P0000106
124,1.,0.,0.,0.,0.,-1.,-4.440892099E-16,0.,0.,4.440892099E-16,   0000099P0000107
-1.,0.;                                                          0000099P0000108
110,1.149970821,8.192110677E-03,-1.7,1.149970821,                0000101P0000109
8.192110677E-03,0.;                                              0000101P0000110
110,1.149970821,-8.192110677E-03,-1.7,1.149970821,               0000103P0000111
-8.192110677E-03,0.;                                             0000103P0000112
100,0.,0.,0.,1.15,0.,1.149970821,8.192110677E-03;                0000105P0000113
124,1.,-3.282398508E-16,0.,0.,-3.282398508E-16,-1.,              0000107P0000114
-8.881784197E-16,-1.509903313E-15,2.915355519E-31,               0000107P0000115
8.881784197E-16,-1.,-1.7;                                        0000107P0000116
100,0.,0.,0.,1.149970821,-8.192110677E-03,1.15,-2.816687638E-16; 0000109P0000117
124,1.,-3.282398508E-16,0.,0.,-3.282398508E-16,-1.,              0000111P0000118
-8.881784197E-16,-1.509903313E-15,2.915355519E-31,               0000111P0000119
8.881784197E-16,-1.,-1.7;                                        0000111P0000120
104,0.999998039,0.,-1.,-0.,0.,-1.,0.,1.150001127,-0.567890835,   0000113P0000121
1.150001127,0.567890835;                                         0000113P0000122
124,-1.922962686E-16,0.5,-0.866025404,0.866025404,               0000115P0000123
5.551115123E-16,0.866025404,0.5,-0.5,1.,-3.845925373E-16,        0000115P0000124
-4.440892099E-16,-1.150001127;                                   0000115P0000125
104,0.999998039,0.,-1.,-0.,0.,-1.,0.,1.150001127,-0.567890835,   0000117P0000126
1.150001127,0.567890835;                                         0000117P0000127
124,1.922962686E-16,-0.5,-0.866025404,0.866025404,               0000119P0000128
5.551115123E-16,0.866025404,-0.5,0.5,1.,-3.845925373E-16,        0000119P0000129
4.440892099E-16,-1.150001127;                                    0000119P0000130
110,0.567890835,-1.,-1.7,0.567890835,-1.,4.440892099E-16;        0000121P0000131
100,0.,0.,0.,0.582079986,0.991807889,0.567890835,1.;             0000123P0000132
124,1.,-3.282398508E-16,0.,0.,-3.282398508E-16,-1.,              0000125P0000133
-8.881784197E-16,-1.509903313E-15,2.915355519E-31,               0000125P0000134
8.881784197E-16,-1.,-1.7;                                        0000125P0000135
110,0.582079986,-0.991807889,-1.7,0.582079986,-0.991807889,      0000127P0000136
4.440892099E-16;                                                 0000127P0000137
110,0.582079986,0.991807889,-1.7,0.582079986,0.991807889,        0000129P0000138
-4.440892099E-16;                                                0000129P0000139
100,0.,0.,0.,0.567890835,-1.,0.582079986,-0.991807889;           0000131P0000140
124,1.,-3.282398508E-16,0.,0.,-3.282398508E-16,-1.,              0000133P0000141
-8.881784197E-16,-1.509903313E-15,2.915355519E-31,               0000133P0000142
8.881784197E-16,-1.,-1.7;                                        0000133P0000143
110,0.567890835,1.,-1.7,0.567890835,1.,-4.440892099E-16;         0000135P0000144
104,0.999998039,0.,-1.,-0.,0.,-1.,0.,1.150001127,-0.567890835,   0000137P0000145
1.150001127,0.567890835;                                         0000137P0000146
124,0.,1.,0.,0.,8.881784197E-16,0.,1.,-1.,1.,0.,                 0000139P0000147
-8.881784197E-16,-1.150001127;                                   0000139P0000148
104,0.999998039,0.,-1.,-0.,0.,-1.,0.,1.150001127,-0.567890835,   0000141P0000149
1.150001127,0.567890835;                                         0000141P0000150
124,0.,-1.,0.,0.,8.881784197E-16,0.,-1.,1.,1.,0.,                0000143P0000151
8.881784197E-16,-1.150001127;                                    0000143P0000152
110,-0.582079986,-0.991807889,-1.7,-0.582079986,-0.991807889,    0000145P0000153
4.440892099E-16;                                                 0000145P0000154
100,0.,0.,0.,-0.567890835,1.,-0.582079986,0.991807889;           0000147P0000155
124,1.,-3.282398508E-16,0.,0.,-3.282398508E-16,-1.,              0000149P0000156
-8.881784197E-16,-1.509903313E-15,2.915355519E-31,               0000149P0000157
8.881784197E-16,-1.,-1.7;                                        0000149P0000158
110,-0.567890835,-1.,-1.7,-0.567890835,-1.,4.440892099E-16;      0000151P0000159
110,-0.567890835,1.,-1.7,-0.567890835,1.,-4.440892099E-16;       0000153P0000160
100,0.,0.,0.,-0.582079986,-0.991807889,-0.567890835,-1.;         0000155P0000161
124,1.,-3.282398508E-16,0.,0.,-3.282398508E-16,-1.,              0000157P0000162
-8.881784197E-16,-1.509903313E-15,2.915355519E-31,               0000157P0000163
8.881784197E-16,-1.,-1.7;                                        0000157P0000164
110,-0.582079986,0.991807889,-1.7,-0.582079986,0.991807889,      0000159P0000165
-4.440892099E-16;                                                0000159P0000166
104,0.999998039,0.,-1.,-0.,0.,-1.,0.,1.150001127,-0.567890835,   0000161P0000167
1.150001127,0.567890835;                                         0000161P0000168
124,1.922962686E-16,0.5,0.866025404,-0.866025404,                0000163P0000169
5.551115123E-16,-0.866025404,0.5,-0.5,1.,3.845925373E-16,        0000163P0000170
-4.440892099E-16,-1.150001127;                                   0000163P0000171
104,0.999998039,0.,-1.,-0.,0.,-1.,0.,1.150001127,-0.567890835,   0000165P0000172
1.150001127,0.567890835;                                         0000165P0000173
124,-1.922962686E-16,-0.5,0.866025404,-0.866025404,              0000167P0000174
5.551115123E-16,-0.866025404,-0.5,0.5,1.,3.845925373E-16,        0000167P0000175
4.440892099E-16,-1.150001127;                                    0000167P0000176
110,-1.149970821,8.192110677E-03,-1.7,-1.149970821,              0000169P0000177
8.192110677E-03,0.;                                              0000169P0000178
100,0.,0.,0.,-1.149970821,8.192110677E-03,-1.149970821,          0000171P0000179
-8.192110677E-03;                                                0000171P0000180
124,1.,-3.282398508E-16,0.,0.,-3.282398508E-16,-1.,              0000173P0000181
-8.881784197E-16,-1.509903313E-15,2.915355519E-31,               0000173P0000182
8.881784197E-16,-1.,-1.7;                                        0000173P0000183
110,-1.149970821,-8.192110677E-03,-1.7,-1.149970821,             0000175P0000184
-8.192110677E-03,0.;                                             0000175P0000185
104,7.548609792,0.,-1.,-0.,0.,-1.,0.,0.41856639,-0.567890835,    0000177P0000186
0.41856639,0.567890835;                                          0000177P0000187
124,-4.331147459E-29,0.5,-0.866025404,0.866025404,               0000179P0000188
8.881784197E-16,0.866025404,0.5,-0.5,1.,-7.691850746E-16,        0000179P0000189
-4.440892099E-16,-2.11856639;                                    0000179P0000190
104,7.548609792,0.,-1.,-0.,0.,-1.,0.,0.41856639,-0.567890835,    0000181P0000191
0.41856639,0.567890835;                                          0000181P0000192
124,0.,1.,0.,0.,8.881784197E-16,0.,1.,-1.,1.,0.,                 0000183P0000193
-8.881784197E-16,-2.11856639;                                    0000183P0000194
104,7.548609792,0.,-1.,-0.,0.,-1.,0.,0.41856639,-0.567890835,    0000185P0000195
0.41856639,0.567890835;                                          0000185P0000196
124,4.331147459E-29,0.5,0.866025404,-0.866025404,                0000187P0000197
8.881784197E-16,-0.866025404,0.5,-0.5,1.,7.691850746E-16,        0000187P0000198
-4.440892099E-16,-2.11856639;                                    0000187P0000199
104,7.548609792,0.,-1.,-0.,0.,-1.,0.,0.41856639,-0.567890835,    0000189P0000200
0.41856639,0.567890835;                                          0000189P0000201
124,-4.331147459E-29,-0.5,0.866025404,-0.866025404,              0000191P0000202
8.881784197E-16,-0.866025404,-0.5,0.5,1.,7.691850746E-16,        0000191P0000203
4.440892099E-16,-2.11856639;                                     0000191P0000204
104,7.548609792,0.,-1.,-0.,0.,-1.,0.,0.41856639,-0.567890835,    0000193P0000205
0.41856639,0.567890835;                                          0000193P0000206
124,0.,-1.,0.,0.,8.881784197E-16,0.,-1.,1.,1.,0.,                0000195P0000207
8.881784197E-16,-2.11856639;                                     0000195P0000208
104,7.548609792,0.,-1.,-0.,0.,-1.,0.,0.41856639,-0.567890835,    0000197P0000209
0.41856639,0.567890835;                                          0000197P0000210
124,4.331147459E-29,-0.5,-0.866025404,0.866025404,               0000199P0000211
8.881784197E-16,0.866025404,-0.5,0.5,1.,-7.691850746E-16,        0000199P0000212
4.440892099E-16,-2.11856639;                                     0000199P0000213
110,0.,-2.352081185E-15,-2.11856639,1.15,-1.887379142E-15,-1.7;  0000201P0000214
110,0.,8.1,0.,0.,0.,0.;                                          0000203P0000215
110,0.,0.,0.,360.,0.,0.;                                         0000205P0000216
110,360.,0.,0.,360.,8.1,0.;                                      0000207P0000217
110,360.,8.1,0.,7.039627695E-14,8.1,0.;                          0000209P0000218
510,213,1,1,221;                                                 0000211P0000219
194,215,217,1.5,45.,219;                                         0000213P0000220
116,1.004263899E-45,-4.352074257E-15,-9.8,0;                     0000215P0000221
123,-8.758115402E-47,4.440892099E-16,1.;                         0000217P0000222
123,1.,-1.480297366E-15,6.573840877E-31;                         0000219P0000223
508,4,0,17,4,0,1,0,223,0,17,3,1,1,0,225,0,17,4,1,1,0,227,0,17,5, 0000221P0000224
0,1,0,229;                                                       0000221P0000225
126,1,1,1,0,1,0,0.,0.,0.282842712,0.282842712,1.,1.,360.,        0000223P0000226
-0.282842712,-0.,360.,0.,0.,0.,0.282842712,0.,0.,1.;             0000223P0000227
110,360.,0.,0.,0.,0.,0.;                                         0000225P0000228
126,1,1,1,0,1,0,0.,0.,0.282842712,0.282842712,1.,1.,             0000227P0000229
-2.37142157E-11,0.,0.,-2.37142157E-11,-0.282842712,0.,0.,        0000227P0000230
0.282842712,0.,0.,1.;                                            0000227P0000231
110,0.,-0.282842712,0.,360.,-0.282842712,0.;                     0000229P0000232
510,233,1,1,241;                                                 0000231P0000233
194,235,237,3.199999444,44.999990638,239;                        0000233P0000234
116,0.,0.,0.,0;                                                  0000235P0000235
123,0.,4.440892099E-16,1.;                                       0000237P0000236
123,1.,0.,-0.;                                                   0000239P0000237
508,4,0,17,6,0,1,0,243,0,17,7,1,1,0,245,0,17,6,1,1,0,247,0,17,2, 0000241P0000238
0,1,0,249;                                                       0000241P0000239
110,360.,-2.404162663,-0.,360.,-0.25,-0.;                        0000243P0000240
110,360.,-0.25,0.,0.,-0.25,0.;                                   0000245P0000241
110,-2.37142157E-11,-0.25,0.,-2.37142157E-11,-2.404162663,0.;    0000247P0000242
110,0.,-2.404162663,0.,360.,-2.404162663,0.;                     0000249P0000243
510,253,1,1,261;                                                 0000251P0000244
190,255,257,259;                                                 0000253P0000245
116,0.,-4.440892099E-15,-10.,0;                                  0000255P0000246
123,0.,-4.440892099E-16,-1.;                                     0000257P0000247
123,1.,-1.480297366E-15,6.573840877E-31;                         0000259P0000248
508,1,0,17,5,1,0;                                                0000261P0000249
510,265,1,1,273;                                                 0000263P0000250
194,267,269,2.949999444,22.500004681,271;                        0000265P0000251
116,0.,0.,0.,0;                                                  0000267P0000252
123,-0.,-4.440892099E-16,-1.;                                    0000269P0000253
123,1.,-0.,0.;                                                   0000271P0000254
508,4,0,17,8,0,1,0,275,0,17,9,1,1,0,277,0,17,8,1,1,0,279,0,17,7, 0000273P0000255
0,1,0,281;                                                       0000273P0000256
126,1,1,1,0,1,0,0.,0.,0.191341754,0.191341754,1.,1.,0.,          0000275P0000257
0.191341754,0.,0.,0.,0.,0.,0.191341754,0.,0.,1.;                 0000275P0000258
110,0.,0.,0.,360.,0.,0.;                                         0000277P0000259
126,1,1,1,0,1,0,0.,0.,0.191341754,0.191341754,1.,1.,360.,0.,0.,  0000279P0000260
360.,0.191341754,0.,0.,0.191341754,0.,0.,1.;                     0000279P0000261
110,360.,0.191341754,0.,0.,0.191341754,0.;                       0000281P0000262
510,285,2,1,293,295;                                             0000283P0000263
190,287,289,291;                                                 0000285P0000264
116,0.,0.,0.,0;                                                  0000287P0000265
123,0.,-4.440892099E-16,-1.;                                     0000289P0000266
123,1.,0.,0.;                                                    0000291P0000267
508,1,0,17,9,1,0;                                                0000293P0000268
508,13,0,17,10,0,0,0,17,11,0,0,0,17,12,0,0,0,17,13,0,0,0,17,14,  0000295P0000269
0,0,0,17,15,0,0,0,17,16,0,0,0,17,17,0,0,0,17,18,0,0,0,17,19,0,0, 0000295P0000270
0,17,20,0,0,0,17,21,0,0,0,17,22,0,0;                             0000295P0000271
510,299,1,1,307;                                                 0000297P0000272
192,301,303,1.15,305;                                            0000299P0000273
116,0.,-1.509903313E-15,-1.7,0;                                  0000301P0000274
123,0.,8.881784197E-16,1.;                                       0000303P0000275
123,1.,-3.282398508E-16,2.915355519E-31;                         0000305P0000276
508,6,0,17,23,1,1,0,309,0,17,11,1,1,0,311,0,17,10,1,1,0,313,0,   0000307P0000277
17,24,0,1,0,315,0,17,25,0,1,0,317,0,17,26,0,1,0,319;             0000307P0000278
126,24,3,0,0,1,0,2.220446049E-16,2.220446049E-16,                0000309P0000279
2.220446049E-16,2.220446049E-16,7.727272727E-02,0.154545455,     0000309P0000280
0.231818182,0.309090909,0.386363636,0.463636364,0.540909091,     0000309P0000281
0.618181818,0.695454545,0.772727273,0.85,0.927272727,            0000309P0000282
1.004545455,1.081818182,1.159090909,1.236363636,1.313636364,     0000309P0000283
1.390909091,1.468181818,1.545454545,1.622727273,1.7,1.7,1.7,1.7, 0000309P0000284
1.,1.,1.,1.,1.,1.,1.,1.,1.,1.,1.,1.,1.,1.,1.,1.,1.,1.,1.,1.,1.,  0000309P0000285
1.,1.,1.,1.,0.408154206,2.220446049E-16,0.,0.408154206,          0000309P0000286
2.575757576E-02,0.,0.408154206,7.727272727E-02,0.,0.408154206,   0000309P0000287
0.154545455,0.,0.408154206,0.231818182,0.,0.408154206,           0000309P0000288
0.309090909,0.,0.408154206,0.386363636,0.,0.408154206,           0000309P0000289
0.463636364,0.,0.408154206,0.540909091,0.,0.408154206,           0000309P0000290
0.618181818,0.,0.408154206,0.695454545,0.,0.408154206,           0000309P0000291
0.772727273,0.,0.408154206,0.85,0.,0.408154206,0.927272727,0.,   0000309P0000292
0.408154206,1.004545455,0.,0.408154206,1.081818182,0.,           0000309P0000293
0.408154206,1.159090909,0.,0.408154206,1.236363636,0.,           0000309P0000294
0.408154206,1.313636364,0.,0.408154206,1.390909091,0.,           0000309P0000295
0.408154206,1.468181818,0.,0.408154206,1.545454545,0.,           0000309P0000296
0.408154206,1.622727273,0.,0.408154206,1.674242424,0.,           0000309P0000297
0.408154206,1.7,0.,2.220446049E-16,1.7,0.,0.,1.;                 0000309P0000298
126,24,3,0,0,1,0,6.276061672,6.276061672,6.276061672,            0000311P0000299
6.276061672,6.276385474,6.276709276,6.277033077,6.277356879,     0000311P0000300
6.27768068,6.278004482,6.278328283,6.278652085,6.278975887,      0000311P0000301
6.279299688,6.27962349,6.279947291,6.280271093,6.280594895,      0000311P0000302
6.280918696,6.281242498,6.281566299,6.281890101,6.282213902,     0000311P0000303
6.282537704,6.282861506,6.283185307,6.283185307,6.283185307,     0000311P0000304
6.283185307,1.,1.,1.,1.,1.,1.,1.,1.,1.,1.,1.,1.,1.,1.,1.,1.,1.,  0000311P0000305
1.,1.,1.,1.,1.,1.,1.,1.,0.408154206,1.7,0.,0.401970051,1.7,0.,   0000311P0000306
0.389601742,1.7,0.,0.371049278,1.7,0.,0.352496814,1.7,0.,        0000311P0000307
0.33394435,1.7,0.,0.315391887,1.7,0.,0.296839423,1.7,0.,         0000311P0000308
0.278286959,1.7,0.,0.259734495,1.7,0.,0.241182031,1.7,0.,        0000311P0000309
0.222629567,1.7,0.,0.204077103,1.7,0.,0.185524639,1.7,0.,        0000311P0000310
0.166972175,1.7,0.,0.148419711,1.7,0.,0.129867247,1.7,0.,        0000311P0000311
0.111314783,1.7,0.,9.276231953E-02,1.7,0.,7.420985565E-02,1.7,   0000311P0000312
0.,5.565739172E-02,1.7,0.,3.710492784E-02,1.7,0.,                0000311P0000313
1.855246391E-02,1.7,0.,6.184154621E-03,1.7,0.,-2.37142157E-11,   0000311P0000314
1.7,0.,6.276061672,6.283185307,0.,0.,1.;                         0000311P0000315
126,24,3,0,0,1,0,0.,0.,0.,0.,3.238015796E-04,6.476031592E-04,    0000313P0000316
9.714047388E-04,1.295206318E-03,1.619007898E-03,1.942809478E-03, 0000313P0000317
2.266611057E-03,2.590412637E-03,2.914214216E-03,3.238015796E-03, 0000313P0000318
3.561817376E-03,3.885618955E-03,4.209420535E-03,4.533222115E-03, 0000313P0000319
4.857023694E-03,5.180825274E-03,5.504626853E-03,5.828428433E-03, 0000313P0000320
6.152230013E-03,6.476031592E-03,6.799833172E-03,7.123634751E-03, 0000313P0000321
7.123634751E-03,7.123634751E-03,7.123634751E-03,1.,1.,1.,1.,1.,  0000313P0000322
1.,1.,1.,1.,1.,1.,1.,1.,1.,1.,1.,1.,1.,1.,1.,1.,1.,1.,1.,1.,     0000313P0000323
-2.37142157E-11,1.7,0.,-6.184154611E-03,1.7,0.,-1.85524639E-02,  0000313P0000324
1.7,0.,-3.710492783E-02,1.7,0.,-5.565739171E-02,1.7,0.,          0000313P0000325
-7.420985564E-02,1.7,0.,-9.276231958E-02,1.7,0.,-0.111314783,    0000313P0000326
1.7,0.,-0.129867247,1.7,0.,-0.148419711,1.7,0.,-0.166972175,1.7, 0000313P0000327
0.,-0.185524639,1.7,0.,-0.204077103,1.7,0.,-0.222629567,1.7,0.,  0000313P0000328
-0.241182031,1.7,0.,-0.259734495,1.7,0.,-0.278286959,1.7,0.,     0000313P0000329
-0.296839423,1.7,0.,-0.315391886,1.7,0.,-0.33394435,1.7,0.,      0000313P0000330
-0.352496814,1.7,0.,-0.371049278,1.7,0.,-0.389601742,1.7,0.,     0000313P0000331
-0.401970051,1.7,0.,-0.408154206,1.7,0.,0.,7.123634751E-03,0.,   0000313P0000332
0.,1.;                                                           0000313P0000333
126,24,3,0,0,1,0,-2.220446049E-16,-2.220446049E-16,              0000315P0000334
-2.220446049E-16,-2.220446049E-16,7.727272727E-02,0.154545455,   0000315P0000335
0.231818182,0.309090909,0.386363636,0.463636364,0.540909091,     0000315P0000336
0.618181818,0.695454545,0.772727273,0.85,0.927272727,            0000315P0000337
1.004545455,1.081818182,1.159090909,1.236363636,1.313636364,     0000315P0000338
1.390909091,1.468181818,1.545454545,1.622727273,1.7,1.7,1.7,1.7, 0000315P0000339
1.,1.,1.,1.,1.,1.,1.,1.,1.,1.,1.,1.,1.,1.,1.,1.,1.,1.,1.,1.,1.,  0000315P0000340
1.,1.,1.,1.,-0.408154206,1.7,0.,-0.408154206,1.674242424,0.,     0000315P0000341
-0.408154206,1.622727273,0.,-0.408154206,1.545454545,0.,         0000315P0000342
-0.408154206,1.468181818,0.,-0.408154206,1.390909091,0.,         0000315P0000343
-0.408154206,1.313636364,0.,-0.408154206,1.236363636,0.,         0000315P0000344
-0.408154206,1.159090909,0.,-0.408154206,1.081818182,0.,         0000315P0000345
-0.408154206,1.004545455,0.,-0.408154206,0.927272727,0.,         0000315P0000346
-0.408154206,0.85,0.,-0.408154206,0.772727273,0.,-0.408154206,   0000315P0000347
0.695454545,0.,-0.408154206,0.618181818,0.,-0.408154206,         0000315P0000348
0.540909091,0.,-0.408154206,0.463636364,0.,-0.408154206,         0000315P0000349
0.386363636,0.,-0.408154206,0.309090909,0.,-0.408154206,         0000315P0000350
0.231818182,0.,-0.408154206,0.154545455,0.,-0.408154206,         0000315P0000351
7.727272727E-02,0.,-0.408154206,2.575757576E-02,0.,-0.408154206, 0000315P0000352
2.220446049E-16,0.,-2.220446049E-16,1.7,0.,0.,1.;                0000315P0000353
126,24,3,0,0,1,0,0.,0.,0.,0.,3.238015796E-04,6.476031592E-04,    0000317P0000354
9.714047388E-04,1.295206318E-03,1.619007898E-03,1.942809478E-03, 0000317P0000355
2.266611057E-03,2.590412637E-03,2.914214216E-03,3.238015796E-03, 0000317P0000356
3.561817376E-03,3.885618955E-03,4.209420535E-03,4.533222115E-03, 0000317P0000357
4.857023694E-03,5.180825274E-03,5.504626853E-03,5.828428433E-03, 0000317P0000358
6.152230013E-03,6.476031592E-03,6.799833172E-03,7.123634751E-03, 0000317P0000359
7.123634751E-03,7.123634751E-03,7.123634751E-03,1.,1.,1.,1.,1.,  0000317P0000360
1.,1.,1.,1.,1.,1.,1.,1.,1.,1.,1.,1.,1.,1.,1.,1.,1.,1.,1.,1.,     0000317P0000361
-0.408154206,0.,0.,-0.401970051,0.,0.,-0.389601742,              0000317P0000362
2.466441179E-58,0.,-0.371049278,-8.632544126E-58,0.,             0000317P0000363
-0.352496814,3.206373532E-57,0.,-0.33394435,-1.196223972E-56,0., 0000317P0000364
-0.315391886,4.464258534E-56,0.,-0.296839423,-1.666081016E-55,   0000317P0000365
0.,-0.278286959,6.217898212E-55,0.,-0.259734495,                 0000317P0000366
-2.320551183E-54,0.,-0.241182031,8.660414911E-54,0.,             0000317P0000367
-0.222629567,-3.232110846E-53,0.,-0.204077103,1.206240189E-52,   0000317P0000368
0.,-0.185524639,-4.501749673E-52,0.,-0.166972175,1.68007585E-51, 0000317P0000369
0.,-0.148419711,-6.270128433E-51,0.,-0.129867247,                0000317P0000370
2.340043788E-50,0.,-0.111314783,-8.73316231E-50,0.,              0000317P0000371
-9.276231958E-02,3.259260545E-49,0.,-7.420985564E-02,            0000317P0000372
-1.216372595E-48,0.,-5.565739171E-02,4.539564325E-48,0.,         0000317P0000373
-3.710492783E-02,-1.694188471E-47,0.,-1.85524639E-02,            0000317P0000374
6.32279745E-47,0.,-6.184154611E-03,-1.362373507E-46,0.,          0000317P0000375
-2.37142157E-11,-3.503246161E-46,0.,0.,7.123634751E-03,0.,0.,1.; 0000317P0000376
126,24,3,0,0,1,0,6.276061672,6.276061672,6.276061672,            0000319P0000377
6.276061672,6.276385474,6.276709276,6.277033077,6.277356879,     0000319P0000378
6.27768068,6.278004482,6.278328283,6.278652085,6.278975887,      0000319P0000379
6.279299688,6.27962349,6.279947291,6.280271093,6.280594895,      0000319P0000380
6.280918696,6.281242498,6.281566299,6.281890101,6.282213902,     0000319P0000381
6.282537704,6.282861506,6.283185307,6.283185307,6.283185307,     0000319P0000382
6.283185307,1.,1.,1.,1.,1.,1.,1.,1.,1.,1.,1.,1.,1.,1.,1.,1.,1.,  0000319P0000383
1.,1.,1.,1.,1.,1.,1.,1.,-2.37142157E-11,-3.378588047E-30,0.,     0000319P0000384
6.184154621E-03,-1.313895351E-30,-0.,1.855246391E-02,            0000319P0000385
6.097809547E-31,0.,3.710492784E-02,-1.633903144E-31,-0.,         0000319P0000386
5.565739172E-02,4.378030279E-32,0.,7.420985565E-02,              0000319P0000387
-1.173089678E-32,-0.,9.276231953E-02,3.143284318E-33,0.,         0000319P0000388
0.111314783,-8.422404945E-34,-0.,0.129867247,2.256776603E-34,0., 0000319P0000389
0.148419711,-6.047014684E-35,-0.,0.166972175,1.620292701E-35,0., 0000319P0000390
0.185524639,-4.341561208E-36,-0.,0.204077103,1.163317819E-36,0., 0000319P0000391
0.222629567,-3.117100703E-37,-0.,0.241182031,8.352246161E-38,0., 0000319P0000392
0.259734495,-2.237977615E-38,-0.,0.278286959,5.996643001E-39,0., 0000319P0000393
0.296839423,-1.606795854E-39,-0.,0.315391887,4.305404138E-40,0., 0000319P0000394
0.33394435,-1.153658015E-40,-0.,0.352496814,3.092279215E-41,0.,  0000319P0000395
0.371049278,-8.325367118E-42,-0.,0.389601742,2.37867632E-42,0.,  0000319P0000396
0.401970051,0.,0.,0.408154206,0.,0.,6.276061672,6.283185307,0.,  0000319P0000397
0.,1.;                                                           0000319P0000398
510,323,1,1,331;                                                 0000321P0000399
194,325,327,2.55351546E-16,44.999971914,329;                     0000323P0000400
116,0.,-5.10703092E-16,-1.150001127,0;                           0000325P0000401
123,0.,4.440892099E-16,1.;                                       0000327P0000402
123,1.,-1.390769739E-16,6.176258346E-32;                         0000329P0000403
508,2,0,17,27,1,1,0,333,0,17,22,1,1,0,335;                       0000331P0000404
126,9,9,1,0,1,0,-0.541097279,-0.541097279,-0.541097279,          0000333P0000405
-0.541097279,-0.541097279,-0.541097279,-0.541097279,             0000333P0000406
-0.541097279,-0.541097279,-0.541097279,0.541097279,0.541097279,  0000333P0000407
0.541097279,0.541097279,0.541097279,0.541097279,0.541097279,     0000333P0000408
0.541097279,0.541097279,0.541097279,1.,1.,1.,1.,1.,1.,1.,1.,1.,  0000333P0000409
1.,300.408154206,1.626346394,0.,306.398992975,1.529776243,0.,    0000333P0000410
312.790021346,1.459660087,0.,319.517103389,1.413978324,0.,       0000333P0000411
326.476297583,1.391449004,0.,333.523702418,1.391449004,0.,       0000333P0000412
340.482896611,1.413978324,0.,347.209978654,1.459660087,0.,       0000333P0000413
353.601007025,1.529776243,0.,359.591845794,1.626346394,0.,       0000333P0000414
-0.541097279,0.541097279,0.,0.,1.;                               0000333P0000415
110,359.591845794,1.626346394,0.,300.408154206,1.626346394,0.;   0000335P0000416
510,339,1,1,347;                                                 0000337P0000417
194,341,343,2.55351546E-16,44.999971914,345;                     0000339P0000418
116,0.,-5.10703092E-16,-1.150001127,0;                           0000341P0000419
123,0.,4.440892099E-16,1.;                                       0000343P0000420
123,1.,-1.390769739E-16,6.176258346E-32;                         0000345P0000421
508,2,0,17,12,1,1,0,349,0,17,28,1,1,0,351;                       0000347P0000422
110,59.591845794,1.626346394,0.,0.408154206,1.626346394,0.;      0000349P0000423
126,9,9,1,0,1,0,-0.541097279,-0.541097279,-0.541097279,          0000351P0000424
-0.541097279,-0.541097279,-0.541097279,-0.541097279,             0000351P0000425
-0.541097279,-0.541097279,-0.541097279,0.541097279,0.541097279,  0000351P0000426
0.541097279,0.541097279,0.541097279,0.541097279,0.541097279,     0000351P0000427
0.541097279,0.541097279,0.541097279,1.,1.,1.,1.,1.,1.,1.,1.,1.,  0000351P0000428
1.,0.408154206,1.626346394,0.,6.398992975,1.529776243,0.,        0000351P0000429
12.790021345,1.459660087,0.,19.517103397,1.413978324,0.,         0000351P0000430
26.476297568,1.391449004,0.,33.523702445,1.391449004,0.,         0000351P0000431
40.482896596,1.413978324,0.,47.209978657,1.459660087,0.,         0000351P0000432
53.601007025,1.529776243,0.,59.591845794,1.626346394,0.,         0000351P0000433
-0.541097279,0.541097279,0.,0.,1.;                               0000351P0000434
510,355,1,1,363;                                                 0000353P0000435
192,357,359,1.15,361;                                            0000355P0000436
116,0.,-1.509903313E-15,-1.7,0;                                  0000357P0000437
123,0.,8.881784197E-16,1.;                                       0000359P0000438
123,1.,-3.282398508E-16,2.915355519E-31;                         0000361P0000439
508,4,0,17,21,1,1,0,365,0,17,29,0,1,0,367,0,17,30,0,1,0,369,0,   0000363P0000440
17,31,1,1,0,371;                                                 0000363P0000441
110,300.408154206,1.7,0.,299.591845794,1.7,0.;                   0000365P0000442
126,1,1,1,0,1,0,1.,1.,2.7,2.7,1.,1.,299.591845794,1.7,0.,        0000367P0000443
299.591845794,0.,0.,1.,2.7,0.,0.,1.;                             0000367P0000444
110,299.591845794,0.,0.,300.408154206,0.,0.;                     0000369P0000445
126,1,1,1,0,1,0,7.395570986E-32,7.395570986E-32,1.7,1.7,1.,1.,   0000371P0000446
300.408154206,5.457041937E-18,0.,300.408154206,1.7,0.,           0000371P0000447
7.395570986E-32,1.7,0.,0.,1.;                                    0000371P0000448
510,375,1,1,383;                                                 0000373P0000449
192,377,379,1.15,381;                                            0000375P0000450
116,0.,-1.509903313E-15,-1.7,0;                                  0000377P0000451
123,0.,8.881784197E-16,1.;                                       0000379P0000452
123,1.,-3.282398508E-16,2.915355519E-31;                         0000381P0000453
508,4,0,17,13,1,1,0,385,0,17,32,0,1,0,387,0,17,33,0,1,0,389,0,   0000383P0000454
17,34,1,1,0,391;                                                 0000383P0000455
110,60.408154206,1.7,0.,59.591845794,1.7,0.;                     0000385P0000456
126,1,1,1,0,1,0,1.,1.,2.7,2.7,1.,1.,59.591845794,1.7,0.,         0000387P0000457
59.591845794,-5.457041937E-18,-0.,1.,2.7,0.,0.,1.;               0000387P0000458
110,59.591845794,0.,0.,60.408154206,0.,0.;                       0000389P0000459
126,1,1,1,0,1,0,0.,0.,1.7,1.7,1.,1.,60.408154206,                0000391P0000460
-1.972152263E-31,-0.,60.408154206,1.7,0.,0.,1.7,0.,0.,1.;        0000391P0000461
510,395,1,1,403;                                                 0000393P0000462
194,397,399,2.55351546E-16,44.999971914,401;                     0000395P0000463
116,0.,-5.10703092E-16,-1.150001127,0;                           0000397P0000464
123,0.,4.440892099E-16,1.;                                       0000399P0000465
123,1.,-1.390769739E-16,6.176258346E-32;                         0000401P0000466
508,2,0,17,35,1,1,0,405,0,17,20,1,1,0,407;                       0000403P0000467
126,9,9,1,0,1,0,-0.541097279,-0.541097279,-0.541097279,          0000405P0000468
-0.541097279,-0.541097279,-0.541097279,-0.541097279,             0000405P0000469
-0.541097279,-0.541097279,-0.541097279,0.541097279,0.541097279,  0000405P0000470
0.541097279,0.541097279,0.541097279,0.541097279,0.541097279,     0000405P0000471
0.541097279,0.541097279,0.541097279,1.,1.,1.,1.,1.,1.,1.,1.,1.,  0000405P0000472
1.,240.408154206,1.626346394,0.,246.398992975,1.529776243,0.,    0000405P0000473
252.790021346,1.459660087,0.,259.517103388,1.413978324,0.,       0000405P0000474
266.476297586,1.391449004,0.,273.523702414,1.391449004,0.,       0000405P0000475
280.482896612,1.413978324,0.,287.209978654,1.459660087,0.,       0000405P0000476
293.601007025,1.529776243,0.,299.591845794,1.626346394,0.,       0000405P0000477
-0.541097279,0.541097279,0.,0.,1.;                               0000405P0000478
110,299.591845794,1.626346394,0.,240.408154206,1.626346394,0.;   0000407P0000479
510,411,1,1,419;                                                 0000409P0000480
194,413,415,2.55351546E-16,44.999971914,417;                     0000411P0000481
116,0.,-5.10703092E-16,-1.150001127,0;                           0000413P0000482
123,0.,4.440892099E-16,1.;                                       0000415P0000483
123,1.,-1.390769739E-16,6.176258346E-32;                         0000417P0000484
508,2,0,17,14,1,1,0,421,0,17,36,1,1,0,423;                       0000419P0000485
110,119.591845794,1.626346394,0.,60.408154206,1.626346394,0.;    0000421P0000486
126,9,9,1,0,1,0,-0.541097279,-0.541097279,-0.541097279,          0000423P0000487
-0.541097279,-0.541097279,-0.541097279,-0.541097279,             0000423P0000488
-0.541097279,-0.541097279,-0.541097279,0.541097279,0.541097279,  0000423P0000489
0.541097279,0.541097279,0.541097279,0.541097279,0.541097279,     0000423P0000490
0.541097279,0.541097279,0.541097279,1.,1.,1.,1.,1.,1.,1.,1.,1.,  0000423P0000491
1.,60.408154206,1.626346394,0.,66.398992975,1.529776243,0.,      0000423P0000492
72.790021345,1.459660087,0.,79.517103395,1.413978324,0.,         0000423P0000493
86.476297572,1.391449004,0.,93.523702428,1.391449004,0.,         0000423P0000494
100.482896601,1.413978324,0.,107.209978655,1.459660087,0.,       0000423P0000495
113.601007025,1.529776243,0.,119.591845794,1.626346394,0.,       0000423P0000496
-0.541097279,0.541097279,0.,0.,1.;                               0000423P0000497
510,427,1,1,435;                                                 0000425P0000498
192,429,431,1.15,433;                                            0000427P0000499
116,0.,-1.509903313E-15,-1.7,0;                                  0000429P0000500
123,0.,8.881784197E-16,1.;                                       0000431P0000501
123,1.,-3.282398508E-16,2.915355519E-31;                         0000433P0000502
508,4,0,17,19,1,1,0,437,0,17,37,0,1,0,439,0,17,38,0,1,0,441,0,   0000435P0000503
17,39,1,1,0,443;                                                 0000435P0000504
110,240.408154206,1.7,0.,239.591845794,1.7,0.;                   0000437P0000505
126,1,1,1,0,1,0,1.,1.,2.7,2.7,1.,1.,239.591845794,1.7,0.,        0000439P0000506
239.591845794,5.457041937E-18,0.,1.,2.7,0.,0.,1.;                0000439P0000507
110,239.591845794,0.,0.,240.408154206,0.,0.;                     0000441P0000508
126,1,1,1,0,1,0,-1.479114197E-31,-1.479114197E-31,1.7,1.7,1.,1., 0000443P0000509
240.408154206,-1.479114197E-31,-0.,240.408154206,1.7,0.,         0000443P0000510
-1.479114197E-31,1.7,0.,0.,1.;                                   0000443P0000511
510,447,1,1,455;                                                 0000445P0000512
192,449,451,1.15,453;                                            0000447P0000513
116,0.,-1.509903313E-15,-1.7,0;                                  0000449P0000514
123,0.,8.881784197E-16,1.;                                       0000451P0000515
123,1.,-3.282398508E-16,2.915355519E-31;                         0000453P0000516
508,4,0,17,15,1,1,0,457,0,17,40,0,1,0,459,0,17,41,0,1,0,461,0,   0000455P0000517
17,42,1,1,0,463;                                                 0000455P0000518
110,120.408154206,1.7,0.,119.591845794,1.7,0.;                   0000457P0000519
126,1,1,1,0,1,0,1.,1.,2.7,2.7,1.,1.,119.591845794,1.7,0.,        0000459P0000520
119.591845794,-2.711709362E-31,-0.,1.,2.7,0.,0.,1.;              0000459P0000521
110,119.591845794,0.,0.,120.408154206,0.,0.;                     0000461P0000522
126,1,1,1,0,1,0,-2.220446049E-16,-2.220446049E-16,1.7,1.7,1.,1., 0000463P0000523
120.408154206,-5.457041937E-18,-0.,120.408154206,1.7,0.,         0000463P0000524
-2.220446049E-16,1.7,0.,0.,1.;                                   0000463P0000525
510,467,1,1,475;                                                 0000465P0000526
194,469,471,2.55351546E-16,44.999971914,473;                     0000467P0000527
116,0.,-5.10703092E-16,-1.150001127,0;                           0000469P0000528
123,0.,4.440892099E-16,1.;                                       0000471P0000529
123,1.,-1.390769739E-16,6.176258346E-32;                         0000473P0000530
508,2,0,17,43,1,1,0,477,0,17,18,1,1,0,479;                       0000475P0000531
126,9,9,1,0,1,0,-0.541097279,-0.541097279,-0.541097279,          0000477P0000532
-0.541097279,-0.541097279,-0.541097279,-0.541097279,             0000477P0000533
-0.541097279,-0.541097279,-0.541097279,0.541097279,0.541097279,  0000477P0000534
0.541097279,0.541097279,0.541097279,0.541097279,0.541097279,     0000477P0000535
0.541097279,0.541097279,0.541097279,1.,1.,1.,1.,1.,1.,1.,1.,1.,  0000477P0000536
1.,180.408154206,1.626346394,0.,186.398992975,1.529776243,0.,    0000477P0000537
192.790021346,1.459660087,0.,199.517103392,1.413978324,0.,       0000477P0000538
206.476297591,1.391449004,0.,213.523702419,1.391449004,0.,       0000477P0000539
220.48289661,1.413978324,0.,227.209978653,1.459660087,0.,        0000477P0000540
233.601007025,1.529776243,0.,239.591845794,1.626346394,0.,       0000477P0000541
-0.541097279,0.541097279,0.,0.,1.;                               0000477P0000542
110,239.591845794,1.626346394,0.,180.408154206,1.626346394,0.;   0000479P0000543
510,483,1,1,491;                                                 0000481P0000544
194,485,487,2.55351546E-16,44.999971914,489;                     0000483P0000545
116,0.,-5.10703092E-16,-1.150001127,0;                           0000485P0000546
123,0.,4.440892099E-16,1.;                                       0000487P0000547
123,1.,-1.390769739E-16,6.176258346E-32;                         0000489P0000548
508,2,0,17,16,1,1,0,493,0,17,44,1,1,0,495;                       0000491P0000549
110,179.591845794,1.626346394,0.,120.408154206,1.626346394,0.;   0000493P0000550
126,9,9,1,0,1,0,-0.541097279,-0.541097279,-0.541097279,          0000495P0000551
-0.541097279,-0.541097279,-0.541097279,-0.541097279,             0000495P0000552
-0.541097279,-0.541097279,-0.541097279,0.541097279,0.541097279,  0000495P0000553
0.541097279,0.541097279,0.541097279,0.541097279,0.541097279,     0000495P0000554
0.541097279,0.541097279,0.541097279,1.,1.,1.,1.,1.,1.,1.,1.,1.,  0000495P0000555
1.,120.408154206,1.626346394,0.,126.398992975,1.529776243,0.,    0000495P0000556
132.790021348,1.459660087,0.,139.517103382,1.413978324,0.,       0000495P0000557
146.476297591,1.391449004,0.,153.523702413,1.391449004,0.,       0000495P0000558
160.482896614,1.413978324,0.,167.209978653,1.459660087,0.,       0000495P0000559
173.601007025,1.529776243,0.,179.591845794,1.626346394,0.,       0000495P0000560
-0.541097279,0.541097279,0.,0.,1.;                               0000495P0000561
510,499,1,1,507;                                                 0000497P0000562
192,501,503,1.15,505;                                            0000499P0000563
116,0.,-1.509903313E-15,-1.7,0;                                  0000501P0000564
123,0.,8.881784197E-16,1.;                                       0000503P0000565
123,1.,-3.282398508E-16,2.915355519E-31;                         0000505P0000566
508,4,0,17,17,1,1,0,509,0,17,45,0,1,0,511,0,17,46,0,1,0,513,0,   0000507P0000567
17,47,1,1,0,515;                                                 0000507P0000568
110,180.408154206,1.7,0.,179.591845794,1.7,0.;                   0000509P0000569
126,1,1,1,0,1,0,1.,1.,2.7,2.7,1.,1.,179.591845794,1.7,0.,        0000511P0000570
179.591845794,5.457041937E-18,0.,1.,2.7,0.,0.,1.;                0000511P0000571
110,179.591845794,0.,0.,180.408154206,0.,0.;                     0000513P0000572
126,1,1,1,0,1,0,1.791114848E-31,1.791114848E-31,1.7,1.7,1.,1.,   0000515P0000573
180.408154206,-5.457041937E-18,-0.,180.408154206,1.7,0.,         0000515P0000574
1.791114848E-31,1.7,0.,0.,1.;                                    0000515P0000575
510,519,1,1,527;                                                 0000517P0000576
194,521,523,4.70416237E-16,69.999972705,525;                     0000519P0000577
116,0.,-1.881664948E-15,-2.11856639,0;                           0000521P0000578
123,0.,8.881784197E-16,1.;                                       0000523P0000579
123,1.,-4.197888434E-16,3.728473915E-31;                         0000525P0000580
508,16,0,17,25,1,1,0,529,0,17,48,0,1,0,531,0,17,30,1,1,0,533,0,  0000527P0000581
17,49,0,1,0,535,0,17,38,1,1,0,537,0,17,50,0,1,0,539,0,17,46,1,1, 0000527P0000582
0,541,0,17,51,0,1,0,543,0,17,41,1,1,0,545,0,17,52,0,1,0,547,0,   0000527P0000583
17,33,1,1,0,549,0,17,53,0,1,0,551,0,17,26,1,1,0,553,0,17,54,0,1, 0000527P0000584
0,555,1,21,32,1,1,0,557,0,17,54,1,1,0,559;                       0000527P0000585
110,360.,1.223804651,0.,359.591845794,1.223804651,0.;            0000529P0000586
126,9,9,1,0,1,0,-0.541097279,-0.541097279,-0.541097279,          0000531P0000587
-0.541097279,-0.541097279,-0.541097279,-0.541097279,             0000531P0000588
-0.541097279,-0.541097279,-0.541097279,0.541097279,0.541097279,  0000531P0000589
0.541097279,0.541097279,0.541097279,0.541097279,0.541097279,     0000531P0000590
0.541097279,0.541097279,0.541097279,1.,1.,1.,1.,1.,1.,1.,1.,1.,  0000531P0000591
1.,359.591845794,1.223804651,0.,353.601007025,1.15113686,0.,     0000531P0000592
347.209978654,1.098375358,0.,340.482896611,1.064000422,0.,       0000531P0000593
333.523702419,1.047047399,0.,326.476297583,1.047047399,0.,       0000531P0000594
319.517103389,1.064000422,0.,312.790021346,1.098375358,0.,       0000531P0000595
306.398992975,1.15113686,0.,300.408154206,1.223804651,0.,        0000531P0000596
-0.541097279,0.541097279,-0.,-0.,1.;                             0000531P0000597
110,300.408154206,1.223804651,0.,299.591845794,1.223804651,0.;   0000533P0000598
126,9,9,1,0,1,0,-0.541097279,-0.541097279,-0.541097279,          0000535P0000599
-0.541097279,-0.541097279,-0.541097279,-0.541097279,             0000535P0000600
-0.541097279,-0.541097279,-0.541097279,0.541097279,0.541097279,  0000535P0000601
0.541097279,0.541097279,0.541097279,0.541097279,0.541097279,     0000535P0000602
0.541097279,0.541097279,0.541097279,1.,1.,1.,1.,1.,1.,1.,1.,1.,  0000535P0000603
1.,299.591845794,1.223804651,0.,293.601007025,1.15113686,0.,     0000535P0000604
287.209978653,1.098375358,0.,280.482896613,1.064000422,0.,       0000535P0000605
273.523702411,1.047047399,0.,266.47629759,1.047047399,0.,        0000535P0000606
259.517103386,1.064000422,0.,252.790021347,1.098375358,0.,       0000535P0000607
246.398992975,1.15113686,0.,240.408154206,1.223804651,0.,        0000535P0000608
-0.541097279,0.541097279,-0.,-0.,1.;                             0000535P0000609
110,240.408154206,1.223804651,0.,239.591845794,1.223804651,0.;   0000537P0000610
126,9,9,1,0,1,0,-0.541097279,-0.541097279,-0.541097279,          0000539P0000611
-0.541097279,-0.541097279,-0.541097279,-0.541097279,             0000539P0000612
-0.541097279,-0.541097279,-0.541097279,0.541097279,0.541097279,  0000539P0000613
0.541097279,0.541097279,0.541097279,0.541097279,0.541097279,     0000539P0000614
0.541097279,0.541097279,0.541097279,1.,1.,1.,1.,1.,1.,1.,1.,1.,  0000539P0000615
1.,239.591845794,1.223804651,0.,233.601007025,1.15113686,0.,     0000539P0000616
227.209978654,1.098375358,0.,220.482896605,1.064000422,0.,       0000539P0000617
213.52370243,1.047047399,0.,206.476297577,1.047047399,0.,        0000539P0000618
199.517103397,1.064000422,0.,192.790021345,1.098375358,0.,       0000539P0000619
186.398992975,1.15113686,0.,180.408154206,1.223804651,0.,        0000539P0000620
-0.541097279,0.541097279,-0.,-0.,1.;                             0000539P0000621
110,180.408154206,1.223804651,0.,179.591845794,1.223804651,0.;   0000541P0000622
126,9,9,1,0,1,0,-0.541097279,-0.541097279,-0.541097279,          0000543P0000623
-0.541097279,-0.541097279,-0.541097279,-0.541097279,             0000543P0000624
-0.541097279,-0.541097279,-0.541097279,0.541097279,0.541097279,  0000543P0000625
0.541097279,0.541097279,0.541097279,0.541097279,0.541097279,     0000543P0000626
0.541097279,0.541097279,0.541097279,1.,1.,1.,1.,1.,1.,1.,1.,1.,  0000543P0000627
1.,179.591845794,1.223804651,0.,173.601007025,1.15113686,0.,     0000543P0000628
167.209978653,1.098375358,0.,160.482896612,1.064000422,0.,       0000543P0000629
153.523702424,1.047047399,0.,146.476297587,1.047047399,0.,       0000543P0000630
139.517103384,1.064000422,0.,132.790021347,1.098375358,0.,       0000543P0000631
126.398992975,1.15113686,0.,120.408154206,1.223804651,0.,        0000543P0000632
-0.541097279,0.541097279,-0.,-0.,1.;                             0000543P0000633
110,120.408154206,1.223804651,0.,119.591845794,1.223804651,0.;   0000545P0000634
126,9,9,1,0,1,0,-0.541097279,-0.541097279,-0.541097279,          0000547P0000635
-0.541097279,-0.541097279,-0.541097279,-0.541097279,             0000547P0000636
-0.541097279,-0.541097279,-0.541097279,0.541097279,0.541097279,  0000547P0000637
0.541097279,0.541097279,0.541097279,0.541097279,0.541097279,     0000547P0000638
0.541097279,0.541097279,0.541097279,1.,1.,1.,1.,1.,1.,1.,1.,1.,  0000547P0000639
1.,119.591845794,1.223804651,0.,113.601007025,1.15113686,0.,     0000547P0000640
107.209978654,1.098375358,0.,100.482896617,1.064000422,0.,       0000547P0000641
93.523702422,1.047047399,0.,86.476297591,1.047047399,0.,         0000547P0000642
79.517103382,1.064000422,0.,72.790021348,1.098375358,0.,         0000547P0000643
66.398992975,1.15113686,0.,60.408154206,1.223804651,0.,          0000547P0000644
-0.541097279,0.541097279,-0.,-0.,1.;                             0000547P0000645
110,60.408154206,1.223804651,0.,59.591845794,1.223804651,0.;     0000549P0000646
126,9,9,1,0,1,0,-0.541097279,-0.541097279,-0.541097279,          0000551P0000647
-0.541097279,-0.541097279,-0.541097279,-0.541097279,             0000551P0000648
-0.541097279,-0.541097279,-0.541097279,0.541097279,0.541097279,  0000551P0000649
0.541097279,0.541097279,0.541097279,0.541097279,0.541097279,     0000551P0000650
0.541097279,0.541097279,0.541097279,1.,1.,1.,1.,1.,1.,1.,1.,1.,  0000551P0000651
1.,59.591845794,1.223804651,0.,53.601007025,1.15113686,0.,       0000551P0000652
47.209978655,1.098375358,0.,40.48289661,1.064000422,0.,          0000551P0000653
33.523702418,1.047047399,0.,26.476297588,1.047047399,0.,         0000551P0000654
19.517103384,1.064000422,0.,12.790021348,1.098375358,0.,         0000551P0000655
6.398992975,1.15113686,0.,0.408154206,1.223804651,0.,            0000551P0000656
-0.541097279,0.541097279,-0.,-0.,1.;                             0000551P0000657
110,0.408154206,1.223804651,0.,0.,1.223804651,0.;                0000553P0000658
110,0.,1.223804651,0.,0.,0.,0.;                                  0000555P0000659
110,0.,0.,0.,360.,0.,0.;                                         0000557P0000660
110,360.,0.,0.,360.,1.223804651,0.;                              0000559P0000661
510,563,1,1,571;                                                 0000561P0000662
190,565,567,569;                                                 0000563P0000663
116,1.154700538,8.881784197E-16,1.,0;                            0000565P0000664
123,-0.866025404,0.5,-4.440892099E-16;                           0000567P0000665
123,-0.5,-0.866025404,7.691850746E-16;                           0000569P0000666
508,4,0,17,27,1,0,0,17,24,0,0,0,17,48,0,0,0,17,31,1,0;           0000571P0000667
510,575,1,1,583;                                                 0000573P0000668
190,577,579,581;                                                 0000575P0000669
116,0.577350269,1.,1.,0;                                         0000577P0000670
123,-0.866025404,-0.5,4.440892099E-16;                           0000579P0000671
123,0.5,-0.866025404,7.691850746E-16;                            0000581P0000672
508,4,0,17,28,1,0,0,17,32,0,0,0,17,53,0,0,0,17,23,1,0;           0000583P0000673
510,587,1,1,595;                                                 0000585P0000674
190,589,591,593;                                                 0000587P0000675
116,0.577350269,-1.,1.,0;                                        0000589P0000676
123,-0.,1.,-8.881784197E-16;                                     0000591P0000677
123,-1.,0.,0.;                                                   0000593P0000678
508,4,0,17,35,1,0,0,17,29,0,0,0,17,49,0,0,0,17,39,1,0;           0000595P0000679
510,599,1,1,607;                                                 0000597P0000680
190,601,603,605;                                                 0000599P0000681
116,-0.577350269,1.,1.,0;                                        0000601P0000682
123,0.,-1.,8.881784197E-16;                                      0000603P0000683
123,1.,0.,0.;                                                    0000605P0000684
508,4,0,17,36,1,0,0,17,40,0,0,0,17,52,0,0,0,17,34,1,0;           0000607P0000685
510,611,1,1,619;                                                 0000609P0000686
190,613,615,617;                                                 0000611P0000687
116,-0.577350269,-1.,1.,0;                                       0000613P0000688
123,0.866025404,0.5,-4.440892099E-16;                            0000615P0000689
123,-0.5,0.866025404,-7.691850746E-16;                           0000617P0000690
508,4,0,17,43,1,0,0,17,37,0,0,0,17,50,0,0,0,17,47,1,0;           0000619P0000691
510,623,1,1,631;                                                 0000621P0000692
190,625,627,629;                                                 0000623P0000693
116,-1.154700538,7.771561172E-16,1.,0;                           0000625P0000694
123,0.866025404,-0.5,4.440892099E-16;                            0000627P0000695
123,0.5,0.866025404,-7.691850746E-16;                            0000629P0000696
508,4,0,17,44,1,0,0,17,45,0,0,0,17,51,0,0,0,17,42,1,0;           0000631P0000697
S      1G      4D    632P    697                                        T0000001
