                                                                        S0000001
,,31HOpen CASCADE IGES processor 7.9,13HFilename.iges,                  G0000001
16HOpen CASCADE 7.9,31HOpen CASCADE IGES processor 7.9,32,308,15,308,15,G0000002
,1.,2,2HMM,1,0.01,15H20261004.214557,1.22089E-07,5.257081,7Hjiayuxu,,11,G0000003
0,15H20261004.214557,;                                                  G0000004
     402       1       0       0       0       0       0       000000000D0000001
     402       0       0       1       1                               0D0000002
     186       2       0       0       0       0       0       000020000D0000003
     186       0       0       1       0                               0D0000004
     514       3       0       0       0       0       0       000010000D0000005
     514       0       0       5       1                               0D0000006
     510       8       0       0       0       0       0       000010000D0000007
     510       0       0       1       1                               0D0000008
     190       9       0       0       0       0       0       000010000D0000009
     190       0       0       1       1                               0D0000010
     116      10       0       0       0       0       0       000010400D0000011
     116       0       0       1       0                               0D0000012
     123      11       0       0       0       0       0       000010200D0000013
     123       0       0       1       0                               0D0000014
     123      12       0       0       0       0       0       000010200D0000015
     123       0       0       1       0                               0D0000016
     508      13       0       0       0       0       0       000010000D0000017
     508       0       0       1       1                               0D0000018
     504      14       0       0       0       0       0       000010001D0000019
     504       0       0      24       1                               0D0000020
     110      38       0       0       0       0       0       000010000D0000021
     110       0       0       1       0                               0D0000022
     502      39       0       0       0       0       0       000010000D0000023
     502       0       0      28       1                               0D0000024
     110      67       0       0       0       0       0       000010000D0000025
     110       0       0       1       0                               0D0000026
     110      68       0       0       0       0       0       000010000D0000027
     110       0       0       1       0                               0D0000028
     110      69       0       0       0       0       0       000010000D0000029
     110       0       0       1       0                               0D0000030
     126      70       0       0       0       0       0       000010000D0000031
     126       0       0      12       0                               0D0000032
     126      82       0       0       0       0       0       000010000D0000033
     126       0       0       9       0                               0D0000034
     100      91       0       0       0       0      37       000010000D0000035
     100       0       0       1       0                               0D0000036
     124      92       0       0       0       0       0       000000000D0000037
     124       0       0       2       0                               0D0000038
     126      94       0       0       0       0       0       000010000D0000039
     126       0       0      24       0                               0D0000040
     126     118       0       0       0       0       0       000010000D0000041
     126       0       0      15       0                               0D0000042
     110     133       0       0       0       0       0       000010000D0000043
     110       0       0       1       0                               0D0000044
     110     134       0       0       0       0       0       000010000D0000045
     110       0       0       1       0                               0D0000046
     110     135       0       0       0       0       0       000010000D0000047
     110       0       0       1       0                               0D0000048
     110     136       0       0       0       0       0       000010000D0000049
     110       0       0       1       0                               0D0000050
     110     137       0       0       0       0       0       000010000D0000051
     110       0       0       1       0                               0D0000052
     110     138       0       0       0       0       0       000010000D0000053
     110       0       0       1       0                               0D0000054
     110     139       0       0       0       0       0       000010000D0000055
     110       0       0       1       0                               0D0000056
     110     140       0       0       0       0       0       000010000D0000057
     110       0       0       1       0                               0D0000058
     110     141       0       0       0       0       0       000010000D0000059
     110       0       0       1       0                               0D0000060
     110     142       0       0       0       0       0       000010000D0000061
     110       0       0       1       0                               0D0000062
     110     143       0       0       0       0       0       000010000D0000063
     110       0       0       1       0                               0D0000064
     110     144       0       0       0       0       0       000010000D0000065
     110       0       0       1       0                               0D0000066
     110     145       0       0       0       0       0       000010000D0000067
     110       0       0       1       0                               0D0000068
     110     146       0       0       0       0       0       000010000D0000069
     110       0       0       1       0                               0D0000070
     110     147       0       0       0       0       0       000010000D0000071
     110       0       0       1       0                               0D0000072
     110     148       0       0       0       0       0       000010000D0000073
     110       0       0       1       0                               0D0000074
     110     149       0       0       0       0       0       000010000D0000075
     110       0       0       1       0                               0D0000076
     110     150       0       0       0       0       0       000010000D0000077
     110       0       0       1       0                               0D0000078
     110     151       0       0       0       0       0       000010000D0000079
     110       0       0       1       0                               0D0000080
     110     152       0       0       0       0       0       000010000D0000081
     110       0       0       1       0                               0D0000082
     126     153       0       0       0       0       0       000010000D0000083
     126       0       0      21       0                               0D0000084
     126     174       0       0       0       0       0       000010000D0000085
     126       0       0       3       0                               0D0000086
     126     177       0       0       0       0       0       000010000D0000087
     126       0       0      75       0                               0D0000088
     126     252       0       0       0       0       0       000010000D0000089
     126       0       0       4       0                               0D0000090
     126     256       0       0       0       0       0       000010000D0000091
     126       0       0      21       0                               0D0000092
     126     277       0       0       0       0       0       000010000D0000093
     126       0       0       3       0                               0D0000094
     126     280       0       0       0       0       0       000010000D0000095
     126       0       0      37       0                               0D0000096
     126     317       0       0       0       0       0       000010000D0000097
     126       0       0       4       0                               0D0000098
     126     321       0       0       0       0       0       000010000D0000099
     126       0       0      16       0                               0D0000100
     110     337       0       0       0       0       0       000010000D0000101
     110       0       0       2       0                               0D0000102
     110     339       0       0       0       0       0       000010000D0000103
     110       0       0       1       0                               0D0000104
     110     340       0       0       0       0       0       000010000D0000105
     110       0       0       1       0                               0D0000106
     110     341       0       0       0       0       0       000010000D0000107
     110       0       0       1       0                               0D0000108
     110     342       0       0       0       0       0       000010000D0000109
     110       0       0       1       0                               0D0000110
     110     343       0       0       0       0       0       000010000D0000111
     110       0       0       1       0                               0D0000112
     110     344       0       0       0       0       0       000010000D0000113
     110       0       0       1       0                               0D0000114
     100     345       0       0       0       0     117       000010000D0000115
     100       0       0       1       0                               0D0000116
     124     346       0       0       0       0       0       000000000D0000117
     124       0       0       2       0                               0D0000118
     100     348       0       0       0       0     121       000010000D0000119
     100       0       0       1       0                               0D0000120
     124     349       0       0       0       0       0       000000000D0000121
     124       0       0       2       0                               0D0000122
     126     351       0       0       0       0       0       000010000D0000123
     126       0       0      19       0                               0D0000124
     126     370       0       0       0       0       0       000010000D0000125
     126       0       0      18       0                               0D0000126
     126     388       0       0       0       0       0       000010000D0000127
     126       0       0      18       0                               0D0000128
     110     406       0       0       0       0       0       000010000D0000129
     110       0       0       2       0                               0D0000130
     126     408       0       0       0       0       0       000010000D0000131
     126       0       0      75       0                               0D0000132
     126     483       0       0       0       0       0       000010000D0000133
     126       0       0      20       0                               0D0000134
     126     503       0       0       0       0       0       000010000D0000135
     126       0       0       3       0                               0D0000136
     126     506       0       0       0       0       0       000010000D0000137
     126       0       0      75       0                               0D0000138
     126     581       0       0       0       0       0       000010000D0000139
     126       0       0      25       0                               0D0000140
     126     606       0       0       0       0       0       000010000D0000141
     126       0       0       3       0                               0D0000142
     126     609       0       0       0       0       0       000010000D0000143
     126       0       0       4       0                               0D0000144
     126     613       0       0       0       0       0       000010000D0000145
     126       0       0      67       0                               0D0000146
     110     680       0       0       0       0       0       000010000D0000147
     110       0       0       2       0                               0D0000148
     126     682       0       0       0       0       0       000010000D0000149
     126       0       0      69       0                               0D0000150
     110     751       0       0       0       0       0       000010000D0000151
     110       0       0       1       0                               0D0000152
     126     752       0       0       0       0       0       000010000D0000153
     126       0       0      22       0                               0D0000154
     126     774       0       0       0       0       0       000010000D0000155
     126       0       0       3       0                               0D0000156
     126     777       0       0       0       0       0       000010000D0000157
     126       0       0      15       0                               0D0000158
     126     792       0       0       0       0       0       000010000D0000159
     126       0       0       3       0                               0D0000160
     126     795       0       0       0       0       0       000010000D0000161
     126       0       0      17       0                               0D0000162
     126     812       0       0       0       0       0       000010000D0000163
     126       0       0       3       0                               0D0000164
     110     815       0       0       0       0       0       000010000D0000165
     110       0       0       2       0                               0D0000166
     126     817       0       0       0       0       0       000010000D0000167
     126       0       0      67       0                               0D0000168
     126     884       0       0       0       0       0       000010000D0000169
     126       0       0      20       0                               0D0000170
     126     904       0       0       0       0       0       000010000D0000171
     126       0       0       3       0                               0D0000172
     126     907       0       0       0       0       0       000010000D0000173
     126       0       0      75       0                               0D0000174
     126     982       0       0       0       0       0       000010000D0000175
     126       0       0      26       0                               0D0000176
     126    1008       0       0       0       0       0       000010000D0000177
     126       0       0       3       0                               0D0000178
     126    1011       0       0       0       0       0       000010000D0000179
     126       0       0       3       0                               0D0000180
     110    1014       0       0       0       0       0       000010000D0000181
     110       0       0       2       0                               0D0000182
     126    1016       0       0       0       0       0       000010000D0000183
     126       0       0      74       0                               0D0000184
     126    1090       0       0       0       0       0       000010000D0000185
     126       0       0      63       0                               0D0000186
     126    1153       0       0       0       0       0       000010000D0000187
     126       0       0      20       0                               0D0000188
     126    1173       0       0       0       0       0       000010000D0000189
     126       0       0       3       0                               0D0000190
     126    1176       0       0       0       0       0       000010000D0000191
     126       0       0      26       0                               0D0000192
     126    1202       0       0       0       0       0       000010000D0000193
     126       0       0       3       0                               0D0000194
     126    1205       0       0       0       0       0       000010000D0000195
     126       0       0       3       0                               0D0000196
     110    1208       0       0       0       0       0       000010000D0000197
     110       0       0       2       0                               0D0000198
     126    1210       0       0       0       0       0       000010000D0000199
     126       0       0      69       0                               0D0000200
     126    1279       0       0       0       0       0       000010000D0000201
     126       0       0      20       0                               0D0000202
     126    1299       0       0       0       0       0       000010000D0000203
     126       0       0       3       0                               0D0000204
     126    1302       0       0       0       0       0       000010000D0000205
     126       0       0      69       0                               0D0000206
     126    1371       0       0       0       0       0       000010000D0000207
     126       0       0      25       0                               0D0000208
     126    1396       0       0       0       0       0       000010000D0000209
     126       0       0       3       0                               0D0000210
     126    1399       0       0       0       0       0       000010000D0000211
     126       0       0       3       0                               0D0000212
     126    1402       0       0       0       0       0       000010000D0000213
     126       0       0      69       0                               0D0000214
     126    1471       0       0       0       0       0       000010000D0000215
     126       0       0      20       0                               0D0000216
     126    1491       0       0       0       0       0       000010000D0000217
     126       0       0      25       0                               0D0000218
     508    1516       0       0       0       0       0       000010000D0000219
     508       0       0       1       1                               0D0000220
     510    1517       0       0       0       0       0       000010000D0000221
     510       0       0       1       1                               0D0000222
     190    1518       0       0       0       0       0       000010000D0000223
     190       0       0       1       1                               0D0000224
     116    1519       0       0       0       0       0       000010400D0000225
     116       0       0       1       0                               0D0000226
     123    1520       0       0       0       0       0       000010200D0000227
     123       0       0       1       0                               0D0000228
     123    1521       0       0       0       0       0       000010200D0000229
     123       0       0       1       0                               0D0000230
     508    1522       0       0       0       0       0       000010000D0000231
     508       0       0       2       1                               0D0000232
     510    1524       0       0       0       0       0       000010000D0000233
     510       0       0       1       1                               0D0000234
     190    1525       0       0       0       0       0       000010000D0000235
     190       0       0       1       1                               0D0000236
     116    1526       0       0       0       0       0       000010400D0000237
     116       0       0       1       0                               0D0000238
     123    1527       0       0       0       0       0       000010200D0000239
     123       0       0       1       0                               0D0000240
     123    1528       0       0       0       0       0       000010200D0000241
     123       0       0       1       0                               0D0000242
     508    1529       0       0       0       0       0       000010000D0000243
     508       0       0       1       1                               0D0000244
     510    1530       0       0       0       0       0       000010000D0000245
     510       0       0       1       1                               0D0000246
     190    1531       0       0       0       0       0       000010000D0000247
     190       0       0       1       1                               0D0000248
     116    1532       0       0       0       0       0       000010400D0000249
     116       0       0       1       0                               0D0000250
     123    1533       0       0       0       0       0       000010200D0000251
     123       0       0       1       0                               0D0000252
     123    1534       0       0       0       0       0       000010200D0000253
     123       0       0       1       0                               0D0000254
     508    1535       0       0       0       0       0       000010000D0000255
     508       0       0       1       1                               0D0000256
     510    1536       0       0       0       0       0       000010000D0000257
     510       0       0       1       1                               0D0000258
     190    1537       0       0       0       0       0       000010000D0000259
     190       0       0       1       1                               0D0000260
     116    1538       0       0       0       0       0       000010400D0000261
     116       0       0       1       0                               0D0000262
     123    1539       0       0       0       0       0       000010200D0000263
     123       0       0       1       0                               0D0000264
     123    1540       0       0       0       0       0       000010200D0000265
     123       0       0       1       0                               0D0000266
     508    1541       0       0       0       0       0       000010000D0000267
     508       0       0       2       1                               0D0000268
     510    1543       0       0       0       0       0       000010000D0000269
     510       0       0       1       1                               0D0000270
     128    1544       0       0       0       0       0       000010000D0000271
     128       0       0      51       0                               0D0000272
     508    1595       0       0       0       0       0       000010000D0000273
     508       0       0       2       1                               0D0000274
     126    1597       0       0       0       0       0       000010000D0000275
     126       0       0       2       0                               0D0000276
     126    1599       0       0       0       0       0       000010000D0000277
     126       0       0       2       0                               0D0000278
     126    1601       0       0       0       0       0       000010000D0000279
     126       0       0      63       0                               0D0000280
     126    1664       0       0       0       0       0       000010000D0000281
     126       0       0       3       0                               0D0000282
     126    1667       0       0       0       0       0       000010000D0000283
     126       0       0       9       0                               0D0000284
     510    1676       0       0       0       0       0       000010000D0000285
     510       0       0       1       1                               0D0000286
     128    1677       0       0       0       0       0       000010000D0000287
     128       0       0      36       0                               0D0000288
     508    1713       0       0       0       0       0       000010000D0000289
     508       0       0       2       1                               0D0000290
     126    1715       0       0       0       0       0       000010000D0000291
     126       0       0       2       0                               0D0000292
     126    1717       0       0       0       0       0       000010000D0000293
     126       0       0       2       0                               0D0000294
     126    1719       0       0       0       0       0       000010000D0000295
     126       0       0       2       0                               0D0000296
     126    1721       0       0       0       0       0       000010000D0000297
     126       0       0      10       0                               0D0000298
     510    1731       0       0       0       0       0       000010000D0000299
     510       0       0       1       1                               0D0000300
     128    1732       0       0       0       0       0       000010000D0000301
     128       0       0      46       0                               0D0000302
     508    1778       0       0       0       0       0       000010000D0000303
     508       0       0       2       1                               0D0000304
     126    1780       0       0       0       0       0       000010000D0000305
     126       0       0      31       0                               0D0000306
     126    1811       0       0       0       0       0       000010000D0000307
     126       0       0       2       0                               0D0000308
     126    1813       0       0       0       0       0       000010000D0000309
     126       0       0       2       0                               0D0000310
     126    1815       0       0       0       0       0       000010000D0000311
     126       0       0      17       0                               0D0000312
     510    1832       0       0       0       0       0       000010000D0000313
     510       0       0       1       1                               0D0000314
     192    1833       0       0       0       0       0       000010000D0000315
     192       0       0       1       1                               0D0000316
     116    1834       0       0       0       0       0       000010400D0000317
     116       0       0       1       0                               0D0000318
     123    1835       0       0       0       0       0       000010200D0000319
     123       0       0       1       0                               0D0000320
     123    1836       0       0       0       0       0       000010200D0000321
     123       0       0       1       0                               0D0000322
     508    1837       0       0       0       0       0       000010000D0000323
     508       0       0       2       1                               0D0000324
     126    1839       0       0       0       0       0       000010000D0000325
     126       0       0       3       0                               0D0000326
     126    1842       0       0       0       0       0       000010000D0000327
     126       0       0      12       0                               0D0000328
     126    1854       0       0       0       0       0       000010000D0000329
     126       0       0       3       0                               0D0000330
     126    1857       0       0       0       0       0       000010000D0000331
     126       0       0      30       0                               0D0000332
     510    1887       0       0       0       0       0       000010000D0000333
     510       0       0       1       1                               0D0000334
     128    1888       0       0       0       0       0       000010000D0000335
     128       0       0      53       0                               0D0000336
     508    1941       0       0       0       0       0       000010000D0000337
     508       0       0       1       1                               0D0000338
     126    1942       0       0       0       0       0       000010000D0000339
     126       0       0       6       0                               0D0000340
     126    1948       0       0       0       0       0       000010000D0000341
     126       0       0       3       0                               0D0000342
     126    1951       0       0       0       0       0       000010000D0000343
     126       0       0      12       0                               0D0000344
     510    1963       0       0       0       0       0       000010000D0000345
     510       0       0       1       1                               0D0000346
     190    1964       0       0       0       0       0       000010000D0000347
     190       0       0       1       1                               0D0000348
     116    1965       0       0       0       0       0       000010400D0000349
     116       0       0       1       0                               0D0000350
     123    1966       0       0       0       0       0       000010200D0000351
     123       0       0       1       0                               0D0000352
     123    1967       0       0       0       0       0       000010200D0000353
     123       0       0       1       0                               0D0000354
     508    1968       0       0       0       0       0       000010000D0000355
     508       0       0       1       1                               0D0000356
     510    1969       0       0       0       0       0       000010000D0000357
     510       0       0       1       1                               0D0000358
     190    1970       0       0       0       0       0       000010000D0000359
     190       0       0       1       1                               0D0000360
     116    1971       0       0       0       0       0       000010400D0000361
     116       0       0       1       0                               0D0000362
     123    1972       0       0       0       0       0       000010200D0000363
     123       0       0       1       0                               0D0000364
     123    1973       0       0       0       0       0       000010200D0000365
     123       0       0       1       0                               0D0000366
     508    1974       0       0       0       0       0       000010000D0000367
     508       0       0       1       1                               0D0000368
     510    1975       0       0       0       0       0       000010000D0000369
     510       0       0       1       1                               0D0000370
     190    1976       0       0       0       0       0       000010000D0000371
     190       0       0       1       1                               0D0000372
     116    1977       0       0       0       0       0       000010400D0000373
     116       0       0       1       0                               0D0000374
     123    1978       0       0       0       0       0       000010200D0000375
     123       0       0       1       0                               0D0000376
     123    1979       0       0       0       0       0       000010200D0000377
     123       0       0       1       0                               0D0000378
     508    1980       0       0       0       0       0       000010000D0000379
     508       0       0       1       1                               0D0000380
     510    1981       0       0       0       0       0       000010000D0000381
     510       0       0       1       1                               0D0000382
     190    1982       0       0       0       0       0       000010000D0000383
     190       0       0       1       1                               0D0000384
     116    1983       0       0       0       0       0       000010400D0000385
     116       0       0       1       0                               0D0000386
     123    1984       0       0       0       0       0       000010200D0000387
     123       0       0       1       0                               0D0000388
     123    1985       0       0       0       0       0       000010200D0000389
     123       0       0       1       0                               0D0000390
     508    1986       0       0       0       0       0       000010000D0000391
     508       0       0       1       1                               0D0000392
     510    1987       0       0       0       0       0       000010000D0000393
     510       0       0       1       1                               0D0000394
     190    1988       0       0       0       0       0       000010000D0000395
     190       0       0       1       1                               0D0000396
     116    1989       0       0       0       0       0       000010400D0000397
     116       0       0       1       0                               0D0000398
     123    1990       0       0       0       0       0       000010200D0000399
     123       0       0       1       0                               0D0000400
     123    1991       0       0       0       0       0       000010200D0000401
     123       0       0       1       0                               0D0000402
     508    1992       0       0       0       0       0       000010000D0000403
     508       0       0       1       1                               0D0000404
     510    1993       0       0       0       0       0       000010000D0000405
     510       0       0       1       1                               0D0000406
     190    1994       0       0       0       0       0       000010000D0000407
     190       0       0       1       1                               0D0000408
     116    1995       0       0       0       0       0       000010400D0000409
     116       0       0       1       0                               0D0000410
     123    1996       0       0       0       0       0       000010200D0000411
     123       0       0       1       0                               0D0000412
     123    1997       0       0       0       0       0       000010200D0000413
     123       0       0       1       0                               0D0000414
     508    1998       0       0       0       0       0       000010000D0000415
     508       0       0       1       1                               0D0000416
     510    1999       0       0       0       0       0       000010000D0000417
     510       0       0       1       1                               0D0000418
     190    2000       0       0       0       0       0       000010000D0000419
     190       0       0       1       1                               0D0000420
     116    2001       0       0       0       0       0       000010400D0000421
     116       0       0       1       0                               0D0000422
     123    2002       0       0       0       0       0       000010200D0000423
     123       0       0       1       0                               0D0000424
     123    2003       0       0       0       0       0       000010200D0000425
     123       0       0       1       0                               0D0000426
     508    2004       0       0       0       0       0       000010000D0000427
     508       0       0       1       1                               0D0000428
     508    2005       0       0       0       0       0       000010000D0000429
     508       0       0       2       1                               0D0000430
     510    2007       0       0       0       0       0       000010000D0000431
     510       0       0       1       1                               0D0000432
     192    2008       0       0       0       0       0       000010000D0000433
     192       0       0       1       1                               0D0000434
     116    2009       0       0       0       0       0       000010400D0000435
     116       0       0       1       0                               0D0000436
     123    2010       0       0       0       0       0       000010200D0000437
     123       0       0       1       0                               0D0000438
     123    2011       0       0       0       0       0       000010200D0000439
     123       0       0       1       0                               0D0000440
     508    2012       0       0       0       0       0       000010000D0000441
     508       0       0       2       1                               0D0000442
     126    2014       0       0       0       0       0       000010000D0000443
     126       0       0       3       0                               0D0000444
     126    2017       0       0       0       0       0       000010000D0000445
     126       0       0      65       0                               0D0000446
     126    2082       0       0       0       0       0       000010000D0000447
     126       0       0       3       0                               0D0000448
     126    2085       0       0       0       0       0       000010000D0000449
     126       0       0      65       0                               0D0000450
     510    2150       0       0       0       0       0       000010000D0000451
     510       0       0       1       1                               0D0000452
     128    2151       0       0       0       0       0       000010000D0000453
     128       0       0      49       0                               0D0000454
     508    2200       0       0       0       0       0       000010000D0000455
     508       0       0       2       1                               0D0000456
     126    2202       0       0       0       0       0       000010000D0000457
     126       0       0       2       0                               0D0000458
     126    2204       0       0       0       0       0       000010000D0000459
     126       0       0       2       0                               0D0000460
     126    2206       0       0       0       0       0       000010000D0000461
     126       0       0      63       0                               0D0000462
     126    2269       0       0       0       0       0       000010000D0000463
     126       0       0       2       0                               0D0000464
     510    2271       0       0       0       0       0       000010000D0000465
     510       0       0       1       1                               0D0000466
     128    2272       0       0       0       0       0       000010000D0000467
     128       0       0      34       0                               0D0000468
     508    2306       0       0       0       0       0       000010000D0000469
     508       0       0       2       1                               0D0000470
     126    2308       0       0       0       0       0       000010000D0000471
     126       0       0       2       0                               0D0000472
     126    2310       0       0       0       0       0       000010000D0000473
     126       0       0       2       0                               0D0000474
     126    2312       0       0       0       0       0       000010000D0000475
     126       0       0       2       0                               0D0000476
     126    2314       0       0       0       0       0       000010000D0000477
     126       0       0       2       0                               0D0000478
     510    2316       0       0       0       0       0       000010000D0000479
     510       0       0       1       1                               0D0000480
     128    2317       0       0       0       0       0       000010000D0000481
     128       0       0      44       0                               0D0000482
     508    2361       0       0       0       0       0       000010000D0000483
     508       0       0       2       1                               0D0000484
     126    2363       0       0       0       0       0       000010000D0000485
     126       0       0      65       0                               0D0000486
     126    2428       0       0       0       0       0       000010000D0000487
     126       0       0       2       0                               0D0000488
     126    2430       0       0       0       0       0       000010000D0000489
     126       0       0       2       0                               0D0000490
     126    2432       0       0       0       0       0       000010000D0000491
     126       0       0       3       0                               0D0000492
     510    2435       0       0       0       0       0       000010000D0000493
     510       0       0       1       1                               0D0000494
     192    2436       0       0       0       0       0       000010000D0000495
     192       0       0       1       1                               0D0000496
     116    2437       0       0       0       0       0       000010400D0000497
     116       0       0       1       0                               0D0000498
     123    2438       0       0       0       0       0       000010200D0000499
     123       0       0       1       0                               0D0000500
     123    2439       0       0       0       0       0       000010200D0000501
     123       0       0       1       0                               0D0000502
     508    2440       0       0       0       0       0       000010000D0000503
     508       0       0       2       1                               0D0000504
     126    2442       0       0       0       0       0       000010000D0000505
     126       0       0      57       0                               0D0000506
     126    2499       0       0       0       0       0       000010000D0000507
     126       0       0       3       0                               0D0000508
     126    2502       0       0       0       0       0       000010000D0000509
     126       0       0      60       0                               0D0000510
     126    2562       0       0       0       0       0       000010000D0000511
     126       0       0       3       0                               0D0000512
     126    2565       0       0       0       0       0       000010000D0000513
     126       0       0       3       0                               0D0000514
     510    2568       0       0       0       0       0       000010000D0000515
     510       0       0       1       1                               0D0000516
     128    2569       0       0       0       0       0       000010000D0000517
     128       0       0      43       0                               0D0000518
     508    2612       0       0       0       0       0       000010000D0000519
     508       0       0       2       1                               0D0000520
     126    2614       0       0       0       0       0       000010000D0000521
     126       0       0      58       0                               0D0000522
     126    2672       0       0       0       0       0       000010000D0000523
     126       0       0      17       0                               0D0000524
     126    2689       0       0       0       0       0       000010000D0000525
     126       0       0       3       0                               0D0000526
     126    2692       0       0       0       0       0       000010000D0000527
     126       0       0       3       0                               0D0000528
     510    2695       0       0       0       0       0       000010000D0000529
     510       0       0       1       1                               0D0000530
     128    2696       0       0       0       0       0       000010000D0000531
     128       0       0      34       0                               0D0000532
     508    2730       0       0       0       0       0       000010000D0000533
     508       0       0       2       1                               0D0000534
     126    2732       0       0       0       0       0       000010000D0000535
     126       0       0       3       0                               0D0000536
     126    2735       0       0       0       0       0       000010000D0000537
     126       0       0      18       0                               0D0000538
     126    2753       0       0       0       0       0       000010000D0000539
     126       0       0       3       0                               0D0000540
     126    2756       0       0       0       0       0       000010000D0000541
     126       0       0       2       0                               0D0000542
     510    2758       0       0       0       0       0       000010000D0000543
     510       0       0       1       1                               0D0000544
     128    2759       0       0       0       0       0       000010000D0000545
     128       0       0      50       0                               0D0000546
     508    2809       0       0       0       0       0       000010000D0000547
     508       0       0       2       1                               0D0000548
     126    2811       0       0       0       0       0       000010000D0000549
     126       0       0       3       0                               0D0000550
     126    2814       0       0       0       0       0       000010000D0000551
     126       0       0      18       0                               0D0000552
     126    2832       0       0       0       0       0       000010000D0000553
     126       0       0      14       0                               0D0000554
     126    2846       0       0       0       0       0       000010000D0000555
     126       0       0       2       0                               0D0000556
     510    2848       0       0       0       0       0       000010000D0000557
     510       0       0       1       1                               0D0000558
     192    2849       0       0       0       0       0       000010000D0000559
     192       0       0       1       1                               0D0000560
     116    2850       0       0       0       0       0       000010400D0000561
     116       0       0       1       0                               0D0000562
     123    2851       0       0       0       0       0       000010200D0000563
     123       0       0       1       0                               0D0000564
     123    2852       0       0       0       0       0       000010200D0000565
     123       0       0       1       0                               0D0000566
     508    2853       0       0       0       0       0       000010000D0000567
     508       0       0       1       1                               0D0000568
     126    2854       0       0       0       0       0       000010000D0000569
     126       0       0      16       0                               0D0000570
     126    2870       0       0       0       0       0       000010000D0000571
     126       0       0       2       0                               0D0000572
     126    2872       0       0       0       0       0       000010000D0000573
     126       0       0       2       0                               0D0000574
     510    2874       0       0       0       0       0       000010000D0000575
     510       0       0       1       1                               0D0000576
     192    2875       0       0       0       0       0       000010000D0000577
     192       0       0       1       1                               0D0000578
     116    2876       0       0       0       0       0       000010400D0000579
     116       0       0       1       0                               0D0000580
     123    2877       0       0       0       0       0       000010200D0000581
     123       0       0       1       0                               0D0000582
     123    2878       0       0       0       0       0       000010200D0000583
     123       0       0       1       0                               0D0000584
     508    2879       0       0       0       0       0       000010000D0000585
     508       0       0       2       1                               0D0000586
     126    2881       0       0       0       0       0       000010000D0000587
     126       0       0       3       0                               0D0000588
     126    2884       0       0       0       0       0       000010000D0000589
     126       0       0      65       0                               0D0000590
     126    2949       0       0       0       0       0       000010000D0000591
     126       0       0       3       0                               0D0000592
     126    2952       0       0       0       0       0       000010000D0000593
     126       0       0      58       0                               0D0000594
     510    3010       0       0       0       0       0       000010000D0000595
     510       0       0       1       1                               0D0000596
     128    3011       0       0       0       0       0       000010000D0000597
     128       0       0      49       0                               0D0000598
     508    3060       0       0       0       0       0       000010000D0000599
     508       0       0       2       1                               0D0000600
     126    3062       0       0       0       0       0       000010000D0000601
     126       0       0       2       0                               0D0000602
     126    3064       0       0       0       0       0       000010000D0000603
     126       0       0       2       0                               0D0000604
     126    3066       0       0       0       0       0       000010000D0000605
     126       0       0      63       0                               0D0000606
     126    3129       0       0       0       0       0       000010000D0000607
     126       0       0       2       0                               0D0000608
     510    3131       0       0       0       0       0       000010000D0000609
     510       0       0       1       1                               0D0000610
     128    3132       0       0       0       0       0       000010000D0000611
     128       0       0      34       0                               0D0000612
     508    3166       0       0       0       0       0       000010000D0000613
     508       0       0       2       1                               0D0000614
     126    3168       0       0       0       0       0       000010000D0000615
     126       0       0       2       0                               0D0000616
     126    3170       0       0       0       0       0       000010000D0000617
     126       0       0       2       0                               0D0000618
     126    3172       0       0       0       0       0       000010000D0000619
     126       0       0       2       0                               0D0000620
     126    3174       0       0       0       0       0       000010000D0000621
     126       0       0       2       0                               0D0000622
     510    3176       0       0       0       0       0       000010000D0000623
     510       0       0       1       1                               0D0000624
     128    3177       0       0       0       0       0       000010000D0000625
     128       0       0      43       0                               0D0000626
     508    3220       0       0       0       0       0       000010000D0000627
     508       0       0       2       1                               0D0000628
     126    3222       0       0       0       0       0       000010000D0000629
     126       0       0      59       0                               0D0000630
     126    3281       0       0       0       0       0       000010000D0000631
     126       0       0       2       0                               0D0000632
     126    3283       0       0       0       0       0       000010000D0000633
     126       0       0       2       0                               0D0000634
     126    3285       0       0       0       0       0       000010000D0000635
     126       0       0       3       0                               0D0000636
     510    3288       0       0       0       0       0       000010000D0000637
     510       0       0       1       1                               0D0000638
     192    3289       0       0       0       0       0       000010000D0000639
     192       0       0       1       1                               0D0000640
     116    3290       0       0       0       0       0       000010400D0000641
     116       0       0       1       0                               0D0000642
     123    3291       0       0       0       0       0       000010200D0000643
     123       0       0       1       0                               0D0000644
     123    3292       0       0       0       0       0       000010200D0000645
     123       0       0       1       0                               0D0000646
     508    3293       0       0       0       0       0       000010000D0000647
     508       0       0       2       1                               0D0000648
     126    3295       0       0       0       0       0       000010000D0000649
     126       0       0       3       0                               0D0000650
     126    3298       0       0       0       0       0       000010000D0000651
     126       0       0      64       0                               0D0000652
     126    3362       0       0       0       0       0       000010000D0000653
     126       0       0       3       0                               0D0000654
     126    3365       0       0       0       0       0       000010000D0000655
     126       0       0      54       0                               0D0000656
     510    3419       0       0       0       0       0       000010000D0000657
     510       0       0       1       1                               0D0000658
     128    3420       0       0       0       0       0       000010000D0000659
     128       0       0      49       0                               0D0000660
     508    3469       0       0       0       0       0       000010000D0000661
     508       0       0       2       1                               0D0000662
     126    3471       0       0       0       0       0       000010000D0000663
     126       0       0       2       0                               0D0000664
     126    3473       0       0       0       0       0       000010000D0000665
     126       0       0       2       0                               0D0000666
     126    3475       0       0       0       0       0       000010000D0000667
     126       0       0      58       0                               0D0000668
     126    3533       0       0       0       0       0       000010000D0000669
     126       0       0       2       0                               0D0000670
     510    3535       0       0       0       0       0       000010000D0000671
     510       0       0       1       1                               0D0000672
     128    3536       0       0       0       0       0       000010000D0000673
     128       0       0      44       0                               0D0000674
     508    3580       0       0       0       0       0       000010000D0000675
     508       0       0       2       1                               0D0000676
     126    3582       0       0       0       0       0       000010000D0000677
     126       0       0      54       0                               0D0000678
     126    3636       0       0       0       0       0       000010000D0000679
     126       0       0       2       0                               0D0000680
     126    3638       0       0       0       0       0       000010000D0000681
     126       0       0       2       0                               0D0000682
     126    3640       0       0       0       0       0       000010000D0000683
     126       0       0       3       0                               0D0000684
     510    3643       0       0       0       0       0       000010000D0000685
     510       0       0       1       1                               0D0000686
     128    3644       0       0       0       0       0       000010000D0000687
     128       0       0      34       0                               0D0000688
     508    3678       0       0       0       0       0       000010000D0000689
     508       0       0       2       1                               0D0000690
     126    3680       0       0       0       0       0       000010000D0000691
     126       0       0       2       0                               0D0000692
     126    3682       0       0       0       0       0       000010000D0000693
     126       0       0       2       0                               0D0000694
     126    3684       0       0       0       0       0       000010000D0000695
     126       0       0       2       0                               0D0000696
     126    3686       0       0       0       0       0       000010000D0000697
     126       0       0       2       0                               0D0000698
     510    3688       0       0       0       0       0       000010000D0000699
     510       0       0       1       1                               0D0000700
     192    3689       0       0       0       0       0       000010000D0000701
     192       0       0       1       1                               0D0000702
     116    3690       0       0       0       0       0       000010400D0000703
     116       0       0       1       0                               0D0000704
     123    3691       0       0       0       0       0       000010200D0000705
     123       0       0       1       0                               0D0000706
     123    3692       0       0       0       0       0       000010200D0000707
     123       0       0       1       0                               0D0000708
     508    3693       0       0       0       0       0       000010000D0000709
     508       0       0       2       1                               0D0000710
     126    3695       0       0       0       0       0       000010000D0000711
     126       0       0       3       0                               0D0000712
     126    3698       0       0       0       0       0       000010000D0000713
     126       0       0      64       0                               0D0000714
     126    3762       0       0       0       0       0       000010000D0000715
     126       0       0       3       0                               0D0000716
     126    3765       0       0       0       0       0       000010000D0000717
     126       0       0      60       0                               0D0000718
     510    3825       0       0       0       0       0       000010000D0000719
     510       0       0       1       1                               0D0000720
     128    3826       0       0       0       0       0       000010000D0000721
     128       0       0      49       0                               0D0000722
     508    3875       0       0       0       0       0       000010000D0000723
     508       0       0       2       1                               0D0000724
     126    3877       0       0       0       0       0       000010000D0000725
     126       0       0       2       0                               0D0000726
     126    3879       0       0       0       0       0       000010000D0000727
     126       0       0       2       0                               0D0000728
     126    3881       0       0       0       0       0       000010000D0000729
     126       0       0      59       0                               0D0000730
     126    3940       0       0       0       0       0       000010000D0000731
     126       0       0       2       0                               0D0000732
     510    3942       0       0       0       0       0       000010000D0000733
     510       0       0       1       1                               0D0000734
     128    3943       0       0       0       0       0       000010000D0000735
     128       0       0      34       0                               0D0000736
     508    3977       0       0       0       0       0       000010000D0000737
     508       0       0       2       1                               0D0000738
     126    3979       0       0       0       0       0       000010000D0000739
     126       0       0       2       0                               0D0000740
     126    3981       0       0       0       0       0       000010000D0000741
     126       0       0       2       0                               0D0000742
     126    3983       0       0       0       0       0       000010000D0000743
     126       0       0       2       0                               0D0000744
     126    3985       0       0       0       0       0       000010000D0000745
     126       0       0       2       0                               0D0000746
     510    3987       0       0       0       0       0       000010000D0000747
     510       0       0       1       1                               0D0000748
     128    3988       0       0       0       0       0       000010000D0000749
     128       0       0      44       0                               0D0000750
     508    4032       0       0       0       0       0       000010000D0000751
     508       0       0       2       1                               0D0000752
     126    4034       0       0       0       0       0       000010000D0000753
     126       0       0      60       0                               0D0000754
     126    4094       0       0       0       0       0       000010000D0000755
     126       0       0       2       0                               0D0000756
     126    4096       0       0       0       0       0       000010000D0000757
     126       0       0       2       0                               0D0000758
     126    4098       0       0       0       0       0       000010000D0000759
     126       0       0       3       0                               0D0000760
     510    4101       0       0       0       0       0       000010000D0000761
     510       0       0       1       1                               0D0000762
     192    4102       0       0       0       0       0       000010000D0000763
     192       0       0       1       1                               0D0000764
     116    4103       0       0       0       0       0       000010400D0000765
     116       0       0       1       0                               0D0000766
     123    4104       0       0       0       0       0       000010200D0000767
     123       0       0       1       0                               0D0000768
     123    4105       0       0       0       0       0       000010200D0000769
     123       0       0       1       0                               0D0000770
     508    4106       0       0       0       0       0       000010000D0000771
     508       0       0       2       1                               0D0000772
     126    4108       0       0       0       0       0       000010000D0000773
     126       0       0       3       0                               0D0000774
     126    4111       0       0       0       0       0       000010000D0000775
     126       0       0      60       0                               0D0000776
     126    4171       0       0       0       0       0       000010000D0000777
     126       0       0       3       0                               0D0000778
     126    4174       0       0       0       0       0       000010000D0000779
     126       0       0      60       0                               0D0000780
     510    4234       0       0       0       0       0       000010000D0000781
     510       0       0       1       1                               0D0000782
     128    4235       0       0       0       0       0       000010000D0000783
     128       0       0      49       0                               0D0000784
     508    4284       0       0       0       0       0       000010000D0000785
     508       0       0       2       1                               0D0000786
     126    4286       0       0       0       0       0       000010000D0000787
     126       0       0       2       0                               0D0000788
     126    4288       0       0       0       0       0       000010000D0000789
     126       0       0       2       0                               0D0000790
     126    4290       0       0       0       0       0       000010000D0000791
     126       0       0      63       0                               0D0000792
     126    4353       0       0       0       0       0       000010000D0000793
     126       0       0       2       0                               0D0000794
     510    4355       0       0       0       0       0       000010000D0000795
     510       0       0       1       1                               0D0000796
     128    4356       0       0       0       0       0       000010000D0000797
     128       0       0      44       0                               0D0000798
     508    4400       0       0       0       0       0       000010000D0000799
     508       0       0       2       1                               0D0000800
     126    4402       0       0       0       0       0       000010000D0000801
     126       0       0      60       0                               0D0000802
     126    4462       0       0       0       0       0       000010000D0000803
     126       0       0       2       0                               0D0000804
     126    4464       0       0       0       0       0       000010000D0000805
     126       0       0       2       0                               0D0000806
     126    4466       0       0       0       0       0       000010000D0000807
     126       0       0       3       0                               0D0000808
     510    4469       0       0       0       0       0       000010000D0000809
     510       0       0       1       1                               0D0000810
     128    4470       0       0       0       0       0       000010000D0000811
     128       0       0      34       0                               0D0000812
     508    4504       0       0       0       0       0       000010000D0000813
     508       0       0       2       1                               0D0000814
     126    4506       0       0       0       0       0       000010000D0000815
     126       0       0       2       0                               0D0000816
     126    4508       0       0       0       0       0       000010000D0000817
     126       0       0       2       0                               0D0000818
     126    4510       0       0       0       0       0       000010000D0000819
     126       0       0       2       0                               0D0000820
     126    4512       0       0       0       0       0       000010000D0000821
     126       0       0       2       0                               0D0000822
402,1,3;                                                         0000001P0000001
186,5,1,0;                                                       0000003P0000002
514,42,7,0,221,1,233,1,245,1,257,0,269,0,285,0,299,0,313,0,333,  0000005P0000003
0,345,0,357,0,369,0,381,0,393,0,405,0,417,0,431,0,451,0,465,0,   0000005P0000004
479,0,493,0,515,0,529,0,543,0,557,0,575,0,595,0,609,0,623,0,637, 0000005P0000005
0,657,0,671,0,685,0,699,0,719,0,733,0,747,0,761,0,781,0,795,0,   0000005P0000006
809,0;                                                           0000005P0000007
510,9,2,1,17,219;                                                0000007P0000008
190,11,13,15;                                                    0000009P0000009
116,-5.25,5.25,-1.165734176E-15,0;                               0000011P0000010
123,4.838045478E-20,2.220446049E-16,1.;                          0000013P0000011
123,1.,-1.074261897E-35,-4.838045478E-20;                        0000015P0000012
508,4,0,19,1,0,0,0,19,2,1,0,0,19,3,1,0,0,19,4,0,0;               0000017P0000013
504,95,21,23,1,23,2,25,23,1,23,3,27,23,3,23,4,29,23,2,23,4,31,   0000019P0000014
23,5,23,6,33,23,5,23,7,35,23,7,23,8,39,23,9,23,8,41,23,6,23,9,   0000019P0000015
43,23,1,23,10,45,23,11,23,10,47,23,12,23,11,49,23,13,23,12,51,   0000019P0000016
23,14,23,13,53,23,15,23,14,55,23,16,23,15,57,23,17,23,16,59,23,  0000019P0000017
2,23,17,61,23,3,23,18,63,23,10,23,18,65,23,17,23,19,67,23,4,23,  0000019P0000018
19,69,23,20,23,18,71,23,21,23,20,73,23,22,23,21,75,23,23,23,22,  0000019P0000019
77,23,24,23,23,79,23,25,23,24,81,23,19,23,25,83,23,26,23,6,85,   0000019P0000020
23,26,23,27,87,23,27,23,28,89,23,5,23,28,91,23,29,23,9,93,23,29, 0000019P0000021
23,26,95,23,30,23,8,97,23,30,23,29,99,23,28,23,7,101,23,30,23,   0000019P0000022
28,103,23,11,23,20,105,23,16,23,25,107,23,12,23,21,109,23,15,23, 0000019P0000023
24,111,23,13,23,22,113,23,14,23,23,115,23,31,23,32,119,23,32,23, 0000019P0000024
33,123,23,33,23,34,125,23,34,23,35,127,23,35,23,31,129,23,36,23, 0000019P0000025
27,131,23,36,23,30,133,23,37,23,26,135,23,37,23,38,137,23,38,23, 0000019P0000026
27,139,23,39,23,29,141,23,39,23,37,143,23,36,23,39,145,23,31,23, 0000019P0000027
40,147,23,40,23,41,149,23,42,23,41,151,23,32,23,42,153,23,35,23, 0000019P0000028
43,155,23,40,23,43,157,23,34,23,44,159,23,43,23,44,161,23,33,23, 0000019P0000029
42,163,23,44,23,42,165,23,45,23,38,167,23,45,23,36,169,23,46,23, 0000019P0000030
37,171,23,46,23,47,173,23,47,23,38,175,23,48,23,39,177,23,48,23, 0000019P0000031
46,179,23,45,23,48,181,23,49,23,50,183,23,41,23,50,185,23,40,23, 0000019P0000032
49,187,23,44,23,51,189,23,51,23,41,191,23,43,23,52,193,23,49,23, 0000019P0000033
52,195,23,52,23,51,197,23,53,23,47,199,23,53,23,45,201,23,54,23, 0000019P0000034
46,203,23,54,23,50,205,23,50,23,47,207,23,55,23,48,209,23,55,23, 0000019P0000035
54,211,23,53,23,55,213,23,49,23,53,215,23,51,23,54,217,23,52,23, 0000019P0000036
55;                                                              0000019P0000037
110,-3.25,5.25,-1.7764536E-15,3.25,5.25,-1.776768073E-15;        0000021P0000038
502,55,-3.25,5.25,-1.276756478E-15,3.25,5.25,-1.276756478E-15,   0000023P0000039
-3.25,-5.25,1.054711873E-15,3.25,-5.25,8.326672685E-16,          0000023P0000040
2.252218783,-3.237732757E-07,2.498001086E-16,0.961299568,        0000023P0000041
2.320797139,-1.167361288E-15,1.699229361,-1.254258182,           0000023P0000042
2.813807393E-16,-1.699497105,-1.253895359,3.98121456E-16,        0000023P0000043
-0.961309765,2.320791285,1.172001462E-16,-5.25,5.25,2.,-5.25,    0000023P0000044
5.25,3.75,-3.,5.25,3.75,-3.,5.25,5.,3.,5.25,5.,3.,5.25,3.75,     0000023P0000045
5.25,5.25,3.75,5.25,5.25,2.,-5.25,-5.25,2.,5.25,-5.25,2.,-5.25,  0000023P0000046
-5.25,3.75,-3.,-5.25,3.75,-3.,-5.25,5.,3.,-5.25,5.,3.,-5.25,     0000023P0000047
3.75,5.25,-5.25,3.75,2.512009896,1.344530015E-08,0.649999736,    0000023P0000048
2.112,-2.172813263E-07,0.880957299,2.112,-5.069913985E-07,       0000023P0000049
8.096014907E-02,2.512007697,1.344408287E-08,0.549999736,2.112,   0000023P0000050
-2.172778266E-07,0.319066926,1.253966928,-1.699444305,5.,2.112,  0000023P0000051
1.110223025E-15,5.,1.254001456,1.699418827,5.,-2.320786013,      0000023P0000052
0.961300386,5.,-2.320785655,-0.961301084,5.,2.112,               0000023P0000053
-1.810647906E-07,1.119065754,2.512008247,1.120367208E-08,        0000023P0000054
1.44999978,2.112,-1.810672129E-07,1.680954434,2.512006414,       0000023P0000055
1.120282392E-08,1.34999978,2.112,-3.621286126E-08,4.319061062,   0000023P0000056
2.112,-7.242617065E-08,4.080945834,2.112,-3.621295729E-08,       0000023P0000057
4.880942971,2.512001283,2.240088311E-09,4.549999956,2.512001649, 0000023P0000058
2.240122467E-09,4.649999956,2.112,-1.448517301E-07,1.919064573,  0000023P0000059
2.512006597,8.962315838E-09,2.249999824,2.112,-1.448532866E-07,  0000023P0000060
2.48095156,2.512005131,8.961775188E-09,2.149999824,2.112,        0000023P0000061
-7.242578642E-08,3.519062233,2.112,-1.086396228E-07,3.280948697, 0000023P0000062
2.512003299,4.480559024E-09,3.849999912,2.512002566,             0000023P0000063
4.480422191E-09,3.749999912,2.112,-1.086387549E-07,2.719063403,  0000023P0000064
2.512004948,6.721292675E-09,3.049999868,2.512003848,             0000023P0000065
6.720985948E-09,2.949999868;                                     0000023P0000066
110,-3.25,5.25,-1.110319786E-15,-3.25,-5.25,1.221148566E-15;     0000025P0000067
110,-3.25,-5.25,1.776260078E-15,3.25,-5.25,1.775945606E-15;      0000027P0000068
110,3.25,5.25,-1.16614541E-15,3.25,-5.25,1.165322942E-15;        0000029P0000069
126,11,6,1,0,1,0,0.,0.,0.,0.,0.,0.,0.,0.476734187,0.476734187,   0000031P0000070
0.476734187,0.476734187,0.476734187,1.,1.,1.,1.,1.,1.,1.,1.,1.,  0000031P0000071
1.,1.,1.,1.,1.,1.,1.,1.,1.,1.,2.252218783,-3.237732757E-07,      0000031P0000072
-3.628888645E-19,2.273839213,0.220828668,-4.939782113E-17,       0000031P0000073
2.269281686,0.444701583,-9.91073736E-17,2.238316207,0.66758953,  0000031P0000074
-1.485969417E-16,2.181592812,0.885712787,-1.970272896E-16,       0000031P0000075
2.100320696,1.095543047,-2.436150349E-16,1.882367121,            0000031P0000076
1.511539056,-3.359741596E-16,1.740993099,1.715458774,            0000031P0000077
-3.812465932E-16,1.574764238,1.901365531,-4.225181433E-16,       0000031P0000078
1.386901809,2.065894746,-4.590418791E-16,1.181028531,            0000031P0000079
2.206331308,-4.902150997E-16,0.961299549,2.32079713,             0000031P0000080
-5.156209874E-16,0.,1.,4.838045482E-20,2.220446049E-16,1.;       0000031P0000081
126,6,6,1,0,1,0,0.,0.,0.,0.,0.,0.,0.,0.999949057,0.999949057,    0000033P0000082
0.999949057,0.999949057,0.999949057,0.999949057,0.999949057,1.,  0000033P0000083
1.,1.,1.,1.,1.,1.,2.252218783,-3.237732891E-07,-3.628888645E-19, 0000033P0000084
2.229445444,-0.23260481,5.128678427E-17,2.177618256,             0000033P0000085
-0.461964855,1.022174522E-16,2.096925721,-0.683288031,           0000033P0000086
1.513649733E-16,1.988672657,-0.89199392,1.977122274E-16,         0000033P0000087
1.854984017,-1.083646833,2.402741906E-16,1.699229358,            0000033P0000088
-1.25425818,2.781650551E-16,0.,0.999949057,4.838045547E-20,      0000033P0000089
2.220446049E-16,1.;                                              0000033P0000090
100,0.,0.,0.,1.699229359,1.254258181,-1.699497109,1.253895361;   0000035P0000091
124,1.,0.,0.,0.,0.,-1.,-2.220446049E-16,0.,0.,2.220446049E-16,   0000037P0000092
-1.,0.;                                                          0000037P0000093
126,21,6,1,0,1,0,0.,0.,0.,0.,0.,0.,0.,0.279973407,0.279973407,   0000039P0000094
0.279973407,0.279973407,0.279973407,0.537818565,0.537818565,     0000039P0000095
0.537818565,0.537818565,0.537818565,0.776838489,0.776838489,     0000039P0000096
0.776838489,0.776838489,0.776838489,0.99999032,0.99999032,       0000039P0000097
0.99999032,0.99999032,0.99999032,0.99999032,0.99999032,1.,1.,1., 0000039P0000098
1.,1.,1.,1.,1.,1.,1.,1.,1.,1.,1.,1.,1.,1.,1.,1.,1.,1.,1.,        0000039P0000099
-0.961309765,2.320791285,-5.155266727E-16,-1.137908712,          0000039P0000100
2.228791323,-4.950900336E-16,-1.305534341,2.120027432,           0000039P0000101
-4.709314886E-16,-1.462062405,1.995467406,-4.43266034E-16,       0000039P0000102
-1.605560116,1.856423238,-4.123850841E-16,-1.734260499,          0000039P0000103
1.7045028,-3.78645744E-16,-1.950172547,1.391737774,              0000039P0000104
-3.091875113E-16,-2.039879331,1.232518829,-2.738294636E-16,      0000039P0000105
-2.114590872,1.06557311,-2.367564528E-16,-2.173378742,           0000039P0000106
0.892618743,-1.983500245E-16,-2.215543832,0.715525601,           0000039P0000107
-1.590254077E-16,-2.264030044,0.370220897,-8.235001531E-17,      0000039P0000108
-2.272747191,0.202278188,-4.505882124E-17,-2.266544747,          0000039P0000109
3.412977887E-02,-7.722674188E-18,-2.245362322,-0.132562831,      0000039P0000110
2.928949568E-17,-2.209365339,-0.296108839,6.560226294E-17,       0000039P0000111
-2.112001219,-0.602970859,1.337346083E-16,-2.052470567,          0000039P0000112
-0.746929595,1.656969889E-16,-1.98078739,-0.885294854,           0000039P0000113
1.964167802E-16,-1.897522924,-1.016739907,2.255994167E-16,       0000039P0000114
-1.803432574,-1.13999709,2.52963457E-16,-1.699497108,            0000039P0000115
-1.253895362,2.782489252E-16,0.,0.99999032,4.838045468E-20,      0000039P0000116
2.220446049E-16,1.;                                              0000039P0000117
126,13,5,1,0,1,0,0.,0.,0.,0.,0.,0.,0.275999361,0.275999361,      0000041P0000118
0.275999361,0.275999361,0.637999086,0.637999086,0.637999086,     0000041P0000119
0.637999086,1.,1.,1.,1.,1.,1.,1.,1.,1.,1.,1.,1.,1.,1.,1.,1.,1.,  0000041P0000120
1.,1.,1.,0.961299568,2.320797139,-5.156209893E-16,0.860684394,   0000041P0000121
2.362472985,-5.248700182E-16,0.757810025,2.398696479,            0000041P0000122
-5.329082726E-16,0.653072462,2.429303704,-5.396993745E-16,       0000041P0000123
0.546880689,2.454175151,-5.452168075E-16,0.299022039,            0000041P0000124
2.498235488,-5.549881761E-16,0.156608057,2.513239432,            0000041P0000125
-5.58312831E-16,1.336893816E-02,2.518078339,-5.59380354E-16,     0000041P0000126
-0.129732987,2.512719737,-5.581835822E-16,-0.413736007,          0000041P0000127
2.481816407,-5.513079243E-16,-0.554641857,2.456271093,           0000041P0000128
-5.456289081E-16,-0.693488436,2.420737371,-5.377321193E-16,      0000041P0000129
-0.829342902,2.375453934,-5.276706037E-16,-0.961309758,          0000041P0000130
2.320791279,-5.155266714E-16,0.,1.,4.838045481E-20,              0000041P0000131
2.220446049E-16,1.;                                              0000041P0000132
110,-3.25,5.25,-6.350804046E-16,-5.25,5.25,2.;                   0000043P0000133
110,-5.25,5.25,3.75,-5.25,5.25,2.;                               0000045P0000134
110,-3.,5.25,3.75,-5.25,5.25,3.75;                               0000047P0000135
110,-3.,5.25,5.,-3.,5.25,3.75;                                   0000049P0000136
110,3.,5.25,5.,-3.,5.25,5.;                                      0000051P0000137
110,3.,5.25,3.75,3.,5.25,5.;                                     0000053P0000138
110,5.25,5.25,3.75,3.,5.25,3.75;                                 0000055P0000139
110,5.25,5.25,2.,5.25,5.25,3.75;                                 0000057P0000140
110,3.25,5.25,-6.350804046E-16,5.25,5.25,2.;                     0000059P0000141
110,-3.25,-5.25,5.424889394E-16,-5.25,-5.25,2.;                  0000061P0000142
110,-5.25,5.25,2.,-5.25,-5.25,2.;                                0000063P0000143
110,5.25,5.25,2.,5.25,-5.25,2.;                                  0000065P0000144
110,3.25,-5.25,4.24732005E-16,5.25,-5.25,2.;                     0000067P0000145
110,-5.25,-5.25,3.75,-5.25,-5.25,2.;                             0000069P0000146
110,-3.,-5.25,3.75,-5.25,-5.25,3.75;                             0000071P0000147
110,-3.,-5.25,5.,-3.,-5.25,3.75;                                 0000073P0000148
110,3.,-5.25,5.,-3.,-5.25,5.;                                    0000075P0000149
110,3.,-5.25,3.75,3.,-5.25,5.;                                   0000077P0000150
110,5.25,-5.25,3.75,3.,-5.25,3.75;                               0000079P0000151
110,5.25,-5.25,2.,5.25,-5.25,3.75;                               0000081P0000152
126,20,11,0,0,1,0,0.,0.,0.,0.,0.,0.,0.,0.,0.,0.,0.,0.,           0000083P0000153
3.166955068,3.166955068,3.166955068,3.166955068,3.166955068,     0000083P0000154
3.166955068,3.166955068,3.166955068,3.166955068,5.146299723,     0000083P0000155
5.146299723,5.146299723,5.146299723,5.146299723,5.146299723,     0000083P0000156
5.146299723,5.146299723,5.146299723,5.146299723,5.146299723,     0000083P0000157
5.146299723,1.,1.,1.,1.,1.,1.,1.,1.,1.,1.,1.,1.,1.,1.,1.,1.,1.,  0000083P0000158
1.,1.,1.,1.,2.512009896,1.34452991E-08,0.649999736,2.512010933,  0000083P0000159
-0.717427831,0.613636072,2.286681736,-1.43485118,0.577272195,    0000083P0000160
1.835740613,-2.073637998,0.540909257,1.190632638,-2.554963252,   0000083P0000161
0.504545077,0.412645009,-2.814314499,0.468181196,-0.412627271,   0000083P0000162
-2.814233334,0.431818121,-1.190589491,-2.55502611,0.395454237,   0000083P0000163
-1.835859166,-2.073608751,0.359090637,-2.286624946,-1.434856378, 0000083P0000164
0.322726979,-2.652872522,-0.26903605,0.263636102,-2.423967679,   0000083P0000165
0.896784162,0.204545225,-2.247887001,1.325969034,0.181817975,    0000083P0000166
-1.98848092,1.716737836,0.159090728,-1.655173244,2.051208549,    0000083P0000167
0.136363462,-1.261672707,2.314136787,0.11363621,-0.82510731,     0000083P0000168
2.494078441,9.090898347E-02,-0.364808304,2.584200976,            0000083P0000169
6.81817584E-02,9.90905754E-02,2.582639135,4.545451601E-02,       0000083P0000170
0.547041027,2.492387904,2.272725937E-02,0.961299568,2.320797139, 0000083P0000171
-4.891039265E-15,0.,5.146299723,-1.830892474E-10,                0000083P0000172
8.639796132E-02,0.996260705;                                     0000083P0000173
126,1,1,1,0,1,0,0.,0.,0.461897513,0.461897513,1.,1.,2.512009896, 0000085P0000174
1.344528933E-08,0.649999736,2.111999994,-4.345626594E-07,        0000085P0000175
0.880957289,0.,0.461897513,0.500019045,-0.,0.866014408;          0000085P0000176
126,85,7,0,0,1,0,0.,0.,0.,0.,0.,0.,0.,0.,4.200146244E-02,        0000087P0000177
4.200146244E-02,4.200146244E-02,4.200146244E-02,4.200146244E-02, 0000087P0000178
4.200146244E-02,0.132945285,0.132945285,0.132945285,0.132945285, 0000087P0000179
0.132945285,0.132945285,0.227841918,0.227841918,0.227841918,     0000087P0000180
0.227841918,0.227841918,0.227841918,0.289820306,0.289820306,     0000087P0000181
0.289820306,0.289820306,0.289820306,0.289820306,0.380871268,     0000087P0000182
0.380871268,0.380871268,0.380871268,0.380871268,0.380871268,     0000087P0000183
0.460729723,0.460729723,0.460729723,0.460729723,0.460729723,     0000087P0000184
0.460729723,0.502731536,0.502731536,0.502731536,0.502731536,     0000087P0000185
0.502731536,0.502731536,0.588810718,0.588810718,0.588810718,     0000087P0000186
0.588810718,0.588810718,0.588810718,0.629812273,0.629812273,     0000087P0000187
0.629812273,0.629812273,0.629812273,0.629812273,0.748135616,     0000087P0000188
0.748135616,0.748135616,0.748135616,0.748135616,0.748135616,     0000087P0000189
0.807086339,0.807086339,0.807086339,0.807086339,0.807086339,     0000087P0000190
0.807086339,0.868044744,0.868044744,0.868044744,0.868044744,     0000087P0000191
0.868044744,0.868044744,0.959336681,0.959336681,0.959336681,     0000087P0000192
0.959336681,0.959336681,0.959336681,1.,1.,1.,1.,1.,1.,1.,1.,1.,  0000087P0000193
1.,1.,1.,1.,1.,1.,1.,1.,1.,1.,1.,1.,1.,1.,1.,1.,1.,1.,1.,1.,1.,  0000087P0000194
1.,1.,1.,1.,1.,1.,1.,1.,1.,1.,1.,1.,1.,1.,1.,1.,1.,1.,1.,1.,1.,  0000087P0000195
1.,1.,1.,1.,1.,1.,1.,1.,1.,1.,1.,1.,1.,1.,1.,1.,1.,1.,1.,1.,1.,  0000087P0000196
1.,1.,1.,1.,1.,1.,1.,1.,1.,1.,1.,1.,1.,1.,1.,1.,1.,1.,1.,1.,1.,  0000087P0000197
1.,2.112,-4.345626428E-07,0.880957286,2.11199998,                0000087P0000198
-7.962115981E-02,0.876157701,2.108498025,-0.159242139,           0000087P0000199
0.871358747,2.101494206,-0.2386777,0.866559928,2.091000749,      0000087P0000200
-0.317743231,0.861760948,2.077041987,-0.396255535,0.856961669,   0000087P0000201
2.059654311,-0.474033189,0.852162076,1.993917719,-0.717326313,   0000087P0000202
0.836969373,1.933093236,-0.879497581,0.826573726,1.856906199,    0000087P0000203
-1.035553044,0.816178287,1.766117002,-1.183766033,0.805783754,   0000087P0000204
1.661706836,-1.322534193,0.795389249,1.544868574,-1.450395097,   0000087P0000205
0.784994157,1.283644448,-1.686760658,0.763756299,1.13823677,     0000087P0000206
-1.794223341,0.752910097,0.982428201,-1.8869751,0.742065559,     0000087P0000207
0.818016069,-1.96384568,0.731221814,0.646934446,-2.023930838,    0000087P0000208
0.720376903,0.47123377,-2.066601855,0.709530355,0.176731887,     0000087P0000209
-2.10786942,0.691602585,5.931788446E-02,-2.11662231,0.684519357, 0000087P0000210
-5.856355058E-02,-2.117741123,0.677436236,-0.176317218,          0000087P0000211
-2.111200941,0.670353197,-0.29334978,-2.097034709,0.663270069,   0000087P0000212
-0.409072438,-2.07533309,0.656186818,-0.69013026,-2.003510703,   0000087P0000213
0.638698381,-0.853307718,-1.94482645,0.628291485,-1.010564026,   0000087P0000214
-1.870661289,0.617885851,-1.160156025,-1.781755107,0.607481022,  0000087P0000215
-1.300462834,-1.679071257,0.597075462,-1.430001474,-1.563787265, 0000087P0000216
0.58666867,-1.650488565,-1.3264043,0.567137021,-1.74424622,      0000087P0000217
-1.206860485,0.558009843,-1.82785373,-1.079637405,0.548883145,   0000087P0000218
-1.900572258,-0.945775497,0.539756722,-1.961794829,-0.80639208,  0000087P0000219
0.53062986,-2.011050731,-0.662673263,0.5215024,-2.067475528,     0000087P0000220
-0.438666581,0.507575618,-2.083527874,-0.360601678,0.502775448,  0000087P0000221
-2.096139137,-0.281861253,0.497975292,-2.105276048,-0.202627271, 0000087P0000222
0.493175161,-2.110917462,-0.123083098,0.488375066,-2.113054354,  0000087P0000223
-4.341349537E-02,0.483575013,-2.108893322,0.19934706,            0000087P0000224
0.468937805,-2.091390258,0.362266332,0.459099592,-2.059202486,   0000087P0000225
0.523326948,0.449262402,-2.012583702,0.680949933,0.439425893,    0000087P0000226
-1.951985667,0.833607835,0.4295889,-1.878054372,0.979837746,     0000087P0000227
0.419751018,-1.75050259,1.18419836,0.405228721,-1.706517761,     0000087P0000228
1.24836722,0.400543192,-1.659793377,1.310622839,0.395857631,     0000087P0000229
-1.610429749,1.370825411,0.391172036,-1.558535749,1.428842154,   0000087P0000230
0.386486407,-1.504228822,1.484547313,0.381800748,-1.284314987,   0000087P0000231
1.691564072,0.363592995,-1.101876699,1.825135125,0.350064913,    0000087P0000232
-0.903426645,1.935555363,0.336541236,-0.692528482,2.020633237,   0000087P0000233
0.323019148,-0.473008879,2.078824977,0.309495529,-0.248954755,   0000087P0000234
2.109235785,0.295967488,8.707100945E-02,2.113161286,0.275708417, 0000087P0000235
0.198896425,2.107568591,0.268971342,0.310289336,2.095072068,     0000087P0000236
0.26223444,0.420738963,2.075713166,0.255497645,0.529741692,      0000087P0000237
2.049580164,0.24876077,0.636803113,2.016807811,0.242023753,      0000087P0000238
0.849640625,1.937010027,0.228320592,0.955254751,1.88953491,      0000087P0000239
0.22135407,1.057748069,1.835352311,0.21438767,1.156611386,       0000087P0000240
1.77471102,0.207421343,1.251362781,1.707906632,0.20045491,       0000087P0000241
1.341549689,1.63528026,0.193488331,1.55434937,1.44030929,        0000087P0000242
0.176089103,1.670791212,1.311185378,0.165654728,1.774636247,     0000087P0000243
1.171153584,0.155221589,1.864687915,1.021701215,0.144789422,     0000087P0000244
1.939965274,0.864456386,0.134356623,1.999712566,0.701172071,     0000087P0000245
0.12392241,2.062926458,0.459151633,0.108842446,2.079230842,      0000087P0000246
0.383740591,0.104195354,2.092317043,0.307662879,9.954819265E-02, 0000087P0000247
2.102153099,0.231083219,9.490099142E-02,2.108717661,0.154167683, 0000087P0000248
9.025382937E-02,2.112,7.708368847E-02,8.560683361E-02,2.112,     0000087P0000249
-8.881784197E-16,8.096017963E-02,0.,1.,1.287994835E-05,          0000087P0000250
0.118956117,0.992899513;                                         0000087P0000251
126,1,1,1,0,1,0,0.299987285,0.299987285,0.461900389,0.461900389, 0000089P0000252
1.,1.,2.252218783,-3.237732761E-07,-2.028599793E-13,2.112,       0000089P0000253
-5.069913989E-07,8.096014907E-02,0.299987285,0.461900389,        0000089P0000254
0.500022219,-0.,0.866012576;                                     0000089P0000255
126,20,8,0,0,1,0,0.,0.,0.,0.,0.,0.,0.,0.,0.,1.583477534,         0000091P0000256
1.583477534,1.583477534,1.583477534,1.583477534,1.583477534,     0000091P0000257
3.166955068,3.166955068,3.166955068,3.166955068,3.166955068,     0000091P0000258
3.166955068,4.354560932,4.354560932,4.354560932,4.354560932,     0000091P0000259
4.354560932,4.354560932,4.354560932,4.354560932,4.354560932,1.,  0000091P0000260
1.,1.,1.,1.,1.,1.,1.,1.,1.,1.,1.,1.,1.,1.,1.,1.,1.,1.,1.,1.,     0000091P0000261
2.512007697,1.34440814E-08,0.549999736,2.512008252,-0.493231162, 0000091P0000262
0.524999717,2.401354811,-0.986460094,0.499999594,2.179949337,    0000091P0000263
-1.450724472,0.474999785,1.857016986,-1.857020604,0.449999759,   0000091P0000264
1.450713684,-2.17996623,0.424999728,0.986464637,-2.401327106,    0000091P0000265
0.399999704,5.170828332E-06,-2.622689627,0.349999692,            0000091P0000266
-0.986463309,-2.401327843,0.299999718,-1.450722174,-2.179966187, 0000091P0000267
0.274999734,-1.857029484,-1.857024103,0.249999726,-2.179968514,  0000091P0000268
-1.450717787,0.224999711,-2.40132657,-0.986462814,0.199999709,   0000091P0000269
-2.595014924,-0.123308554,0.156249749,-2.449748711,0.739845655,  0000091P0000270
0.11249979,-2.325235229,1.097544079,9.37498263E-02,-2.141344102, 0000091P0000271
1.430795231,7.499985725E-02,-1.903836085,1.728220531,            0000091P0000272
5.624988643E-02,-1.621015825,1.980144324,3.749991984E-02,        0000091P0000273
-1.30307549,2.17922725,1.874995855E-02,-0.961309765,2.320791285, 0000091P0000274
-2.810245975E-14,0.,4.354560932,-1.30261385E-10,9.519333145E-02, 0000091P0000275
0.995458804;                                                     0000091P0000276
126,1,1,1,0,1,0,0.,0.,0.1,0.1,1.,1.,2.512007697,1.344407163E-08, 0000093P0000277
0.549999736,2.512009896,1.344528844E-08,0.649999736,0.,0.1,-1.,  0000093P0000278
0.,2.199085E-05;                                                 0000093P0000279
126,37,7,0,0,1,0,0.,0.,0.,0.,0.,0.,0.,0.,3.392677818E-02,        0000095P0000280
3.392677818E-02,3.392677818E-02,3.392677818E-02,3.392677818E-02, 0000095P0000281
3.392677818E-02,0.133473332,0.133473332,0.133473332,0.133473332, 0000095P0000282
0.133473332,0.133473332,0.222385831,0.222385831,0.222385831,     0000095P0000283
0.222385831,0.222385831,0.222385831,0.271984777,0.271984777,     0000095P0000284
0.271984777,0.271984777,0.271984777,0.271984777,0.375628182,     0000095P0000285
0.375628182,0.375628182,0.375628182,0.375628182,0.375628182,     0000095P0000286
0.398834626,0.398834626,0.398834626,0.398834626,0.398834626,     0000095P0000287
0.398834626,0.398834626,0.398834626,1.,1.,1.,1.,1.,1.,1.,1.,1.,  0000095P0000288
1.,1.,1.,1.,1.,1.,1.,1.,1.,1.,1.,1.,1.,1.,1.,1.,1.,1.,1.,1.,1.,  0000095P0000289
1.,1.,1.,1.,1.,1.,1.,1.,2.112,-4.345556439E-07,0.319066913,      0000095P0000290
2.111999984,-6.431303715E-02,0.31519,2.109715175,-0.128625646,   0000095P0000291
0.311312752,2.105145622,-0.192840467,0.307435333,2.098296528,    0000095P0000292
-0.256860246,0.303557864,2.089178253,-0.320588266,0.299680427,   0000095P0000293
2.077806309,-0.383928351,0.29580306,2.024282309,-0.631215855,    0000095P0000294
0.280549159,1.965129921,-0.811524274,0.269170877,1.887266631,    0000095P0000295
-0.985231675,0.257795329,1.791610965,-1.15003814,0.246420872,    0000095P0000296
1.679400118,-1.30381123,0.235044723,1.552175782,-1.444611546,    0000095P0000297
0.223666513,1.286482761,-1.683422984,0.202129736,1.150625391,    0000095P0000298
-1.784435875,0.191967422,1.005591244,-1.872588302,0.181806043,   0000095P0000299
0.85285009,-1.946907131,0.171645369,0.693980408,-2.006624349,    0000095P0000300
0.161484161,0.53065498,-2.05118406,0.151321999,0.272034886,      0000095P0000301
-2.096516346,0.13549317,0.178582446,-2.107939565,0.129825031,    0000095P0000302
8.458754384E-02,-2.114500352,0.124156955,-9.646272041E-03,       0000095P0000303
-2.116169594,0.118488911,-0.103814609,-2.112941895,0.112820815,  0000095P0000304
-0.197613078,-2.104835591,0.107152636,-0.48533498,-2.064847054,  0000095P0000305
8.964021632E-02,-0.677045771,-2.016675008,7.77928924E-02,        0000095P0000306
-0.863027539,-1.947753773,6.594759945E-02,-1.04061915,           0000095P0000307
-1.858944058,5.410360529E-02,-1.207331606,-1.751490594,          0000095P0000308
4.225828787E-02,-1.36087999,-1.627006133,3.041098714E-02,        0000095P0000309
-1.53024062,-1.456311364,1.591481004E-02,-1.560468373,           0000095P0000310
-1.424327753,1.326256656E-02,-1.589917089,-1.391611063,          0000095P0000311
1.061015994E-02,-1.618564703,-1.358184916,7.957657355E-03,       0000095P0000312
-1.646390285,-1.324073579,5.305108324E-03,-1.673374004,          0000095P0000313
-1.289301918,2.652548009E-03,-1.699497105,-1.253895359,          0000095P0000314
-9.701914995E-15,0.,0.398834626,-2.494827653E-05,0.118851783,    0000095P0000315
0.992912007;                                                     0000095P0000316
126,1,1,1,0,1,0,3.811676786E-02,3.811676786E-02,0.5,0.5,1.,1.,   0000097P0000317
2.112000006,-4.345556473E-07,0.319066916,2.512007697,            0000097P0000318
1.344407163E-08,0.549999736,3.811676786E-02,0.5,-0.499980955,0., 0000097P0000319
0.866036399;                                                     0000097P0000320
126,13,7,0,0,1,0,0.,0.,0.,0.,0.,0.,0.,0.,4.200209298E-02,        0000099P0000321
4.200209298E-02,4.200209298E-02,4.200209298E-02,4.200209298E-02, 0000099P0000322
4.200209298E-02,0.101203507,0.101203507,0.101203507,0.101203507, 0000099P0000323
0.101203507,0.101203507,0.101203507,0.101203507,1.,1.,1.,1.,1.,  0000099P0000324
1.,1.,1.,1.,1.,1.,1.,1.,1.,2.112,-5.069914124E-07,               0000099P0000325
8.096014907E-02,2.111999977,-7.962123224E-02,7.616056429E-02,    0000099P0000326
2.10849802,-0.159242212,7.136160976E-02,2.101494198,             0000099P0000327
-0.238677772,6.656279131E-02,2.091000738,-0.317743303,           0000099P0000328
6.176381147E-02,2.077041974,-0.396255606,5.696453249E-02,        0000099P0000329
2.059654295,-0.474033259,5.216493919E-02,2.009613599,            0000099P0000330
-0.659235371,4.059979262E-02,1.973622159,-0.765769408,           0000099P0000331
3.383330464E-02,1.931047916,-0.869986658,2.706646255E-02,        0000099P0000332
1.882074924,-0.971398228,2.02996796E-02,1.826929769,-1.06953796, 0000099P0000333
1.353304114E-02,1.765878999,-1.163963356,6.766473724E-03,        0000099P0000334
1.699229361,-1.254258182,-1.864489973E-14,0.,0.101203507,        0000099P0000335
-8.92122596E-06,0.118888068,0.992907663;                         0000099P0000336
110,2.112,-1.511975153E-16,0.319066926,2.112,-2.040678406E-16,   0000101P0000337
8.096014907E-02;                                                 0000101P0000338
110,-5.25,5.25,3.75,-5.25,-5.25,3.75;                            0000103P0000339
110,5.25,5.25,3.75,5.25,-5.25,3.75;                              0000105P0000340
110,-3.,5.25,3.75,-3.,-5.25,3.75;                                0000107P0000341
110,3.,5.25,3.75,3.,-5.25,3.75;                                  0000109P0000342
110,-3.,5.25,5.,-3.,-5.25,5.;                                    0000111P0000343
110,3.,5.25,5.,3.,-5.25,5.;                                      0000113P0000344
100,0.,0.,0.,1.253966928,-1.699444305,2.112,-5.17290808E-16;     0000115P0000345
124,1.,0.,0.,0.,0.,1.,2.220446049E-16,8.881784197E-16,0.,        0000117P0000346
-2.220446049E-16,1.,5.;                                          0000117P0000347
100,0.,0.,0.,2.112,0.,1.254001456,1.699418827;                   0000119P0000348
124,1.,0.,0.,0.,0.,1.,2.220446049E-16,8.881784197E-16,0.,        0000121P0000349
-2.220446049E-16,1.,5.;                                          0000121P0000350
126,21,6,1,0,1,0,7.079757945E-02,7.079757945E-02,                0000123P0000351
7.079757945E-02,7.079757945E-02,7.079757945E-02,7.079757945E-02, 0000123P0000352
7.079757945E-02,0.22204315,0.22204315,0.22204315,0.22204315,     0000123P0000353
0.22204315,0.459626372,0.459626372,0.459626372,0.459626372,      0000123P0000354
0.459626372,0.717764108,0.717764108,0.717764108,0.717764108,     0000123P0000355
0.717764108,1.,1.,1.,1.,1.,1.,1.,1.,1.,1.,1.,1.,1.,1.,1.,1.,1.,  0000123P0000356
1.,1.,1.,1.,1.,1.,1.,1.,1.,1.,1.,1.,1.254001457,1.699418828,5.,  0000123P0000357
1.170923438,1.775238832,5.,1.082869594,1.845816933,5.,           0000123P0000358
0.990288749,1.910779264,5.,0.893660186,1.969808417,5.,           0000123P0000359
0.793487614,2.022639426,5.,0.52821036,2.141990635,5.,            0000123P0000360
0.358649487,2.199124115,5.,0.183659943,2.239650167,5.,           0000123P0000361
5.312431014E-03,2.263151325,5.,-0.174332919,2.269509756,5.,      0000123P0000362
-0.547606035,2.247477495,5.,-0.741144719,2.216030036,5.,         0000123P0000363
-0.931230029,2.164879344,5.,-1.115447573,2.094754208,5.,         0000123P0000364
-1.291568448,2.006701401,5.,-1.639093734,1.787815298,5.,         0000123P0000365
-1.808575135,1.653722547,5.,-1.963393984,1.501689168,5.,         0000123P0000366
-2.101434089,1.33393012,5.,-2.220977712,1.152891929,5.,          0000123P0000367
-2.320786041,0.961300369,5.,7.079757945E-02,1.,-7.895834908E-17, 0000123P0000368
-3.553125709E-16,1.;                                             0000123P0000369
126,22,4,1,0,1,0,0.,0.,0.,0.,0.,0.23499992,0.23499992,           0000125P0000370
0.23499992,0.467999979,0.467999979,0.467999979,0.702000042,      0000125P0000371
0.702000042,0.702000042,0.934999992,0.934999992,0.934999992,     0000125P0000372
0.949999995,0.949999995,0.949999995,0.965999997,0.965999997,     0000125P0000373
0.965999997,1.,1.,1.,1.,1.,1.,1.,1.,1.,1.,1.,1.,1.,1.,1.,1.,1.,  0000125P0000374
1.,1.,1.,1.,1.,1.,1.,1.,1.,1.,1.,-2.320786013,0.961300386,5.,    0000125P0000375
-2.365141959,0.854214372,5.,-2.402909871,0.744398959,5.,         0000125P0000376
-2.433837126,0.632464398,5.,-2.481533417,0.406614497,5.,         0000125P0000377
-2.498420915,0.292723104,5.,-2.508316781,0.178012559,5.,         0000125P0000378
-2.514105098,-5.225290651E-02,5.,-2.509937293,-0.167810377,5.,   0000125P0000379
-2.49868505,-0.282894199,5.,-2.462295378,-0.510339691,5.,        0000125P0000380
-2.43721734,-0.622711909,5.,-2.405318897,-0.733341529,5.,        0000125P0000381
-2.364336839,-0.848592838,5.,-2.36183071,-0.855553952,5.,        0000125P0000382
-2.359297264,-0.862505171,5.,-2.354005143,-0.87685024,5.,        0000125P0000383
-2.351242713,-0.884242705,5.,-2.348449341,-0.891623534,5.,       0000125P0000384
-2.339623594,-0.914651655,5.,-2.333482701,-0.930257357,5.,       0000125P0000385
-2.327203137,-0.945807776,5.,-2.320785665,-0.961301073,5.,0.,1., 0000125P0000386
0.,1.064654185E-14,1.;                                           0000125P0000387
126,21,6,1,0,1,0,0.,0.,0.,0.,0.,0.,0.,0.282235924,0.282235924,   0000127P0000388
0.282235924,0.282235924,0.282235924,0.540373661,0.540373661,     0000127P0000389
0.540373661,0.540373661,0.540373661,0.777956845,0.777956845,     0000127P0000390
0.777956845,0.777956845,0.777956845,0.929198115,0.929198115,     0000127P0000391
0.929198115,0.929198115,0.929198115,0.929198115,0.929198115,1.,  0000127P0000392
1.,1.,1.,1.,1.,1.,1.,1.,1.,1.,1.,1.,1.,1.,1.,1.,1.,1.,1.,1.,1.,  0000127P0000393
-2.320785655,-0.961301084,5.,-2.220977697,-1.152891284,5.,       0000127P0000394
-2.101434666,-1.333928193,5.,-1.96339537,-1.501686082,5.,        0000127P0000395
-1.808577557,-1.653718499,5.,-1.639097409,-1.787810568,5.,       0000127P0000396
-1.291574844,-2.006696004,5.,-1.11545542,-2.094748772,5.,        0000127P0000397
-0.931239408,-2.164874212,5.,-0.74115564,-2.216025562,5.,        0000127P0000398
-0.547618437,-2.247473987,5.,-0.174347945,-2.26950852,5.,        0000127P0000399
5.296247706E-03,-2.263151358,5.,0.183642745,-2.239651639,5.,     0000127P0000400
0.358631364,-2.199126976,5.,0.528191485,-2.141994959,5.,         0000127P0000401
0.793464841,-2.022647628,5.,0.893634353,-1.969819331,5.,         0000127P0000402
0.990260151,-1.910793284,5.,1.082838579,-1.84583443,5.,          0000127P0000403
1.170890423,-1.775260158,5.,1.253966929,-1.699444306,5.,0.,      0000127P0000404
0.929198115,-2.763587948E-16,-3.158386226E-16,1.;                0000127P0000405
110,2.112,2.643790829E-17,1.119065754,2.112,-2.64327895E-17,     0000129P0000406
0.880957299;                                                     0000129P0000407
126,85,7,0,0,1,0,0.,0.,0.,0.,0.,0.,0.,0.,3.392679882E-02,        0000131P0000408
3.392679882E-02,3.392679882E-02,3.392679882E-02,3.392679882E-02, 0000131P0000409
3.392679882E-02,0.133473033,0.133473033,0.133473033,0.133473033, 0000131P0000410
0.133473033,0.133473033,0.222385395,0.222385395,0.222385395,     0000131P0000411
0.222385395,0.222385395,0.222385395,0.271983365,0.271983365,     0000131P0000412
0.271983365,0.271983365,0.271983365,0.271983365,0.375606598,     0000131P0000413
0.375606598,0.375606598,0.375606598,0.375606598,0.375606598,     0000131P0000414
0.50154565,0.50154565,0.50154565,0.50154565,0.50154565,          0000131P0000415
0.50154565,0.538030825,0.538030825,0.538030825,0.538030825,      0000131P0000416
0.538030825,0.538030825,0.626032492,0.626032492,0.626032492,     0000131P0000417
0.626032492,0.626032492,0.626032492,0.736021129,0.736021129,     0000131P0000418
0.736021129,0.736021129,0.736021129,0.736021129,0.785030595,     0000131P0000419
0.785030595,0.785030595,0.785030595,0.785030595,0.785030595,     0000131P0000420
0.869032692,0.869032692,0.869032692,0.869032692,0.869032692,     0000131P0000421
0.869032692,0.956334287,0.956334287,0.956334287,0.956334287,     0000131P0000422
0.956334287,0.956334287,0.984193057,0.984193057,0.984193057,     0000131P0000423
0.984193057,0.984193057,0.984193057,1.,1.,1.,1.,1.,1.,1.,1.,1.,  0000131P0000424
1.,1.,1.,1.,1.,1.,1.,1.,1.,1.,1.,1.,1.,1.,1.,1.,1.,1.,1.,1.,1.,  0000131P0000425
1.,1.,1.,1.,1.,1.,1.,1.,1.,1.,1.,1.,1.,1.,1.,1.,1.,1.,1.,1.,1.,  0000131P0000426
1.,1.,1.,1.,1.,1.,1.,1.,1.,1.,1.,1.,1.,1.,1.,1.,1.,1.,1.,1.,1.,  0000131P0000427
1.,1.,1.,1.,1.,1.,1.,1.,1.,1.,1.,1.,1.,1.,1.,1.,1.,1.,1.,1.,1.,  0000131P0000428
1.,2.112,-3.621295539E-07,1.119065743,2.111999986,               0000131P0000429
-6.431295741E-02,1.11518883,2.10971518,-0.128625559,1.111311583, 0000131P0000430
2.10514563,-0.192840373,1.107434164,2.09829654,-0.256860145,     0000131P0000431
1.103556696,2.089178269,-0.320588158,1.099679259,2.07780633,     0000131P0000432
-0.383928237,1.095801893,2.024282503,-0.631215011,1.080548037,   0000131P0000433
1.965130434,-0.81152274,1.0691698,1.887267608,-0.985229513,      0000131P0000434
1.057794296,1.791612539,-1.15003544,1.046419884,1.679402402,     0000131P0000435
-1.303808106,1.035043779,1.55217887,-1.444608131,1.023665614,    0000131P0000436
1.286487287,-1.683419488,1.002128906,1.150630501,-1.78443252,    0000131P0000437
0.991966614,1.005596944,-1.872585171,0.981805258,0.852856374,    0000131P0000438
-1.946904312,0.971644607,0.693987256,-2.006621927,0.961483422,   0000131P0000439
0.530662359,-2.051182119,0.951321283,0.2720447,-2.096514987,     0000131P0000440
0.935492592,0.178594229,-2.107938424,0.929824569,                0000131P0000441
8.460129214E-02,-2.11449963,0.924156609,-9.630579265E-03,        0000131P0000442
-2.116169494,0.91848868,-0.103797012,-2.112942617,0.9128207,     0000131P0000443
-0.197593635,-2.104837331,0.907152637,-0.485276025,-2.064857259, 0000131P0000444
0.889642647,-0.676950388,-2.016700698,0.87779764,-0.862898741,   0000131P0000445
-1.947802931,0.865954661,-1.040461474,-1.859024032,0.854112981,  0000131P0000446
-1.207150958,-1.751607817,0.842269978,-1.360683462,-1.627165862, 0000131P0000447
0.830424993,-1.667220435,-1.318299034,0.804191039,-1.813133312,  0000131P0000448
-1.126584069,0.789791445,-1.933073984,-0.916262798,0.775398652,  0000131P0000449
-2.024348409,-0.691611285,0.761008096,-2.08508513,-0.457235605,  0000131P0000450
0.746615303,-2.114232232,-0.21807912,0.732215699,-2.111223231,   0000131P0000451
8.979858807E-02,0.713654088,-2.10790512,0.158931364,0.709484579, 0000131P0000452
-2.101946039,0.227916869,0.70531504,-2.093354111,0.29663415,     0000131P0000453
0.701145474,-2.08214435,0.364963125,0.696975887,-2.068338663,    0000131P0000454
0.432784578,0.692806284,-2.012474876,0.662054842,0.678579633,    0000131P0000455
-1.958043591,0.820511748,0.668521211,-1.889077146,0.973659228,   0000131P0000456
0.658463725,-1.806216827,1.11991317,0.648406909,-1.710301615,    0000131P0000457
1.257792738,0.638349609,-1.602360678,1.385933609,0.628291499,    0000131P0000458
-1.335250069,1.649582196,0.605665494,-1.169946984,1.779002289,   0000131P0000459
0.59309245,-0.990159352,1.888943394,0.580522466,-0.798662977,    0000131P0000460
1.977538935,0.567954301,-0.598477754,2.043391705,0.555384133,    0000131P0000461
-0.392823395,2.085594407,0.542810891,-9.258567609E-02,           0000131P0000462
2.11201392,0.524640724,3.784639443E-04,2.115408122,0.519039876,  0000131P0000463
9.346718842E-02,2.114027174,0.51343907,0.186386325,2.107867911,  0000131P0000464
0.507838305,0.278842809,2.096949767,0.502237532,0.370545478,     0000131P0000465
2.081314713,0.496636742,0.616597523,2.026254477,0.481436482,     0000131P0000466
0.768947492,1.977809481,0.471835977,0.916781327,1.916016837,     0000131P0000467
0.462236343,1.058707801,1.841397939,0.452637327,1.193416897,     0000131P0000468
1.754641509,0.44303787,1.319690373,1.656598057,0.433437507,      0000131P0000469
1.55774464,1.435744562,0.413861246,1.668790624,1.312085814,      0000131P0000470
0.403883035,1.768313824,1.178471857,0.393905359,1.855267002,     0000131P0000471
1.036201673,0.38392772,1.928783586,0.886693251,0.373949301,      0000131P0000472
1.988185309,0.731470989,0.363970522,2.047325375,0.521336372,     0000131P0000473
0.350810227,2.060149218,0.470084649,0.347626665,2.071475512,     0000131P0000474
0.418467557,0.344443203,2.081291926,0.366537616,0.341259841,     0000131P0000475
2.089588447,0.314347773,0.338076569,2.096357385,0.261951404,     0000131P0000476
0.334893358,2.104564237,0.179586186,0.329904037,2.107041597,     0000131P0000477
0.149720865,0.328097912,2.109024465,0.119816154,0.326291783,     0000131P0000478
2.110512108,8.9881871E-02,0.324485638,2.111504035,               0000131P0000479
5.992784986E-02,0.322679462,2.112,2.99639387E-02,0.320873237,    0000131P0000480
2.112,-8.881784197E-16,0.319066939,0.,1.,-2.489020108E-05,       0000131P0000481
0.118850761,0.992912129;                                         0000131P0000482
126,20,11,0,0,1,0,0.,0.,0.,0.,0.,0.,0.,0.,0.,0.,0.,0.,           0000133P0000483
3.166955068,3.166955068,3.166955068,3.166955068,3.166955068,     0000133P0000484
3.166955068,3.166955068,3.166955068,3.166955068,6.333910135,     0000133P0000485
6.333910135,6.333910135,6.333910135,6.333910135,6.333910135,     0000133P0000486
6.333910135,6.333910135,6.333910135,6.333910135,6.333910135,     0000133P0000487
6.333910135,1.,1.,1.,1.,1.,1.,1.,1.,1.,1.,1.,1.,1.,1.,1.,1.,1.,  0000133P0000488
1.,1.,1.,1.,2.512008247,1.120366999E-08,1.44999978,2.512009283,  0000133P0000489
-0.717427363,1.413636116,2.286680233,-1.43485024,1.37727224,     0000133P0000490
1.835739406,-2.073636638,1.3409093,1.190631854,-2.554961576,     0000133P0000491
1.304545121,0.412644736,-2.814312651,1.26818124,-0.412627003,    0000133P0000492
-2.814231487,1.231818165,-1.190588711,-2.555024431,1.195454281,  0000133P0000493
-1.835857963,-2.073607388,1.159090681,-2.286623446,-1.434855434, 0000133P0000494
1.122727023,-2.737389595,4.36584271E-08,1.049999758,             0000133P0000495
-2.286622884,1.434855344,0.977272493,-1.835855327,2.073610103,   0000133P0000496
0.940908835,-1.190604588,2.555008097,0.904545235,-0.412605983,   0000133P0000497
2.814285131,0.868181351,0.412641682,2.814229811,0.831818275,     0000133P0000498
1.190604201,2.555018096,0.795454395,1.835778218,2.073623772,     0000133P0000499
0.759090215,2.28666195,1.434849613,0.722727277,2.512008859,      0000133P0000500
0.717427387,0.6863634,2.512009896,1.344528844E-08,0.649999736,   0000133P0000501
0.,6.333910135,-1.059589592E-10,8.639801762E-02,0.9962607;       0000133P0000502
126,1,1,1,0,1,0,0.,0.,0.46189463,0.46189463,1.,1.,2.512008247,   0000135P0000503
1.120364157E-08,1.44999978,2.111999995,-3.621344305E-07,         0000135P0000504
1.680954426,0.,0.46189463,0.50001587,-0.,0.866016241;            0000135P0000505
126,85,7,0,0,1,0,0.,0.,0.,0.,0.,0.,0.,0.,4.200148641E-02,        0000137P0000506
4.200148641E-02,4.200148641E-02,4.200148641E-02,4.200148641E-02, 0000137P0000507
4.200148641E-02,0.132945225,0.132945225,0.132945225,0.132945225, 0000137P0000508
0.132945225,0.132945225,0.227839564,0.227839564,0.227839564,     0000137P0000509
0.227839564,0.227839564,0.227839564,0.28978497,0.28978497,       0000137P0000510
0.28978497,0.28978497,0.28978497,0.28978497,0.380551458,         0000137P0000511
0.380551458,0.380551458,0.380551458,0.380551458,0.380551458,     0000137P0000512
0.461083327,0.461083327,0.461083327,0.461083327,0.461083327,     0000137P0000513
0.461083327,0.503085163,0.503085163,0.503085163,0.503085163,     0000137P0000514
0.503085163,0.503085163,0.591740353,0.591740353,0.591740353,     0000137P0000515
0.591740353,0.591740353,0.591740353,0.629741828,0.629741828,     0000137P0000516
0.629741828,0.629741828,0.629741828,0.629741828,0.747729908,     0000137P0000517
0.747729908,0.747729908,0.747729908,0.747729908,0.747729908,     0000137P0000518
0.807137802,0.807137802,0.807137802,0.807137802,0.807137802,     0000137P0000519
0.807137802,0.868234806,0.868234806,0.868234806,0.868234806,     0000137P0000520
0.868234806,0.868234806,0.960020498,0.960020498,0.960020498,     0000137P0000521
0.960020498,0.960020498,0.960020498,1.,1.,1.,1.,1.,1.,1.,1.,1.,  0000137P0000522
1.,1.,1.,1.,1.,1.,1.,1.,1.,1.,1.,1.,1.,1.,1.,1.,1.,1.,1.,1.,1.,  0000137P0000523
1.,1.,1.,1.,1.,1.,1.,1.,1.,1.,1.,1.,1.,1.,1.,1.,1.,1.,1.,1.,1.,  0000137P0000524
1.,1.,1.,1.,1.,1.,1.,1.,1.,1.,1.,1.,1.,1.,1.,1.,1.,1.,1.,1.,1.,  0000137P0000525
1.,1.,1.,1.,1.,1.,1.,1.,1.,1.,1.,1.,1.,1.,1.,1.,1.,1.,1.,1.,1.,  0000137P0000526
1.,2.112,-3.621343989E-07,1.680954423,2.111999982,               0000137P0000527
-7.962108738E-02,1.676154838,2.108498031,-0.159242067,           0000137P0000528
1.671355884,2.101494215,-0.238677628,1.666557065,2.09100076,     0000137P0000529
-0.317743159,1.661758085,2.077042001,-0.396255464,1.656958806,   0000137P0000530
2.059654328,-0.474033118,1.652159213,1.993917811,-0.717325996,   0000137P0000531
1.636966526,1.933093448,-0.879497031,1.626570894,1.856906575,    0000137P0000532
-1.035552282,1.616175471,1.766117584,-1.183765088,1.605780953,   0000137P0000533
1.66170766,-1.322533101,1.595386464,1.544869669,-1.4503939,      0000137P0000534
1.584991386,1.283649246,-1.686756532,1.563753812,1.138245561,    0000137P0000535
-1.794217011,1.55290788,0.982441447,-1.886967339,1.542063609,    0000137P0000536
0.818034094,-1.963837341,1.531220133,0.646957419,-2.023922826,   0000137P0000537
1.520375491,0.471261701,-2.066595098,1.509529211,0.176826857,    0000137P0000538
-2.107857968,1.491605483,5.947611124E-02,-2.116612052,           0000137P0000539
1.484526029,-5.834200519E-02,-2.117740241,1.477446681,           0000137P0000540
-0.176033247,-2.11121762,1.470367416,-0.293005221,-2.097077008,  0000137P0000541
1.463288062,-0.408670056,-2.075408821,1.456208584,-0.689160654,  0000137P0000542
-2.003798046,1.438756436,-0.851853612,-1.945383222,1.428382079,  0000137P0000543
-1.008671693,-1.87158138,1.418008966,-1.157887537,-1.783124184,  0000137P0000544
1.407636646,-1.297894368,-1.680964176,1.397263608,-1.427221374,  0000137P0000545
-1.566265648,1.386889356,-1.648688159,-1.328787538,1.367313275,  0000137P0000546
-1.743400237,-1.208352368,1.358109111,-1.827798279,-1.080095224, 0000137P0000547
1.348905449,-1.901123677,-0.945082547,1.339702077,-1.962754076,  0000137P0000548
-0.804460253,1.330498249,-2.01220797,-0.659445283,1.321293798,   0000137P0000549
-2.06844434,-0.434075383,1.307290062,-2.084323331,-0.355975032,  0000137P0000550
1.302489893,-2.096759747,-0.2772068,1.297689738,-2.105720724,    0000137P0000551
-0.197952727,1.292889609,-2.111185523,-0.118396223,1.288089515,  0000137P0000552
-2.113145531,-3.872207148E-02,1.283289464,-2.108351016,          0000137P0000553
0.208910843,1.268357878,-2.089498374,0.376658902,1.258225111,    0000137P0000554
-2.055073618,0.542348673,1.248093512,-2.005365864,0.704256612,   0000137P0000555
1.237962685,-1.940885919,0.860718979,1.227831284,-1.862361621,   0000137P0000556
1.010146963,1.217698846,-1.731507949,1.211451024,1.203224988,    0000137P0000557
-1.689843516,1.270287386,1.198882294,-1.645850469,1.327446348,   0000137P0000558
1.194539571,-1.599610178,1.382817722,1.190196819,-1.551210288,   0000137P0000559
1.436296555,1.185854039,-1.500744715,1.487783137,1.181511231,    0000137P0000560
-1.285524167,1.690561114,1.16368465,-1.10371631,1.823890378,     0000137P0000561
1.150194969,-0.905968477,1.934215662,1.136709627,-0.695811401,   0000137P0000562
2.019360223,1.123225854,-0.477037114,2.077787671,1.109740565,    0000137P0000563
-0.253695883,2.108603265,1.096250918,8.254973481E-02,            0000137P0000564
2.113388738,1.075977918,0.195257204,2.107986088,1.06918859,      0000137P0000565
0.307539242,2.095570963,1.062399441,0.418872988,2.076184829,     0000137P0000566
1.055610404,0.528742913,2.049917464,1.048821285,0.636642939,     0000137P0000567
2.016906581,1.042032018,0.850511981,1.93664328,1.028260776,      0000137P0000568
0.956344962,1.889010305,1.021278414,1.059039531,1.834640789,     0000137P0000569
1.014296176,1.158083143,1.773785503,1.007314012,1.252990803,     0000137P0000570
1.70674243,1.00033174,1.343307185,1.633855467,0.993349322,       0000137P0000571
1.55675681,1.437819832,0.975877833,1.673612935,1.307791281,      0000137P0000572
0.965386994,1.777714436,1.166758887,0.954897424,1.867848343,     0000137P0000573
1.016236853,0.94440885,1.943022236,0.857882627,0.933919622,      0000137P0000574
2.002474039,0.69348047,0.923428932,2.064557949,0.451539708,      0000137P0000575
0.908370675,2.080322002,0.377342186,0.903801729,2.092973145,     0000137P0000576
0.302510932,0.899232717,2.102481505,0.227202586,0.894663671,     0000137P0000577
2.108827133,0.151575027,0.890094666,2.112,7.578737711E-02,       0000137P0000578
0.885525824,2.112,-8.881784197E-16,0.880957312,0.,1.,            0000137P0000579
1.350267216E-05,0.118952435,0.992899954;                         0000137P0000580
126,26,8,0,0,1,0,0.,0.,0.,0.,0.,0.,0.,0.,0.,1.583477534,         0000139P0000581
1.583477534,1.583477534,1.583477534,1.583477534,1.583477534,     0000139P0000582
3.166955068,3.166955068,3.166955068,3.166955068,3.166955068,     0000139P0000583
3.166955068,4.750432602,4.750432602,4.750432602,4.750432602,     0000139P0000584
4.750432602,4.750432602,6.333910135,6.333910135,6.333910135,     0000139P0000585
6.333910135,6.333910135,6.333910135,6.333910135,6.333910135,     0000139P0000586
6.333910135,1.,1.,1.,1.,1.,1.,1.,1.,1.,1.,1.,1.,1.,1.,1.,1.,1.,  0000139P0000587
1.,1.,1.,1.,1.,1.,1.,1.,1.,1.,2.512006414,1.120282178E-08,       0000139P0000588
1.34999978,2.512006969,-0.493230913,1.324999761,2.401353584,     0000139P0000589
-0.986459593,1.299999638,2.179948223,-1.450723733,1.274999829,   0000139P0000590
1.857016036,-1.857019657,1.249999803,1.450712942,-2.179965118,   0000139P0000591
1.224999772,0.986464131,-2.40132588,1.199999748,5.168488936E-06, 0000139P0000592
-2.622688288,1.149999736,-0.986462807,-2.401326616,1.099999762,  0000139P0000593
-1.450721435,-2.179965072,1.074999778,-1.857028538,-1.857023153, 0000139P0000594
1.04999977,-2.179967402,-1.450717045,1.024999755,-2.401325345,   0000139P0000595
-0.986462308,0.999999753,-2.622683532,1.359902679E-08,           0000139P0000596
0.949999758,-2.401325046,0.986462269,0.899999763,-2.179967162,   0000139P0000597
1.450716891,0.874999761,-1.857029448,1.857023324,0.849999746,    0000139P0000598
-1.45072193,2.179966158,0.824999738,-0.986462898,2.401326817,    0000139P0000599
0.799999754,5.166076269E-06,2.622687045,0.74999978,0.98646404,   0000139P0000600
2.40132529,0.699999768,1.45071294,2.179965007,0.674999744,       0000139P0000601
1.857017196,1.857025298,0.649999713,2.179953118,1.450720746,     0000139P0000602
0.624999687,2.401346617,0.986459368,0.599999878,2.512007142,     0000139P0000603
0.493230937,0.574999755,2.512007697,1.344407163E-08,0.549999736, 0000139P0000604
0.,6.333910135,-4.538644841E-11,9.519337962E-02,0.995458799;     0000139P0000605
126,1,1,1,0,1,0,0.,0.,0.1,0.1,1.,1.,2.512006414,1.120279336E-08, 0000141P0000606
1.34999978,2.512008247,1.120364157E-08,1.44999978,0.,0.1,-1.,0., 0000141P0000607
1.832572E-05;                                                    0000141P0000608
126,1,1,1,0,1,0,3.811727066E-02,3.811727066E-02,0.5,0.5,1.,1.,   0000143P0000609
2.112000005,-3.621295772E-07,1.119065746,2.512006414,            0000143P0000610
1.120279425E-08,1.34999978,3.811727066E-02,0.5,-0.499984129,0.,  0000143P0000611
0.866034566;                                                     0000143P0000612
126,73,7,0,0,1,0,8.811815794E-07,8.811815794E-07,                0000145P0000613
8.811815794E-07,8.811815794E-07,8.811815794E-07,8.811815794E-07, 0000145P0000614
8.811815794E-07,8.811815794E-07,8.641793161E-02,8.641793161E-02, 0000145P0000615
8.641793161E-02,8.641793161E-02,8.641793161E-02,8.641793161E-02, 0000145P0000616
0.144681675,0.144681675,0.144681675,0.144681675,0.144681675,     0000145P0000617
0.144681675,0.266288914,0.266288914,0.266288914,0.266288914,     0000145P0000618
0.266288914,0.266288914,0.414688709,0.414688709,0.414688709,     0000145P0000619
0.414688709,0.414688709,0.414688709,0.457414457,0.457414457,     0000145P0000620
0.457414457,0.457414457,0.457414457,0.457414457,0.560802968,     0000145P0000621
0.560802968,0.560802968,0.560802968,0.560802968,0.560802968,     0000145P0000622
0.690267396,0.690267396,0.690267396,0.690267396,0.690267396,     0000145P0000623
0.690267396,0.74733691,0.74733691,0.74733691,0.74733691,         0000145P0000624
0.74733691,0.74733691,0.846026647,0.846026647,0.846026647,       0000145P0000625
0.846026647,0.846026647,0.846026647,0.948217433,0.948217433,     0000145P0000626
0.948217433,0.948217433,0.948217433,0.948217433,0.981221643,     0000145P0000627
0.981221643,0.981221643,0.981221643,0.981221643,0.981221643,1.,  0000145P0000628
1.,1.,1.,1.,1.,1.,1.,1.,1.,1.,1.,1.,1.,1.,1.,1.,1.,1.,1.,1.,1.,  0000145P0000629
1.,1.,1.,1.,1.,1.,1.,1.,1.,1.,1.,1.,1.,1.,1.,1.,1.,1.,1.,1.,1.,  0000145P0000630
1.,1.,1.,1.,1.,1.,1.,1.,1.,1.,1.,1.,1.,1.,1.,1.,1.,1.,1.,1.,1.,  0000145P0000631
1.,1.,1.,1.,1.,1.,1.,1.,1.,1.,1.,1.,1.,1.,1.,1.,1.,1.,           0000145P0000632
1.253966928,-1.699444305,5.,1.141770495,-1.782230551,            0000145P0000633
4.991594041,1.023190461,-1.856380401,4.983187488,0.899037042,    0000145P0000634
-1.921293083,4.974781334,0.770177087,-1.976477158,4.966375482,   0000145P0000635
0.637523715,-2.021541591,4.957969441,0.502030785,-2.05619811,    0000145P0000636
4.949563045,0.272096348,-2.096507829,4.935489861,0.17865628,     0000145P0000637
-2.107932409,4.929822449,8.467373409E-02,-2.114495824,           0000145P0000638
4.924155101,-9.547857668E-03,-2.116168963,4.918487784,           0000145P0000639
-0.103704221,-2.112946418,4.912820416,-0.197491082,-2.104846502, 0000145P0000640
4.907152965,-0.484951063,-2.064913015,4.889656641,-0.676419697,  0000145P0000641
-2.016843068,4.877824706,-0.862179225,-1.948076953,4.865994788,  0000145P0000642
-1.039578627,-1.859471174,4.85416616,-1.206138,-1.752264404,     0000145P0000643
4.842336216,-1.359580298,-1.628061611,4.830504302,-1.666704056,  0000145P0000644
-1.319080701,4.804240536,-1.813134173,-1.126840355,4.789797965,  0000145P0000645
-1.933439887,-0.915873381,4.775362296,-2.024902744,-0.690494611, 0000145P0000646
4.760928888,-2.085636506,-0.455352003,4.746493218,-2.114583733,  0000145P0000647
-0.215434537,4.732050632,-2.111080607,9.292507051E-02,           0000145P0000648
4.713459651,-2.10767241,0.161828812,4.709303638,-2.101640544,    0000145P0000649
0.230582464,4.705147595,-2.092993222,0.299066255,4.700991526,    0000145P0000650
-2.081745457,0.367161282,4.696835436,-2.067919066,0.434749507,   0000145P0000651
4.69267933,-2.011914766,0.663755011,4.678466176,-1.957349615,    0000145P0000652
0.822165869,4.668407754,-1.888253797,0.975255021,4.658350268,    0000145P0000653
-1.805269933,1.121438898,4.648293452,-1.709238257,1.259237375,   0000145P0000654
4.638236154,-1.601189089,1.387286997,4.628178045,-1.333574713,   0000145P0000655
1.650986787,4.605528252,-1.167817072,1.780479643,4.592931395,    0000145P0000656
-0.987541131,1.890402686,4.580337621,-0.795540924,1.978882181,   0000145P0000657
4.567745682,-0.594855596,2.044517459,4.555151717,-0.38872475,    0000145P0000658
2.086401675,4.542554642,-8.885639051E-02,2.112138129,            0000145P0000659
4.524410222,3.289062452E-03,2.115345541,4.518858905,             0000145P0000660
9.554936482E-02,2.113861852,4.51330763,0.187638091,2.107684404,  0000145P0000661
4.507756394,0.2792699,2.096832342,4.502205151,0.370161299,       0000145P0000662
2.081346565,4.496653891,0.615442841,2.026605492,4.481503159,     0000145P0000663
0.767820389,1.978247315,4.471902654,0.915689407,1.916538919,     0000145P0000664
4.462303019,1.057658375,1.842000906,4.452704002,1.192416883,     0000145P0000665
1.755321251,4.443104546,1.318746203,1.657349768,4.433504183,     0000145P0000666
1.556482045,1.437043619,4.413964438,1.667229094,1.313941159,     0000145P0000667
4.404022766,1.766547804,1.180945544,4.394081616,1.853400954,     0000145P0000668
1.039340313,4.384140496,1.926929257,0.890526573,4.374198602,     0000145P0000669
1.986458878,0.736010648,4.364256347,2.046095836,0.526185886,     0000145P0000670
4.351105842,2.05914783,0.474534436,4.347895583,2.070677898,      0000145P0000671
0.422507981,4.344685424,2.080673275,0.370160353,4.34147537,      0000145P0000672
2.089123595,0.317545826,4.338265406,2.09602089,0.264719113,      0000145P0000673
4.335055507,2.104397145,0.18158929,4.330019308,2.106930146,      0000145P0000674
0.151392344,4.328192992,2.108957572,0.121154674,4.326366674,     0000145P0000675
2.110478656,9.08864316E-02,4.324540339,2.111492884,              0000145P0000676
6.059778388E-02,4.322713973,2.112,3.029890942E-02,4.320887557,   0000145P0000677
2.112,8.881784197E-16,4.319061067,8.811815794E-07,1.,            0000145P0000678
4.95007163E-02,9.815085899E-02,0.99393968;                       0000145P0000679
110,2.112,7.369796023E-16,4.319061062,2.112,6.841074004E-16,     0000147P0000680
4.080945834;                                                     0000147P0000681
126,79,7,0,0,1,0,0.,0.,0.,0.,0.,0.,0.,0.,4.200205058E-02,        0000149P0000682
4.200205058E-02,4.200205058E-02,4.200205058E-02,4.200205058E-02, 0000149P0000683
4.200205058E-02,0.132946986,0.132946986,0.132946986,0.132946986, 0000149P0000684
0.132946986,0.132946986,0.227842042,0.227842042,0.227842042,     0000149P0000685
0.227842042,0.227842042,0.227842042,0.289781302,0.289781302,     0000149P0000686
0.289781302,0.289781302,0.289781302,0.289781302,0.380479734,     0000149P0000687
0.380479734,0.380479734,0.380479734,0.380479734,0.380479734,     0000149P0000688
0.502895424,0.502895424,0.502895424,0.502895424,0.502895424,     0000149P0000689
0.502895424,0.570100671,0.570100671,0.570100671,0.570100671,     0000149P0000690
0.570100671,0.570100671,0.630103358,0.630103358,0.630103358,     0000149P0000691
0.630103358,0.630103358,0.630103358,0.747150884,0.747150884,     0000149P0000692
0.747150884,0.747150884,0.747150884,0.747150884,0.80821778,      0000149P0000693
0.80821778,0.80821778,0.80821778,0.80821778,0.80821778,          0000149P0000694
0.86809806,0.86809806,0.86809806,0.86809806,0.86809806,          0000149P0000695
0.86809806,0.959588494,0.959588494,0.959588494,0.959588494,      0000149P0000696
0.959588494,0.959588494,1.,1.,1.,1.,1.,1.,1.,1.,1.,1.,1.,1.,1.,  0000149P0000697
1.,1.,1.,1.,1.,1.,1.,1.,1.,1.,1.,1.,1.,1.,1.,1.,1.,1.,1.,1.,1.,  0000149P0000698
1.,1.,1.,1.,1.,1.,1.,1.,1.,1.,1.,1.,1.,1.,1.,1.,1.,1.,1.,1.,1.,  0000149P0000699
1.,1.,1.,1.,1.,1.,1.,1.,1.,1.,1.,1.,1.,1.,1.,1.,1.,1.,1.,1.,1.,  0000149P0000700
1.,1.,1.,1.,1.,1.,1.,1.,1.,1.,1.,1.,2.112,-7.242595412E-08,      0000149P0000701
4.880942971,2.111999993,-7.962079767E-02,4.876143386,            0000149P0000702
2.108498053,-0.159241778,4.871344431,2.101494247,-0.23867734,    0000149P0000703
4.866545613,2.091000804,-0.317742872,4.861746633,2.077042055,    0000149P0000704
-0.396255179,4.856947354,2.059654393,-0.474032835,4.852147761,   0000149P0000705
1.993917922,-0.717325676,4.836955076,1.933093603,-0.879496675,   0000149P0000706
4.826559448,1.856906781,-1.035551896,4.816164027,1.766117848,    0000149P0000707
-1.18376468,4.805769513,1.661707987,-1.32253268,4.795375026,     0000149P0000708
1.544870063,-1.450393474,4.784979952,1.283650529,-1.686755443,   0000149P0000709
4.763742444,1.138247802,-1.794215411,4.752896575,0.982444753,    0000149P0000710
-1.886965413,4.742052369,0.818038539,-1.963835293,4.731208956,   0000149P0000711
0.646963043,-2.02392087,4.720364377,0.471268505,-2.066593454,    0000149P0000712
4.709518162,0.176847962,-2.107855461,4.691595294,                0000149P0000713
5.951058889E-02,-2.116609853,4.684516638,-5.829414605E-02,       0000149P0000714
-2.117740081,4.677438088,-0.175972199,-2.111221227,4.67035962,   0000149P0000715
-0.292931375,-2.097086083,4.663281063,-0.408584,-2.075425016,    0000149P0000716
4.656202383,-0.688937953,-2.003863354,4.638758949,-0.851512531,  0000149P0000717
-1.945512962,4.628392514,-1.008223359,-1.871798411,4.618027319,  0000149P0000718
-1.157346916,-1.783449385,4.607662914,-1.297279856,-1.681415816, 0000149P0000719
4.597297794,-1.426554328,-1.566858802,4.586931465,-1.702222491,  0000149P0000720
-1.271546822,4.562576981,-1.838902085,-1.081535335,4.548580443,  0000149P0000721
-1.950615575,-0.87460437,4.534589188,-2.034983352,-0.654734154,  0000149P0000722
4.52059962,-2.090369024,-0.426189082,4.506608229,-2.115878778,   0000149P0000723
-0.193519646,4.492611568,-2.109327108,0.165869776,4.470941827,   0000149P0000724
-2.098041218,0.293086522,4.463261414,-2.077804053,0.419378421,   0000149P0000725
4.455581351,-2.048711947,0.543991994,4.447901536,-2.010937128,   0000149P0000726
0.666189541,4.440221624,-1.964726852,0.785252833,4.432541488,    0000149P0000727
-1.861913545,1.003373928,4.418004951,-1.8069516,1.10321504,      0000149P0000728
4.411148021,-1.74575601,1.199519648,4.404291199,-1.678602189,    0000149P0000729
1.291822789,4.39743441,-1.605807326,1.379688491,4.390577461,     0000149P0000730
-1.527729044,1.462711608,4.383720293,-1.282923899,1.692300161,   0000149P0000731
4.36348715,-1.102414991,1.824306141,4.350105353,-0.906247887,    0000149P0000732
1.933662097,4.336727716,-0.697869519,2.018244928,4.323351599,    0000149P0000733
-0.480981074,2.076552212,4.309974013,-0.259534197,2.107703879,   0000149P0000734
4.296592248,7.804914776E-02,2.11372955,4.276237404,0.193925776,  0000149P0000735
2.10839411,4.269258549,0.309364083,2.095647415,4.262279896,      0000149P0000736
0.42379605,2.075533933,4.255301368,0.536661887,2.04815207,       0000149P0000737
4.248322746,0.647412484,2.013653725,4.241343953,0.861510701,     0000149P0000738
1.931638644,4.227522346,0.964966253,1.88438566,4.22067914,       0000149P0000739
1.065373573,1.830678661,4.213836046,1.162251378,1.770756044,     0000149P0000740
4.206993017,1.25514395,1.704899677,4.200149891,1.343623039,      0000149P0000741
1.63343372,4.193306633,1.55512328,1.439518653,4.176008166,       0000149P0000742
1.671747881,1.310048823,4.165551233,1.775714199,1.169631135,     0000149P0000743
4.15509555,1.865818935,1.01976344,4.144640849,1.941076349,       0000149P0000744
0.862085399,4.134185506,2.000727921,0.698362342,4.123728731,     0000149P0000745
2.063531738,0.456343116,4.108655061,2.079635673,0.381379596,     0000149P0000746
4.104036808,2.092560469,0.305761693,4.099418488,2.102274944,     0000149P0000747
0.229651115,4.09480013,2.108758277,0.153210877,4.090181812,      0000149P0000748
2.112,7.660529758E-02,4.085563659,2.112,8.881784197E-16,         0000149P0000749
4.080945842,0.,1.,-1.249419206E-05,0.118895942,0.99290672;       0000149P0000750
110,2.112,8.881784197E-16,5.,2.112,8.617424487E-16,4.880942971;  0000151P0000751
126,20,8,0,0,1,0,2.771085498,2.771085498,2.771085498,            0000153P0000752
2.771085498,2.771085498,2.771085498,2.771085498,2.771085498,     0000153P0000753
2.771085498,3.166955068,3.166955068,3.166955068,3.166955068,     0000153P0000754
3.166955068,3.166955068,4.750432602,4.750432602,4.750432602,     0000153P0000755
4.750432602,4.750432602,4.750432602,6.333910135,6.333910135,     0000153P0000756
6.333910135,6.333910135,6.333910135,6.333910135,6.333910135,     0000153P0000757
6.333910135,6.333910135,1.,1.,1.,1.,1.,1.,1.,1.,1.,1.,1.,1.,1.,  0000153P0000758
1.,1.,1.,1.,1.,1.,1.,1.,-2.320785655,-0.961301084,5.,            0000153P0000759
-2.367972967,-0.84737972,4.993749996,-2.408769305,-0.730811141,  0000153P0000760
4.987499993,-2.443001432,-0.612013636,4.98124999,-2.470528963,   0000153P0000761
-0.491419106,4.974999987,-2.491245702,-0.369469826,4.968749985,  0000153P0000762
-2.505080552,-0.246615051,4.962499983,-2.539667627,0.369922368,  0000153P0000763
4.931249983,-2.40131891,0.986459761,4.899999983,-2.179961589,    0000153P0000764
1.450713196,4.874999981,-1.857024698,1.85701859,4.849999966,     0000153P0000765
-1.450718216,2.179960598,4.824999958,-0.986460369,2.40132069,    0000153P0000766
4.799999974,5.177776831E-06,2.622680348,4.75,0.986461532,        0000153P0000767
2.401319154,4.699999988,1.450709246,2.179959434,4.674999964,     0000153P0000768
1.857012463,1.857020548,4.649999933,2.179947559,1.450717032,     0000153P0000769
4.624999907,2.40134049,0.986456839,4.600000098,2.51200073,       0000153P0000770
0.493229667,4.574999975,2.512001283,2.240126307E-09,4.549999956, 0000153P0000771
2.771085498,6.333910135,3.792830872E-10,9.519362048E-02,         0000153P0000772
0.995458776;                                                     0000153P0000773
126,1,1,1,0,1,0,3.811928077E-02,3.811928077E-02,0.5,0.5,1.,1.,   0000155P0000774
2.112,-7.242572341E-08,4.319061062,2.512001283,2.240126307E-09,  0000155P0000775
4.549999956,3.811928077E-02,0.5,-0.499996826,0.,0.866027236;     0000155P0000776
126,11,11,0,0,1,0,3.562824288,3.562824288,3.562824288,           0000157P0000777
3.562824288,3.562824288,3.562824288,3.562824288,3.562824288,     0000157P0000778
3.562824288,3.562824288,3.562824288,3.562824288,6.333910135,     0000157P0000779
6.333910135,6.333910135,6.333910135,6.333910135,6.333910135,     0000157P0000780
6.333910135,6.333910135,6.333910135,6.333910135,6.333910135,     0000157P0000781
6.333910135,1.,1.,1.,1.,1.,1.,1.,1.,1.,1.,1.,1.,-2.320786013,    0000157P0000782
0.961300386,5.,-2.080560204,1.541263594,4.968181814,             0000157P0000783
-1.680909215,2.055191023,4.936363622,-1.141999262,2.454389068,   0000157P0000784
4.904545426,-0.500726609,2.697093783,4.872727242,0.191995496,    0000157P0000785
2.75503852,4.84090911,0.876952766,2.618780203,4.809091058,       0000157P0000786
1.494735041,2.300174199,4.777272633,1.994281353,1.830544518,     0000157P0000787
4.745454297,2.339469953,1.255489918,4.713636534,2.512000745,     0000157P0000788
0.627746931,4.681818164,2.512001649,2.240160946E-09,4.649999956, 0000157P0000789
3.562824288,6.333910135,2.794375893E-10,8.639829914E-02,         0000157P0000790
0.996260676;                                                     0000157P0000791
126,1,1,1,0,1,0,0.,0.,0.1,0.1,1.,1.,2.512001283,2.240126307E-09, 0000159P0000792
4.549999956,2.512001649,2.240160946E-09,4.649999956,0.,0.1,-1.,  0000159P0000793
0.,3.665150001E-06;                                              0000159P0000794
126,16,6,0,0,1,0,5.039656199E-06,5.039656199E-06,                0000161P0000795
5.039656199E-06,5.039656199E-06,5.039656199E-06,5.039656199E-06, 0000161P0000796
5.039656199E-06,0.121353823,0.121353823,0.121353823,0.121353823, 0000161P0000797
0.121353823,0.722675162,0.722675162,0.722675162,0.722675162,     0000161P0000798
0.722675162,1.,1.,1.,1.,1.,1.,1.,1.,1.,1.,1.,1.,1.,1.,1.,1.,1.,  0000161P0000799
1.,1.,1.,1.,1.,1.,1.,1.254001456,1.699418827,5.,1.286139919,     0000161P0000800
1.675703849,4.997592122,1.317740224,1.651259512,4.995184243,     0000161P0000801
1.348781651,1.626101105,4.992776364,1.379244099,1.600244666,     0000161P0000802
4.990368487,1.409108091,1.573706984,4.987960613,1.583281245,     0000161P0000803
1.411714174,4.97362099,1.713074358,1.260602107,4.961687346,      0000161P0000804
1.825378749,1.095341911,4.949756152,1.918363665,0.918488947,     0000161P0000805
4.937825394,1.990635698,0.732861299,4.92589198,2.064792008,      0000161P0000806
0.453331913,4.908457326,2.083622201,0.363889966,4.902954393,     0000161P0000807
2.097797743,0.273531992,4.89745135,2.107265843,0.182560121,      0000161P0000808
4.89194828,2.112,9.127984173E-02,4.886445382,2.112,              0000161P0000809
8.881784197E-16,4.880942975,5.039656199E-06,1.,2.775417623E-02,  0000161P0000810
-5.476335775E-02,0.998113561;                                    0000161P0000811
126,1,1,1,0,1,0,0.,0.,0.461883097,0.461883097,1.,1.,2.512001649, 0000163P0000812
2.240160946E-09,4.649999956,2.112,-7.242591565E-08,4.880942971,  0000163P0000813
0.,0.461883097,0.500003174,-0.,0.866023571;                      0000163P0000814
110,2.112,2.0407333E-16,1.919064573,2.112,1.512022582E-16,       0000165P0000815
1.680954434;                                                     0000165P0000816
126,76,6,0,0,1,0,0.,0.,0.,0.,0.,0.,0.,3.392616078E-02,           0000167P0000817
3.392616078E-02,3.392616078E-02,3.392616078E-02,3.392616078E-02, 0000167P0000818
0.133470113,0.133470113,0.133470113,0.133470113,0.133470113,     0000167P0000819
0.222380598,0.222380598,0.222380598,0.222380598,0.222380598,     0000167P0000820
0.27197655,0.27197655,0.27197655,0.27197655,0.27197655,          0000167P0000821
0.375575577,0.375575577,0.375575577,0.375575577,0.375575577,     0000167P0000822
0.418625605,0.418625605,0.418625605,0.418625605,0.418625605,     0000167P0000823
0.502436437,0.502436437,0.502436437,0.502436437,0.502436437,     0000167P0000824
0.538393565,0.538393565,0.538393565,0.538393565,0.538393565,     0000167P0000825
0.626393558,0.626393558,0.626393558,0.626393558,0.626393558,     0000167P0000826
0.736220884,0.736220884,0.736220884,0.736220884,0.736220884,     0000167P0000827
0.784359562,0.784359562,0.784359562,0.784359562,0.784359562,     0000167P0000828
0.868056932,0.868056932,0.868056932,0.868056932,0.868056932,     0000167P0000829
0.95620942,0.95620942,0.95620942,0.95620942,0.95620942,          0000167P0000830
0.984569757,0.984569757,0.984569757,0.984569757,0.984569757,1.,  0000167P0000831
1.,1.,1.,1.,1.,1.,1.,1.,1.,1.,1.,1.,1.,1.,1.,1.,1.,1.,1.,1.,1.,  0000167P0000832
1.,1.,1.,1.,1.,1.,1.,1.,1.,1.,1.,1.,1.,1.,1.,1.,1.,1.,1.,1.,1.,  0000167P0000833
1.,1.,1.,1.,1.,1.,1.,1.,1.,1.,1.,1.,1.,1.,1.,1.,1.,1.,1.,1.,1.,  0000167P0000834
1.,1.,1.,1.,1.,1.,1.,1.,1.,1.,1.,1.,1.,1.,1.,1.,1.,1.,1.,1.,     0000167P0000835
2.112,-2.897035047E-07,1.919064573,2.111999986,-7.503164274E-02, 0000167P0000836
1.914541508,2.108801265,-0.150063005,1.910017975,2.102403919,    0000167P0000837
-0.224923237,1.90549426,2.092820063,-0.299442456,1.90097055,     0000167P0000838
2.080073839,-0.373452041,1.896446941,2.017629589,-0.661952364,   0000167P0000839
1.878650833,1.944131537,-0.871348599,1.865375887,1.844621489,    0000167P0000840
-1.070636156,1.852106313,1.720937866,-1.255894413,1.838835705,   0000167P0000841
1.575572303,-1.42358063,1.825560722,1.265600587,-1.702193777,    0000167P0000842
1.800434646,1.104650134,-1.817322981,1.788578308,0.931317747,    0000167P0000843
-1.914025939,1.776724147,0.748256933,-1.990735086,1.764870179,   0000167P0000844
0.558338768,-2.046329936,1.753014051,0.256621224,-2.099219006,   0000167P0000845
1.734547419,0.147401144,-2.111424474,1.727934856,                0000167P0000846
3.752724697E-02,-2.11680464,1.721322425,-7.24683397E-02,         0000167P0000847
-2.115322381,1.71470998,-0.182052506,-2.10699592,1.708097375,    0000167P0000848
-0.517631304,-2.060363272,1.687672167,-0.740531866,-1.999274979, 0000167P0000849
1.673855258,-0.954426853,-1.909293113,1.660042955,-1.154770738,  0000167P0000850
-1.792203179,1.646230606,-1.337407618,-1.650569511,1.632413705,  0000167P0000851
-1.565905676,-1.420404199,1.612861424,-1.629328657,-1.34920801,  0000167P0000852
1.607121684,-1.688850504,-1.274631079,1.601382054,-1.744248823,  0000167P0000853
-1.196942003,1.595642472,-1.795326315,-1.116428283,1.589902867,  0000167P0000854
-1.932605008,-0.871744326,1.572989485,-2.006285905,-0.700520987, 0000167P0000855
1.561814295,-2.061662539,-0.52200916,1.550640784,-2.097910023,   0000167P0000856
-0.338653808,1.539467144,-2.114590267,-0.152997869,1.528291611,  0000167P0000857
-2.110534961,0.111847914,1.512323223,-2.105724792,0.19130623,    0000167P0000858
1.507529096,-2.097325139,0.270505991,1.50273493,-2.085354357,    0000167P0000859
0.34924515,1.49794073,-2.06984596,0.427323617,1.493146506,       0000167P0000860
-2.004355343,0.693527435,1.476619058,-1.936956938,0.877400209,   0000167P0000861
1.464883908,-1.849369015,1.05320278,1.453150884,-1.74285759,     0000167P0000862
1.218228496,1.441418009,-1.619104602,1.370007626,1.42968322,     0000167P0000863
-1.307043298,1.676656902,1.403307451,-1.110235896,1.82305415,    0000167P0000864
1.388659306,-0.894113663,1.941373188,1.374017764,-0.663718179,   0000167P0000865
2.02870124,1.359376031,-0.424539837,2.083100226,1.344727616,     0000167P0000866
-7.649251638E-02,2.113297706,1.323666297,3.012980139E-02,        0000167P0000867
2.116084295,1.317247941,0.136821915,2.112412855,1.310829682,     0000167P0000868
0.243096155,2.102290365,1.304411445,0.34846804,2.085772829,      0000167P0000869
1.29799315,0.633264629,2.023309958,1.280415903,0.809923177,      0000167P0000870
1.964633845,1.269255533,0.979880043,1.887487888,1.258096983,     0000167P0000871
1.140769894,1.792876429,1.246938642,1.290410197,1.682156034,     0000167P0000872
1.235778494,1.570614528,1.425384891,1.212866323,1.699781613,     0000167P0000873
1.277728326,1.20111099,1.812117124,1.116187672,1.189357232,      0000167P0000874
1.905845462,0.94318604,1.177602525,1.979601664,0.76139943,       0000167P0000875
1.165846339,2.049605866,0.513413796,1.150312045,2.064494477,     0000167P0000876
0.4524443,1.146530967,2.077204874,0.390963564,1.14275004,        0000167P0000877
2.087715743,0.329068829,1.138969259,2.096011582,0.2668584,       0000167P0000878
1.135188581,2.105385873,0.170466601,1.129350953,2.108030481,     0000167P0000879
0.136437485,1.127293985,2.110014978,0.102360257,1.125237008,     0000167P0000880
2.111338325,6.825091064E-02,1.123179998,2.112,3.41254722E-02,    0000167P0000881
1.121122929,2.112,0.,1.119065765,0.,1.,6.660307981E-06,          0000167P0000882
0.118802653,0.992917887;                                         0000167P0000883
126,20,11,0,0,1,0,0.,0.,0.,0.,0.,0.,0.,0.,0.,0.,0.,0.,           0000169P0000884
3.166955068,3.166955068,3.166955068,3.166955068,3.166955068,     0000169P0000885
3.166955068,3.166955068,3.166955068,3.166955068,6.333910135,     0000169P0000886
6.333910135,6.333910135,6.333910135,6.333910135,6.333910135,     0000169P0000887
6.333910135,6.333910135,6.333910135,6.333910135,6.333910135,     0000169P0000888
6.333910135,1.,1.,1.,1.,1.,1.,1.,1.,1.,1.,1.,1.,1.,1.,1.,1.,1.,  0000169P0000889
1.,1.,1.,1.,2.512006597,8.96231267E-09,2.249999824,2.512007633,  0000169P0000890
-0.717426894,2.21363616,2.286678731,-1.4348493,2.177272284,      0000169P0000891
1.835738199,-2.073635278,2.140909344,1.190631069,-2.5549599,     0000169P0000892
2.104545165,0.412644463,-2.814310804,2.068181284,-0.412626735,   0000169P0000893
-2.814229639,2.031818209,-1.190587932,-2.555022752,1.995454325,  0000169P0000894
-1.835856759,-2.073606025,1.959090725,-2.286621946,-1.43485449,  0000169P0000895
1.922727067,-2.737387797,4.610094795E-08,1.849999802,            0000169P0000896
-2.286621381,1.434854404,1.777272537,-1.83585412,2.073608743,    0000169P0000897
1.740908879,-1.190603804,2.55500642,1.704545279,-0.41260571,     0000169P0000898
2.814283284,1.668181395,0.412641415,2.814227962,1.631818319,     0000169P0000899
1.190603421,2.555016418,1.595454439,1.835777015,2.073622409,     0000169P0000900
1.559090259,2.28666045,1.434848669,1.52272732,2.51200721,        0000169P0000901
0.717426914,1.486363444,2.512008247,1.120364157E-08,1.44999978,  0000169P0000902
0.,6.333910135,-2.883360021E-11,8.639807392E-02,0.996260695;     0000169P0000903
126,1,1,1,0,1,0,0.,0.,0.461891743,0.461891743,1.,1.,2.512006597, 0000171P0000904
8.962357079E-09,2.249999824,2.112,-2.897065741E-07,2.48095156,   0000171P0000905
0.,0.461891743,0.500012696,-0.,0.866018073;                      0000171P0000906
126,85,7,0,0,1,0,0.,0.,0.,0.,0.,0.,0.,0.,4.200138066E-02,        0000173P0000907
4.200138066E-02,4.200138066E-02,4.200138066E-02,4.200138066E-02, 0000173P0000908
4.200138066E-02,0.132944908,0.132944908,0.132944908,0.132944908, 0000173P0000909
0.132944908,0.132944908,0.227839279,0.227839279,0.227839279,     0000173P0000910
0.227839279,0.227839279,0.227839279,0.289788616,0.289788616,     0000173P0000911
0.289788616,0.289788616,0.289788616,0.289788616,0.380595135,     0000173P0000912
0.380595135,0.380595135,0.380595135,0.380595135,0.380595135,     0000173P0000913
0.461185249,0.461185249,0.461185249,0.461185249,0.461185249,     0000173P0000914
0.461185249,0.503186979,0.503186979,0.503186979,0.503186979,     0000173P0000915
0.503186979,0.503186979,0.576994094,0.576994094,0.576994094,     0000173P0000916
0.576994094,0.576994094,0.576994094,0.629995805,0.629995805,     0000173P0000917
0.629995805,0.629995805,0.629995805,0.629995805,0.747500761,     0000173P0000918
0.747500761,0.747500761,0.747500761,0.747500761,0.747500761,     0000173P0000919
0.807135875,0.807135875,0.807135875,0.807135875,0.807135875,     0000173P0000920
0.807135875,0.868011629,0.868011629,0.868011629,0.868011629,     0000173P0000921
0.868011629,0.868011629,0.959155392,0.959155392,0.959155392,     0000173P0000922
0.959155392,0.959155392,0.959155392,1.,1.,1.,1.,1.,1.,1.,1.,1.,  0000173P0000923
1.,1.,1.,1.,1.,1.,1.,1.,1.,1.,1.,1.,1.,1.,1.,1.,1.,1.,1.,1.,1.,  0000173P0000924
1.,1.,1.,1.,1.,1.,1.,1.,1.,1.,1.,1.,1.,1.,1.,1.,1.,1.,1.,1.,1.,  0000173P0000925
1.,1.,1.,1.,1.,1.,1.,1.,1.,1.,1.,1.,1.,1.,1.,1.,1.,1.,1.,1.,1.,  0000173P0000926
1.,1.,1.,1.,1.,1.,1.,1.,1.,1.,1.,1.,1.,1.,1.,1.,1.,1.,1.,1.,1.,  0000173P0000927
1.,2.112,-2.897066187E-07,2.48095156,2.111999985,                0000173P0000928
-7.962101495E-02,2.476151975,2.108498036,-0.159241995,           0000173P0000929
2.47135302,2.101494223,-0.238677556,2.466554202,2.091000771,     0000173P0000930
-0.317743087,2.461755222,2.077042015,-0.396255393,2.456955943,   0000173P0000931
2.059654344,-0.474033047,2.45215635,1.993917827,-0.71732596,     0000173P0000932
2.436963661,1.933093455,-0.879497028,2.426568027,1.856906566,    0000173P0000933
-1.035552309,2.416172601,1.766117554,-1.183765143,2.405778082,   0000173P0000934
1.661707603,-1.322533179,2.395383591,1.544869582,-1.450393996,   0000173P0000935
2.384988511,1.283648735,-1.686756976,2.363750904,1.138244592,    0000173P0000936
-1.794217712,2.35290494,0.982439967,-1.88696821,2.342060639,     0000173P0000937
0.818032063,-1.963838283,2.331217132,0.646954819,-2.023923735,   0000173P0000938
2.320372458,0.47125853,-2.066595866,2.309526148,0.176815431,     0000173P0000939
-2.107859358,2.291601922,5.945685731E-02,-2.116613312,           0000173P0000940
2.284522001,-5.836909641E-02,-2.117740361,2.277442186,           0000173P0000941
-0.176068067,-2.111215585,2.270362454,-0.293047542,-2.097071821, 0000173P0000942
2.263282632,-0.408719538,-2.075399515,2.256202687,-0.68928962,   0000173P0000943
-2.003760241,2.238745471,-0.852051385,-1.945307995,2.228366511,  0000173P0000944
-1.008931801,-1.871455439,2.217988796,-1.158201279,-1.782935387, 0000173P0000945
2.207611876,-1.298251045,-1.6807019,2.197234236,-1.427608564,    0000173P0000946
-1.56592113,2.18685538,-1.649136315,-1.328244038,2.167268018,    0000173P0000947
-1.743876514,-1.207688475,2.15805717,-1.828284833,-1.079303182,  0000173P0000948
2.148846828,-1.901601416,-0.944157221,2.139636777,-1.963203086,  0000173P0000949
-0.803399295,2.130426267,-2.012607945,-0.658249268,2.121215133,  0000173P0000950
-2.068725076,-0.432735469,2.107204718,-2.084553475,-0.354624849, 0000173P0000951
2.102404549,-2.096938866,-0.275848577,2.097604395,-2.105848505,  0000173P0000952
-0.196588716,2.092804266,-2.111261771,-0.117028689,2.088004173,  0000173P0000953
-2.11317017,-3.735328346E-02,2.083204123,-2.10877833,0.18213578, 0000173P0000954
2.069969367,-2.095167815,0.32181304,2.061534183,-2.070763737,    0000173P0000955
0.460264054,2.053099519,-2.035706974,0.596491872,2.044665213,    0000173P0000956
-1.990247666,0.729524499,2.036230717,-1.934743683,0.858420841,   0000173P0000957
2.027795837,-1.822941953,1.071224244,2.013304658,-1.771275296,   0000173P0000958
1.157576619,2.007247729,-1.714845471,1.241005606,2.001190842,    0000173P0000959
-1.65385241,1.321197224,1.995133956,-1.588521036,1.397855757,    0000173P0000960
1.989076965,-1.51910054,1.470704691,1.983019837,-1.283497262,    0000173P0000961
1.691979745,1.963534177,-1.102300331,1.824555949,1.950099785,    0000173P0000962
-0.905317573,1.934303408,1.93666964,-0.696037487,2.019074422,    0000173P0000963
1.92324104,-0.478205985,2.077351595,1.909810947,-0.255822961,    0000173P0000964
2.10824936,1.896376591,7.993123518E-02,2.113512404,1.876132779,  0000173P0000965
0.193078246,2.108225411,1.869317463,0.305804718,2.095871521,     0000173P0000966
1.862502329,0.417581709,2.076492103,1.855687308,0.527887675,     0000173P0000967
2.05017759,1.848872205,0.636210643,2.017067096,1.84205695,       0000173P0000968
0.850091972,1.936802663,1.828284991,0.955551993,1.889368599,     0000173P0000969
1.821327899,1.057898308,1.835245887,1.814370929,1.156623836,     0000173P0000970
1.7746824,1.807414031,1.251248626,1.707972553,1.800457027,       0000173P0000971
1.341321927,1.635456041,1.793499879,1.553840315,1.440824795,     0000173P0000972
1.776126989,1.670138432,1.311954411,1.765709535,1.773885201,     0000173P0000973
1.172206735,1.755293308,1.863889178,1.023061258,1.744878045,     0000173P0000974
1.939173097,0.866137518,1.734462157,1.998983366,0.703179298,     0000173P0000975
1.724044868,2.062489117,0.461169777,1.70896109,2.078938322,      0000173P0000976
0.385437315,1.704293269,2.092141146,0.309029261,1.699625378,     0000173P0000977
2.102065053,0.232112529,1.694957446,2.108688312,0.154855407,     0000173P0000978
1.690289553,2.112,7.742755369E-02,1.685621827,2.112,             0000173P0000979
-8.881784197E-16,1.680954445,0.,1.,9.443014735E-06,0.118967403,  0000173P0000980
0.99289816;                                                      0000173P0000981
126,26,8,0,0,1,0,0.,0.,0.,0.,0.,0.,0.,0.,0.,1.583477534,         0000175P0000982
1.583477534,1.583477534,1.583477534,1.583477534,1.583477534,     0000175P0000983
3.166955068,3.166955068,3.166955068,3.166955068,3.166955068,     0000175P0000984
3.166955068,4.750432602,4.750432602,4.750432602,4.750432602,     0000175P0000985
4.750432602,4.750432602,6.333910135,6.333910135,6.333910135,     0000175P0000986
6.333910135,6.333910135,6.333910135,6.333910135,6.333910135,     0000175P0000987
6.333910135,1.,1.,1.,1.,1.,1.,1.,1.,1.,1.,1.,1.,1.,1.,1.,1.,1.,  0000175P0000988
1.,1.,1.,1.,1.,1.,1.,1.,1.,1.,2.512005131,8.961771769E-09,       0000175P0000989
2.149999824,2.512005685,-0.493230663,2.124999805,2.401352356,    0000175P0000990
-0.986459091,2.099999682,2.179947109,-1.450722994,2.074999873,   0000175P0000991
1.857015086,-1.85701871,2.049999847,1.450712199,-2.179964006,    0000175P0000992
2.024999816,0.986463626,-2.401324655,1.999999792,                0000175P0000993
5.166149667E-06,-2.622686948,1.94999978,-0.986462305,            0000175P0000994
-2.401325389,1.899999806,-1.450720697,-2.179963958,1.874999822,  0000175P0000995
-1.857027591,-1.857022203,1.849999814,-2.17996629,-1.450716302,  0000175P0000996
1.824999799,-2.40132412,-0.986461803,1.799999797,-2.622682193,   0000175P0000997
1.59389506E-08,1.749999802,-2.401323819,0.986461767,1.699999807, 0000175P0000998
-2.179966048,1.450716152,1.674999805,-1.857028498,1.857022377,   0000175P0000999
1.64999979,-1.450721188,2.179965046,1.624999782,-0.986462392,    0000175P0001000
2.401325592,1.599999798,5.168416917E-06,2.622685706,1.549999824, 0000175P0001001
0.986463539,2.401324062,1.499999812,1.450712201,2.179963892,     0000175P0001002
1.474999788,1.857016249,1.857024348,1.449999757,2.179952006,     0000175P0001003
1.450720003,1.424999731,2.401345392,0.986458862,1.399999922,     0000175P0001004
2.512005859,0.493230683,1.374999799,2.512006414,1.120279425E-08, 0000175P0001005
1.34999978,0.,6.333910135,3.963248358E-11,9.519342779E-02,       0000175P0001006
0.995458794;                                                     0000175P0001007
126,1,1,1,0,1,0,0.,0.,0.1,0.1,1.,1.,2.512005131,8.96181529E-09,  0000177P0001008
2.149999824,2.512006597,8.962357079E-09,2.249999824,0.,0.1,-1.,  0000177P0001009
0.,1.466058E-05;                                                 0000177P0001010
126,1,1,1,0,1,0,3.81177691E-02,3.81177691E-02,0.5,0.5,1.,1.,     0000179P0001011
2.112,-2.89703461E-07,1.919064573,2.512005131,8.961816178E-09,   0000179P0001012
2.149999824,3.81177691E-02,0.5,-0.499987304,0.,0.866032734;      0000179P0001013
110,2.112,5.593441782E-16,3.519062233,2.112,5.064723522E-16,     0000181P0001014
3.280948697;                                                     0000181P0001015
126,85,7,0,0,1,0,0.,0.,0.,0.,0.,0.,0.,0.,4.200143023E-02,        0000183P0001016
4.200143023E-02,4.200143023E-02,4.200143023E-02,4.200143023E-02, 0000183P0001017
4.200143023E-02,0.132945062,0.132945062,0.132945062,0.132945062, 0000183P0001018
0.132945062,0.132945062,0.227839419,0.227839419,0.227839419,     0000183P0001019
0.227839419,0.227839419,0.227839419,0.289787539,0.289787539,     0000183P0001020
0.289787539,0.289787539,0.289787539,0.289787539,0.380582827,     0000183P0001021
0.380582827,0.380582827,0.380582827,0.380582827,0.380582827,     0000183P0001022
0.4611565,0.4611565,0.4611565,0.4611565,0.4611565,0.4611565,     0000183P0001023
0.50315828,0.50315828,0.50315828,0.50315828,0.50315828,          0000183P0001024
0.50315828,0.580925091,0.580925091,0.580925091,0.580925091,      0000183P0001025
0.580925091,0.580925091,0.629926801,0.629926801,0.629926801,     0000183P0001026
0.629926801,0.629926801,0.629926801,0.748608436,0.748608436,     0000183P0001027
0.748608436,0.748608436,0.748608436,0.748608436,0.808444714,     0000183P0001028
0.808444714,0.808444714,0.808444714,0.808444714,0.808444714,     0000183P0001029
0.86743194,0.86743194,0.86743194,0.86743194,0.86743194,          0000183P0001030
0.86743194,0.959635101,0.959635101,0.959635101,0.959635101,      0000183P0001031
0.959635101,0.959635101,1.,1.,1.,1.,1.,1.,1.,1.,1.,1.,1.,1.,1.,  0000183P0001032
1.,1.,1.,1.,1.,1.,1.,1.,1.,1.,1.,1.,1.,1.,1.,1.,1.,1.,1.,1.,1.,  0000183P0001033
1.,1.,1.,1.,1.,1.,1.,1.,1.,1.,1.,1.,1.,1.,1.,1.,1.,1.,1.,1.,1.,  0000183P0001034
1.,1.,1.,1.,1.,1.,1.,1.,1.,1.,1.,1.,1.,1.,1.,1.,1.,1.,1.,1.,1.,  0000183P0001035
1.,1.,1.,1.,1.,1.,1.,1.,1.,1.,1.,1.,1.,1.,1.,1.,1.,1.,2.112,     0000183P0001036
-1.448523506E-07,4.080945834,2.111999991,-7.96208701E-02,        0000183P0001037
4.076146249,2.108498047,-0.15924185,4.071347294,2.101494239,     0000183P0001038
-0.238677412,4.066548476,2.091000793,-0.317742944,4.061749496,   0000183P0001039
2.077042042,-0.39625525,4.056950217,2.059654377,-0.474032906,    0000183P0001040
4.052150624,1.993917878,-0.717325817,4.036957935,1.93309352,     0000183P0001041
-0.879496882,4.026562302,1.856906647,-1.035552163,4.016166877,   0000183P0001042
1.76611765,-1.183764997,4.005772358,1.661707715,-1.322533037,    0000183P0001043
3.995377867,1.54486971,-1.450393859,3.984982788,1.283649066,     0000183P0001044
-1.686756699,3.963745195,1.138245141,-1.794217324,3.952899246,   0000183P0001045
0.982440758,-1.886967752,3.942054959,0.818033113,-1.963837802,   0000183P0001046
3.931211466,0.646956135,-2.023923278,3.920366807,0.471260113,    0000183P0001047
-2.066595484,3.909520511,0.176819707,-2.107858863,3.891596446,   0000183P0001048
5.94636062E-02,-2.116612896,3.884516673,-5.835987399E-02,        0000183P0001049
-2.117740342,3.877437005,-0.176056408,-2.111216283,3.87035742,   0000183P0001050
-0.29303352,-2.097073551,3.863277746,-0.408703263,-2.075402582,  0000183P0001051
3.856197949,-0.689250796,-2.00377175,3.838742176,-0.851993256,   0000183P0001052
-1.945330247,3.828364512,-1.008856211,-1.871492171,3.817988093,  0000183P0001053
-1.158110697,-1.782990009,3.807612468,-1.298148501,-1.680777392, 0000183P0001054
3.797236125,-1.427497574,-1.566019947,3.786858565,-1.649008363,  0000183P0001055
-1.328399281,3.767274389,-1.74374072,-1.207877868,3.758065432,   0000183P0001056
-1.828146254,-1.079528909,3.74885698,-1.901465461,-0.944420725,  0000183P0001057
3.739648818,-1.963075396,-0.803701228,3.730440199,-2.012494271,  0000183P0001058
-0.658589456,3.721230956,-2.068645354,-0.433116413,3.70722243,   0000183P0001059
-2.084488136,-0.355008709,3.702422262,-2.096888034,-0.27623472,  0000183P0001060
3.697622107,-2.105812268,-0.196976501,3.692821978,-2.111240185,  0000183P0001061
-0.117417472,3.688021885,-2.113163255,-3.774241948E-02,          0000183P0001062
3.683221834,-2.108663056,0.189251996,3.66953457,-2.09373829,     0000183P0001063
0.336415415,3.66064673,-2.066831135,0.482158554,3.651759542,     0000183P0001064
-2.02811434,0.625315932,3.642872797,-1.977894454,0.764754103,    0000183P0001065
3.633985787,-1.916609726,0.899379411,3.625098263,-1.799624425,   0000183P0001066
1.10929007,3.610611688,-1.750240274,1.188110547,3.60501189,      0000183P0001067
-1.696835954,1.264353581,3.599412113,-1.639573947,1.337774086,   0000183P0001068
3.593812325,-1.578634803,1.408140563,3.588212456,-1.514216652,   0000183P0001069
1.475235731,3.582612483,-1.282609764,1.692947559,3.563449499,    0000183P0001070
-1.099464399,1.826731563,3.549880366,-0.900236168,1.937203275,   0000183P0001071
3.536315713,-0.688524704,2.02215616,3.522752669,-0.468194308,    0000183P0001072
2.080039529,3.509188077,-0.243371537,2.109959624,3.495618995,    0000183P0001073
9.502256263E-02,2.112908121,3.475217762,0.208511663,2.106789273, 0000183P0001074
3.468379468,0.321526048,2.093558895,3.461541358,0.43353172,      0000183P0001075
2.073262664,3.45470336,0.544002552,2.045995928,3.447865275,      0000183P0001076
0.652422485,2.011903298,3.441027035,0.862650802,1.931031082,     0000183P0001077
3.427447921,0.964536602,1.884436307,3.420706687,1.063462828,     0000183P0001078
1.831579766,3.413965557,1.158969435,1.772689341,3.407224487,     0000183P0001079
1.250620408,1.70803387,3.400483325,1.33800553,1.637922066,       0000183P0001080
3.393742041,1.550068066,1.445123763,3.376463929,1.668062247,     0000183P0001081
1.315040809,3.365925336,1.773234814,1.173794921,3.355388034,     0000183P0001082
1.864349563,1.022915853,3.344851749,1.940394163,0.864080013,     0000183P0001083
3.334314798,2.000590278,0.699093715,3.323776362,2.063641768,     0000183P0001084
0.455830624,3.308626356,2.079709264,0.380948795,3.304013365,     0000183P0001085
2.092604718,0.305414808,3.299400307,2.102297093,0.229389826,     0000183P0001086
3.294787211,2.10876566,0.153036311,3.290174156,2.112,            0000183P0001087
7.651801761E-02,3.285561265,2.112,0.,3.28094871,0.,1.,           0000183P0001088
1.21993019E-05,0.118959363,0.992899124;                          0000183P0001089
126,71,6,0,0,1,0,0.,0.,0.,0.,0.,0.,0.,3.392612718E-02,           0000185P0001090
3.392612718E-02,3.392612718E-02,3.392612718E-02,3.392612718E-02, 0000185P0001091
0.13346878,0.13346878,0.13346878,0.13346878,0.13346878,          0000185P0001092
0.222378573,0.222378573,0.222378573,0.222378573,0.222378573,     0000185P0001093
0.271971286,0.271971286,0.271971286,0.271971286,0.271971286,     0000185P0001094
0.375501828,0.375501828,0.375501828,0.375501828,0.375501828,     0000185P0001095
0.426707647,0.426707647,0.426707647,0.426707647,0.426707647,     0000185P0001096
0.502567659,0.502567659,0.502567659,0.502567659,0.502567659,     0000185P0001097
0.537569247,0.537569247,0.537569247,0.537569247,0.537569247,     0000185P0001098
0.626569021,0.626569021,0.626569021,0.626569021,0.626569021,     0000185P0001099
0.736572631,0.736572631,0.736572631,0.736572631,0.736572631,     0000185P0001100
0.783673493,0.783673493,0.783673493,0.783673493,0.783673493,     0000185P0001101
0.868438934,0.868438934,0.868438934,0.868438934,0.868438934,     0000185P0001102
0.95576354,0.95576354,0.95576354,0.95576354,0.95576354,1.,1.,1., 0000185P0001103
1.,1.,1.,1.,1.,1.,1.,1.,1.,1.,1.,1.,1.,1.,1.,1.,1.,1.,1.,1.,1.,  0000185P0001104
1.,1.,1.,1.,1.,1.,1.,1.,1.,1.,1.,1.,1.,1.,1.,1.,1.,1.,1.,1.,1.,  0000185P0001105
1.,1.,1.,1.,1.,1.,1.,1.,1.,1.,1.,1.,1.,1.,1.,1.,1.,1.,1.,1.,1.,  0000185P0001106
1.,1.,1.,1.,1.,1.,1.,1.,1.,1.,1.,1.,1.,2.112,-7.242576139E-08,   0000185P0001107
4.319061062,2.111999994,-7.503140088E-02,4.314537999,            0000185P0001108
2.108801282,-0.150062739,4.310014468,2.102403949,-0.224922947,   0000185P0001109
4.305490754,2.092820106,-0.299442143,4.300967046,2.080073898,    0000185P0001110
-0.373451706,4.296443438,2.017630281,-0.661949348,4.278647495,   0000185P0001111
1.94413351,-0.871343069,4.265372715,1.844625376,-1.070628423,    0000185P0001112
4.252103305,1.720944218,-1.255884927,4.238832862,1.57558156,     0000185P0001113
-1.423569963,4.225558043,1.265615123,-1.702182808,4.200432217,   0000185P0001114
1.104666831,-1.817312586,4.188575962,0.931336619,-1.914016493,   0000185P0001115
4.176721886,0.748277922,-1.990726972,4.164868002,0.558361743,    0000185P0001116
-2.046323533,4.153011958,0.25665319,-2.099214727,4.134545839,    0000185P0001117
0.147440394,-2.111421142,4.127933702,3.757374926E-02,            0000185P0001118
-2.116803149,4.1213217,-7.241471956E-02,-2.115323626,            0000185P0001119
4.114709682,-0.181992006,-2.107000777,4.108097504,-0.517415405,  0000185P0001120
-2.060400681,4.087681845,-0.740173248,-1.999379393,4.073874072,  0000185P0001121
-0.953941699,-1.909502006,4.060070889,-1.154183885,-1.792549515, 0000185P0001122
4.04626766,-1.336751442,-1.651079985,4.032459893,-1.577962914,   0000185P0001123
-1.408332937,4.011829341,-1.652617859,-1.3228647,4.005002159,    0000185P0001124
-1.721689299,-1.232677769,3.99817519,-1.784810357,-1.13823055,   0000185P0001125
3.991348285,-1.841665306,-1.040018048,3.984521284,-1.966548602,  0000185P0001126
-0.788275085,3.967580621,-2.02678547,-0.630860853,3.95746599,    0000185P0001127
-2.071836278,-0.468060556,3.947352353,-2.101147142,-0.301704316, 0000185P0001128
3.937238598,-2.114431367,-0.133682638,3.927123642,-2.110476638,  0000185P0001129
0.111465275,3.912342709,-2.105823819,0.18880966,3.907675982,     0000185P0001130
-2.09776987,0.265911417,3.903009217,-2.086331501,0.342584159,    0000185P0001131
3.898342421,-2.071539039,0.418643228,3.893675602,-2.007406281,   0000185P0001132
0.685278223,3.877142253,-1.939966207,0.871534504,3.865273689,    0000185P0001133
-1.851840603,1.049608194,3.853407368,-1.744331724,1.216695546,   0000185P0001134
3.841541199,-1.619176095,1.370239013,3.829672999,-1.304920453,   0000185P0001135
1.6783661,3.803140418,-1.10759771,1.824743543,3.788468716,       0000185P0001136
-0.890935969,1.942924054,3.773803671,-0.660005794,2.029988747,   0000185P0001137
3.759138428,-0.420327675,2.083999737,3.744466457,                0000185P0001138
-7.411283056E-02,2.113268124,3.723519986,3.020510476E-02,        0000185P0001139
2.115899626,3.717240006,0.13458632,2.112349266,3.710960112,      0000185P0001140
0.238574051,2.102623593,3.704680239,0.341714399,2.086774093,     0000185P0001141
3.698400316,0.626843322,2.025525816,3.680819014,0.805959341,     0000185P0001142
1.966626682,3.669516138,0.978249243,1.888760643,3.658215192,     0000185P0001143
1.141253953,1.792966965,3.646914468,1.292705779,1.68065442,      0000185P0001144
3.635611821,1.572684057,1.42285152,3.612667591,1.700421986,      0000185P0001145
1.276423476,3.60102271,1.811631724,1.11639145,3.58937931,        0000185P0001146
1.904588154,0.945111349,3.577734999,1.977962582,0.765183224,     0000185P0001147
3.566089268,2.057792604,0.485391363,3.548548581,2.079405615,     0000185P0001148
0.389820316,3.542650901,2.0956852,0.293121617,3.536753646,       0000185P0001149
2.106561671,0.195667073,3.530856755,2.112,9.783327959E-02,       0000185P0001150
3.524959863,2.112,8.881784197E-16,3.519062241,0.,1.,             0000185P0001151
9.716768025E-06,0.118796319,0.992918644;                         0000185P0001152
126,20,11,0,0,1,0,0.,0.,0.,0.,0.,0.,0.,0.,0.,0.,0.,0.,           0000187P0001153
3.166955068,3.166955068,3.166955068,3.166955068,3.166955068,     0000187P0001154
3.166955068,3.166955068,3.166955068,3.166955068,6.333910135,     0000187P0001155
6.333910135,6.333910135,6.333910135,6.333910135,6.333910135,     0000187P0001156
6.333910135,6.333910135,6.333910135,6.333910135,6.333910135,     0000187P0001157
6.333910135,1.,1.,1.,1.,1.,1.,1.,1.,1.,1.,1.,1.,1.,1.,1.,1.,1.,  0000187P0001158
1.,1.,1.,1.,2.512001649,2.240123642E-09,4.649999956,2.512002683, 0000187P0001159
-0.717425488,4.613636292,2.286674223,-1.434846479,4.577272416,   0000187P0001160
1.835734578,-2.073631199,4.540909476,1.190628715,-2.554954871,   0000187P0001161
4.504545297,0.412643645,-2.81430526,4.468181417,-0.412625931,    0000187P0001162
-2.814224096,4.431818341,-1.190585593,-2.555017716,4.395454457,  0000187P0001163
-1.835853149,-2.073601936,4.359090857,-2.286617446,-1.434851658, 0000187P0001164
4.322727199,-2.737382405,5.342696419E-08,4.249999934,            0000187P0001165
-2.286616873,1.434851584,4.177272669,-1.835850499,2.073604663,   0000187P0001166
4.140909011,-1.190601452,2.55500139,4.104545411,-0.412604891,    0000187P0001167
2.814277744,4.068181527,0.412640611,2.814222417,4.031818451,     0000187P0001168
1.19060108,2.555011383,3.995454571,1.835773405,2.07361832,       0000187P0001169
3.959090392,2.286655949,1.434845836,3.922727452,2.512002264,     0000187P0001170
0.717425495,3.886363576,2.512003299,4.480565252E-09,3.849999912, 0000187P0001171
0.,6.333910135,2.024122258E-10,8.639824283E-02,0.996260681;      0000187P0001172
126,1,1,1,0,1,0,0.,0.,0.461885979,0.461885979,1.,1.,2.512003299, 0000189P0001173
4.48056614E-09,3.849999912,2.112,-1.448523424E-07,4.080945834,   0000189P0001174
0.,0.461885979,0.500006348,-0.,0.866021739;                      0000189P0001175
126,26,8,0,0,1,0,0.,0.,0.,0.,0.,0.,0.,0.,0.,1.583477534,         0000191P0001176
1.583477534,1.583477534,1.583477534,1.583477534,1.583477534,     0000191P0001177
3.166955068,3.166955068,3.166955068,3.166955068,3.166955068,     0000191P0001178
3.166955068,4.750432602,4.750432602,4.750432602,4.750432602,     0000191P0001179
4.750432602,4.750432602,6.333910135,6.333910135,6.333910135,     0000191P0001180
6.333910135,6.333910135,6.333910135,6.333910135,6.333910135,     0000191P0001181
6.333910135,1.,1.,1.,1.,1.,1.,1.,1.,1.,1.,1.,1.,1.,1.,1.,1.,1.,  0000191P0001182
1.,1.,1.,1.,1.,1.,1.,1.,1.,1.,2.512001283,2.240088115E-09,       0000191P0001183
4.549999956,2.512001836,-0.493229914,4.524999937,2.401348675,    0000191P0001184
-0.986457586,4.499999814,2.179943765,-1.450720778,4.475000005,   0000191P0001185
1.857012236,-1.85701587,4.449999979,1.450709971,-2.17996067,     0000191P0001186
4.424999948,0.986462108,-2.401320979,4.399999924,                0000191P0001187
5.159133489E-06,-2.62268293,4.349999912,-0.9864608,-2.401321707, 0000191P0001188
4.299999938,-1.45071848,-2.179960614,4.274999954,-1.857024751,   0000191P0001189
-1.857019353,4.249999946,-2.179962955,-1.450714074,4.224999931,  0000191P0001190
-2.401320443,-0.986460285,4.199999929,-2.622678175,              0000191P0001191
2.295721568E-08,4.149999934,-2.401320137,0.986460262,            0000191P0001192
4.099999939,-2.179962704,1.450713935,4.074999937,-1.857025648,   0000191P0001193
1.857019537,4.049999922,-1.450718959,2.17996171,4.024999914,     0000191P0001194
-0.986460875,2.401321915,3.99999993,5.175437222E-06,2.622681688, 0000191P0001195
3.949999956,0.986462034,2.401320381,3.899999944,1.450709985,     0000191P0001196
2.179960549,3.87499992,1.857013409,1.857021498,3.849999889,      0000191P0001197
2.179948671,1.450717774,3.824999863,2.401341716,0.986457344,     0000191P0001198
3.800000054,2.512002012,0.493229921,3.774999931,2.512002566,     0000191P0001199
4.480429361E-09,3.749999912,0.,6.333910135,2.943303737E-10,      0000191P0001200
9.51935723E-02,0.995458781;                                      0000191P0001201
126,1,1,1,0,1,0,3.811877688E-02,3.811877688E-02,0.5,0.5,1.,1.,   0000193P0001202
2.112,-1.448515741E-07,3.519062233,2.512002566,4.480429361E-09,  0000193P0001203
3.749999912,3.811877688E-02,0.5,-0.499993652,0.,0.866029069;     0000193P0001204
126,1,1,1,0,1,0,0.,0.,0.1,0.1,1.,1.,2.512002566,4.480428473E-09, 0000195P0001205
3.749999912,2.512003299,4.480565252E-09,3.849999912,0.,0.1,-1.,  0000195P0001206
0.,7.330290002E-06;                                              0000195P0001207
110,2.112,3.817087541E-16,2.719063403,2.112,3.28837304E-16,      0000197P0001208
2.48095156;                                                      0000197P0001209
126,79,7,0,0,1,0,0.,0.,0.,0.,0.,0.,0.,0.,3.392680356E-02,        0000199P0001210
3.392680356E-02,3.392680356E-02,3.392680356E-02,3.392680356E-02, 0000199P0001211
3.392680356E-02,0.133472237,0.133472237,0.133472237,0.133472237, 0000199P0001212
0.133472237,0.133472237,0.222384202,0.222384202,0.222384202,     0000199P0001213
0.222384202,0.222384202,0.222384202,0.271980019,0.271980019,     0000199P0001214
0.271980019,0.271980019,0.271980019,0.271980019,0.375558446,     0000199P0001215
0.375558446,0.375558446,0.375558446,0.375558446,0.375558446,     0000199P0001216
0.501934236,0.501934236,0.501934236,0.501934236,0.501934236,     0000199P0001217
0.501934236,0.538500716,0.538500716,0.538500716,0.538500716,     0000199P0001218
0.538500716,0.538500716,0.626502419,0.626502419,0.626502419,     0000199P0001219
0.626502419,0.626502419,0.626502419,0.735947594,0.735947594,     0000199P0001220
0.735947594,0.735947594,0.735947594,0.735947594,0.78461911,      0000199P0001221
0.78461911,0.78461911,0.78461911,0.78461911,0.78461911,          0000199P0001222
0.868514945,0.868514945,0.868514945,0.868514945,0.868514945,     0000199P0001223
0.868514945,0.957247108,0.957247108,0.957247108,0.957247108,     0000199P0001224
0.957247108,0.957247108,1.,1.,1.,1.,1.,1.,1.,1.,1.,1.,1.,1.,1.,  0000199P0001225
1.,1.,1.,1.,1.,1.,1.,1.,1.,1.,1.,1.,1.,1.,1.,1.,1.,1.,1.,1.,1.,  0000199P0001226
1.,1.,1.,1.,1.,1.,1.,1.,1.,1.,1.,1.,1.,1.,1.,1.,1.,1.,1.,1.,1.,  0000199P0001227
1.,1.,1.,1.,1.,1.,1.,1.,1.,1.,1.,1.,1.,1.,1.,1.,1.,1.,1.,1.,1.,  0000199P0001228
1.,1.,1.,1.,1.,1.,1.,1.,1.,1.,1.,1.,2.112,-2.172775107E-07,      0000199P0001229
2.719063403,2.11199999,-6.431279878E-02,2.715186491,2.10971519,  0000199P0001230
-0.128625387,2.711309244,2.105145647,-0.192840188,2.707431826,   0000199P0001231
2.098296564,-0.256859946,2.703554359,2.0891783,-0.320587946,     0000199P0001232
2.699676922,2.077806371,-0.383928013,2.695799557,2.024282911,    0000199P0001233
-0.631213229,2.680545798,1.965131521,-0.811519483,2.669167656,   0000199P0001234
1.887269685,-0.985224916,2.657792249,1.791615887,-1.150029693,   0000199P0001235
2.646417932,1.679407268,-1.30380145,2.635041923,1.552185453,     0000199P0001236
-1.444600851,2.623663854,1.286496936,-1.683412032,2.60212729,    0000199P0001237
1.150641399,-1.784425363,2.591965047,1.005609104,-1.872578493,   0000199P0001238
2.58180374,0.85286978,-1.946898296,2.571643138,0.694001867,      0000199P0001239
-2.006616758,2.561482002,0.530678104,-2.051177979,2.551319912,   0000199P0001240
0.272065663,-2.096512082,2.535491518,0.178619409,-2.107935983,   0000199P0001241
2.529823743,8.463068588E-02,-2.114498086,2.524156031,            0000199P0001242
-9.597017723E-03,-2.116169279,2.51848835,-0.103759368,           0000199P0001243
-2.11294416,2.512820618,-0.197552033,-2.104841052,2.507152803,   0000199P0001244
-0.485147022,-2.064879488,2.489648185,-0.676740668,-2.016757068, 0000199P0001245
2.477808309,-0.862614957,-1.947911122,2.465970457,-1.040113653,  0000199P0001246
-1.859200319,2.4541339,-1.206752161,-1.751866454,2.442296023,    0000199P0001247
-1.360249373,-1.627518504,2.430456169,-1.667403491,-1.318217678, 0000199P0001248
2.404177433,-1.813804228,-1.12580394,2.389727802,-1.934044361,   0000199P0001249
-0.914659321,2.375285091,-2.025404,-0.689106665,2.360844642,     0000199P0001250
-2.085997225,-0.453801951,2.346401928,-2.11476868,-0.213742337,  0000199P0001251
2.33195228,-2.110995725,9.510891172E-02,2.313331467,             0000199P0001252
-2.107495103,0.164387318,2.309152667,-2.101342103,0.233511043,   0000199P0001253
2.304973836,-2.092545213,0.302358348,2.300794979,-2.081119877,   0000199P0001254
0.370808386,2.2966161,-2.067088486,0.438741205,2.292437205,      0000199P0001255
-2.010510953,0.667995093,2.278201262,-1.95561196,0.82629056,     0000199P0001256
2.268142838,-1.886193552,0.9792337,2.258085353,-1.802901688,     0000199P0001257
1.125242302,2.24802854,-1.706579717,1.262838015,2.237971245,     0000199P0001258
-1.598260835,1.390659561,2.22791314,-1.331108188,1.652796602,    0000199P0001259
2.205349256,-1.166325999,1.781174222,2.192838421,-0.987247185,   0000199P0001260
1.890234955,2.18033057,-0.796609924,1.978145073,2.167824493,     0000199P0001261
-0.597391149,2.043531737,2.155316459,-0.392763389,2.085502963,   0000199P0001262
2.142805422,-9.420240139E-02,2.111914341,2.124735992,            0000199P0001263
-1.883828694E-03,2.115360437,2.11917377,9.056180496E-02,         0000199P0001264
2.11409725,2.113611588,0.182846382,2.108121394,2.108049446,      0000199P0001265
0.274682832,2.097451463,2.102487296,0.365785897,2.082127983,     0000199P0001266
2.096925129,0.611157223,2.027886196,2.081775636,0.763442782,     0000199P0001267
1.979913571,2.072187283,0.911259966,1.918615059,2.062599794,     0000199P0001268
1.0532214,1.844506223,2.053012921,1.188020041,1.758269357,       0000199P0001269
2.043425614,1.314439692,1.660748013,2.03383741,1.55505729,       0000199P0001270
1.438969252,2.01410984,1.668161631,1.31346602,2.003968052,       0000199P0001271
1.769374379,1.177659298,1.993826867,1.857594899,1.03291247,      0000199P0001272
1.983685736,1.931915104,0.880715593,1.973543773,1.991627753,     0000199P0001273
0.722671699,1.963401424,2.057774247,0.482366065,1.948375668,     0000199P0001274
2.075784174,0.403266311,1.943490161,2.090244287,0.323392013,     0000199P0001275
1.938604912,2.101115537,0.242934367,1.933719911,2.108371816,     0000199P0001276
0.162086507,1.928835041,2.112,8.104310657E-02,1.923950061,2.112, 0000199P0001277
0.,1.91906459,0.,1.,-2.490719939E-05,0.118838041,0.992913652;    0000199P0001278
126,20,11,0,0,1,0,0.,0.,0.,0.,0.,0.,0.,0.,0.,0.,0.,0.,           0000201P0001279
3.166955068,3.166955068,3.166955068,3.166955068,3.166955068,     0000201P0001280
3.166955068,3.166955068,3.166955068,3.166955068,6.333910135,     0000201P0001281
6.333910135,6.333910135,6.333910135,6.333910135,6.333910135,     0000201P0001282
6.333910135,6.333910135,6.333910135,6.333910135,6.333910135,     0000201P0001283
6.333910135,1.,1.,1.,1.,1.,1.,1.,1.,1.,1.,1.,1.,1.,1.,1.,1.,1.,  0000201P0001284
1.,1.,1.,1.,2.512004948,6.721291967E-09,3.049999868,2.512005983, 0000201P0001285
-0.717426425,3.013636204,2.286677228,-1.434848359,2.977272328,   0000201P0001286
1.835736992,-2.073633918,2.940909388,1.190630285,-2.554958223,   0000201P0001287
2.904545209,0.412644191,-2.814308956,2.868181328,-0.412626467,   0000201P0001288
-2.814227791,2.831818253,-1.190587152,-2.555021074,2.795454369,  0000201P0001289
-1.835855556,-2.073604662,2.759090769,-2.286620446,-1.434853546, 0000201P0001290
2.722727111,-2.737386,4.854329383E-08,2.649999846,-2.286619878,  0000201P0001291
1.434853464,2.577272581,-1.835852913,2.073607383,2.540908923,    0000201P0001292
-1.19060302,2.555004744,2.504545323,-0.412605437,2.814281438,    0000201P0001293
2.468181439,0.412641147,2.814226114,2.431818363,1.19060264,      0000201P0001294
2.555014739,2.395454483,1.835775812,2.073621046,2.359090304,     0000201P0001295
2.286658949,1.434847725,2.322727364,2.512005561,0.717426441,     0000201P0001296
2.286363488,2.512006597,8.962357079E-09,2.249999824,0.,          0000201P0001297
6.333910135,4.822840411E-11,8.639813023E-02,0.99626069;          0000201P0001298
126,1,1,1,0,1,0,0.,0.,0.461888861,0.461888861,1.,1.,2.512004948, 0000203P0001299
6.721292856E-09,3.049999868,2.112,-2.172792464E-07,3.280948697,  0000203P0001300
0.,0.461888861,0.500009522,-0.,0.866019906;                      0000203P0001301
126,79,7,0,0,1,0,0.,0.,0.,0.,0.,0.,0.,0.,4.200213487E-02,        0000205P0001302
4.200213487E-02,4.200213487E-02,4.200213487E-02,4.200213487E-02, 0000205P0001303
4.200213487E-02,0.132947332,0.132947332,0.132947332,0.132947332, 0000205P0001304
0.132947332,0.132947332,0.227843998,0.227843998,0.227843998,     0000205P0001305
0.227843998,0.227843998,0.227843998,0.289803078,0.289803078,     0000205P0001306
0.289803078,0.289803078,0.289803078,0.289803078,0.380690935,     0000205P0001307
0.380690935,0.380690935,0.380690935,0.380690935,0.380690935,     0000205P0001308
0.502382179,0.502382179,0.502382179,0.502382179,0.502382179,     0000205P0001309
0.502382179,0.590013993,0.590013993,0.590013993,0.590013993,     0000205P0001310
0.590013993,0.590013993,0.630016149,0.630016149,0.630016149,     0000205P0001311
0.630016149,0.630016149,0.630016149,0.747310751,0.747310751,     0000205P0001312
0.747310751,0.747310751,0.747310751,0.747310751,0.807240131,     0000205P0001313
0.807240131,0.807240131,0.807240131,0.807240131,0.807240131,     0000205P0001314
0.867536943,0.867536943,0.867536943,0.867536943,0.867536943,     0000205P0001315
0.867536943,0.960002568,0.960002568,0.960002568,0.960002568,     0000205P0001316
0.960002568,0.960002568,1.,1.,1.,1.,1.,1.,1.,1.,1.,1.,1.,1.,1.,  0000205P0001317
1.,1.,1.,1.,1.,1.,1.,1.,1.,1.,1.,1.,1.,1.,1.,1.,1.,1.,1.,1.,1.,  0000205P0001318
1.,1.,1.,1.,1.,1.,1.,1.,1.,1.,1.,1.,1.,1.,1.,1.,1.,1.,1.,1.,1.,  0000205P0001319
1.,1.,1.,1.,1.,1.,1.,1.,1.,1.,1.,1.,1.,1.,1.,1.,1.,1.,1.,1.,1.,  0000205P0001320
1.,1.,1.,1.,1.,1.,1.,1.,1.,1.,1.,1.,2.112,-2.172792479E-07,      0000205P0001321
3.280948697,2.111999988,-7.962094252E-02,3.276149112,            0000205P0001322
2.108498042,-0.159241923,3.271350157,2.101494231,-0.238677484,   0000205P0001323
3.266551339,2.091000782,-0.317743016,3.261752359,2.077042028,    0000205P0001324
-0.396255321,3.25695308,2.05965436,-0.474032977,3.252153487,     0000205P0001325
1.993917833,-0.717325958,3.236960793,1.933093436,-0.879497091,   0000205P0001326
3.226565156,1.85690651,-1.035552433,3.216169726,1.766117449,     0000205P0001327
-1.183765319,3.205775202,1.66170744,-1.3225334,3.195380707,      0000205P0001328
1.544869351,-1.45039425,3.184985623,1.283647576,-1.686757978,    0000205P0001329
3.163747944,1.138242431,-1.794219273,3.152901913,0.982436686,    0000205P0001330
-1.886970136,3.142057544,0.818027582,-1.963840359,3.13121397,    0000205P0001331
0.646949094,-2.023925733,3.120369228,0.471251558,-2.066597553,   0000205P0001332
3.10952285,0.176790986,-2.10786232,3.09159757,5.941587887E-02,   0000205P0001333
-2.116615984,3.084516663,-5.842662528E-02,-2.117740603,          0000205P0001334
3.077435861,-0.176141914,-2.111211259,3.070355143,-0.293137229,  0000205P0001335
-2.097060821,3.063274335,-0.408824344,-2.075379799,3.056193404,  0000205P0001336
-0.689552508,-2.003682775,3.038726093,-0.852450266,-1.945155796, 0000205P0001337
3.028338017,-1.009453796,-1.871202194,3.017951191,-1.158829081,  0000205P0001338
-1.782557078,3.007565164,-1.2989634,-1.680177522,2.997178414,    0000205P0001339
-1.428380806,-1.565233373,2.986790442,-1.702966548,-1.270299962, 0000205P0001340
2.962497145,-1.838713454,-1.081354988,2.948583619,-1.949787101,  0000205P0001341
-0.875702841,2.934675214,-2.033849709,-0.657252387,2.920768457,  0000205P0001342
-2.089289666,-0.430191459,2.906859914,-2.11522127,-0.198987845,  0000205P0001343
2.892946262,-2.10927195,0.197763615,2.869025012,-2.091539402,    0000205P0001344
0.363654155,2.859009415,-2.058584016,0.527620421,2.848994928,    0000205P0001345
-2.010674601,0.687996426,2.838981178,-1.948292228,0.843171834,   0000205P0001346
2.828966892,-1.872125961,0.991606241,2.818951635,-1.742464058,   0000205P0001347
1.195873317,2.804366336,-1.69914434,1.258191519,2.799795084,     0000205P0001348
-1.653228833,1.318672298,2.795223801,-1.604811462,1.377186398,   0000205P0001349
2.790652486,-1.553993883,1.433610964,2.786081139,-1.500885486,   0000205P0001350
1.48782954,2.781509763,-1.283504848,1.691921014,2.763534066,     0000205P0001351
-1.102647515,1.824262545,2.750124005,-0.906059798,1.933860631,   0000205P0001352
2.736718151,-0.69721058,2.018578417,2.723313828,-0.479824795,    0000205P0001353
2.076904841,2.709908025,-0.257879825,2.107956234,2.696497997,    0000205P0001354
7.802100353E-02,2.113613582,2.676244957,0.191731063,2.108398383, 0000205P0001355
2.669396129,0.30502211,2.096046091,2.662547488,0.417357312,      0000205P0001356
2.076598313,2.655698962,0.528207369,2.050146694,2.648850352,     0000205P0001357
0.637052732,2.016832526,2.642001587,0.850370867,1.936615023,     0000205P0001358
2.628262406,0.954818638,1.889627398,2.621371608,1.056212306,     0000205P0001359
1.836078165,2.614480926,1.154059121,1.776208048,2.607590312,     0000205P0001360
1.247892399,1.710302588,2.600699597,1.337273501,1.63869094,      0000205P0001361
2.593808744,1.551406358,1.443746926,2.576351262,1.66961457,      0000205P0001362
1.313180606,2.565782829,1.774916622,1.171400575,2.555215705,     0000205P0001363
1.866067538,1.019951091,2.544649612,1.942048868,0.860524348,     0000205P0001364
2.534082838,2.002078955,0.694943508,2.52351455,2.064517062,      0000205P0001365
0.451732107,2.508376788,2.080294659,0.377503889,2.503805867,     0000205P0001366
2.092956704,0.302641121,2.499234881,2.102473275,0.227300642,     0000205P0001367
2.49466386,2.108824389,0.151640535,2.49009288,2.112,             0000205P0001368
7.582013073E-02,2.485522063,2.112,0.,2.480951577,0.,1.,          0000205P0001369
-9.334667497E-06,0.118882112,0.992908376;                        0000205P0001370
126,26,8,0,0,1,0,0.,0.,0.,0.,0.,0.,0.,0.,0.,1.583477534,         0000207P0001371
1.583477534,1.583477534,1.583477534,1.583477534,1.583477534,     0000207P0001372
3.166955068,3.166955068,3.166955068,3.166955068,3.166955068,     0000207P0001373
3.166955068,4.750432602,4.750432602,4.750432602,4.750432602,     0000207P0001374
4.750432602,4.750432602,6.333910135,6.333910135,6.333910135,     0000207P0001375
6.333910135,6.333910135,6.333910135,6.333910135,6.333910135,     0000207P0001376
6.333910135,1.,1.,1.,1.,1.,1.,1.,1.,1.,1.,1.,1.,1.,1.,1.,1.,1.,  0000207P0001377
1.,1.,1.,1.,1.,1.,1.,1.,1.,1.,2.512003848,6.720985546E-09,       0000207P0001378
2.949999868,2.512004402,-0.493230414,2.924999849,2.401351129,    0000207P0001379
-0.986458589,2.899999726,2.179945994,-1.450722256,2.874999917,   0000207P0001380
1.857014136,-1.857017764,2.849999891,1.450711456,-2.179962894,   0000207P0001381
2.82499986,0.98646312,-2.401323429,2.799999836,5.163810682E-06,  0000207P0001382
-2.622685609,2.749999824,-0.986461804,-2.401324161,2.69999985,   0000207P0001383
-1.450719958,-2.179962843,2.674999866,-1.857026644,-1.857021253, 0000207P0001384
2.649999858,-2.179965178,-1.450715559,2.624999843,-2.401322894,  0000207P0001385
-0.986461297,2.599999841,-2.622680854,1.827863283E-08,           0000207P0001386
2.549999846,-2.401322592,0.986461265,2.499999851,-2.179964933,   0000207P0001387
1.450715413,2.474999849,-1.857027548,1.85702143,2.449999834,     0000207P0001388
-1.450720445,2.179963934,2.424999826,-0.986461886,2.401324366,   0000207P0001389
2.399999842,5.170757266E-06,2.622684366,2.349999868,0.986463037, 0000207P0001390
2.401322835,2.299999856,1.450711463,2.179962778,2.274999832,     0000207P0001391
1.857015303,1.857023398,2.249999801,2.179950894,1.45071926,      0000207P0001392
2.224999775,2.401344167,0.986458356,2.199999966,2.512004577,     0000207P0001393
0.493230429,2.174999843,2.512005131,8.961816178E-09,2.149999824, 0000207P0001394
0.,6.333910135,1.245298868E-10,9.519347596E-02,0.99545879;       0000207P0001395
126,1,1,1,0,1,0,0.,0.,0.1,0.1,1.,1.,2.512003848,6.720984658E-09, 0000209P0001396
2.949999868,2.512004948,6.721292856E-09,3.049999868,0.,0.1,-1.,  0000209P0001397
0.,1.099543E-05;                                                 0000209P0001398
126,1,1,1,0,1,0,3.8118273E-02,3.8118273E-02,0.5,0.5,1.,1.,2.112, 0000211P0001399
-2.172775102E-07,2.719063403,2.512003848,6.720985546E-09,        0000211P0001400
2.949999868,3.8118273E-02,0.5,-0.499990478,0.,0.866030901;       0000211P0001401
126,79,7,0,0,1,0,0.,0.,0.,0.,0.,0.,0.,0.,3.39267934E-02,         0000213P0001402
3.39267934E-02,3.39267934E-02,3.39267934E-02,3.39267934E-02,     0000213P0001403
3.39267934E-02,0.133471803,0.133471803,0.133471803,0.133471803,  0000213P0001404
0.133471803,0.133471803,0.222383544,0.222383544,0.222383544,     0000213P0001405
0.222383544,0.222383544,0.222383544,0.271978298,0.271978298,     0000213P0001406
0.271978298,0.271978298,0.271978298,0.271978298,0.375534266,     0000213P0001407
0.375534266,0.375534266,0.375534266,0.375534266,0.375534266,     0000213P0001408
0.501076798,0.501076798,0.501076798,0.501076798,0.501076798,     0000213P0001409
0.501076798,0.538608241,0.538608241,0.538608241,0.538608241,     0000213P0001410
0.538608241,0.538608241,0.626609883,0.626609883,0.626609883,     0000213P0001411
0.626609883,0.626609883,0.626609883,0.736922891,0.736922891,     0000213P0001412
0.736922891,0.736922891,0.736922891,0.736922891,0.784731882,     0000213P0001413
0.784731882,0.784731882,0.784731882,0.784731882,0.784731882,     0000213P0001414
0.868681631,0.868681631,0.868681631,0.868681631,0.868681631,     0000213P0001415
0.868681631,0.956868075,0.956868075,0.956868075,0.956868075,     0000213P0001416
0.956868075,0.956868075,1.,1.,1.,1.,1.,1.,1.,1.,1.,1.,1.,1.,1.,  0000213P0001417
1.,1.,1.,1.,1.,1.,1.,1.,1.,1.,1.,1.,1.,1.,1.,1.,1.,1.,1.,1.,1.,  0000213P0001418
1.,1.,1.,1.,1.,1.,1.,1.,1.,1.,1.,1.,1.,1.,1.,1.,1.,1.,1.,1.,1.,  0000213P0001419
1.,1.,1.,1.,1.,1.,1.,1.,1.,1.,1.,1.,1.,1.,1.,1.,1.,1.,1.,1.,1.,  0000213P0001420
1.,1.,1.,1.,1.,1.,1.,1.,1.,1.,1.,1.,2.112,-1.448515823E-07,      0000213P0001421
3.519062233,2.111999992,-6.431271921E-02,3.515185321,            0000213P0001422
2.109715195,-0.1286253,3.511308075,2.105145655,-0.192840094,     0000213P0001423
3.507430657,2.098296576,-0.256859846,3.50355319,2.089178317,     0000213P0001424
-0.320587839,3.499675754,2.077806391,-0.383927899,3.49579839,    0000213P0001425
2.02428311,-0.631212362,3.480544677,1.96513205,-0.811517902,     0000213P0001426
3.469166582,1.887270693,-0.985222686,3.45779122,1.791617511,     0000213P0001427
-1.150026907,3.44641695,1.679409626,-1.303798225,3.435040987,    0000213P0001428
1.552188641,-1.444597324,3.423662965,1.28650161,-1.683408421,    0000213P0001429
3.40212647,1.150646676,-1.784421897,3.391964252,1.005614992,     0000213P0001430
-1.872575259,3.381802968,0.852876272,-1.946895383,3.37164239,    0000213P0001431
0.694008942,-2.006614256,3.361481277,0.530685728,-2.051175974,   0000213P0001432
3.351319211,0.272075819,-2.096510674,3.335490962,0.178631614,    0000213P0001433
-2.1079348,3.329823307,8.464493627E-02,-2.114497338,3.324155715, 0000213P0001434
-9.580743267E-03,-2.116169174,3.318488155,-0.103741111,          0000213P0001435
-2.112944907,3.312820543,-0.197531853,-2.104842856,3.307152849,  0000213P0001436
-0.485083154,-2.064890449,3.289650916,-0.676636392,-2.016785045, 0000213P0001437
3.277813607,-0.862473595,-1.947964962,3.26597832,-1.039940212,   0000213P0001438
-1.859288166,3.254144327,-1.206553167,-1.751995442,3.242309015,  0000213P0001439
-1.360032664,-1.627694471,3.230471728,-1.666090543,-1.319590955, 0000213P0001440
3.204290776,-1.81169993,-1.128616641,3.189936617,-1.931521068,   0000213P0001441
-0.919129955,3.175589152,-2.022880156,-0.695362838,3.161243901,  0000213P0001442
-2.083915536,-0.461875017,3.146896442,-2.113574882,-0.223560532, 0000213P0001443
3.13254228,-2.111465299,8.555629357E-02,3.11390643,-2.108183794, 0000213P0001444
0.156680839,3.109617354,-2.102107258,0.227654088,3.105328245,    0000213P0001445
-2.093244362,0.298344355,3.101039108,-2.081611493,0.368620937,   0000213P0001446
3.096749948,-2.067232754,0.438354113,3.092460773,-2.010061742,   0000213P0001447
0.669345599,3.078114548,-1.955056419,0.827604148,3.068056124,    0000213P0001448
-1.885535281,0.980500617,3.05799864,-1.802145348,1.12645323,     0000213P0001449
3.047941827,-1.705730963,1.263984203,3.037884533,-1.597326236,   0000213P0001450
1.391732951,3.027826429,-1.328822461,1.654841937,3.005163364,    0000213P0001451
-1.162512107,1.783991727,2.992553196,-0.981709977,1.893487292,   0000213P0001452
2.979946128,-0.789224603,1.981457348,2.967340902,-0.588109275,   0000213P0001453
2.046506425,2.95473364,-0.381616966,2.087735506,2.942123261,     0000213P0001454
-8.288949154E-02,2.112317826,2.924053204,7.805367643E-03,        0000213P0001455
2.115228712,2.918589552,9.859991447E-02,2.113595484,2.91312594,  0000213P0001456
0.189221095,2.107416233,2.907662364,0.279396901,2.096709512,     0000213P0001457
2.902198782,0.368857065,2.081514283,2.896735187,0.612693585,     0000213P0001458
2.027430564,2.881678094,0.765041131,1.979310354,2.872083572,     0000213P0001459
0.912904145,1.917850484,2.862489918,1.054892983,1.843568633,     0000213P0001460
2.852896881,1.189698677,1.757149564,2.843303407,1.316103476,     0000213P0001461
1.659439619,2.833709033,1.555803906,1.438041372,2.81403765,      0000213P0001462
1.668146388,1.3132628,2.803958259,1.768740575,1.178312091,       0000213P0001463
2.793879446,1.856506153,1.034527607,2.783800679,1.930550732,     0000213P0001464
0.883371458,2.773721101,1.990177895,0.726416233,2.763641145,     0000213P0001465
2.056811964,0.486573117,2.748634394,2.075140309,0.406806831,     0000213P0001466
2.743705559,2.089857027,0.326245309,2.738776987,2.10092167,      0000213P0001467
0.245084815,2.73384867,2.108307192,0.163523634,2.728920491,      0000213P0001468
2.112,8.176166171E-02,2.723992202,2.112,0.,2.719063416,0.,1.,    0000213P0001469
-2.32513636E-05,0.118839362,0.992913493;                         0000213P0001470
126,20,11,0,0,1,0,0.,0.,0.,0.,0.,0.,0.,0.,0.,0.,0.,0.,           0000215P0001471
3.166955068,3.166955068,3.166955068,3.166955068,3.166955068,     0000215P0001472
3.166955068,3.166955068,3.166955068,3.166955068,6.333910135,     0000215P0001473
6.333910135,6.333910135,6.333910135,6.333910135,6.333910135,     0000215P0001474
6.333910135,6.333910135,6.333910135,6.333910135,6.333910135,     0000215P0001475
6.333910135,1.,1.,1.,1.,1.,1.,1.,1.,1.,1.,1.,1.,1.,1.,1.,1.,1.,  0000215P0001476
1.,1.,1.,1.,2.512003299,4.480558147E-09,3.849999912,2.512004333, 0000215P0001477
-0.717425957,3.813636248,2.286675725,-1.434847419,3.777272372,   0000215P0001478
1.835735785,-2.073632559,3.740909432,1.1906295,-2.554956547,     0000215P0001479
3.704545253,0.412643918,-2.814307108,3.668181372,-0.412626199,   0000215P0001480
-2.814225944,3.631818297,-1.190586373,-2.555019395,3.595454413,  0000215P0001481
-1.835854352,-2.073603299,3.559090813,-2.286618946,-1.434852602, 0000215P0001482
3.522727155,-2.737384203,5.098527378E-08,3.44999989,             0000215P0001483
-2.286618376,1.434852524,3.377272625,-1.835851706,2.073606023,   0000215P0001484
3.340908967,-1.190602236,2.555003067,3.304545367,-0.412605164,   0000215P0001485
2.814279591,3.268181483,0.412640879,2.814224265,3.231818407,     0000215P0001486
1.19060186,2.555013061,3.195454527,1.835774609,2.073619683,      0000215P0001487
3.159090348,2.286657449,1.43484678,3.122727408,2.512003913,      0000215P0001488
0.717425968,3.086363532,2.512004948,6.721292856E-09,3.049999868, 0000215P0001489
0.,6.333910135,1.253525325E-10,8.639818653E-02,0.996260685;      0000215P0001490
126,26,8,0,0,1,0,0.,0.,0.,0.,0.,0.,0.,0.,0.,1.583477534,         0000217P0001491
1.583477534,1.583477534,1.583477534,1.583477534,1.583477534,     0000217P0001492
3.166955068,3.166955068,3.166955068,3.166955068,3.166955068,     0000217P0001493
3.166955068,4.750432602,4.750432602,4.750432602,4.750432602,     0000217P0001494
4.750432602,4.750432602,6.333910135,6.333910135,6.333910135,     0000217P0001495
6.333910135,6.333910135,6.333910135,6.333910135,6.333910135,     0000217P0001496
6.333910135,1.,1.,1.,1.,1.,1.,1.,1.,1.,1.,1.,1.,1.,1.,1.,1.,1.,  0000217P0001497
1.,1.,1.,1.,1.,1.,1.,1.,1.,1.,2.512002566,4.480421367E-09,       0000217P0001498
3.749999912,2.512003119,-0.493230164,3.724999893,2.401349902,    0000217P0001499
-0.986458088,3.69999977,2.17994488,-1.450721517,3.674999961,     0000217P0001500
1.857013186,-1.857016817,3.649999935,1.450710713,-2.179961782,   0000217P0001501
3.624999904,0.986462614,-2.401322204,3.59999988,5.161471969E-06, 0000217P0001502
-2.62268427,3.549999868,-0.986461302,-2.401322934,3.499999894,   0000217P0001503
-1.450719219,-2.179961729,3.47499991,-1.857025698,-1.857020303,  0000217P0001504
3.449999902,-2.179964067,-1.450714816,3.424999887,-2.401321669,  0000217P0001505
-0.986460791,3.399999885,-2.622679515,2.061805393E-08,           0000217P0001506
3.34999989,-2.401321365,0.986460764,3.299999895,-2.179963819,    0000217P0001507
1.450714674,3.274999893,-1.857026598,1.857020484,3.249999878,    0000217P0001508
-1.450719702,2.179962822,3.22499987,-0.986461381,2.401323141,    0000217P0001509
3.199999886,5.173097357E-06,2.622683027,3.149999912,0.986462535, 0000217P0001510
2.401321608,3.0999999,1.450710724,2.179961663,3.074999876,       0000217P0001511
1.857014356,1.857022448,3.049999845,2.179949782,1.450718517,     0000217P0001512
3.024999819,2.401342941,0.98645785,3.00000001,2.512003295,       0000217P0001513
0.493230175,2.974999887,2.512003848,6.720985546E-09,2.949999868, 0000217P0001514
0.,6.333910135,2.094301673E-10,9.519352413E-02,0.995458785;      0000217P0001515
508,5,0,19,5,0,0,0,19,6,1,0,0,19,7,1,0,0,19,8,0,0,0,19,9,0,0;    0000219P0001516
510,223,1,1,231;                                                 0000221P0001517
190,225,227,229;                                                 0000223P0001518
116,2.292073341E-16,5.25,2.318548387,0;                          0000225P0001519
123,3.016350985E-97,1.,-2.220446049E-16;                         0000227P0001520
123,0.,2.220446049E-16,1.;                                       0000229P0001521
508,10,0,19,1,0,0,0,19,10,1,0,0,19,11,0,0,0,19,12,0,0,0,19,13,0, 0000231P0001522
0,0,19,14,0,0,0,19,15,0,0,0,19,16,0,0,0,19,17,0,0,0,19,18,0,0;   0000231P0001523
510,235,1,1,243;                                                 0000233P0001524
190,237,239,241;                                                 0000235P0001525
116,-4.25,5.25,1.,0;                                             0000237P0001526
123,-0.707106781,-1.602795974E-16,-0.707106781;                  0000239P0001527
123,2.312487734E-18,-1.,2.243570927E-16;                         0000241P0001528
508,4,0,19,10,0,0,0,19,2,1,0,0,19,19,1,0,0,19,20,0,0;            0000243P0001529
510,247,1,1,255;                                                 0000245P0001530
190,249,251,253;                                                 0000247P0001531
116,4.25,5.25,1.,0;                                              0000249P0001532
123,0.707106781,-1.314351571E-16,-0.707106781;                   0000251P0001533
123,-1.80836116E-17,1.,-2.039609933E-16;                         0000253P0001534
508,4,0,19,18,1,0,0,19,21,1,0,0,19,22,0,0,0,19,4,0,0;            0000255P0001535
510,259,1,1,267;                                                 0000257P0001536
190,261,263,265;                                                 0000259P0001537
116,2.292073341E-16,-5.25,2.318548387,0;                         0000261P0001538
123,3.016350985E-97,1.,-2.220446049E-16;                         0000263P0001539
123,0.,2.220446049E-16,1.;                                       0000265P0001540
508,10,0,19,3,0,0,0,19,19,1,0,0,19,23,0,0,0,19,24,0,0,0,19,25,0, 0000267P0001541
0,0,19,26,0,0,0,19,27,0,0,0,19,28,0,0,0,19,29,0,0,0,19,22,0,0;   0000267P0001542
510,271,1,1,273;                                                 0000269P0001543
128,1,30,1,9,0,0,1,0,0,0.,0.,0.5,0.5,0.,0.,0.,0.,0.,0.,0.,0.,0., 0000271P0001544
0.,1.583477534,1.583477534,1.583477534,1.583477534,1.583477534,  0000271P0001545
1.583477534,1.583477534,3.166955068,3.166955068,3.166955068,     0000271P0001546
3.166955068,3.166955068,3.166955068,3.166955068,4.750432602,     0000271P0001547
4.750432602,4.750432602,4.750432602,4.750432602,4.750432602,     0000271P0001548
4.750432602,6.333910135,6.333910135,6.333910135,6.333910135,     0000271P0001549
6.333910135,6.333910135,6.333910135,6.333910135,6.333910135,     0000271P0001550
6.333910135,1.,1.,1.,1.,1.,1.,1.,1.,1.,1.,1.,1.,1.,1.,1.,1.,1.,  0000271P0001551
1.,1.,1.,1.,1.,1.,1.,1.,1.,1.,1.,1.,1.,1.,1.,1.,1.,1.,1.,1.,1.,  0000271P0001552
1.,1.,1.,1.,1.,1.,1.,1.,1.,1.,1.,1.,1.,1.,1.,1.,1.,1.,1.,1.,1.,  0000271P0001553
1.,1.,1.,2.512009896,1.344529998E-08,0.649999736,2.079002692,    0000271P0001554
-4.715193684E-07,0.900009258,2.51201053,-0.438428114,            0000271P0001555
0.627777497,2.079003592,-0.362870951,0.877787627,2.425947532,    0000271P0001556
-0.876854524,0.605555177,2.007775048,-0.725694758,0.855568842,   0000271P0001557
2.253753163,-1.295971207,0.583333055,1.865273295,-1.072570672,   0000271P0001558
0.833343098,2.000543967,-1.67644588,0.561110882,1.655700974,     0000271P0001559
-1.387472194,0.811119144,1.676439236,-2.000553452,0.538888634,   0000271P0001560
1.38745632,-1.655711858,0.788897811,1.295965233,-2.253755367,    0000271P0001561
0.516666387,1.07257273,-1.865264415,0.766676476,0.87685887,      0000271P0001562
-2.425925338,0.494444147,0.725710094,-2.00775797,0.744454868,    0000271P0001563
4.668231082E-06,-2.598096457,0.449999694,4.240232281E-06,        0000271P0001564
-2.150251253,0.700010722,-0.876856523,-2.42592589,0.405555271,   0000271P0001565
-0.725710044,-2.007757709,0.655565536,-1.2959704,-2.253755428,   0000271P0001566
0.383333062,-1.072580591,-1.86526418,0.633342849,-1.676449947,   0000271P0001567
-2.00055573,0.361110841,-1.387473748,-1.655708995,0.611120596,   0000271P0001568
-2.000559785,-1.676445101,0.338888608,-1.65571348,-1.38746845,   0000271P0001569
0.588898736,-2.253756709,-1.295967372,0.316666377,-1.865265551,  0000271P0001570
-1.072577671,0.566676836,-2.425924277,-0.876856667,0.294444154,  0000271P0001571
-2.007756281,-0.725710527,0.544454635,-2.598091952,              0000271P0001572
1.401668559E-08,0.249999714,-2.150246738,5.735561039E-07,        0000271P0001573
0.50001003,-2.425923935,0.876856627,0.205555274,-2.007755376,    0000271P0001574
0.725711497,0.455565424,-2.253756374,1.295967225,0.183333051,    0000271P0001575
-1.865264479,1.072578401,0.433343223,-2.000560296,1.676445138,   0000271P0001576
0.16111082,-1.655713564,1.387469356,0.411121323,-1.676450878,    0000271P0001577
2.000556475,0.138888587,-1.387474347,1.655710865,0.388899463,    0000271P0001578
-1.295970861,2.253756446,0.116666366,-1.07258035,1.865266315,    0000271P0001579
0.36667721,-0.876856625,2.425925944,9.444415703E-02,             0000271P0001580
-0.725709173,2.007758164,0.344454523,4.655078649E-06,            0000271P0001581
2.598095009,4.999973374E-02,5.323277749E-06,2.150249001,         0000271P0001582
0.300009338,0.876858768,2.425924485,5.555280782E-03,0.725710965, 0000271P0001583
2.00775627,0.255565192,1.295966274,2.253754727,-1.666695895E-02, 0000271P0001584
1.072573742,1.865265451,0.233343583,1.67643729,2.000558162,      0000271P0001585
-3.888920652E-02,1.387458168,1.655711833,0.211122248,            0000271P0001586
2.000550371,1.676447454,-6.111145406E-02,1.655707623,            0000271P0001587
1.387480433,0.188900916,2.253753295,1.295968838,                 0000271P0001588
-8.333362691E-02,1.865275617,1.072563447,0.166676961,            0000271P0001589
2.425940616,0.876854304,-0.105555749,2.007764662,0.725693385,    0000271P0001590
0.144451217,2.512010911,0.438428143,-0.127778069,2.079004371,    0000271P0001591
0.362869929,0.122232433,2.512011545,1.568725061E-08,             0000271P0001592
-0.150000308,2.079005257,-5.501042732E-07,0.100010801,0.,        0000271P0001593
0.461905521,0.,6.333910135;                                      0000271P0001594
508,5,0,19,30,0,1,0,275,0,19,31,1,1,0,277,0,19,32,1,1,0,279,0,   0000273P0001595
19,33,0,1,0,281,0,19,5,1,1,0,283;                                0000273P0001596
126,1,1,1,0,1,0,0.,0.,5.146299723,5.146299723,1.,1.,0.,          0000275P0001597
5.146299723,0.,0.,0.,0.,0.,5.146299723,0.,0.,1.;                 0000275P0001598
126,1,1,1,0,1,0,0.,0.,0.461897513,0.461897513,1.,1.,0.,0.,0.,    0000277P0001599
0.461897513,0.,0.,0.,0.461897513,0.,0.,1.;                       0000277P0001600
126,85,7,1,0,1,0,0.,0.,0.,0.,0.,0.,0.,0.,4.200146244E-02,        0000279P0001601
4.200146244E-02,4.200146244E-02,4.200146244E-02,4.200146244E-02, 0000279P0001602
4.200146244E-02,0.132945285,0.132945285,0.132945285,0.132945285, 0000279P0001603
0.132945285,0.132945285,0.227841918,0.227841918,0.227841918,     0000279P0001604
0.227841918,0.227841918,0.227841918,0.289820306,0.289820306,     0000279P0001605
0.289820306,0.289820306,0.289820306,0.289820306,0.380871268,     0000279P0001606
0.380871268,0.380871268,0.380871268,0.380871268,0.380871268,     0000279P0001607
0.460729723,0.460729723,0.460729723,0.460729723,0.460729723,     0000279P0001608
0.460729723,0.502731536,0.502731536,0.502731536,0.502731536,     0000279P0001609
0.502731536,0.502731536,0.588810718,0.588810718,0.588810718,     0000279P0001610
0.588810718,0.588810718,0.588810718,0.629812273,0.629812273,     0000279P0001611
0.629812273,0.629812273,0.629812273,0.629812273,0.748135616,     0000279P0001612
0.748135616,0.748135616,0.748135616,0.748135616,0.748135616,     0000279P0001613
0.807086339,0.807086339,0.807086339,0.807086339,0.807086339,     0000279P0001614
0.807086339,0.868044744,0.868044744,0.868044744,0.868044744,     0000279P0001615
0.868044744,0.868044744,0.959336681,0.959336681,0.959336681,     0000279P0001616
0.959336681,0.959336681,0.959336681,1.,1.,1.,1.,1.,1.,1.,1.,1.,  0000279P0001617
1.,1.,1.,1.,1.,1.,1.,1.,1.,1.,1.,1.,1.,1.,1.,1.,1.,1.,1.,1.,1.,  0000279P0001618
1.,1.,1.,1.,1.,1.,1.,1.,1.,1.,1.,1.,1.,1.,1.,1.,1.,1.,1.,1.,1.,  0000279P0001619
1.,1.,1.,1.,1.,1.,1.,1.,1.,1.,1.,1.,1.,1.,1.,1.,1.,1.,1.,1.,1.,  0000279P0001620
1.,1.,1.,1.,1.,1.,1.,1.,1.,1.,1.,1.,1.,1.,1.,1.,1.,1.,1.,1.,1.,  0000279P0001621
1.,0.461897507,0.,0.,0.46189774,3.800202986E-02,0.,0.461899267,  0000279P0001622
7.60051905E-02,0.,0.461901106,0.114008708,0.,0.461902726,        0000279P0001623
0.1520124,0.,0.461903918,0.190016326,0.,0.461904647,0.228020437, 0000279P0001624
0.,0.461905521,0.34831207,0.,0.461904001,0.430611389,0.,         0000279P0001625
0.461900834,0.51290071,0.,0.461897933,0.595183805,0.,            0000279P0001626
0.461896292,0.677472683,0.,0.461895568,0.759770864,0.,           0000279P0001627
0.46189563,0.927919455,0.,0.461896459,1.013797308,0.,            0000279P0001628
0.461897738,1.099664586,0.,0.461898864,1.185525109,0.,           0000279P0001629
0.461899528,1.27139265,0.,0.461899814,1.357271061,0.,            0000279P0001630
0.461899824,1.499212817,0.,0.461899707,1.555293008,0.,           0000279P0001631
0.461899515,1.611371807,0.,0.461899309,1.667449693,0.,           0000279P0001632
0.461899148,1.723528324,0.,0.461899068,1.7796082,0.,0.461899065, 0000279P0001633
1.918069329,0.,0.46189924,2.000464513,0.,0.461899627,            0000279P0001634
2.082850773,0.,0.461900133,2.165231487,0.,0.461900582,           0000279P0001635
2.24761812,0.,0.461900809,2.330013893,0.,0.461900756,            0000279P0001636
2.484654071,0.,0.461900532,2.55691705,0.,0.461900077,            0000279P0001637
2.629175336,0.,0.461899422,2.701430579,0.,0.461898654,           0000279P0001638
2.773688711,0.,0.461897891,2.845951439,0.,0.461896882,           0000279P0001639
2.956211136,0.,0.461896561,2.994214622,0.,0.461896285,           0000279P0001640
3.03221814,0.,0.461896066,3.070221661,0.,0.461895914,            0000279P0001641
3.108225153,0.,0.461895835,3.146228589,0.,0.461895824,           0000279P0001642
3.262116614,0.,0.46189613,3.340010523,0.,0.461896758,            0000279P0001643
3.417897693,0.,0.461897635,3.495780653,0.,0.46189862,            0000279P0001644
3.573668082,0.,0.461899544,3.651562443,0.,0.461900647,           0000279P0001645
3.766546123,0.,0.461900964,3.803644751,0.,0.461901228,           0000279P0001646
3.84074343,0.,0.46190143,3.877842122,0.,0.461901564,3.91494079,  0000279P0001647
0.,0.461901629,3.952039395,0.,0.461901629,4.096197724,0.,        0000279P0001648
0.461901088,4.203302674,0.,0.461900054,4.310370212,0.,           0000279P0001649
0.461898987,4.417424376,0.,0.461898217,4.524491437,0.,           0000279P0001650
0.461897941,4.63159583,0.,0.461897979,4.791994054,0.,            0000279P0001651
0.461898065,4.845334329,0.,0.461898212,4.898673695,0.,           0000279P0001652
0.461898374,4.952012517,0.,0.4618985,5.005352056,0.,0.461898556, 0000279P0001653
5.058692647,0.,0.461898548,5.167187678,0.,0.461898478,           0000279P0001654
5.222345106,0.,0.461898336,5.27750131,0.,0.461898149,            0000279P0001655
5.332656663,0.,0.461897965,5.387812627,0.,0.461897842,           0000279P0001656
5.442969617,0.,0.461897843,5.58072595,0.,0.461898136,            0000279P0001657
5.663339093,0.,0.4618988,5.745942898,0.,0.461900207,5.82854096,  0000279P0001658
0.,0.46190192,5.911145426,0.,0.461902863,5.993760003,0.,         0000279P0001659
0.461902719,6.113155268,0.,0.461902501,6.149948218,0.,           0000279P0001660
0.461902028,6.186741205,0.,0.461901343,6.223534091,0.,           0000279P0001661
0.461900619,6.26032668,0.,0.461900158,6.297118717,0.,            0000279P0001662
0.461900389,6.333909893,0.,0.,1.,0.,0.,1.;                       0000279P0001663
126,1,1,1,0,1,0,0.299987285,0.299987285,0.461900389,0.461900389, 0000281P0001664
1.,1.,0.461900389,6.333910135,0.,0.299987285,6.333910135,0.,     0000281P0001665
0.299987285,0.461900389,0.,0.,1.;                                0000281P0001666
126,11,6,1,0,1,0,0.,0.,0.,0.,0.,0.,0.,0.476734187,0.476734187,   0000283P0001667
0.476734187,0.476734187,0.476734187,1.,1.,1.,1.,1.,1.,1.,1.,1.,  0000283P0001668
1.,1.,1.,1.,1.,1.,1.,1.,1.,1.,0.299987285,6.333910135,0.,        0000283P0001669
0.275021261,6.235071351,0.,0.250286206,6.137142923,0.,           0000283P0001670
0.225783762,6.040142557,0.,0.201500355,5.944008969,0.,           0000283P0001671
0.177424802,5.84869858,0.,0.127372251,5.650549247,0.,            0000283P0001672
0.101425951,5.547831835,0.,7.572943333E-02,5.446102318,0.,       0000283P0001673
5.026451319E-02,5.34528986,0.,2.501849855E-02,5.245344326,0.,0., 0000283P0001674
5.146299724,0.,0.,1.,-0.,-0.,1.;                                 0000283P0001675
510,287,1,1,289;                                                 0000285P0001676
128,1,20,1,11,0,0,1,0,0,0.,0.,0.1,0.1,0.,0.,0.,0.,0.,0.,0.,0.,   0000287P0001677
0.,0.,0.,0.,3.166955068,3.166955068,3.166955068,3.166955068,     0000287P0001678
3.166955068,3.166955068,3.166955068,3.166955068,3.166955068,     0000287P0001679
6.333910135,6.333910135,6.333910135,6.333910135,6.333910135,     0000287P0001680
6.333910135,6.333910135,6.333910135,6.333910135,6.333910135,     0000287P0001681
6.333910135,6.333910135,1.,1.,1.,1.,1.,1.,1.,1.,1.,1.,1.,1.,1.,  0000287P0001682
1.,1.,1.,1.,1.,1.,1.,1.,1.,1.,1.,1.,1.,1.,1.,1.,1.,1.,1.,1.,1.,  0000287P0001683
1.,1.,1.,1.,1.,1.,1.,1.,2.512007697,1.344408229E-08,0.549999736, 0000287P0001684
2.512009896,1.34452991E-08,0.649999736,2.512008504,-0.717427151, 0000287P0001685
0.513636072,2.512010933,-0.717427831,0.613636072,2.286677537,    0000287P0001686
-1.434849747,0.477272196,2.286681736,-1.43485118,0.577272195,    0000287P0001687
1.835743187,-2.0736346,0.440909256,1.835740613,-2.073637998,     0000287P0001688
0.540909257,1.190628439,-2.554967108,0.404545077,1.190632638,    0000287P0001689
-2.554963252,0.504545077,0.412644282,-2.814302625,0.368181196,   0000287P0001690
0.412645009,-2.814314499,0.468181196,-0.412624541,-2.814236627,  0000287P0001691
0.331818121,-0.412627271,-2.814233334,0.431818121,-1.190590123,  0000287P0001692
-2.555021873,0.295454237,-1.190589491,-2.55502611,0.395454237,   0000287P0001693
-1.83585713,-2.073607088,0.259090637,-1.835859166,-2.073608751,  0000287P0001694
0.359090637,-2.286622714,-1.43485501,0.222726979,-2.286624946,   0000287P0001695
-1.434856378,0.322726979,-2.737388796,2.853076975E-08,           0000287P0001696
0.149999714,-2.737391392,4.121561581E-08,0.249999714,            0000287P0001697
-2.286622282,1.434854931,7.727244881E-02,-2.286624386,           0000287P0001698
1.434856285,0.177272449,-1.835855089,2.073609192,                0000287P0001699
4.090879093E-02,-1.835856535,2.073611462,0.140908791,            0000287P0001700
-1.190602482,2.555009164,4.545190567E-03,-1.190605372,           0000287P0001701
2.555009774,0.104545191,-0.412608204,2.814278349,                0000287P0001702
-3.181869316E-02,-0.412606256,2.814286978,6.818130679E-02,       0000287P0001703
0.412641896,2.814238195,-6.81817686E-02,0.41264195,2.814231659,  0000287P0001704
3.181823141E-02,1.19060692,2.555011073,-0.104545649,1.190604981, 0000287P0001705
2.555019775,-4.545649099E-03,1.835773366,2.0736246,-0.140909829, 0000287P0001706
1.835779421,2.073625135,-4.090982869E-02,2.286663311,            0000287P0001707
1.434849269,-0.177272768,2.28666345,1.434850558,                 0000287P0001708
-7.727276748E-02,2.512008171,0.71742718,-0.213636644,            0000287P0001709
2.512010507,0.717427861,-0.113636644,2.51200898,1.568559682E-08, 0000287P0001710
-0.250000308,2.512011545,1.56872515E-08,-0.150000308,0.,0.1,0.,  0000287P0001711
5.146299723;                                                     0000287P0001712
508,4,0,19,34,0,1,0,291,0,19,35,1,1,0,293,0,19,30,1,1,0,295,0,   0000289P0001713
19,9,1,1,0,297;                                                  0000289P0001714
126,1,1,1,0,1,0,0.,0.,4.354560932,4.354560932,1.,1.,0.,          0000291P0001715
4.354560932,0.,0.,0.,0.,0.,4.354560932,0.,0.,1.;                 0000291P0001716
126,1,1,1,0,1,0,0.,0.,0.1,0.1,1.,1.,0.,0.,0.,0.1,0.,0.,0.,0.1,   0000293P0001717
0.,0.,1.;                                                        0000293P0001718
126,1,1,1,0,1,0,0.,0.,5.146299723,5.146299723,1.,1.,0.1,0.,0.,   0000295P0001719
0.1,5.146299723,0.,0.,5.146299723,0.,0.,1.;                      0000295P0001720
126,13,5,0,0,1,0,0.,0.,0.,0.,0.,0.,0.275999361,0.275999361,      0000297P0001721
0.275999361,0.275999361,0.637999086,0.637999086,0.637999086,     0000297P0001722
0.637999086,1.,1.,1.,1.,1.,1.,1.,1.,1.,1.,1.,1.,1.,1.,1.,1.,1.,  0000297P0001723
1.,1.,1.,0.1,5.146299723,0.,9.448000284E-02,5.10259579,0.,       0000297P0001724
8.895999497E-02,5.058891771,0.,8.343998601E-02,5.015187739,0.,   0000297P0001725
7.791998493E-02,4.971483765,0.,6.516000854E-02,4.870458107,0.,   0000297P0001726
5.791990389E-02,4.813135396,0.,5.068004074E-02,4.755814587,0.,   0000297P0001727
4.34399561E-02,4.698492018,0.,2.896002021E-02,4.583848718,0.,    0000297P0001728
2.171992496E-02,4.526526056,0.,1.448006412E-02,4.469205249,0.,   0000297P0001729
7.239972535E-03,4.411882616,0.,0.,4.354560931,0.,0.,1.,0.,0.,1.; 0000297P0001730
510,301,1,1,303;                                                 0000299P0001731
128,1,26,1,8,0,0,1,0,0,0.,0.,0.5,0.5,0.,0.,0.,0.,0.,0.,0.,0.,0., 0000301P0001732
1.583477534,1.583477534,1.583477534,1.583477534,1.583477534,     0000301P0001733
1.583477534,3.166955068,3.166955068,3.166955068,3.166955068,     0000301P0001734
3.166955068,3.166955068,4.750432602,4.750432602,4.750432602,     0000301P0001735
4.750432602,4.750432602,4.750432602,6.333910135,6.333910135,     0000301P0001736
6.333910135,6.333910135,6.333910135,6.333910135,6.333910135,     0000301P0001737
6.333910135,6.333910135,1.,1.,1.,1.,1.,1.,1.,1.,1.,1.,1.,1.,1.,  0000301P0001738
1.,1.,1.,1.,1.,1.,1.,1.,1.,1.,1.,1.,1.,1.,1.,1.,1.,1.,1.,1.,1.,  0000301P0001739
1.,1.,1.,1.,1.,1.,1.,1.,1.,1.,1.,1.,1.,1.,1.,1.,1.,1.,1.,1.,     0000301P0001740
2.078989497,-4.715266728E-07,0.300009258,2.512007697,            0000301P0001741
1.34440814E-08,0.549999736,2.078989563,-0.408226955,0.275009923, 0000301P0001742
2.512008252,-0.493231162,0.524999717,1.987404376,-0.816393216,   0000301P0001743
0.250014248,2.401354811,-0.986460094,0.499999594,1.804189745,    0000301P0001744
-1.200645652,0.225007524,2.179949337,-1.450724472,0.474999785,   0000301P0001745
1.536893844,-1.536919014,0.20000844,1.857016986,-1.857020604,    0000301P0001746
0.449999759,1.200639232,-1.804183218,0.175009526,1.450713684,    0000301P0001747
-2.17996623,0.424999728,0.816417579,-1.987387605,0.150010377,    0000301P0001748
0.986464637,-2.401327106,0.399999704,4.862426247E-06,            0000301P0001749
-2.170591466,0.100010796,5.170828332E-06,-2.622689627,           0000301P0001750
0.349999692,-0.81641885,-1.987388007,5.000987873E-02,            0000301P0001751
-0.986463309,-2.401327843,0.299999718,-1.200650834,-1.804184063, 0000301P0001752
2.50093347E-02,-1.450722174,-2.179966187,0.274999734,            0000301P0001753
-1.536915998,-1.536909365,9.605764646E-06,-1.857029484,          0000301P0001754
-1.857024103,0.249999726,-1.804185457,-1.20064593,               0000301P0001755
-2.498985075E-02,-2.179968514,-1.450717787,0.224999711,          0000301P0001756
-1.987386565,-0.81641879,-4.998978884E-02,-2.40132657,           0000301P0001757
-0.986462814,0.199999709,-2.170587658,5.40889296E-07,            0000301P0001758
-9.998997006E-02,-2.622684872,1.1258944E-08,0.149999714,         0000301P0001759
-1.987386076,0.816419762,-0.149990151,-2.401326273,0.98646277,   0000301P0001760
9.999971919E-02,-1.804184794,1.200646779,-0.174990089,           0000301P0001761
-2.179968277,1.45071763,7.499971742E-02,-1.536915498,            0000301P0001762
1.536910175,-0.199989546,-1.857030398,1.85702427,                0000301P0001763
4.999970192E-02,-1.200650083,1.804184968,-0.224989275,           0000301P0001764
-1.450722673,2.17996727,2.499969419E-02,-0.816417893,            0000301P0001765
1.987388469,-0.249989819,-0.986463404,2.401328042,               0000301P0001766
-2.902930976E-07,5.935744961E-06,2.170591111,-0.299990736,       0000301P0001767
5.163735501E-06,2.622688384,-5.000026412E-02,0.816418536,        0000301P0001768
1.987387033,-0.349990317,0.986464542,2.401326517,-0.100000276,   0000301P0001769
1.200640124,1.804182592,-0.374989466,1.450713679,2.179966122,    0000301P0001770
-0.1250003,1.536894936,1.536919865,-0.39998838,1.857018143,      0000301P0001771
1.857026248,-0.150000331,1.804191738,1.200643905,-0.424987464,   0000301P0001772
2.17995423,1.450721488,-0.175000357,1.98740279,0.816392169,      0000301P0001773
-0.449994188,2.401347843,0.986459874,-0.200000166,2.078989814,   0000301P0001774
0.408225933,-0.474989863,2.512008424,0.493231191,-0.225000289,   0000301P0001775
2.078989864,-5.501141995E-07,-0.499989199,2.51200898,            0000301P0001776
1.568559682E-08,-0.250000308,3.811054248E-02,0.5,0.,4.354560932; 0000301P0001777
508,4,0,19,36,0,1,0,305,0,19,37,1,1,0,307,0,19,34,1,1,0,309,0,   0000303P0001778
19,8,1,1,0,311;                                                  0000303P0001779
126,37,7,1,0,1,0,0.,0.,0.,0.,0.,0.,0.,0.,2.320644424E-02,        0000305P0001780
2.320644424E-02,2.320644424E-02,2.320644424E-02,2.320644424E-02, 0000305P0001781
2.320644424E-02,0.126849849,0.126849849,0.126849849,0.126849849, 0000305P0001782
0.126849849,0.126849849,0.176448796,0.176448796,0.176448796,     0000305P0001783
0.176448796,0.176448796,0.176448796,0.265361294,0.265361294,     0000305P0001784
0.265361294,0.265361294,0.265361294,0.265361294,0.364907848,     0000305P0001785
0.364907848,0.364907848,0.364907848,0.364907848,0.364907848,     0000305P0001786
0.398834626,0.398834626,0.398834626,0.398834626,0.398834626,     0000305P0001787
0.398834626,0.398834626,0.398834626,1.,1.,1.,1.,1.,1.,1.,1.,1.,  0000305P0001788
1.,1.,1.,1.,1.,1.,1.,1.,1.,1.,1.,1.,1.,1.,1.,1.,1.,1.,1.,1.,1.,  0000305P0001789
1.,1.,1.,1.,1.,1.,1.,1.,3.811475551E-02,2.526173295,0.,          0000305P0001790
3.811464085E-02,2.505171465,0.,3.811454371E-02,2.484169608,0.,   0000305P0001791
3.811446505E-02,2.463167916,0.,3.811440546E-02,2.442166673,0.,   0000305P0001792
3.811436506E-02,2.421166273,0.,3.811434348E-02,2.400167248,0.,   0000305P0001793
3.811432359E-02,2.285394832,0.,3.811466402E-02,2.191596335,0.,   0000305P0001794
3.811531853E-02,2.097815168,0.,3.811601039E-02,2.00404514,0.,    0000305P0001795
3.811649538E-02,1.910264422,0.,3.811669461E-02,1.816466575,0.,   0000305P0001796
3.811669296E-02,1.677815372,0.,3.811664842E-02,1.632938432,0.,   0000305P0001797
3.81165588E-02,1.58806187,0.,3.811645041E-02,1.543185519,0.,     0000305P0001798
3.811635915E-02,1.498308829,0.,3.811631276E-02,1.45343165,0.,    0000305P0001799
3.811631322E-02,1.328107842,0.,3.811647604E-02,1.247649669,0.,   0000305P0001800
3.811684021E-02,1.167199367,0.,3.811749518E-02,1.086754182,0.,   0000305P0001801
3.811829105E-02,1.006304157,0.,3.811885544E-02,0.925846516,0.,   0000305P0001802
3.81189867E-02,0.755331969,0.,3.811838978E-02,0.665244997,0.,    0000305P0001803
3.811698534E-02,0.575172331,0.,3.811413721E-02,0.48510864,0.,    0000305P0001804
3.811116197E-02,0.395035334,0.,3.811054248E-02,0.304946661,0.,   0000305P0001805
3.811237208E-02,0.18417951,0.,3.811304313E-02,0.153482429,0.,    0000305P0001806
3.811394273E-02,0.122785401,0.,3.811499296E-02,9.208851527E-02,  0000305P0001807
0.,3.811601544E-02,6.139188711E-02,0.,3.811673133E-02,           0000305P0001808
3.069565905E-02,0.,3.811676131E-02,0.,0.,0.,0.398834626,-0.,-0., 0000305P0001809
1.;                                                              0000305P0001810
126,1,1,1,0,1,0,3.811676786E-02,3.811676786E-02,0.5,0.5,1.,1.,   0000307P0001811
3.811676786E-02,0.,0.,0.5,0.,0.,3.811676786E-02,0.5,0.,0.,1.;    0000307P0001812
126,1,1,1,0,1,0,0.,0.,4.354560932,4.354560932,1.,1.,0.5,0.,0.,   0000309P0001813
0.5,4.354560932,0.,0.,4.354560932,0.,0.,1.;                      0000309P0001814
126,21,6,1,0,1,0,0.,0.,0.,0.,0.,0.,0.,0.279973407,0.279973407,   0000311P0001815
0.279973407,0.279973407,0.279973407,0.537818565,0.537818565,     0000311P0001816
0.537818565,0.537818565,0.537818565,0.776838489,0.776838489,     0000311P0001817
0.776838489,0.776838489,0.776838489,0.99999032,0.99999032,       0000311P0001818
0.99999032,0.99999032,0.99999032,0.99999032,0.99999032,1.,1.,1., 0000311P0001819
1.,1.,1.,1.,1.,1.,1.,1.,1.,1.,1.,1.,1.,1.,1.,1.,1.,1.,1.,0.5,    0000311P0001820
4.354560932,0.,0.479890744,4.27495784,0.,0.459636979,            0000311P0001821
4.194782786,0.,0.439240241,4.114041822,0.,0.418694893,           0000311P0001822
4.032712541,0.,0.39799374,3.95076641,0.,0.357929184,3.792169535, 0000311P0001823
0.,0.338585733,3.715597782,0.,0.31910765,3.63849303,0.,          0000311P0001824
0.299489986,3.560835751,0.,0.279726549,3.482601496,0.,           0000311P0001825
0.241361372,3.330731771,0.,0.222777237,3.257165978,0.,           0000311P0001826
0.204064973,3.183093064,0.,0.185220161,3.108495503,0.,           0000311P0001827
0.166237358,3.033351683,0.,0.129264066,2.886991954,0.,           0000311P0001828
0.111288925,2.815836814,0.,9.31904253E-02,2.744193223,0.,        0000311P0001829
7.496451355E-02,2.672045092,0.,5.660625001E-02,2.59937291,0.,    0000311P0001830
3.811475522E-02,2.526173293,0.,0.,0.99999032,0.,0.,1.;           0000311P0001831
510,315,1,1,323;                                                 0000313P0001832
192,317,319,2.112,321;                                           0000315P0001833
116,0.,8.881784197E-16,5.,0;                                     0000317P0001834
123,0.,-2.220446049E-16,-1.;                                     0000319P0001835
123,1.,0.,0.;                                                    0000321P0001836
508,4,0,19,7,0,1,0,325,0,19,38,0,1,0,327,0,19,39,0,1,0,329,0,19, 0000323P0001837
36,1,1,0,331;                                                    0000323P0001838
126,1,1,1,0,1,0,0.635863217,0.635863217,2.50594294,2.50594294,   0000325P0001839
1.,1.,143.579954156,5.,0.,36.432278679,5.,0.,0.635863217,        0000325P0001840
2.50594294,0.,0.,1.;                                             0000325P0001841
126,13,7,1,0,1,0,0.,0.,0.,0.,0.,0.,0.,0.,5.920141395E-02,        0000327P0001842
5.920141395E-02,5.920141395E-02,5.920141395E-02,5.920141395E-02, 0000327P0001843
5.920141395E-02,0.101203507,0.101203507,0.101203507,0.101203507, 0000327P0001844
0.101203507,0.101203507,0.101203507,0.101203507,1.,1.,1.,1.,1.,  0000327P0001845
1.,1.,1.,1.,1.,1.,1.,1.,1.,36.432277879,5.,0.,33.387654733,      0000327P0001846
4.993233526,0.,30.343079772,4.986466959,0.,27.298538329,         0000327P0001847
4.97970032,0.,24.253938881,4.972933537,0.,21.2092214,            0000327P0001848
4.966166695,0.,18.164464534,4.959400207,0.,12.960005427,         0000327P0001849
4.947835061,0.,10.80000475,4.943035468,0.,8.640013963,           0000327P0001850
4.938236189,0.,6.480027975,4.933437209,0.,4.320031641,           0000327P0001851
4.92863839,0.,2.160019208,4.923839436,0.,1.375400003E-05,        0000327P0001852
4.919039851,0.,0.,0.101203507,-0.,-0.,1.;                        0000327P0001853
126,1,1,1,0,1,0,4.680933074,4.680933074,4.919039851,4.919039851, 0000329P0001854
1.,1.,-2.37142157E-11,4.91903982,0.,-2.37142157E-11,4.680933074, 0000329P0001855
0.,4.680933074,4.919039851,0.,0.,1.;                             0000329P0001856
126,37,7,1,0,1,0,0.,0.,0.,0.,0.,0.,0.,0.,3.392677818E-02,        0000331P0001857
3.392677818E-02,3.392677818E-02,3.392677818E-02,3.392677818E-02, 0000331P0001858
3.392677818E-02,0.133473332,0.133473332,0.133473332,0.133473332, 0000331P0001859
0.133473332,0.133473332,0.222385831,0.222385831,0.222385831,     0000331P0001860
0.222385831,0.222385831,0.222385831,0.271984777,0.271984777,     0000331P0001861
0.271984777,0.271984777,0.271984777,0.271984777,0.375628182,     0000331P0001862
0.375628182,0.375628182,0.375628182,0.375628182,0.375628182,     0000331P0001863
0.398834626,0.398834626,0.398834626,0.398834626,0.398834626,     0000331P0001864
0.398834626,0.398834626,0.398834626,1.,1.,1.,1.,1.,1.,1.,1.,1.,  0000331P0001865
1.,1.,1.,1.,1.,1.,1.,1.,1.,1.,1.,1.,1.,1.,1.,1.,1.,1.,1.,1.,1.,  0000331P0001866
1.,1.,1.,1.,1.,1.,1.,1.,1.178892668E-05,4.680933087,0.,          0000331P0001867
1.744728028,4.68481,0.,3.48943948,4.688687248,0.,5.234147488,    0000331P0001868
4.692564667,0.,6.978853031,4.696442136,0.,8.723556725,           0000331P0001869
4.700319573,0.,10.468258821,4.70419694,0.,17.332187171,          0000331P0001870
4.719450841,0.,22.452462459,4.730829123,0.,27.571951192,         0000331P0001871
4.742204671,0.,32.690954689,4.753579128,0.,37.810478554,         0000331P0001872
4.764955277,0.,42.930797351,4.776333487,0.,52.622372255,         0000331P0001873
4.797870264,0.,57.195342273,4.808032578,0.,61.767853489,         0000331P0001874
4.818193957,0.,66.340073408,4.828354631,0.,70.912582151,         0000331P0001875
4.838515839,0.,75.485546972,4.848678001,0.,82.608537585,         0000331P0001876
4.86450683,0.,85.159211592,4.870174969,0.,87.709861982,          0000331P0001877
4.875843045,0.,90.260497507,4.881511089,0.,92.811149065,         0000331P0001878
4.887179185,0.,95.361825439,4.892847364,0.,103.24236833,         0000331P0001879
4.910359784,0.,108.573582926,4.922207108,0.,113.903825164,       0000331P0001880
4.934052401,0.,119.233447912,4.945896395,0.,124.563685921,       0000331P0001881
4.957741712,0.,129.894894753,4.969589013,0.,136.418185514,       0000331P0001882
4.98408519,0.,137.611701405,4.986737433,0.,138.805295167,        0000331P0001883
4.98938984,0.,139.998936621,4.992042343,0.,141.192603418,        0000331P0001884
4.994694892,0.,142.386279571,4.997347452,0.,143.579954212,5.,0., 0000331P0001885
0.,0.398834626,0.,0.,1.;                                         0000331P0001886
510,335,1,1,337;                                                 0000333P0001887
128,1,30,1,9,0,0,1,0,0,0.,0.,0.5,0.5,0.,0.,0.,0.,0.,0.,0.,0.,0., 0000335P0001888
0.,1.583477534,1.583477534,1.583477534,1.583477534,1.583477534,  0000335P0001889
1.583477534,1.583477534,3.166955068,3.166955068,3.166955068,     0000335P0001890
3.166955068,3.166955068,3.166955068,3.166955068,4.750432602,     0000335P0001891
4.750432602,4.750432602,4.750432602,4.750432602,4.750432602,     0000335P0001892
4.750432602,6.333910135,6.333910135,6.333910135,6.333910135,     0000335P0001893
6.333910135,6.333910135,6.333910135,6.333910135,6.333910135,     0000335P0001894
6.333910135,1.,1.,1.,1.,1.,1.,1.,1.,1.,1.,1.,1.,1.,1.,1.,1.,1.,  0000335P0001895
1.,1.,1.,1.,1.,1.,1.,1.,1.,1.,1.,1.,1.,1.,1.,1.,1.,1.,1.,1.,1.,  0000335P0001896
1.,1.,1.,1.,1.,1.,1.,1.,1.,1.,1.,1.,1.,1.,1.,1.,1.,1.,1.,1.,1.,  0000335P0001897
1.,1.,1.,2.512011545,1.568723818E-08,-0.150000308,2.079005257,   0000335P0001898
-5.501042866E-07,0.100010801,2.512012179,-0.4384284,             0000335P0001899
-0.172222547,2.079006144,-0.362871477,7.778916979E-02,           0000335P0001900
2.425949126,-0.876855098,-0.194444867,2.007777498,-0.725695729,  0000335P0001901
5.557038508E-02,2.253754644,-1.295972056,-0.216666989,           0000335P0001902
1.865275557,-1.072572066,3.334464149E-02,2.000545282,            0000335P0001903
-1.676446979,-0.238889162,1.655702965,-1.387473969,              0000335P0001904
1.112068678E-02,1.676440338,-2.000554764,-0.26111141,1.38745797, 0000335P0001905
-1.655713954,-1.110064579E-02,1.295966085,-2.253756845,          0000335P0001906
-0.283333657,1.072573983,-1.865266757,-3.332198087E-02,          0000335P0001907
0.876859448,-2.42592693,-0.305555897,0.725710914,-2.007760475,   0000335P0001908
-5.554358897E-02,4.6705496E-06,-2.598098163,-0.35000035,         0000335P0001909
4.158953868E-06,-2.150253907,-9.998773513E-02,-0.876857097,      0000335P0001910
-2.425927484,-0.394444773,-0.725711016,-2.007760159,             0000335P0001911
-0.144432921,-1.295971249,-2.253756909,-0.416666982,             0000335P0001912
-1.072581985,-1.865266442,-0.166655608,-1.676451046,             0000335P0001913
-2.000557045,-0.438889203,-1.387475523,-1.655710986,             0000335P0001914
-0.188877861,-2.000561097,-1.676446204,-0.461111436,             0000335P0001915
-1.655715576,-1.387470099,-0.211099721,-2.253758188,             0000335P0001916
-1.295968225,-0.483333667,-1.865267893,-1.072578925,             0000335P0001917
-0.233321621,-2.425925869,-0.876857244,-0.50555589,-2.007758786, 0000335P0001918
-0.725711347,-0.255543822,-2.598093658,1.169770414E-08,          0000335P0001919
-0.55000033,-2.150249391,6.548337943E-07,-0.299988427,           0000335P0001920
-2.425925528,0.876857201,-0.59444477,-2.007757826,0.725712468,   0000335P0001921
-0.344433033,-2.253757855,1.295968074,-0.616666993,-1.86526674,  0000335P0001922
1.072579795,-0.366655234,-2.000561611,1.676446237,-0.638889224,  0000335P0001923
-1.655715555,1.387471131,-0.388877134,-1.67645198,2.000557787,   0000335P0001924
-0.661111457,-1.387475997,1.65571296,-0.411098994,-1.295971714,  0000335P0001925
2.253757925,-0.683333678,-1.072581604,1.865268657,-0.433321247,  0000335P0001926
-0.876857203,2.425927536,-0.705555887,-0.725709993,2.00776067,   0000335P0001927
-0.455543934,4.652759255E-06,2.598096715,-0.75000031,            0000335P0001928
5.404554729E-06,2.150251655,-0.499989119,0.876859341,            0000335P0001929
2.425926078,-0.794444763,0.725711937,2.00775872,-0.544433265,    0000335P0001930
1.295967123,2.253756208,-0.816667003,1.072575136,1.865267712,    0000335P0001931
-0.566654874,1.676438389,2.000559477,-0.838889251,1.387459943,   0000335P0001932
1.655713824,-0.588876209,2.000551683,1.676448557,-0.861111498,   0000335P0001933
1.655709718,1.387482083,-0.611097541,2.253754773,1.295969691,    0000335P0001934
-0.883333671,1.865277959,1.0725647,-0.633321496,2.425942209,     0000335P0001935
0.876854882,-0.905555793,2.007767167,0.725694205,-0.65554724,    0000335P0001936
2.51201256,0.438428433,-0.927778113,2.079006951,0.362870298,     0000335P0001937
-0.677766024,2.512013195,1.792948279E-08,-0.950000352,           0000335P0001938
2.079007823,-6.286887109E-07,-0.699987656,0.299987285,           0000335P0001939
0.461908194,0.,0.640997081;                                      0000335P0001940
508,3,0,19,6,0,1,0,339,0,19,33,1,1,0,341,0,19,38,1,1,0,343;      0000337P0001941
126,6,6,1,0,1,0,0.,0.,0.,0.,0.,0.,0.,0.999949057,0.999949057,    0000339P0001942
0.999949057,0.999949057,0.999949057,0.999949057,0.999949057,1.,  0000339P0001943
1.,1.,1.,1.,1.,1.,0.461900535,0.640997081,0.,0.434198216,        0000339P0001944
0.531329457,0.,0.406790003,0.422826909,0.,0.379682376,           0000339P0001945
0.315513625,0.,0.352852724,0.209296024,0.,0.326284574,           0000339P0001946
0.10410917,0.,0.299987285,0.,0.,0.,0.999949057,0.,0.,1.;         0000339P0001947
126,1,1,1,0,1,0,0.299987285,0.299987285,0.461900389,0.461900389, 0000341P0001948
1.,1.,0.299987285,0.,0.,0.461900389,0.,0.,0.299987285,           0000341P0001949
0.461900389,0.,0.,1.;                                            0000341P0001950
126,13,7,1,0,1,0,0.,0.,0.,0.,0.,0.,0.,0.,4.200209298E-02,        0000343P0001951
4.200209298E-02,4.200209298E-02,4.200209298E-02,4.200209298E-02, 0000343P0001952
4.200209298E-02,0.101203507,0.101203507,0.101203507,0.101203507, 0000343P0001953
0.101203507,0.101203507,0.101203507,0.101203507,1.,1.,1.,1.,1.,  0000343P0001954
1.,1.,1.,1.,1.,1.,1.,1.,1.,0.461900389,0.,0.,0.461900622,        0000343P0001955
3.800202986E-02,0.,0.461902149,7.60051905E-02,0.,0.461903988,    0000343P0001956
0.114008708,0.,0.461905608,0.1520124,0.,0.4619068,0.190016326,   0000343P0001957
0.,0.461907528,0.228020437,0.,0.461908194,0.319590081,0.,        0000343P0001958
0.461907686,0.373160798,0.,0.46190641,0.426730454,0.,            0000343P0001959
0.461904756,0.48029766,0.,0.461903094,0.53386357,0.,0.461901653, 0000343P0001960
0.587429917,0.,0.461900531,0.640997067,0.,0.,0.101203507,0.,0.,  0000343P0001961
1.;                                                              0000343P0001962
510,347,1,1,355;                                                 0000345P0001963
190,349,351,353;                                                 0000347P0001964
116,-5.25,5.25,3.75,0;                                           0000349P0001965
123,1.,0.,0.;                                                    0000351P0001966
123,0.,-2.220446049E-16,-1.;                                     0000353P0001967
508,4,0,19,11,0,0,0,19,40,1,0,0,19,23,1,0,0,19,20,0,0;           0000355P0001968
510,359,1,1,367;                                                 0000357P0001969
190,361,363,365;                                                 0000359P0001970
116,5.25,5.25,-1.166242171E-15,0;                                0000361P0001971
123,-1.,0.,0.;                                                   0000363P0001972
123,0.,2.220446049E-16,1.;                                       0000365P0001973
508,4,0,19,17,0,0,0,19,21,1,0,0,19,29,1,0,0,19,41,0,0;           0000367P0001974
510,371,1,1,379;                                                 0000369P0001975
190,373,375,377;                                                 0000371P0001976
116,-3.,5.25,3.75,0;                                             0000373P0001977
123,0.,-2.220446049E-16,-1.;                                     0000375P0001978
123,-1.,0.,0.;                                                   0000377P0001979
508,4,0,19,42,1,0,0,19,24,1,0,0,19,40,0,0,0,19,12,0,0;           0000379P0001980
510,383,1,1,391;                                                 0000381P0001981
190,385,387,389;                                                 0000383P0001982
116,5.25,5.25,3.75,0;                                            0000385P0001983
123,0.,-2.220446049E-16,-1.;                                     0000387P0001984
123,-1.,0.,0.;                                                   0000389P0001985
508,4,0,19,41,1,0,0,19,28,1,0,0,19,43,0,0,0,19,16,0,0;           0000391P0001986
510,395,1,1,403;                                                 0000393P0001987
190,397,399,401;                                                 0000395P0001988
116,-3.,5.25,5.,0;                                               0000397P0001989
123,1.,0.,0.;                                                    0000399P0001990
123,0.,-2.220446049E-16,-1.;                                     0000401P0001991
508,4,0,19,44,1,0,0,19,25,1,0,0,19,42,0,0,0,19,13,0,0;           0000403P0001992
510,407,1,1,415;                                                 0000405P0001993
190,409,411,413;                                                 0000407P0001994
116,3.,5.25,3.75,0;                                              0000409P0001995
123,-1.,0.,0.;                                                   0000411P0001996
123,0.,2.220446049E-16,1.;                                       0000413P0001997
508,4,0,19,43,1,0,0,19,27,1,0,0,19,45,0,0,0,19,15,0,0;           0000415P0001998
510,419,2,1,427,429;                                             0000417P0001999
190,421,423,425;                                                 0000419P0002000
116,3.,5.25,5.,0;                                                0000421P0002001
123,0.,-2.220446049E-16,-1.;                                     0000423P0002002
123,-1.,0.,0.;                                                   0000425P0002003
508,4,0,19,45,1,0,0,19,26,1,0,0,19,44,0,0,0,19,14,0,0;           0000427P0002004
508,5,0,19,46,1,0,0,19,47,1,0,0,19,48,1,0,0,19,49,1,0,0,19,50,1, 0000429P0002005
0;                                                               0000429P0002006
510,433,1,1,441;                                                 0000431P0002007
192,435,437,2.112,439;                                           0000433P0002008
116,0.,8.881784197E-16,5.,0;                                     0000435P0002009
123,0.,-2.220446049E-16,-1.;                                     0000437P0002010
123,1.,0.,0.;                                                    0000439P0002011
508,4,0,19,39,1,1,0,443,0,19,32,0,1,0,445,0,19,51,0,1,0,447,0,   0000441P0002012
19,52,1,1,0,449;                                                 0000441P0002013
126,1,1,1,0,1,0,4.680933074,4.680933074,4.919039851,4.919039851, 0000443P0002014
1.,1.,360.,4.680933074,0.,360.,4.91903982,0.,4.680933074,        0000443P0002015
4.919039851,0.,0.,1.;                                            0000443P0002016
126,85,7,1,0,1,0,0.,0.,0.,0.,0.,0.,0.,0.,4.066331893E-02,        0000445P0002017
4.066331893E-02,4.066331893E-02,4.066331893E-02,4.066331893E-02, 0000445P0002018
4.066331893E-02,0.131955256,0.131955256,0.131955256,0.131955256, 0000445P0002019
0.131955256,0.131955256,0.192913661,0.192913661,0.192913661,     0000445P0002020
0.192913661,0.192913661,0.192913661,0.251864384,0.251864384,     0000445P0002021
0.251864384,0.251864384,0.251864384,0.251864384,0.370187727,     0000445P0002022
0.370187727,0.370187727,0.370187727,0.370187727,0.370187727,     0000445P0002023
0.411189282,0.411189282,0.411189282,0.411189282,0.411189282,     0000445P0002024
0.411189282,0.497268464,0.497268464,0.497268464,0.497268464,     0000445P0002025
0.497268464,0.497268464,0.539270277,0.539270277,0.539270277,     0000445P0002026
0.539270277,0.539270277,0.539270277,0.619128732,0.619128732,     0000445P0002027
0.619128732,0.619128732,0.619128732,0.619128732,0.710179694,     0000445P0002028
0.710179694,0.710179694,0.710179694,0.710179694,0.710179694,     0000445P0002029
0.772158082,0.772158082,0.772158082,0.772158082,0.772158082,     0000445P0002030
0.772158082,0.867054715,0.867054715,0.867054715,0.867054715,     0000445P0002031
0.867054715,0.867054715,0.957998538,0.957998538,0.957998538,     0000445P0002032
0.957998538,0.957998538,0.957998538,1.,1.,1.,1.,1.,1.,1.,1.,1.,  0000445P0002033
1.,1.,1.,1.,1.,1.,1.,1.,1.,1.,1.,1.,1.,1.,1.,1.,1.,1.,1.,1.,1.,  0000445P0002034
1.,1.,1.,1.,1.,1.,1.,1.,1.,1.,1.,1.,1.,1.,1.,1.,1.,1.,1.,1.,1.,  0000445P0002035
1.,1.,1.,1.,1.,1.,1.,1.,1.,1.,1.,1.,1.,1.,1.,1.,1.,1.,1.,1.,1.,  0000445P0002036
1.,1.,1.,1.,1.,1.,1.,1.,1.,1.,1.,1.,1.,1.,1.,1.,1.,1.,1.,1.,1.,  0000445P0002037
1.,360.,4.91903982,0.,357.908821014,4.914393166,0.,              0000445P0002038
355.817646025,4.909746171,0.,353.726473947,4.905099009,0.,       0000445P0002039
351.635304192,4.900451807,0.,349.544136671,4.895804646,0.,       0000445P0002040
347.452971791,4.891157554,0.,340.667010008,4.87607759,0.,        0000445P0002041
335.971502609,4.865643377,0.,331.276503177,4.855210578,0.,       0000445P0002042
326.581827582,4.844778411,0.,321.88682247,4.834345272,0.,        0000445P0002043
317.191301148,4.823910897,0.,309.361614235,4.806511669,0.,       0000445P0002044
306.226653179,4.79954509,0.,303.091761065,4.792578657,0.,        0000445P0002045
299.956913033,4.78561233,0.,296.822023077,4.77864593,0.,         0000445P0002046
293.687066434,4.771679408,0.,287.520585224,4.757976247,0.,       0000445P0002047
284.488890894,4.75123923,0.,281.457253057,4.744502355,0.,        0000445P0002048
278.425650649,4.73776556,0.,275.39401102,4.731028658,0.,         0000445P0002049
272.362313479,4.724291583,0.,263.245754869,4.704032512,0.,       0000445P0002050
257.158238037,4.690504471,0.,251.072829382,4.676980852,0.,       0000445P0002051
244.988160642,4.663458764,0.,238.902756434,4.649935087,0.,       0000445P0002052
232.815246293,4.636407005,0.,224.621753616,4.618199252,0.,       0000445P0002053
222.513190414,4.613513593,0.,220.404624634,4.608827964,0.,       0000445P0002054
218.296057975,4.604142369,0.,216.187492136,4.599456808,0.,       0000445P0002055
214.078928823,4.594771279,0.,207.543634155,4.580248982,0.,       0000445P0002056
203.116371066,4.5704111,0.,198.689494883,4.560574107,0.,         0000445P0002057
194.262864105,4.550737598,0.,189.835986453,4.540900408,0.,       0000445P0002058
185.408721517,4.531062195,0.,178.821979869,4.516424987,0.,       0000445P0002059
176.661973889,4.511624934,0.,174.501965064,4.506824839,0.,       0000445P0002060
172.341955442,4.502024708,0.,170.181947055,4.497224552,0.,       0000445P0002061
168.021941919,4.492424382,0.,161.755113187,4.4784976,0.,         0000445P0002062
157.647923278,4.46937014,0.,153.541001286,4.460243278,0.,        0000445P0002063
149.434249715,4.451116855,0.,145.327328775,4.441990157,0.,       0000445P0002064
141.220140691,4.432862979,0.,132.430898166,4.41333133,0.,        0000445P0002065
127.747787018,4.402924538,0.,123.065186143,4.392518978,0.,       0000445P0002066
118.382908637,4.382114149,0.,113.700304474,4.371708515,0.,       0000445P0002067
109.017188247,4.361301619,0.,101.147440302,4.343813182,0.,       0000445P0002068
97.960015914,4.336729931,0.,94.772665192,4.329646803,0.,         0000445P0002069
91.585361891,4.322563764,0.,88.398013238,4.315480643,0.,         0000445P0002070
85.210592579,4.308397415,0.,77.143087178,4.290469645,0.,         0000445P0002071
72.262052953,4.279623097,0.,67.381648514,4.268778186,0.,         0000445P0002072
62.501642504,4.257934441,0.,57.621234386,4.247089903,0.,         0000445P0002073
52.740194435,4.236243701,0.,43.183089139,4.215005843,0.,         0000445P0002074
38.505465586,4.204610751,0.,33.828356406,4.194216246,0.,         0000445P0002075
29.151581911,4.183821713,0.,24.474495846,4.173426274,0.,         0000445P0002076
19.796907715,4.163030627,0.,12.960003463,4.147837924,0.,         0000445P0002077
10.800002785,4.143038331,0.,8.640011998,4.138239052,0.,          0000445P0002078
6.48002601,4.133440072,0.,4.320029676,4.128641253,0.,            0000445P0002079
2.160017243,4.123842299,0.,1.178909859E-05,4.119042714,0.,0.,1., 0000445P0002080
-0.,-0.,1.;                                                      0000445P0002081
126,1,1,1,0,1,0,3.880934246,3.880934246,4.119042701,4.119042701, 0000447P0002082
1.,1.,-2.37142157E-11,4.119042701,0.,-2.37142157E-11,            0000447P0002083
3.880934246,0.,3.880934246,4.119042701,0.,0.,1.;                 0000447P0002084
126,85,7,1,0,1,0,0.,0.,0.,0.,0.,0.,0.,0.,3.392679882E-02,        0000449P0002085
3.392679882E-02,3.392679882E-02,3.392679882E-02,3.392679882E-02, 0000449P0002086
3.392679882E-02,0.133473033,0.133473033,0.133473033,0.133473033, 0000449P0002087
0.133473033,0.133473033,0.222385395,0.222385395,0.222385395,     0000449P0002088
0.222385395,0.222385395,0.222385395,0.271983365,0.271983365,     0000449P0002089
0.271983365,0.271983365,0.271983365,0.271983365,0.375606598,     0000449P0002090
0.375606598,0.375606598,0.375606598,0.375606598,0.375606598,     0000449P0002091
0.50154565,0.50154565,0.50154565,0.50154565,0.50154565,          0000449P0002092
0.50154565,0.538030825,0.538030825,0.538030825,0.538030825,      0000449P0002093
0.538030825,0.538030825,0.626032492,0.626032492,0.626032492,     0000449P0002094
0.626032492,0.626032492,0.626032492,0.736021129,0.736021129,     0000449P0002095
0.736021129,0.736021129,0.736021129,0.736021129,0.785030595,     0000449P0002096
0.785030595,0.785030595,0.785030595,0.785030595,0.785030595,     0000449P0002097
0.869032692,0.869032692,0.869032692,0.869032692,0.869032692,     0000449P0002098
0.869032692,0.956334287,0.956334287,0.956334287,0.956334287,     0000449P0002099
0.956334287,0.956334287,0.984193057,0.984193057,0.984193057,     0000449P0002100
0.984193057,0.984193057,0.984193057,1.,1.,1.,1.,1.,1.,1.,1.,1.,  0000449P0002101
1.,1.,1.,1.,1.,1.,1.,1.,1.,1.,1.,1.,1.,1.,1.,1.,1.,1.,1.,1.,1.,  0000449P0002102
1.,1.,1.,1.,1.,1.,1.,1.,1.,1.,1.,1.,1.,1.,1.,1.,1.,1.,1.,1.,1.,  0000449P0002103
1.,1.,1.,1.,1.,1.,1.,1.,1.,1.,1.,1.,1.,1.,1.,1.,1.,1.,1.,1.,1.,  0000449P0002104
1.,1.,1.,1.,1.,1.,1.,1.,1.,1.,1.,1.,1.,1.,1.,1.,1.,1.,1.,1.,1.,  0000449P0002105
1.,9.824082542E-06,3.880934257,0.,1.744725865,3.88481117,0.,     0000449P0002106
3.489437119,3.888688417,0.,5.234144929,3.892565836,0.,           0000449P0002107
6.978850274,3.896443304,0.,8.723553769,3.900320741,0.,           0000449P0002108
10.468255667,3.904198107,0.,17.332163677,3.919451963,0.,         0000449P0002109
22.452418801,3.9308302,0.,27.571887386,3.942205704,0.,           0000449P0002110
32.690870746,3.953580116,0.,37.810374463,3.964956221,0.,         0000449P0002111
42.930673098,3.976334386,0.,52.622217552,3.997871094,0.,         0000449P0002112
57.195177255,4.008033386,0.,61.767678163,4.018194742,0.,         0000449P0002113
66.339887776,4.028355393,0.,70.912386211,4.038516578,0.,         0000449P0002114
75.485340717,4.048678717,0.,82.608268958,4.064507408,0.,         0000449P0002115
85.158890897,4.070175431,0.,87.709489222,4.075843391,0.,         0000449P0002116
90.260072684,4.08151132,0.,92.810672177,4.0871793,0.,            0000449P0002117
95.361296483,4.092847363,0.,103.240746086,4.110357353,0.,        0000449P0002118
108.57091819,4.12220236,0.,113.900118878,4.134045339,0.,         0000449P0002119
119.228700672,4.145887019,0.,124.557897132,4.157730022,0.,       0000449P0002120
129.88806348,4.169575007,0.,141.693362915,4.195808961,0.,        0000449P0002121
148.173317484,4.210208555,0.,154.650364306,4.224601348,0.,       0000449P0002122
161.126483352,4.238991904,0.,167.603535514,4.253384697,0.,       0000449P0002123
174.083500214,4.267784301,0.,182.436215989,4.286345912,0.,       0000449P0002124
184.312480163,4.290515421,0.,186.188745806,4.29468496,0.,        0000449P0002125
188.065011702,4.298854526,0.,189.941276787,4.303024113,0.,       0000449P0002126
191.817540146,4.307193716,0.,198.21931262,4.321420367,0.,        0000449P0002127
202.745408556,4.331478789,0.,207.271071036,4.341536275,0.,       0000449P0002128
211.796457867,4.351593091,0.,216.322118984,4.361650391,0.,       0000449P0002129
220.848212755,4.371708501,0.,231.029917208,4.394334506,0.,       0000449P0002130
236.687876142,4.40690755,0.,242.344533375,4.419477534,0.,        0000449P0002131
248.000364667,4.432045699,0.,253.657026157,4.444615867,0.,       0000449P0002132
259.314992302,4.457189109,0.,267.49151983,4.475359276,0.,        0000449P0002133
270.01187837,4.480960124,0.,272.532213491,4.48656093,0.,         0000449P0002134
275.052533279,4.492161695,0.,277.572866912,4.497762468,0.,       0000449P0002135
280.093222911,4.503363258,0.,286.933377007,4.518563518,0.,       0000449P0002136
291.253670662,4.528164023,0.,295.573620879,4.537763657,0.,       0000449P0002137
299.89335415,4.547362673,0.,304.213308055,4.55696213,0.,         0000449P0002138
308.533608271,4.566562493,0.,317.342960594,4.586138754,0.,       0000449P0002139
321.833040832,4.596116965,0.,326.322706501,4.606094641,0.,       0000449P0002140
330.812106173,4.61607228,0.,335.301764043,4.626050699,0.,        0000449P0002141
339.791829677,4.636029478,0.,345.713972481,4.649189773,0.,       0000449P0002142
347.146616014,4.652373335,0.,348.57926018,4.655556797,0.,        0000449P0002143
350.011904686,4.658740159,0.,351.444549556,4.661923431,0.,       0000449P0002144
352.877195126,4.665106642,0.,355.122719624,4.670095963,0.,       0000449P0002145
355.935597687,4.671902088,0.,356.748476431,4.673708217,0.,       0000449P0002146
357.56135599,4.675514362,0.,358.374236439,4.677320538,0.,        0000449P0002147
359.187117791,4.679126763,0.,360.,4.680933061,0.,0.,1.,-0.,-0.,  0000449P0002148
1.;                                                              0000449P0002149
510,453,1,1,455;                                                 0000451P0002150
128,1,30,1,9,0,0,1,0,0,0.,0.,0.5,0.5,0.,0.,0.,0.,0.,0.,0.,0.,0., 0000453P0002151
0.,1.583477534,1.583477534,1.583477534,1.583477534,1.583477534,  0000453P0002152
1.583477534,1.583477534,3.166955068,3.166955068,3.166955068,     0000453P0002153
3.166955068,3.166955068,3.166955068,3.166955068,4.750432602,     0000453P0002154
4.750432602,4.750432602,4.750432602,4.750432602,4.750432602,     0000453P0002155
4.750432602,6.333910135,6.333910135,6.333910135,6.333910135,     0000453P0002156
6.333910135,6.333910135,6.333910135,6.333910135,6.333910135,     0000453P0002157
6.333910135,1.,1.,1.,1.,1.,1.,1.,1.,1.,1.,1.,1.,1.,1.,1.,1.,1.,  0000453P0002158
1.,1.,1.,1.,1.,1.,1.,1.,1.,1.,1.,1.,1.,1.,1.,1.,1.,1.,1.,1.,1.,  0000453P0002159
1.,1.,1.,1.,1.,1.,1.,1.,1.,1.,1.,1.,1.,1.,1.,1.,1.,1.,1.,1.,1.,  0000453P0002160
1.,1.,1.,2.512008247,1.120366999E-08,1.44999978,2.079000126,     0000453P0002161
-3.929340364E-07,1.700007715,2.51200888,-0.438427828,            0000453P0002162
1.427777541,2.07900104,-0.362870424,1.677786084,2.425945939,     0000453P0002163
-0.876853951,1.405555221,2.007772598,-0.725693786,1.655567299,   0000453P0002164
2.253751682,-1.295970358,1.383333099,1.865271034,-1.072569277,   0000453P0002165
1.633341555,2.000542652,-1.676444781,1.361110926,1.655698984,    0000453P0002166
-1.387470419,1.611117601,1.676438133,-2.00055214,1.338888678,    0000453P0002167
1.387454671,-1.655709763,1.588896268,1.29596438,-2.253753888,    0000453P0002168
1.316666431,1.072571477,-1.865262072,1.566674933,0.876858292,    0000453P0002169
-2.425923746,1.294444191,0.725709274,-2.007755465,1.544453325,   0000453P0002170
4.665913005E-06,-2.598094751,1.249999738,4.321511324E-06,        0000453P0002171
-2.1502486,1.500009179,-0.87685595,-2.425924297,1.205555315,     0000453P0002172
-0.725709073,-2.007755258,1.455563993,-1.295969551,-2.253753947, 0000453P0002173
1.183333106,-1.072579196,-1.865261919,1.433341306,-1.676448848,  0000453P0002174
-2.000554415,1.161110885,-1.387471974,-1.655707004,1.411119053,  0000453P0002175
-2.000558473,-1.676443999,1.138888652,-1.655711384,-1.3874668,   0000453P0002176
1.388897193,-2.253755231,-1.295966519,1.116666421,-1.865263209,  0000453P0002177
-1.072576418,1.366675293,-2.425922685,-0.876856089,1.094444198,  0000453P0002178
-2.007753776,-0.725709708,1.344453092,-2.598090247,              0000453P0002179
1.633519986E-08,1.049999758,-2.150244084,4.922777697E-07,        0000453P0002180
1.300008487,-2.425922341,0.876856054,1.005555318,-2.007752926,   0000453P0002181
0.725710525,1.255563881,-2.253754893,1.295966377,0.983333095,    0000453P0002182
-1.865262218,1.072577006,1.23334168,-2.000558981,1.676444039,    0000453P0002183
0.961110864,-1.655711573,1.387467581,1.21111978,-1.676449775,    0000453P0002184
2.000555163,0.938888631,-1.387472698,1.655708769,1.18889792,     0000453P0002185
-1.295970008,2.253754968,0.91666641,-1.072579097,1.865263972,    0000453P0002186
1.166675667,-0.876856047,2.425924352,0.894444201,-0.725708353,   0000453P0002187
2.007755659,1.14445298,4.657397644E-06,2.598093303,0.849999778,  0000453P0002188
5.242000104E-06,2.150246347,1.100007795,0.876858194,2.425922891, 0000453P0002189
0.805555325,0.725709994,2.00775382,1.055563648,1.295965425,      0000453P0002190
2.253753246,0.783333085,1.072572348,1.86526319,1.03334204,       0000453P0002191
1.676436191,2.000556847,0.761110837,1.387456394,1.655709842,     0000453P0002192
1.011120705,2.000549059,1.676446352,0.73888859,1.655705527,      0000453P0002193
1.387478784,0.988899373,2.253751816,1.295967985,0.716666417,     0000453P0002194
1.865273274,1.072562193,0.966675418,2.425939024,0.876853726,     0000453P0002195
0.694444295,2.007762157,0.725692566,0.944449674,2.512009262,     0000453P0002196
0.438427853,0.672221975,2.079001792,0.36286956,0.92223089,       0000453P0002197
2.512009896,1.344528933E-08,0.649999736,2.079002692,             0000453P0002198
-4.715193791E-07,0.900009258,0.,0.461902639,0.,6.333910135;      0000453P0002199
508,4,0,19,53,0,1,0,457,0,19,54,1,1,0,459,0,19,55,1,1,0,461,0,   0000455P0002200
19,31,0,1,0,463;                                                 0000455P0002201
126,1,1,1,0,1,0,0.,0.,6.333910135,6.333910135,1.,1.,0.,          0000457P0002202
6.333910135,0.,0.,0.,0.,0.,6.333910135,0.,0.,1.;                 0000457P0002203
126,1,1,1,0,1,0,0.,0.,0.46189463,0.46189463,1.,1.,0.,0.,0.,      0000459P0002204
0.46189463,0.,0.,0.,0.46189463,0.,0.,1.;                         0000459P0002205
126,85,7,1,0,1,0,0.,0.,0.,0.,0.,0.,0.,0.,4.200148641E-02,        0000461P0002206
4.200148641E-02,4.200148641E-02,4.200148641E-02,4.200148641E-02, 0000461P0002207
4.200148641E-02,0.132945225,0.132945225,0.132945225,0.132945225, 0000461P0002208
0.132945225,0.132945225,0.227839564,0.227839564,0.227839564,     0000461P0002209
0.227839564,0.227839564,0.227839564,0.28978497,0.28978497,       0000461P0002210
0.28978497,0.28978497,0.28978497,0.28978497,0.380551458,         0000461P0002211
0.380551458,0.380551458,0.380551458,0.380551458,0.380551458,     0000461P0002212
0.461083327,0.461083327,0.461083327,0.461083327,0.461083327,     0000461P0002213
0.461083327,0.503085163,0.503085163,0.503085163,0.503085163,     0000461P0002214
0.503085163,0.503085163,0.591740353,0.591740353,0.591740353,     0000461P0002215
0.591740353,0.591740353,0.591740353,0.629741828,0.629741828,     0000461P0002216
0.629741828,0.629741828,0.629741828,0.629741828,0.747729908,     0000461P0002217
0.747729908,0.747729908,0.747729908,0.747729908,0.747729908,     0000461P0002218
0.807137802,0.807137802,0.807137802,0.807137802,0.807137802,     0000461P0002219
0.807137802,0.868234806,0.868234806,0.868234806,0.868234806,     0000461P0002220
0.868234806,0.868234806,0.960020498,0.960020498,0.960020498,     0000461P0002221
0.960020498,0.960020498,0.960020498,1.,1.,1.,1.,1.,1.,1.,1.,1.,  0000461P0002222
1.,1.,1.,1.,1.,1.,1.,1.,1.,1.,1.,1.,1.,1.,1.,1.,1.,1.,1.,1.,1.,  0000461P0002223
1.,1.,1.,1.,1.,1.,1.,1.,1.,1.,1.,1.,1.,1.,1.,1.,1.,1.,1.,1.,1.,  0000461P0002224
1.,1.,1.,1.,1.,1.,1.,1.,1.,1.,1.,1.,1.,1.,1.,1.,1.,1.,1.,1.,1.,  0000461P0002225
1.,1.,1.,1.,1.,1.,1.,1.,1.,1.,1.,1.,1.,1.,1.,1.,1.,1.,1.,1.,1.,  0000461P0002226
1.,0.461894625,0.,0.,0.461894859,3.800202986E-02,0.,0.461896385, 0000461P0002227
7.60051905E-02,0.,0.461898224,0.114008708,0.,0.461899845,        0000461P0002228
0.1520124,0.,0.461901036,0.190016326,0.,0.461901765,0.228020437, 0000461P0002229
0.,0.461902639,0.348311948,0.,0.461901119,0.430611143,0.,        0000461P0002230
0.461897952,0.512900342,0.,0.461895051,0.595183314,0.,           0000461P0002231
0.46189341,0.67747207,0.,0.461892686,0.759770128,0.,0.461892748, 0000461P0002232
0.92791647,0.,0.461893577,1.013792196,0.,0.461894856,            0000461P0002233
1.099657348,0.,0.461895982,1.185515746,0.,0.461896646,           0000461P0002234
1.271381161,0.,0.461896932,1.357257445,0.,0.461896942,           0000461P0002235
1.499167202,0.,0.461896825,1.555217514,0.,0.461896634,           0000461P0002236
1.611266438,0.,0.461896428,1.66731445,0.,0.461896267,            0000461P0002237
1.723363206,0.,0.461896186,1.779413204,0.,0.461896183,           0000461P0002238
1.917587021,0.,0.461896356,1.999724576,0.,0.461896741,           0000461P0002239
2.081853347,0.,0.461897243,2.163976658,0.,0.461897692,           0000461P0002240
2.246105798,0.,0.461897923,2.328243942,0.,0.461897879,           0000461P0002241
2.483235942,0.,0.461897658,2.556108462,0.,0.4618972,2.628976092, 0000461P0002242
0.,0.461896538,2.701840549,0.,0.461895762,2.77470802,0.,         0000461P0002243
0.461894992,2.847580285,0.,0.461893981,2.958449248,0.,           0000461P0002244
0.461893662,2.996452733,0.,0.461893389,3.034456251,0.,           0000461P0002245
0.461893173,3.072459772,0.,0.461893025,3.110463264,0.,           0000461P0002246
0.461892949,3.1484667,0.,0.46189295,3.266685462,0.,0.461893283,  0000461P0002247
3.346911578,0.,0.461893956,3.427129884,0.,0.461894887,           0000461P0002248
3.507343305,0.,0.461895914,3.587561881,0.,0.461896852,           0000461P0002249
3.667788452,0.,0.461897897,3.782388403,0.,0.461898172,           0000461P0002250
3.816772498,0.,0.4618984,3.851156628,0.,0.461898574,3.885540765, 0000461P0002251
0.,0.46189869,3.919924882,0.,0.461898747,3.954308954,0.,         0000461P0002252
0.461898749,4.095449393,0.,0.461898213,4.202250325,0.,           0000461P0002253
0.461897186,4.309014388,0.,0.461896121,4.415765219,0.,           0000461P0002254
0.461895349,4.522528803,0.,0.461895065,4.629329178,0.,           0000461P0002255
0.461895094,4.789837639,0.,0.461895178,4.843591601,0.,           0000461P0002256
0.461895326,4.897344618,0.,0.46189549,4.951097068,0.,            0000461P0002257
0.461895618,5.004850259,0.,0.461895674,5.058604542,0.,           0000461P0002258
0.461895666,5.167638605,0.,0.461895595,5.222921443,0.,           0000461P0002259
0.461895452,5.278203043,0.,0.461895264,5.333483783,0.,           0000461P0002260
0.46189508,5.388765139,0.,0.461894958,5.444047535,0.,            0000461P0002261
0.461894964,5.582375983,0.,0.461895267,5.665436187,0.,           0000461P0002262
0.461895944,5.748486803,0.,0.461897377,5.831531528,0.,           0000461P0002263
0.461899109,5.914582834,0.,0.461900022,5.997644516,0.,           0000461P0002264
0.461899811,6.1168678,0.,0.461899578,6.153042001,0.,0.4618991,   0000461P0002265
6.189216226,0.,0.461898426,6.225390345,0.,0.461897723,           0000461P0002266
6.261564173,0.,0.46189728,6.297737467,0.,0.46189751,6.333910032, 0000461P0002267
0.,0.,1.,0.,0.,1.;                                               0000461P0002268
126,1,1,1,0,1,0,0.,0.,0.461897513,0.461897513,1.,1.,0.46189751,  0000463P0002269
6.333910032,0.,0.,6.333910135,0.,0.,0.461897513,0.,0.,1.;        0000463P0002270
510,467,1,1,469;                                                 0000465P0002271
128,1,20,1,11,0,0,1,0,0,0.,0.,0.1,0.1,0.,0.,0.,0.,0.,0.,0.,0.,   0000467P0002272
0.,0.,0.,0.,3.166955068,3.166955068,3.166955068,3.166955068,     0000467P0002273
3.166955068,3.166955068,3.166955068,3.166955068,3.166955068,     0000467P0002274
6.333910135,6.333910135,6.333910135,6.333910135,6.333910135,     0000467P0002275
6.333910135,6.333910135,6.333910135,6.333910135,6.333910135,     0000467P0002276
6.333910135,6.333910135,1.,1.,1.,1.,1.,1.,1.,1.,1.,1.,1.,1.,1.,  0000467P0002277
1.,1.,1.,1.,1.,1.,1.,1.,1.,1.,1.,1.,1.,1.,1.,1.,1.,1.,1.,1.,1.,  0000467P0002278
1.,1.,1.,1.,1.,1.,1.,1.,2.512006414,1.120282178E-08,1.34999978,  0000467P0002279
2.512008247,1.120366999E-08,1.44999978,2.512007221,-0.717426787, 0000467P0002280
1.313636116,2.512009283,-0.717427363,1.413636116,2.286676368,    0000467P0002281
-1.434849016,1.27727224,2.286680233,-1.43485024,1.37727224,      0000467P0002282
1.835742248,-2.073633542,1.2409093,1.835739406,-2.073636638,     0000467P0002283
1.3409093,1.190627828,-2.554965805,1.204545121,1.190631854,      0000467P0002284
-2.554961576,1.304545121,0.41264407,-2.814301188,1.16818124,     0000467P0002285
0.412644736,-2.814312651,1.26818124,-0.412624334,-2.81423519,    0000467P0002286
1.131818165,-0.412627003,-2.814231487,1.231818165,-1.190589517,  0000467P0002287
-2.555020567,1.095454281,-1.190588711,-2.555024431,1.195454281,  0000467P0002288
-1.835856194,-2.073606028,1.059090681,-1.835857963,-2.073607388, 0000467P0002289
1.159090681,-2.286621547,-1.434854275,1.022727023,-2.286623446,  0000467P0002290
-1.434855434,1.122727023,-2.737387398,3.097315115E-08,           0000467P0002291
0.949999758,-2.737389595,4.36584271E-08,1.049999758,             0000467P0002292
-2.286621113,1.434854201,0.877272493,-2.286622884,1.434855344,   0000467P0002293
0.977272493,-1.835854149,2.073608135,0.840908835,-1.835855327,   0000467P0002294
2.073610103,0.940908835,-1.190601871,2.55500786,0.804545235,     0000467P0002295
-1.190604588,2.555008097,0.904545235,-0.412607991,2.814276913,   0000467P0002296
0.768181351,-0.412605983,2.814285131,0.868181351,0.412641688,    0000467P0002297
2.814236757,0.731818275,0.412641682,2.814229811,0.831818275,     0000467P0002298
1.190606314,2.555009767,0.695454395,1.190604201,2.555018096,     0000467P0002299
0.795454395,1.835772431,2.07362354,0.659090215,1.835778218,      0000467P0002300
2.073623772,0.759090215,2.286662145,1.434848534,0.622727276,     0000467P0002301
2.28666195,1.434849613,0.722727277,2.512006889,0.717426812,      0000467P0002302
0.5863634,2.512008859,0.717427387,0.6863634,2.512007697,         0000467P0002303
1.344407163E-08,0.549999736,2.512009896,1.344528844E-08,         0000467P0002304
0.649999736,0.,0.1,0.,6.333910135;                               0000467P0002305
508,4,0,19,56,0,1,0,471,0,19,57,1,1,0,473,0,19,53,1,1,0,475,0,   0000469P0002306
19,35,0,1,0,477;                                                 0000469P0002307
126,1,1,1,0,1,0,0.,0.,6.333910135,6.333910135,1.,1.,0.,          0000471P0002308
6.333910135,0.,0.,0.,0.,0.,6.333910135,0.,0.,1.;                 0000471P0002309
126,1,1,1,0,1,0,0.,0.,0.1,0.1,1.,1.,0.,0.,0.,0.1,0.,0.,0.,0.1,   0000473P0002310
0.,0.,1.;                                                        0000473P0002311
126,1,1,1,0,1,0,0.,0.,6.333910135,6.333910135,1.,1.,0.1,0.,0.,   0000475P0002312
0.1,6.333910135,0.,0.,6.333910135,0.,0.,1.;                      0000475P0002313
126,1,1,1,0,1,0,0.,0.,0.1,0.1,1.,1.,0.1,6.333910135,0.,0.,       0000477P0002314
6.333910135,0.,0.,0.1,0.,0.,1.;                                  0000477P0002315
510,481,1,1,483;                                                 0000479P0002316
128,1,26,1,8,0,0,1,0,0,0.,0.,0.5,0.5,0.,0.,0.,0.,0.,0.,0.,0.,0., 0000481P0002317
1.583477534,1.583477534,1.583477534,1.583477534,1.583477534,     0000481P0002318
1.583477534,3.166955068,3.166955068,3.166955068,3.166955068,     0000481P0002319
3.166955068,3.166955068,4.750432602,4.750432602,4.750432602,     0000481P0002320
4.750432602,4.750432602,4.750432602,6.333910135,6.333910135,     0000481P0002321
6.333910135,6.333910135,6.333910135,6.333910135,6.333910135,     0000481P0002322
6.333910135,6.333910135,1.,1.,1.,1.,1.,1.,1.,1.,1.,1.,1.,1.,1.,  0000481P0002323
1.,1.,1.,1.,1.,1.,1.,1.,1.,1.,1.,1.,1.,1.,1.,1.,1.,1.,1.,1.,1.,  0000481P0002324
1.,1.,1.,1.,1.,1.,1.,1.,1.,1.,1.,1.,1.,1.,1.,1.,1.,1.,1.,1.,     0000481P0002325
2.078989131,-3.929391248E-07,1.100007715,2.512006414,            0000481P0002326
1.120282178E-08,1.34999978,2.078989211,-0.408226804,1.07500838,  0000481P0002327
2.512006969,-0.493230913,1.324999761,1.987404057,-0.816392997,   0000481P0002328
1.050012705,2.401353584,-0.986459593,1.299999638,1.804189473,    0000481P0002329
-1.200645372,1.025005981,2.179948223,-1.450723733,1.274999829,   0000481P0002330
1.536893631,-1.536918685,1.000006897,1.857016036,-1.857019657,   0000481P0002331
1.249999803,1.200639088,-1.804182854,0.975007983,1.450712942,    0000481P0002332
-2.179965118,1.224999772,0.81641751,-1.987387224,0.950008834,    0000481P0002333
0.986464131,-2.40132588,1.199999748,4.944476684E-06,             0000481P0002334
-2.170591084,0.900009253,5.168488936E-06,-2.622688288,           0000481P0002335
1.149999736,-0.816418631,-1.987387687,0.850008336,-0.986462807,  0000481P0002336
-2.401326616,1.099999762,-1.200650554,-1.804183791,0.825007792,  0000481P0002337
-1.450721435,-2.179965072,1.074999778,-1.536915669,-1.536909153, 0000481P0002338
0.800008063,-1.857028538,-1.857023153,1.04999977,-1.804185093,   0000481P0002339
-1.200645787,0.775008606,-2.179967402,-1.450717045,1.024999755,  0000481P0002340
-1.987386184,-0.816418721,0.750008668,-2.401325345,-0.986462308, 0000481P0002341
0.999999753,-2.170587275,4.588390876E-07,0.700008487,            0000481P0002342
-2.622683532,1.359902679E-08,0.949999758,-1.987385756,           0000481P0002343
0.816419542,0.650008306,-2.401325046,0.986462269,0.899999763,    0000481P0002344
-1.804184521,1.200646499,0.625008368,-2.179967162,1.450716891,   0000481P0002345
0.874999761,-1.536915285,1.536909846,0.600008911,-1.857029448,   0000481P0002346
1.857023324,0.849999746,-1.200649939,1.804184604,0.575009182,    0000481P0002347
-1.45072193,2.179966158,0.824999738,-0.816417824,1.987388087,    0000481P0002348
0.550008638,-0.986462898,2.401326817,0.799999754,                0000481P0002349
5.853694914E-06,2.170590729,0.50000772,5.166076269E-06,          0000481P0002350
2.622687045,0.74999978,0.816418317,1.987386713,0.45000814,       0000481P0002351
0.98646404,2.40132529,0.699999768,1.200639844,1.804182319,       0000481P0002352
0.425008991,1.45071294,2.179965007,0.674999744,1.536894607,      0000481P0002353
1.536919652,0.400010077,1.857017196,1.857025298,0.649999713,     0000481P0002354
1.804191375,1.200643762,0.375010993,2.179953118,1.450720746,     0000481P0002355
0.624999687,1.987402408,0.8163921,0.350004269,2.401346617,       0000481P0002356
0.986459368,0.599999878,2.078989432,0.40822594,0.325008594,      0000481P0002357
2.512007142,0.493230937,0.574999755,2.078989497,                 0000481P0002358
-4.715266826E-07,0.300009258,2.512007697,1.344407163E-08,        0000481P0002359
0.549999736,3.811104638E-02,0.5,0.,6.333910135;                  0000481P0002360
508,4,0,19,52,0,1,0,485,0,19,58,1,1,0,487,0,19,56,1,1,0,489,0,   0000483P0002361
19,37,0,1,0,491;                                                 0000483P0002362
126,85,7,1,0,1,0,0.,0.,0.,0.,0.,0.,0.,0.,1.580694344E-02,        0000485P0002363
1.580694344E-02,1.580694344E-02,1.580694344E-02,1.580694344E-02, 0000485P0002364
1.580694344E-02,4.366571261E-02,4.366571261E-02,4.366571261E-02, 0000485P0002365
4.366571261E-02,4.366571261E-02,4.366571261E-02,0.130967308,     0000485P0002366
0.130967308,0.130967308,0.130967308,0.130967308,0.130967308,     0000485P0002367
0.214969405,0.214969405,0.214969405,0.214969405,0.214969405,     0000485P0002368
0.214969405,0.263978871,0.263978871,0.263978871,0.263978871,     0000485P0002369
0.263978871,0.263978871,0.373967508,0.373967508,0.373967508,     0000485P0002370
0.373967508,0.373967508,0.373967508,0.461969175,0.461969175,     0000485P0002371
0.461969175,0.461969175,0.461969175,0.461969175,0.49845435,      0000485P0002372
0.49845435,0.49845435,0.49845435,0.49845435,0.49845435,          0000485P0002373
0.624393402,0.624393402,0.624393402,0.624393402,0.624393402,     0000485P0002374
0.624393402,0.728016635,0.728016635,0.728016635,0.728016635,     0000485P0002375
0.728016635,0.728016635,0.777614605,0.777614605,0.777614605,     0000485P0002376
0.777614605,0.777614605,0.777614605,0.866526967,0.866526967,     0000485P0002377
0.866526967,0.866526967,0.866526967,0.866526967,0.966073201,     0000485P0002378
0.966073201,0.966073201,0.966073201,0.966073201,0.966073201,1.,  0000485P0002379
1.,1.,1.,1.,1.,1.,1.,1.,1.,1.,1.,1.,1.,1.,1.,1.,1.,1.,1.,1.,1.,  0000485P0002380
1.,1.,1.,1.,1.,1.,1.,1.,1.,1.,1.,1.,1.,1.,1.,1.,1.,1.,1.,1.,1.,  0000485P0002381
1.,1.,1.,1.,1.,1.,1.,1.,1.,1.,1.,1.,1.,1.,1.,1.,1.,1.,1.,1.,1.,  0000485P0002382
1.,1.,1.,1.,1.,1.,1.,1.,1.,1.,1.,1.,1.,1.,1.,1.,1.,1.,1.,1.,1.,  0000485P0002383
1.,1.,1.,1.,1.,1.,1.,1.,1.,3.811676458E-02,6.333910032,0.,       0000485P0002384
3.8116777E-02,6.319608484,0.,3.81166537E-02,6.305306915,0.,      0000485P0002385
3.811642937E-02,6.291005239,0.,3.811613633E-02,6.276703475,0.,   0000485P0002386
3.81158013E-02,6.262401637,0.,3.811544539E-02,6.248099739,0.,    0000485P0002387
3.811444724E-02,6.208591482,0.,3.81138003E-02,6.183385014,0.,    0000485P0002388
3.81132206E-02,6.158178444,0.,3.811276081E-02,6.132971823,0.,    0000485P0002389
3.811244895E-02,6.107765195,0.,3.811228835E-02,6.082558596,0.,   0000485P0002390
3.811216153E-02,5.978361801,0.,3.811340352E-02,5.899361963,0.,   0000485P0002391
3.811559361E-02,5.820370304,0.,3.811750991E-02,5.741383834,0.,   0000485P0002392
3.81185612E-02,5.662392788,0.,3.811902038E-02,5.58339423,0.,     0000485P0002393
3.811903691E-02,5.428401685,0.,3.811863934E-02,5.352389634,0.,   0000485P0002394
3.811803954E-02,5.27638327,0.,3.811753425E-02,5.200380493,0.,    0000485P0002395
3.811724565E-02,5.124373807,0.,3.811710482E-02,5.048361165,0.,   0000485P0002396
3.811707595E-02,4.928013528,0.,3.811710215E-02,4.883669714,0.,   0000485P0002397
3.811716822E-02,4.839326361,0.,3.811725704E-02,4.794983326,0.,   0000485P0002398
3.811734157E-02,4.750640096,0.,3.811739509E-02,4.706296519,0.,   0000485P0002399
3.811741558E-02,4.562437598,0.,3.811720754E-02,4.462890836,0.,   0000485P0002400
3.811666362E-02,4.363367131,0.,3.811585882E-02,4.263857831,0.,   0000485P0002401
3.811508299E-02,4.164333642,0.,3.811467928E-02,4.064786254,0.,   0000485P0002402
3.81147073E-02,3.885646803,0.,3.811498954E-02,3.806013479,0.,    0000485P0002403
3.811558492E-02,3.726387735,0.,3.811643204E-02,3.646766887,0.,   0000485P0002404
3.811738559E-02,3.567141329,0.,3.811827149E-02,3.487508291,0.,   0000485P0002405
3.811926864E-02,3.374874391,0.,3.811952995E-02,3.341863108,0.,   0000485P0002406
3.811975097E-02,3.308851812,0.,3.81199245E-02,3.275840517,0.,    0000485P0002407
3.812004549E-02,3.242829237,0.,3.812011102E-02,3.20981799,0.,    0000485P0002408
3.812015247E-02,3.062859178,0.,3.811951793E-02,2.948849813,0.,   0000485P0002409
3.811820518E-02,2.834891484,0.,3.81166278E-02,2.720949196,0.,    0000485P0002410
3.811541032E-02,2.606990218,0.,3.81148629E-02,2.492980078,0.,    0000485P0002411
3.811482792E-02,2.285274676,0.,3.811516861E-02,2.191494521,0.,   0000485P0002412
3.811582304E-02,2.097731679,0.,3.811651464E-02,2.003979966,0.,   0000485P0002413
3.81169994E-02,1.910217573,0.,3.811719853E-02,1.816438067,0.,    0000485P0002414
3.811719686E-02,1.6778061,0.,3.811715231E-02,1.632930076,0.,     0000485P0002415
3.811706268E-02,1.58805443,0.,3.811695429E-02,1.543178995,0.,    0000485P0002416
3.811686305E-02,1.498303222,0.,3.811681666E-02,1.453426958,0.,   0000485P0002417
3.811681713E-02,1.328104247,0.,3.811697996E-02,1.247646256,0.,   0000485P0002418
3.811734413E-02,1.167196136,0.,3.811799911E-02,1.086751132,0.,   0000485P0002419
3.811879498E-02,1.006301288,0.,3.811935936E-02,0.925843829,0.,   0000485P0002420
3.811949059E-02,0.755329818,0.,3.811889365E-02,0.6652432,0.,     0000485P0002421
3.81174892E-02,0.575170889,0.,3.811464107E-02,0.485107552,0.,    0000485P0002422
3.811166586E-02,0.3950346,0.,3.811104638E-02,0.304946282,0.,     0000485P0002423
3.811287597E-02,0.184179489,0.,3.811354703E-02,0.153482412,0.,   0000485P0002424
3.811444663E-02,0.122785387,0.,3.811549686E-02,9.208850481E-02,  0000485P0002425
0.,3.811651934E-02,6.139188014E-02,0.,3.811723523E-02,           0000485P0002426
3.069565556E-02,0.,3.811726521E-02,0.,0.,0.,1.,0.,0.,1.;         0000485P0002427
126,1,1,1,0,1,0,3.811727066E-02,3.811727066E-02,0.5,0.5,1.,1.,   0000487P0002428
3.811727066E-02,0.,0.,0.5,0.,0.,3.811727066E-02,0.5,0.,0.,1.;    0000487P0002429
126,1,1,1,0,1,0,0.,0.,6.333910135,6.333910135,1.,1.,0.5,0.,0.,   0000489P0002430
0.5,6.333910135,0.,0.,6.333910135,0.,0.,1.;                      0000489P0002431
126,1,1,1,0,1,0,3.811676786E-02,3.811676786E-02,0.5,0.5,1.,1.,   0000491P0002432
0.5,6.333910135,0.,3.811676458E-02,6.333910032,0.,               0000491P0002433
3.811676786E-02,0.5,0.,0.,1.;                                    0000491P0002434
510,495,1,1,503;                                                 0000493P0002435
192,497,499,2.112,501;                                           0000495P0002436
116,0.,8.881784197E-16,5.,0;                                     0000497P0002437
123,0.,-2.220446049E-16,-1.;                                     0000499P0002438
123,1.,0.,0.;                                                    0000501P0002439
508,5,0,19,59,1,1,0,505,0,19,60,1,1,0,507,0,19,61,0,1,0,509,0,   0000503P0002440
19,62,0,1,0,511,0,19,46,0,1,0,513;                               0000503P0002441
126,73,7,1,0,1,0,8.81181545E-07,8.81181545E-07,8.81181545E-07,   0000505P0002442
8.81181545E-07,8.81181545E-07,8.81181545E-07,8.81181545E-07,     0000505P0002443
8.81181545E-07,8.641793161E-02,8.641793161E-02,8.641793161E-02,  0000505P0002444
8.641793161E-02,8.641793161E-02,8.641793161E-02,0.144681675,     0000505P0002445
0.144681675,0.144681675,0.144681675,0.144681675,0.144681675,     0000505P0002446
0.266288914,0.266288914,0.266288914,0.266288914,0.266288914,     0000505P0002447
0.266288914,0.414688709,0.414688709,0.414688709,0.414688709,     0000505P0002448
0.414688709,0.414688709,0.457414457,0.457414457,0.457414457,     0000505P0002449
0.457414457,0.457414457,0.457414457,0.560802968,0.560802968,     0000505P0002450
0.560802968,0.560802968,0.560802968,0.560802968,0.690267396,     0000505P0002451
0.690267396,0.690267396,0.690267396,0.690267396,0.690267396,     0000505P0002452
0.74733691,0.74733691,0.74733691,0.74733691,0.74733691,          0000505P0002453
0.74733691,0.846026647,0.846026647,0.846026647,0.846026647,      0000505P0002454
0.846026647,0.846026647,0.948217433,0.948217433,0.948217433,     0000505P0002455
0.948217433,0.948217433,0.948217433,0.981221643,0.981221643,     0000505P0002456
0.981221643,0.981221643,0.981221643,0.981221643,1.,1.,1.,1.,1.,  0000505P0002457
1.,1.,1.,1.,1.,1.,1.,1.,1.,1.,1.,1.,1.,1.,1.,1.,1.,1.,1.,1.,1.,  0000505P0002458
1.,1.,1.,1.,1.,1.,1.,1.,1.,1.,1.,1.,1.,1.,1.,1.,1.,1.,1.,1.,1.,  0000505P0002459
1.,1.,1.,1.,1.,1.,1.,1.,1.,1.,1.,1.,1.,1.,1.,1.,1.,1.,1.,1.,1.,  0000505P0002460
1.,1.,1.,1.,1.,1.,1.,1.,1.,1.,1.,1.,1.,1.,53.577541382,          0000505P0002461
6.679689646E-16,0.,57.360179048,8.405958814E-03,0.,61.143055449, 0000505P0002462
1.681251211E-02,0.,64.925752566,2.521866635E-02,0.,68.708336019, 0000505P0002463
3.362451792E-02,0.,72.491032457,4.203055927E-02,0.,76.273907276, 0000505P0002464
5.043695547E-02,0.,82.606855337,6.451013879E-02,0.,85.157202014, 0000505P0002465
7.017755056E-02,0.,87.707525088,7.584489902E-02,0.,90.257833308, 0000505P0002466
8.151221564E-02,0.,92.80815755,8.717958442E-02,0.,95.358506591,  0000505P0002467
9.284703537E-02,0.,103.231806012,0.110343359,0.,108.55609604,    0000505P0002468
0.122175294,0.,113.879419952,0.134005212,0.,119.202128325,       0000505P0002469
0.14583384,0.,124.525448012,0.157663784,0.,129.849732333,        0000505P0002470
0.169495698,0.,141.668445506,0.195759464,0.,148.167740074,       0000505P0002471
0.210202035,0.,154.664082076,0.224637704,0.,161.15948641,        0000505P0002472
0.239071112,0.,167.655833693,0.253506782,0.,174.155139513,       0000505P0002473
0.267949368,0.,182.521069497,0.286540349,0.,184.391259948,       0000505P0002474
0.290696362,0.,186.261451857,0.294852405,0.,188.131644001,       0000505P0002475
0.299008474,0.,190.001835326,0.303164564,0.,191.872024946,       0000505P0002476
0.30732067,0.,198.267723706,0.321533824,0.,202.793819603,        0000505P0002477
0.331592246,0.,207.319482046,0.341649732,0.,211.844868844,       0000505P0002478
0.351706548,0.,216.370529935,0.361763846,0.,220.896623686,       0000505P0002479
0.371821955,0.,231.089034094,0.394471748,0.,236.757709888,       0000505P0002480
0.407068605,0.,242.425073305,0.419662379,0.,248.091602914,       0000505P0002481
0.432254318,0.,253.758971816,0.444848283,0.,259.427661781,       0000505P0002482
0.457445358,0.,267.592602263,0.475589778,0.,270.090671588,       0000505P0002483
0.481141095,0.,272.588718412,0.48669237,0.,275.086750608,        0000505P0002484
0.492243606,0.,277.584796128,0.497794849,0.,280.082863056,       0000505P0002485
0.503346109,0.,286.900729241,0.518496841,0.,291.221022855,       0000505P0002486
0.528097346,0.,295.540973024,0.537696981,0.,299.86070624,        0000505P0002487
0.547295998,0.,304.180660082,0.556895454,0.,308.500960235,       0000505P0002488
0.566495817,0.,317.293882147,0.586035562,0.,321.767521981,       0000505P0002489
0.595977234,0.,326.240754743,0.605918384,0.,330.713726276,       0000505P0002490
0.615859504,0.,335.186951318,0.625801398,0.,339.660576753,       0000505P0002491
0.635743653,0.,345.578299549,0.648894158,0.,347.022953616,       0000505P0002492
0.652104417,0.,348.467608448,0.655314576,0.,349.912263541,       0000505P0002493
0.65852463,0.,351.356918853,0.661734594,0.,352.801574802,        0000505P0002494
0.664944493,0.,355.068196866,0.669980692,0.,355.890162046,       0000505P0002495
0.671807008,0.,356.712127899,0.673633326,0.,357.534094524,       0000505P0002496
0.675459661,0.,358.356062017,0.677286027,0.,359.178030477,       0000505P0002497
0.679112443,0.,360.,0.680938933,0.,8.81181545E-07,1.,-0.,-0.,1.; 0000505P0002498
126,1,1,1,0,1,0,0.680938938,0.680938938,0.919054166,0.919054166, 0000507P0002499
1.,1.,360.,0.680938938,0.,360.,0.919054166,0.,0.680938938,       0000507P0002500
0.919054166,0.,0.,1.;                                            0000507P0002501
126,79,7,1,0,1,0,0.,0.,0.,0.,0.,0.,0.,0.,4.041150633E-02,        0000509P0002502
4.041150633E-02,4.041150633E-02,4.041150633E-02,4.041150633E-02, 0000509P0002503
4.041150633E-02,0.13190194,0.13190194,0.13190194,0.13190194,     0000509P0002504
0.13190194,0.13190194,0.19178222,0.19178222,0.19178222,          0000509P0002505
0.19178222,0.19178222,0.19178222,0.252849116,0.252849116,        0000509P0002506
0.252849116,0.252849116,0.252849116,0.252849116,0.369896642,     0000509P0002507
0.369896642,0.369896642,0.369896642,0.369896642,0.369896642,     0000509P0002508
0.429899329,0.429899329,0.429899329,0.429899329,0.429899329,     0000509P0002509
0.429899329,0.497104576,0.497104576,0.497104576,0.497104576,     0000509P0002510
0.497104576,0.497104576,0.619520266,0.619520266,0.619520266,     0000509P0002511
0.619520266,0.619520266,0.619520266,0.710218698,0.710218698,     0000509P0002512
0.710218698,0.710218698,0.710218698,0.710218698,0.772157958,     0000509P0002513
0.772157958,0.772157958,0.772157958,0.772157958,0.772157958,     0000509P0002514
0.867053014,0.867053014,0.867053014,0.867053014,0.867053014,     0000509P0002515
0.867053014,0.957997949,0.957997949,0.957997949,0.957997949,     0000509P0002516
0.957997949,0.957997949,1.,1.,1.,1.,1.,1.,1.,1.,1.,1.,1.,1.,1.,  0000509P0002517
1.,1.,1.,1.,1.,1.,1.,1.,1.,1.,1.,1.,1.,1.,1.,1.,1.,1.,1.,1.,1.,  0000509P0002518
1.,1.,1.,1.,1.,1.,1.,1.,1.,1.,1.,1.,1.,1.,1.,1.,1.,1.,1.,1.,1.,  0000509P0002519
1.,1.,1.,1.,1.,1.,1.,1.,1.,1.,1.,1.,1.,1.,1.,1.,1.,1.,1.,1.,1.,  0000509P0002520
1.,1.,1.,1.,1.,1.,1.,1.,1.,1.,1.,1.,360.,0.919054158,0.,         0000509P0002521
357.921799129,0.914436341,0.,355.843602533,0.909818188,0.,       0000509P0002522
353.765409002,0.90519987,0.,351.687217839,0.900581512,0.,        0000509P0002523
349.609028859,0.895963192,0.,347.530842393,0.891344939,0.,       0000509P0002524
340.74771528,0.876271269,0.,336.042056976,0.865814494,0.,        0000509P0002525
331.336912092,0.855359151,0.,326.632094498,0.84490445,0.,        0000509P0002526
321.926943812,0.834448767,0.,317.221271303,0.823991834,0.,       0000509P0002527
309.436927081,0.806693367,0.,306.357459902,0.799850109,0.,       0000509P0002528
303.278055948,0.793006983,0.,300.198692525,0.786163954,0.,       0000509P0002529
297.119290844,0.77932086,0.,294.039827989,0.772477654,0.,        0000509P0002530
287.820047315,0.758656047,0.,284.679553455,0.751677254,0.,       0000509P0002531
281.539126827,0.744698632,0.,278.398742375,0.737720104,0.,       0000509P0002532
275.258313733,0.730741451,0.,272.117816489,0.723762596,0.,       0000509P0002533
262.958165995,0.703407752,0.,256.936477442,0.690025987,0.,       0000509P0002534
250.916782044,0.676648401,0.,244.897796505,0.663272284,0.,       0000509P0002535
238.878105486,0.649894647,0.,232.856422986,0.63651285,0.,        0000509P0002536
223.751507238,0.616279707,0.,220.665748046,0.609422539,0.,       0000509P0002537
217.580051213,0.60256559,0.,214.494393833,0.595708801,0.,        0000509P0002538
211.408696543,0.588851979,0.,208.322936524,0.581995049,0.,       0000509P0002539
201.781188292,0.567458512,0.,198.324961376,0.559778376,0.,       0000509P0002540
194.868847108,0.552098464,0.,191.412804292,0.544418649,0.,       0000509P0002541
187.956689079,0.536738586,0.,184.500460615,0.529058173,0.,       0000509P0002542
174.74907879,0.507388432,0.,168.450724529,0.493391771,0.,        0000509P0002543
162.154885715,0.47940038,0.,155.859888947,0.465410812,0.,        0000509P0002544
149.564055107,0.451419557,0.,143.265708633,0.437423019,0.,       0000509P0002545
132.306187167,0.413068535,0.,127.641283774,0.402702206,0.,       0000509P0002546
122.976880954,0.392337086,0.,118.31279535,0.381972681,0.,        0000509P0002547
113.648389344,0.371607486,0.,108.983481115,0.361241051,0.,       0000509P0002548
101.133984614,0.343797617,0.,97.948617315,0.336718937,0.,        0000509P0002549
94.763323452,0.32964038,0.,91.578076871,0.322561912,0.,          0000509P0002550
88.392785086,0.315483362,0.,85.207421523,0.308404706,0.,         0000509P0002551
77.142122357,0.290481838,0.,72.261237715,0.279635623,0.,         0000509P0002552
67.380982765,0.268791044,0.,62.501126183,0.257947631,0.,         0000509P0002553
57.620867553,0.247103425,0.,52.739977186,0.236257556,0.,         0000509P0002554
43.183029625,0.215020048,0.,38.505414357,0.204624974,0.,         0000509P0002555
33.828313458,0.194230487,0.,29.151547242,0.183835973,0.,         0000509P0002556
24.474469457,0.173440552,0.,19.79688961,0.163044924,0.,          0000509P0002557
12.959993638,0.147852239,0.,10.799992961,0.143052646,0.,         0000509P0002558
8.640002174,0.138253367,0.,6.480016186,0.133454387,0.,           0000509P0002559
4.320019852,0.128655569,0.,2.160007419,0.123856614,0.,           0000509P0002560
1.964820478E-06,0.119057029,0.,0.,1.,-0.,-0.,1.;                 0000509P0002561
126,1,1,1,0,1,0,0.,0.,0.119057029,0.119057029,1.,1.,             0000511P0002562
-2.37142157E-11,0.119057029,0.,-2.37142157E-11,0.,0.,0.,         0000511P0002563
0.119057029,0.,0.,1.;                                            0000511P0002564
126,1,1,1,0,1,0,5.348080805,5.348080805,6.283185307,6.283185307, 0000513P0002565
1.,1.,-2.37142157E-11,0.,0.,53.577541382,0.,0.,5.348080805,      0000513P0002566
6.283185307,0.,0.,1.;                                            0000513P0002567
510,517,1,1,519;                                                 0000515P0002568
128,1,26,1,8,0,0,1,0,0,0.,0.,0.5,0.5,0.,0.,0.,0.,0.,0.,0.,0.,0., 0000517P0002569
1.583477534,1.583477534,1.583477534,1.583477534,1.583477534,     0000517P0002570
1.583477534,3.166955068,3.166955068,3.166955068,3.166955068,     0000517P0002571
3.166955068,3.166955068,4.750432602,4.750432602,4.750432602,     0000517P0002572
4.750432602,4.750432602,4.750432602,6.333910135,6.333910135,     0000517P0002573
6.333910135,6.333910135,6.333910135,6.333910135,6.333910135,     0000517P0002574
6.333910135,6.333910135,1.,1.,1.,1.,1.,1.,1.,1.,1.,1.,1.,1.,1.,  0000517P0002575
1.,1.,1.,1.,1.,1.,1.,1.,1.,1.,1.,1.,1.,1.,1.,1.,1.,1.,1.,1.,1.,  0000517P0002576
1.,1.,1.,1.,1.,1.,1.,1.,1.,1.,1.,1.,1.,1.,1.,1.,1.,1.,1.,1.,     0000517P0002577
2.078987298,8.881784197E-16,5.1,2.512,8.881784197E-16,5.35,      0000517P0002578
2.078987456,-0.408226051,5.075000665,2.512000553,-0.493229665,   0000517P0002579
5.324999981,1.987402459,-0.816391902,5.05000499,2.401347448,     0000517P0002580
-0.986457084,5.299999858,1.804188109,-1.200643972,5.024998266,   0000517P0002581
2.179942651,-1.450720039,5.275000049,1.536892567,-1.53691704,    0000517P0002582
4.999999181,1.857011286,-1.857014924,5.250000023,1.200638371,    0000517P0002583
-1.804181037,4.975000267,1.450709228,-2.179959559,5.224999992,   0000517P0002584
0.816417166,-1.987385318,4.950001119,0.986461602,-2.401319753,   0000517P0002585
5.199999968,5.354729933E-06,-2.17058917,4.900001538,             0000517P0002586
5.156795242E-06,-2.622681591,5.149999956,-0.816417536,           0000517P0002587
-1.98738609,4.85000062,-0.986460299,-2.40132048,5.099999982,     0000517P0002588
-1.200649155,-1.804182427,4.825000076,-1.450717741,-2.1799595,   0000517P0002589
5.074999998,-1.536914024,-1.536908088,4.800000347,-1.857023804,  0000517P0002590
-1.857018403,5.04999999,-1.804183276,-1.20064507,4.775000891,    0000517P0002591
-2.179961843,-1.450713331,5.024999975,-1.987384277,-0.816418377, 0000517P0002592
4.750000953,-2.401319218,-0.986459779,4.999999973,-2.170585362,  0000517P0002593
4.858694069E-08,4.700000772,-2.622676836,2.529614385E-08,        0000517P0002594
4.949999978,-1.987384158,0.816418447,4.65000059,-2.40131891,     0000517P0002595
0.986459761,4.899999983,-1.804183158,1.2006451,4.625000652,      0000517P0002596
-2.179961589,1.450713196,4.874999981,-1.536914221,1.5369082,     0000517P0002597
4.600001196,-1.857024698,1.85701859,4.849999966,-1.200649222,    0000517P0002598
1.804182787,4.575001467,-1.450718216,2.179960598,4.824999958,    0000517P0002599
-0.81641748,1.987386181,4.550000923,-0.986460369,2.40132069,     0000517P0002600
4.799999974,5.443443642E-06,2.170588815,4.500000005,             0000517P0002601
5.177776831E-06,2.622680348,4.75,0.816417222,1.987385116,        0000517P0002602
4.450000424,0.986461532,2.401319154,4.699999988,1.200638445,     0000517P0002603
1.804180956,4.425001276,1.450709246,2.179959434,4.674999964,     0000517P0002604
1.536892962,1.536918588,4.400002362,1.857012463,1.857020548,     0000517P0002605
4.649999933,1.804189557,1.200643044,4.375003277,2.179947559,     0000517P0002606
1.450717032,4.624999907,1.987400502,0.816391756,4.349996554,     0000517P0002607
2.40134049,0.986456839,4.600000098,2.078987522,0.408225973,      0000517P0002608
4.325000878,2.51200073,0.493229667,4.574999975,2.078987665,      0000517P0002609
-7.858793882E-08,4.300001543,2.512001283,2.240126307E-09,        0000517P0002610
4.549999956,3.81147158E-02,0.5,0.942652294,6.333910135;          0000517P0002611
508,4,0,19,59,0,1,0,521,0,19,50,0,1,0,523,0,19,63,1,1,0,525,0,   0000519P0002612
19,64,0,1,0,527;                                                 0000519P0002613
126,73,7,1,0,1,0,8.81181545E-07,8.81181545E-07,8.81181545E-07,   0000521P0002614
8.81181545E-07,8.81181545E-07,8.81181545E-07,8.81181545E-07,     0000521P0002615
8.81181545E-07,1.87792377E-02,1.87792377E-02,1.87792377E-02,     0000521P0002616
1.87792377E-02,1.87792377E-02,1.87792377E-02,5.178344823E-02,    0000521P0002617
5.178344823E-02,5.178344823E-02,5.178344823E-02,5.178344823E-02, 0000521P0002618
5.178344823E-02,0.153974235,0.153974235,0.153974235,0.153974235, 0000521P0002619
0.153974235,0.153974235,0.252663971,0.252663971,0.252663971,     0000521P0002620
0.252663971,0.252663971,0.252663971,0.309733486,0.309733486,     0000521P0002621
0.309733486,0.309733486,0.309733486,0.309733486,0.439197913,     0000521P0002622
0.439197913,0.439197913,0.439197913,0.439197913,0.439197913,     0000521P0002623
0.542586424,0.542586424,0.542586424,0.542586424,0.542586424,     0000521P0002624
0.542586424,0.585312172,0.585312172,0.585312172,0.585312172,     0000521P0002625
0.585312172,0.585312172,0.733711967,0.733711967,0.733711967,     0000521P0002626
0.733711967,0.733711967,0.733711967,0.855319206,0.855319206,     0000521P0002627
0.855319206,0.855319206,0.855319206,0.855319206,0.91358295,      0000521P0002628
0.91358295,0.91358295,0.91358295,0.91358295,0.91358295,1.,1.,1., 0000521P0002629
1.,1.,1.,1.,1.,1.,1.,1.,1.,1.,1.,1.,1.,1.,1.,1.,1.,1.,1.,1.,1.,  0000521P0002630
1.,1.,1.,1.,1.,1.,1.,1.,1.,1.,1.,1.,1.,1.,1.,1.,1.,1.,1.,1.,1.,  0000521P0002631
1.,1.,1.,1.,1.,1.,1.,1.,1.,1.,1.,1.,1.,1.,1.,1.,1.,1.,1.,1.,1.,  0000521P0002632
1.,1.,1.,1.,1.,1.,1.,1.,1.,1.,1.,1.,1.,1.,1.,1.,3.811928077E-02, 0000521P0002633
6.333910101,0.,3.811929662E-02,6.31944878,0.,3.811917039E-02,    0000521P0002634
6.304987333,0.,3.811894128E-02,6.290525778,0.,3.811864264E-02,   0000521P0002635
6.276064133,0.,3.811830196E-02,6.261602412,0.,3.811794088E-02,   0000521P0002636
6.24714063,0.,3.81169325E-02,6.207261167,0.,3.811628251E-02,     0000521P0002637
6.181843378,0.,3.811570331E-02,6.156425486,0.,3.81152478E-02,    0000521P0002638
6.131007543,0.,3.811494368E-02,6.105589593,0.,3.811479348E-02,   0000521P0002639
6.080171677,0.,3.81147158E-02,5.976052662,0.,3.811597773E-02,    0000521P0002640
5.897342103,0.,3.811815548E-02,5.81863958,0.,3.812005155E-02,    0000521P0002641
5.73994215,0.,3.81210909E-02,5.661240222,0.,3.812154265E-02,     0000521P0002642
5.582530914,0.,3.812155383E-02,5.427827443,0.,3.812115468E-02,   0000521P0002643
5.351815391,0.,3.812055491E-02,5.275809026,0.,3.812005062E-02,   0000521P0002644
5.199806249,0.,3.811976319E-02,5.123799564,0.,3.811962336E-02,   0000521P0002645
5.047786923,0.,3.81195958E-02,4.927831427,0.,3.811962191E-02,    0000521P0002646
4.883879773,0.,3.811968692E-02,4.839928562,0.,3.811977436E-02,   0000521P0002647
4.795977659,0.,3.811985821E-02,4.752026571,0.,3.811991241E-02,   0000521P0002648
4.708075152,0.,3.811993885E-02,4.564420088,0.,3.811973589E-02,   0000521P0002649
4.464684649,0.,3.811919512E-02,4.364972558,0.,3.811838949E-02,   0000521P0002650
4.265275035,0.,3.811760964E-02,4.165562483,0.,3.811720167E-02,   0000521P0002651
4.065826543,0.,3.811722413E-02,3.88649873,0.,3.81175036E-02,     0000521P0002652
3.806865407,0.,3.811809644E-02,3.727239663,0.,3.811894192E-02,   0000521P0002653
3.647618816,0.,3.811989508E-02,3.567993256,0.,3.812078174E-02,   0000521P0002654
3.488360218,0.,3.81217803E-02,3.375833179,0.,3.812204171E-02,    0000521P0002655
3.342928757,0.,3.812226326E-02,3.310024323,0.,3.81224378E-02,    0000521P0002656
3.27711989,0.,3.812256027E-02,3.244215472,0.,3.812262772E-02,    0000521P0002657
3.211311087,0.,3.812267956E-02,3.064119782,0.,3.812204942E-02,   0000521P0002658
2.949770129,0.,3.812073339E-02,2.835472321,0.,3.811914844E-02,   0000521P0002659
2.721190725,0.,3.811792605E-02,2.60689226,0.,3.811737914E-02,    0000521P0002660
2.492541847,0.,3.811734979E-02,2.284600442,0.,3.811769192E-02,   0000521P0002661
2.190923778,0.,3.811834592E-02,2.097264334,0.,3.811903606E-02,   0000521P0002662
2.00361596,0.,3.811951949E-02,1.909956964,0.,3.811971808E-02,    0000521P0002663
1.816280948,0.,3.811971627E-02,1.677757188,0.,3.811967169E-02,   0000521P0002664
1.632886006,0.,3.811958205E-02,1.588015203,0.,3.811947368E-02,   0000521P0002665
1.543144611,0.,3.811938246E-02,1.49827368,0.,3.811933609E-02,    0000521P0002666
1.45340226,0.,3.811933656E-02,1.341978672,0.,3.811944653E-02,    0000521P0002667
1.275421617,0.,3.811969421E-02,1.208867594,0.,3.812011775E-02,   0000521P0002668
1.142315539,0.,3.812067427E-02,1.075761592,0.,3.812122579E-02,   0000521P0002669
1.009204717,0.,3.812160232E-02,0.942652294,0.,8.81181545E-07,1., 0000521P0002670
0.,0.,1.;                                                        0000521P0002671
126,21,6,1,0,1,0,0.,0.,0.,0.,0.,0.,0.,0.15124127,0.15124127,     0000523P0002672
0.15124127,0.15124127,0.15124127,0.388824454,0.388824454,        0000523P0002673
0.388824454,0.388824454,0.388824454,0.646962191,0.646962191,     0000523P0002674
0.646962191,0.646962191,0.646962191,0.929198115,0.929198115,     0000523P0002675
0.929198115,0.929198115,0.929198115,0.929198115,0.929198115,1.,  0000523P0002676
1.,1.,1.,1.,1.,1.,1.,1.,1.,1.,1.,1.,1.,1.,1.,1.,1.,1.,1.,1.,1.,  0000523P0002677
3.812160337E-02,0.942652297,0.,5.160900198E-02,0.996045271,0.,   0000523P0002678
6.502482509E-02,1.049155147,0.,7.837046569E-02,1.101987288,0.,   0000523P0002679
9.16476625E-02,1.154548419,0.,0.104857545,1.206842931,0.,        0000523P0002680
0.13864534,1.340599638,0.,0.159128384,1.42168602,0.,0.17944938,  0000523P0002681
1.502130333,0.,0.199615602,1.581961559,0.,0.219632779,           0000523P0002682
1.661202631,0.,0.261086034,1.825301716,0.,0.282500056,           0000523P0002683
1.910072423,0.,0.303741577,1.994160458,0.,0.324819079,           0000523P0002684
2.077599443,0.,0.34573915,2.160415358,0.,0.389198959,            0000523P0002685
2.332459088,0.,0.411714009,2.421589186,0.,0.434043631,           0000523P0002686
2.50998522,0.,0.456197899,2.597686969,0.,0.478184413,            0000523P0002687
2.684724568,0.,0.5,2.771085498,0.,0.,0.929198115,-0.,-0.,1.;     0000523P0002688
126,1,1,1,0,1,0,2.771085498,2.771085498,6.333910135,6.333910135, 0000525P0002689
1.,1.,0.5,2.771085498,0.,0.5,6.333910135,0.,2.771085498,         0000525P0002690
6.333910135,0.,0.,1.;                                            0000525P0002691
126,1,1,1,0,1,0,3.811928077E-02,3.811928077E-02,0.5,0.5,1.,1.,   0000527P0002692
0.5,6.333910135,0.,3.811928077E-02,6.333910135,0.,               0000527P0002693
3.811928077E-02,0.5,0.,0.,1.;                                    0000527P0002694
510,531,1,1,533;                                                 0000529P0002695
128,1,20,1,11,0,0,1,0,0,0.,0.,0.1,0.1,0.,0.,0.,0.,0.,0.,0.,0.,   0000531P0002696
0.,0.,0.,0.,3.166955068,3.166955068,3.166955068,3.166955068,     0000531P0002697
3.166955068,3.166955068,3.166955068,3.166955068,3.166955068,     0000531P0002698
6.333910135,6.333910135,6.333910135,6.333910135,6.333910135,     0000531P0002699
6.333910135,6.333910135,6.333910135,6.333910135,6.333910135,     0000531P0002700
6.333910135,6.333910135,1.,1.,1.,1.,1.,1.,1.,1.,1.,1.,1.,1.,1.,  0000531P0002701
1.,1.,1.,1.,1.,1.,1.,1.,1.,1.,1.,1.,1.,1.,1.,1.,1.,1.,1.,1.,1.,  0000531P0002702
1.,1.,1.,1.,1.,1.,1.,1.,2.512,8.881784197E-16,5.35,2.512,        0000531P0002703
8.881784197E-16,5.45,2.512000804,-0.717424967,5.313636336,       0000531P0002704
2.512001033,-0.717425019,5.413636336,2.286670523,-1.434845362,   0000531P0002705
5.27727246,2.28667272,-1.434845539,5.37727246,1.835737552,       0000531P0002706
-2.073628257,5.24090952,1.835733371,-2.073629839,5.34090952,     0000531P0002707
1.190624774,-2.554959287,5.204545341,1.190627931,-2.554953194,   0000531P0002708
5.304545341,0.412643006,-2.814294002,5.168181461,0.412643372,    0000531P0002709
-2.814303412,5.268181461,-0.412623294,-2.814228004,5.131818385,  0000531P0002710
-0.412625663,-2.814222248,5.231818385,-1.190586488,-2.555014037, 0000531P0002711
5.095454501,-1.190584814,-2.555016037,5.195454501,-1.835851516,  0000531P0002712
-2.073600725,5.059090901,-1.835851945,-2.073600573,5.159090901,  0000531P0002713
-2.286615715,-1.434850601,5.022727243,-2.286615946,-1.434850713, 0000531P0002714
5.122727243,-2.737380408,4.318183056E-08,4.949999978,            0000531P0002715
-2.737380608,5.586815099E-08,5.049999978,-2.286615268,           0000531P0002716
1.434850547,4.877272713,-2.28661537,1.434850644,4.977272713,     0000531P0002717
-1.835849452,2.073602849,4.840909055,-1.835849291,2.073603304,   0000531P0002718
4.940909055,-1.190598819,2.555001341,4.804545455,-1.190600668,   0000531P0002719
2.554999713,4.904545455,-0.412606927,2.81426973,4.768181571,     0000531P0002720
-0.412604618,2.814275897,4.868181571,0.41264065,2.814229568,     0000531P0002721
4.731818495,0.412640344,2.814220568,4.831818495,1.190603283,     0000531P0002722
2.555003239,4.695454615,1.1906003,2.555009704,4.795454615,       0000531P0002723
1.835767754,2.073618238,4.659090436,1.835772202,2.073616957,     0000531P0002724
4.759090436,2.286656312,1.434844859,4.622727496,2.286654449,     0000531P0002725
1.434844892,4.722727496,2.512000479,0.717424969,4.58636362,      0000531P0002726
2.512000615,0.717425022,4.68636362,2.512001283,2.240126307E-09,  0000531P0002727
4.549999956,2.512001649,2.240160946E-09,4.649999956,0.,0.1,      0000531P0002728
2.771085498,6.333910135;                                         0000531P0002729
508,4,0,19,63,0,1,0,535,0,19,49,0,1,0,537,0,19,65,1,1,0,539,0,   0000533P0002730
19,66,0,1,0,541;                                                 0000533P0002731
126,1,1,1,0,1,0,2.771085498,2.771085498,6.333910135,6.333910135, 0000535P0002732
1.,1.,0.,6.333910135,0.,0.,2.771085498,0.,2.771085498,           0000535P0002733
6.333910135,0.,0.,1.;                                            0000535P0002734
126,22,4,0,0,1,0,0.,0.,0.,0.,0.,3.400000292E-02,3.400000292E-02, 0000537P0002735
3.400000292E-02,5.000000506E-02,5.000000506E-02,5.000000506E-02, 0000537P0002736
6.500000755E-02,6.500000755E-02,6.500000755E-02,0.297999958,     0000537P0002737
0.297999958,0.297999958,0.532000021,0.532000021,0.532000021,     0000537P0002738
0.76500008,0.76500008,0.76500008,1.,1.,1.,1.,1.,1.,1.,1.,1.,1.,  0000537P0002739
1.,1.,1.,1.,1.,1.,1.,1.,1.,1.,1.,1.,1.,1.,1.,1.,1.,1.,0.,        0000537P0002740
2.7710855,0.,8.500000259E-04,2.777815279,0.,1.700000035E-03,     0000537P0002741
2.784545058,0.,2.550000028E-03,2.791274837,0.,3.800000007E-03,   0000537P0002742
2.801171571,0.,4.20000001E-03,2.804338525,0.,4.600000008E-03,    0000537P0002743
2.80750548,0.,5.375000007E-03,2.813641455,0.,5.750000009E-03,    0000537P0002744
2.816610476,0.,6.125000007E-03,2.819579496,0.,1.23249977E-02,    0000537P0002745
2.868667278,0.,1.815000223E-02,2.914786097,0.,2.397500555E-02,   0000537P0002746
2.960904907,0.,3.564999726E-02,3.053340348,0.,4.15000014E-02,    0000537P0002747
3.099657102,0.,4.73500046E-02,3.145973851,0.,5.902499537E-02,    0000537P0002748
3.238409288,0.,6.484999859E-02,3.284528101,0.,7.067500258E-02,   0000537P0002749
3.330646918,0.,8.237499391E-02,3.423280288,0.,8.824999727E-02,   0000537P0002750
3.469794967,0.,9.412500217E-02,3.516309656,0.,0.1,3.562824288,   0000537P0002751
0.,0.,1.,0.,0.,1.;                                               0000537P0002752
126,1,1,1,0,1,0,3.562824288,3.562824288,6.333910135,6.333910135, 0000539P0002753
1.,1.,0.1,3.562824288,0.,0.1,6.333910135,0.,3.562824288,         0000539P0002754
6.333910135,0.,0.,1.;                                            0000539P0002755
126,1,1,1,0,1,0,0.,0.,0.1,0.1,1.,1.,0.1,6.333910135,0.,0.,       0000541P0002756
6.333910135,0.,0.,0.1,0.,0.,1.;                                  0000541P0002757
510,545,1,1,547;                                                 0000543P0002758
128,1,30,1,9,0,0,1,0,0,0.,0.,0.5,0.5,0.,0.,0.,0.,0.,0.,0.,0.,0., 0000545P0002759
0.,1.583477534,1.583477534,1.583477534,1.583477534,1.583477534,  0000545P0002760
1.583477534,1.583477534,3.166955068,3.166955068,3.166955068,     0000545P0002761
3.166955068,3.166955068,3.166955068,3.166955068,4.750432602,     0000545P0002762
4.750432602,4.750432602,4.750432602,4.750432602,4.750432602,     0000545P0002763
4.750432602,6.333910135,6.333910135,6.333910135,6.333910135,     0000545P0002764
6.333910135,6.333910135,6.333910135,6.333910135,6.333910135,     0000545P0002765
6.333910135,1.,1.,1.,1.,1.,1.,1.,1.,1.,1.,1.,1.,1.,1.,1.,1.,1.,  0000545P0002766
1.,1.,1.,1.,1.,1.,1.,1.,1.,1.,1.,1.,1.,1.,1.,1.,1.,1.,1.,1.,1.,  0000545P0002767
1.,1.,1.,1.,1.,1.,1.,1.,1.,1.,1.,1.,1.,1.,1.,1.,1.,1.,1.,1.,1.,  0000545P0002768
1.,1.,1.,2.512,8.881784197E-16,5.45,2.078987298,8.881784197E-16, 0000545P0002769
5.7,2.512000631,-0.438426401,5.427777761,2.07898828,             0000545P0002770
-0.362867793,5.677778369,2.425937971,-0.876851083,5.405555441,   0000545P0002771
2.007760346,-0.725688928,5.655559584,2.253744278,-1.295966114,   0000545P0002772
5.383333319,1.865259728,-1.072562306,5.63333384,2.000536077,     0000545P0002773
-1.676439286,5.361111146,1.65568903,-1.387461546,5.611109885,    0000545P0002774
1.676432621,-2.00054558,5.338888898,1.387446422,-1.655699284,    0000545P0002775
5.588888553,1.295960115,-2.253746495,5.316666651,1.072565211,    0000545P0002776
-1.86525036,5.566667218,0.876855402,-2.425915786,5.294444411,    0000545P0002777
0.725705176,-2.007742939,5.54444561,4.654326785E-06,             0000545P0002778
-2.598086222,5.249999958,4.727913232E-06,-2.150235332,           0000545P0002779
5.500001464,-0.876853082,-2.425916329,5.205555535,-0.725704215,  0000545P0002780
-2.007743007,5.455556278,-1.295965307,-2.253746543,5.183333326,  0000545P0002781
-1.072572226,-1.865250612,5.433333591,-1.676443353,-2.00054784,  0000545P0002782
5.161111105,-1.3874631,-1.65569705,5.411111338,-2.000551913,     0000545P0002783
-1.676438486,5.138888872,-1.655700906,-1.387458552,5.388889478,  0000545P0002784
-2.253747838,-1.295962255,5.116666641,-1.865251497,-1.072570153, 0000545P0002785
5.366667578,-2.425914725,-0.876853199,5.094444418,-2.00774125,   0000545P0002786
-0.725705609,5.344445377,-2.598081717,2.792369536E-08,           0000545P0002787
5.049999978,-2.150230817,8.587940581E-08,5.300000772,            0000545P0002788
-2.425914373,0.876853186,5.005555538,-2.007740675,0.725705668,   0000545P0002789
5.255556166,-2.253747489,1.295962132,4.983333315,-1.865250911,   0000545P0002790
1.072570036,5.233333965,-2.000552406,1.676438544,4.961111084,    0000545P0002791
-1.655701619,1.387458707,5.211112065,-1.676444263,2.000548602,   0000545P0002792
4.938888851,-1.38746445,1.65569829,5.188890205,-1.295965743,     0000545P0002793
2.253747575,4.91666663,-1.072572832,1.86525226,5.166667952,      0000545P0002794
-0.876853158,2.425916392,4.894444421,-0.725704255,2.007743134,   0000545P0002795
5.144445265,4.668988425E-06,2.598084774,4.849999998,             0000545P0002796
4.835605309E-06,2.15023308,5.100000079,0.876855326,2.425914923,  0000545P0002797
4.805555545,0.725705136,2.007741568,5.055555933,1.295961181,     0000545P0002798
2.253745841,4.783333305,1.072565377,1.865251883,5.033334325,     0000545P0002799
1.676430696,2.000550272,4.761111058,1.387447519,1.655699888,     0000545P0002800
5.01111299,2.000542499,1.676440839,4.73888881,1.655695048,       0000545P0002801
1.387470536,4.988891658,2.253744424,1.29596372,4.716666637,      0000545P0002802
1.865261563,1.072555928,4.966667703,2.425931064,0.876850837,     0000545P0002803
4.694444515,2.007749631,0.725688467,4.944441959,2.512001017,     0000545P0002804
0.438426403,4.672222195,2.078988895,0.362867715,4.922223175,     0000545P0002805
2.512001649,2.240160946E-09,4.649999956,2.078989864,             0000545P0002806
-7.858773365E-08,4.900001543,0.,0.461885543,3.562824288,         0000545P0002807
6.333910135;                                                     0000545P0002808
508,4,0,19,65,0,1,0,549,0,19,48,0,1,0,551,0,19,67,1,1,0,553,0,   0000547P0002809
19,68,0,1,0,555;                                                 0000547P0002810
126,1,1,1,0,1,0,3.562824288,3.562824288,6.333910135,6.333910135, 0000549P0002811
1.,1.,0.,6.333910135,0.,0.,3.562824288,0.,3.562824288,           0000549P0002812
6.333910135,0.,0.,1.;                                            0000549P0002813
126,21,6,1,0,1,0,7.079757945E-02,7.079757945E-02,                0000551P0002814
7.079757945E-02,7.079757945E-02,7.079757945E-02,7.079757945E-02, 0000551P0002815
7.079757945E-02,0.353033471,0.353033471,0.353033471,0.353033471, 0000551P0002816
0.353033471,0.611171207,0.611171207,0.611171207,0.611171207,     0000551P0002817
0.611171207,0.848754429,0.848754429,0.848754429,0.848754429,     0000551P0002818
0.848754429,1.,1.,1.,1.,1.,1.,1.,1.,1.,1.,1.,1.,1.,1.,1.,1.,1.,  0000551P0002819
1.,1.,1.,1.,1.,1.,1.,1.,1.,1.,1.,1.,0.,3.562824289,0.,           0000551P0002820
2.181558788E-02,3.64918577,0.,4.38021029E-02,3.736223925,0.,     0000551P0002821
6.595637167E-02,3.823926236,0.,8.828599446E-02,3.912322832,0.,   0000551P0002822
0.110801044,4.001453495,0.,0.154260853,4.173498318,0.,           0000551P0002823
0.175180925,4.256314764,0.,0.196258426,4.339754276,0.,           0000551P0002824
0.217499945,4.423842837,0.,0.238913967,4.508614076,0.,           0000551P0002825
0.280367219,4.672714196,0.,0.300384395,4.751955767,0.,           0000551P0002826
0.320550618,4.831787503,0.,0.340871616,4.912232333,0.,           0000551P0002827
0.361354663,4.993319241,0.,0.395142836,5.127078294,0.,           0000551P0002828
0.408353096,5.179374635,0.,0.421630675,5.231937609,0.,0.4349767, 0000551P0002829
5.284771608,0.,0.448392911,5.337883359,0.,0.461880703,           0000551P0002830
5.391278226,0.,7.079757945E-02,1.,0.,0.,1.;                      0000551P0002831
126,16,6,1,0,1,0,5.039656151E-06,5.039656151E-06,                0000553P0002832
5.039656151E-06,5.039656151E-06,5.039656151E-06,5.039656151E-06, 0000553P0002833
5.039656151E-06,0.121353823,0.121353823,0.121353823,0.121353823, 0000553P0002834
0.121353823,0.722675162,0.722675162,0.722675162,0.722675162,     0000553P0002835
0.722675162,1.,1.,1.,1.,1.,1.,1.,1.,1.,1.,1.,1.,1.,1.,1.,1.,1.,  0000553P0002836
1.,1.,1.,1.,1.,1.,1.,0.461880703,5.391278229,0.,0.461880657,     0000553P0002837
5.410342344,0.,0.461880615,5.429406448,0.,0.461880581,           0000553P0002838
5.448470537,0.,0.461880557,5.467534608,0.,0.461880547,           0000553P0002839
5.48659866,0.,0.461880578,5.600130947,0.,0.461881011,            0000553P0002840
5.694614509,0.,0.461881987,5.789079441,0.,0.461884218,           0000553P0002841
5.883544697,0.,0.461885543,5.978029879,0.,0.461885444,           0000553P0002842
6.11606848,0.,0.461885167,6.159637447,0.,0.461884483,6.20320645, 0000553P0002843
0.,0.461883547,6.246775195,0.,0.461882824,6.290343261,0.,        0000553P0002844
0.461883097,6.333910101,0.,5.039656151E-06,1.,0.,0.,1.;          0000553P0002845
126,1,1,1,0,1,0,0.,0.,0.461883097,0.461883097,1.,1.,0.461883097, 0000555P0002846
6.333910135,0.,0.,6.333910135,0.,0.,0.461883097,0.,0.,1.;        0000555P0002847
510,559,1,1,567;                                                 0000557P0002848
192,561,563,2.112,565;                                           0000559P0002849
116,0.,8.881784197E-16,5.,0;                                     0000561P0002850
123,0.,-2.220446049E-16,-1.;                                     0000563P0002851
123,1.,0.,0.;                                                    0000565P0002852
508,3,0,19,67,0,1,0,569,0,19,47,0,1,0,571,0,19,62,1,1,0,573;     0000567P0002853
126,16,6,1,0,1,0,5.039656151E-06,5.039656151E-06,                0000569P0002854
5.039656151E-06,5.039656151E-06,5.039656151E-06,5.039656151E-06, 0000569P0002855
5.039656151E-06,0.277329877,0.277329877,0.277329877,0.277329877, 0000569P0002856
0.277329877,0.878651216,0.878651216,0.878651216,0.878651216,     0000569P0002857
0.878651216,1.,1.,1.,1.,1.,1.,1.,1.,1.,1.,1.,1.,1.,1.,1.,1.,1.,  0000569P0002858
1.,1.,1.,1.,1.,1.,1.,360.,0.119057025,0.,357.523698065,          0000569P0002859
0.113554618,0.,355.047402841,0.10805172,0.,352.571111142,        0000569P0002860
0.10254865,0.,350.094821856,9.704560691E-02,0.,347.618535944,    0000569P0002861
9.154267441E-02,0.,339.772958407,7.410802003E-02,0.,334.4027633, 0000569P0002862
6.217460635E-02,0.,329.033596978,5.024384798E-02,0.,             0000569P0002863
323.664428337,3.83126539E-02,0.,318.294217308,2.637900989E-02,   0000569P0002864
0.,311.84135564,1.203938679E-02,0.,310.757808684,                0000569P0002865
9.631512629E-03,0.,309.674261756,7.223635697E-03,0.,             0000569P0002866
308.590715014,4.81575718E-03,0.,307.507168618,2.407878237E-03,   0000569P0002867
0.,306.423622728,-5.517085177E-16,-0.,5.039656151E-06,1.,-0.,    0000569P0002868
-0.,1.;                                                          0000569P0002869
126,1,1,1,0,1,0,0.,0.,0.935084185,0.935084185,1.,1.,             0000571P0002870
306.423622728,0.,0.,360.,0.,0.,0.,0.935084185,0.,0.,1.;          0000571P0002871
126,1,1,1,0,1,0,0.,0.,0.119057029,0.119057029,1.,1.,360.,0.,0.,  0000573P0002872
360.,0.119057029,0.,0.,0.119057029,0.,0.,1.;                     0000573P0002873
510,577,1,1,585;                                                 0000575P0002874
192,579,581,2.112,583;                                           0000577P0002875
116,0.,8.881784197E-16,5.,0;                                     0000579P0002876
123,0.,-2.220446049E-16,-1.;                                     0000581P0002877
123,1.,0.,0.;                                                    0000583P0002878
508,4,0,19,51,1,1,0,587,0,19,55,0,1,0,589,0,19,69,0,1,0,591,0,   0000585P0002879
19,70,1,1,0,593;                                                 0000585P0002880
126,1,1,1,0,1,0,3.880934246,3.880934246,4.119042701,4.119042701, 0000587P0002881
1.,1.,360.,3.880934246,0.,360.,4.119042701,0.,3.880934246,       0000587P0002882
4.119042701,0.,0.,1.;                                            0000587P0002883
126,85,7,1,0,1,0,0.,0.,0.,0.,0.,0.,0.,0.,3.997950154E-02,        0000589P0002884
3.997950154E-02,3.997950154E-02,3.997950154E-02,3.997950154E-02, 0000589P0002885
3.997950154E-02,0.131765194,0.131765194,0.131765194,0.131765194, 0000589P0002886
0.131765194,0.131765194,0.192862198,0.192862198,0.192862198,     0000589P0002887
0.192862198,0.192862198,0.192862198,0.252270092,0.252270092,     0000589P0002888
0.252270092,0.252270092,0.252270092,0.252270092,0.370258172,     0000589P0002889
0.370258172,0.370258172,0.370258172,0.370258172,0.370258172,     0000589P0002890
0.408259647,0.408259647,0.408259647,0.408259647,0.408259647,     0000589P0002891
0.408259647,0.496914837,0.496914837,0.496914837,0.496914837,     0000589P0002892
0.496914837,0.496914837,0.538916673,0.538916673,0.538916673,     0000589P0002893
0.538916673,0.538916673,0.538916673,0.619448542,0.619448542,     0000589P0002894
0.619448542,0.619448542,0.619448542,0.619448542,0.71021503,      0000589P0002895
0.71021503,0.71021503,0.71021503,0.71021503,0.71021503,          0000589P0002896
0.772160436,0.772160436,0.772160436,0.772160436,0.772160436,     0000589P0002897
0.772160436,0.867054775,0.867054775,0.867054775,0.867054775,     0000589P0002898
0.867054775,0.867054775,0.957998514,0.957998514,0.957998514,     0000589P0002899
0.957998514,0.957998514,0.957998514,1.,1.,1.,1.,1.,1.,1.,1.,1.,  0000589P0002900
1.,1.,1.,1.,1.,1.,1.,1.,1.,1.,1.,1.,1.,1.,1.,1.,1.,1.,1.,1.,1.,  0000589P0002901
1.,1.,1.,1.,1.,1.,1.,1.,1.,1.,1.,1.,1.,1.,1.,1.,1.,1.,1.,1.,1.,  0000589P0002902
1.,1.,1.,1.,1.,1.,1.,1.,1.,1.,1.,1.,1.,1.,1.,1.,1.,1.,1.,1.,1.,  0000589P0002903
1.,1.,1.,1.,1.,1.,1.,1.,1.,1.,1.,1.,1.,1.,1.,1.,1.,1.,1.,1.,1.,  0000589P0002904
1.,360.,4.119042688,0.,357.943988234,4.114474176,0.,             0000589P0002905
355.887980378,4.109905334,0.,353.83197553,4.105336329,0.,        0000589P0002906
351.775973144,4.100767283,0.,349.719973033,4.096198271,0.,       0000589P0002907
347.663975365,4.091629325,0.,340.887789339,4.076571068,0.,       0000589P0002908
336.166872641,4.066080378,0.,331.44647765,4.05559115,0.,         0000589P0002909
326.72641517,4.045102576,0.,322.006014143,4.034613006,0.,        0000589P0002910
317.285082743,4.024122167,0.,309.422877982,4.006650678,0.,       0000589P0002911
306.28078907,3.99966826,0.,303.138769855,3.992685988,0.,         0000589P0002912
299.996795191,3.985703824,0.,296.854778124,3.978721586,0.,       0000589P0002913
293.712693624,3.971739224,0.,287.515575658,3.957967982,0.,       0000589P0002914
284.460368538,3.951178715,0.,281.405220087,3.944389596,0.,       0000589P0002915
278.350108365,3.937600559,0.,275.294957944,3.93081141,0.,        0000589P0002916
272.239747469,3.924022082,0.,263.116922743,3.903749082,0.,       0000589P0002917
257.046685174,3.890259435,0.,250.978525398,3.876774146,0.,       0000589P0002918
244.911097561,3.863290373,0.,238.842942226,3.849805031,0.,       0000589P0002919
232.772711623,3.83631535,0.,224.750746059,3.818488769,0.,        0000589P0002920
222.796467955,3.814145961,0.,220.842188104,3.809803181,0.,       0000589P0002921
218.88790766,3.805460429,0.,216.933627779,3.801117706,0.,        0000589P0002922
214.979349619,3.796775012,0.,208.465865806,3.782301154,0.,       0000589P0002923
203.906048687,3.772168716,0.,199.346678777,3.762037315,0.,       0000589P0002924
194.787592547,3.751906488,0.,190.22822044,3.741774889,0.,        0000589P0002925
185.66839971,3.731642122,0.,178.949185721,3.716710536,0.,        0000589P0002926
176.789179701,3.711910485,0.,174.629170834,3.707110391,0.,       0000589P0002927
172.469161168,3.702310262,0.,170.309152735,3.697510107,0.,       0000589P0002928
168.149147553,3.692709938,0.,161.847689772,3.678706202,0.,       0000589P0002929
157.705855546,3.669501751,0.,153.564300615,3.660297923,0.,       0000589P0002930
149.422923289,3.651094551,0.,145.281369344,3.641890889,0.,       0000589P0002931
141.139536944,3.632686725,0.,132.330297865,3.613110644,0.,       0000589P0002932
127.661829385,3.602736392,0.,122.993863366,3.592363354,0.,       0000589P0002933
118.326215763,3.581991034,0.,113.658246543,3.571617921,0.,       0000589P0002934
108.989773187,3.561243564,0.,101.136355325,3.543791416,0.,       0000589P0002935
97.950629148,3.536711938,0.,94.764976448,3.529632584,0.,         0000589P0002936
91.579371053,3.522553319,0.,88.393720429,3.515473971,0.,         0000589P0002937
85.207997988,3.508394517,0.,77.142311343,3.490470789,0.,         0000589P0002938
72.261398021,3.479624509,0.,67.381114408,3.468779867,0.,         0000589P0002939
62.501229176,3.457936391,0.,57.620941885,3.44709212,0.,          0000589P0002940
52.740022837,3.436246188,0.,43.183045316,3.415008614,0.,         0000589P0002941
38.505428742,3.404613536,0.,33.828326538,3.394219047,0.,         0000589P0002942
29.151559017,3.383824529,0.,24.474479927,3.373429106,0.,         0000589P0002943
19.796898775,3.363033474,0.,12.960001498,3.347840787,0.,         0000589P0002944
10.80000082,3.343041194,0.,8.640010034,3.338241915,0.,           0000589P0002945
6.480024045,3.333442935,0.,4.320027711,3.328644116,0.,           0000589P0002946
2.160015278,3.323845162,0.,9.824254445E-06,3.319045577,0.,0.,1., 0000589P0002947
-0.,-0.,1.;                                                      0000589P0002948
126,1,1,1,0,1,0,3.080935427,3.080935427,3.319045566,3.319045566, 0000591P0002949
1.,1.,-2.37142157E-11,3.319045566,0.,-2.37142157E-11,            0000591P0002950
3.080935427,0.,3.080935427,3.319045566,0.,0.,1.;                 0000591P0002951
126,76,6,1,0,1,0,0.,0.,0.,0.,0.,0.,0.,3.392616078E-02,           0000593P0002952
3.392616078E-02,3.392616078E-02,3.392616078E-02,3.392616078E-02, 0000593P0002953
0.133470113,0.133470113,0.133470113,0.133470113,0.133470113,     0000593P0002954
0.222380598,0.222380598,0.222380598,0.222380598,0.222380598,     0000593P0002955
0.27197655,0.27197655,0.27197655,0.27197655,0.27197655,          0000593P0002956
0.375575577,0.375575577,0.375575577,0.375575577,0.375575577,     0000593P0002957
0.418625605,0.418625605,0.418625605,0.418625605,0.418625605,     0000593P0002958
0.502436437,0.502436437,0.502436437,0.502436437,0.502436437,     0000593P0002959
0.538393565,0.538393565,0.538393565,0.538393565,0.538393565,     0000593P0002960
0.626393558,0.626393558,0.626393558,0.626393558,0.626393558,     0000593P0002961
0.736220884,0.736220884,0.736220884,0.736220884,0.736220884,     0000593P0002962
0.784359562,0.784359562,0.784359562,0.784359562,0.784359562,     0000593P0002963
0.868056932,0.868056932,0.868056932,0.868056932,0.868056932,     0000593P0002964
0.95620942,0.95620942,0.95620942,0.95620942,0.95620942,          0000593P0002965
0.984569757,0.984569757,0.984569757,0.984569757,0.984569757,1.,  0000593P0002966
1.,1.,1.,1.,1.,1.,1.,1.,1.,1.,1.,1.,1.,1.,1.,1.,1.,1.,1.,1.,1.,  0000593P0002967
1.,1.,1.,1.,1.,1.,1.,1.,1.,1.,1.,1.,1.,1.,1.,1.,1.,1.,1.,1.,1.,  0000593P0002968
1.,1.,1.,1.,1.,1.,1.,1.,1.,1.,1.,1.,1.,1.,1.,1.,1.,1.,1.,1.,1.,  0000593P0002969
1.,1.,1.,1.,1.,1.,1.,1.,1.,1.,1.,1.,1.,1.,1.,1.,1.,1.,1.,1.,     0000593P0002970
7.859295651E-06,3.080935427,0.,2.035509687,3.085458492,0.,       0000593P0002971
4.071004812,3.089982025,0.,6.106495586,3.09450574,0.,            0000593P0002972
8.141983509,3.09902945,0.,10.177469235,3.103553059,0.,           0000593P0002973
18.185336466,3.121349167,0.,24.159186554,3.134624113,0.,         0000593P0002974
30.131293678,3.147893687,0.,36.103430612,3.161164295,0.,         0000593P0002975
42.077344049,3.174439278,0.,53.384107753,3.199565354,0.,         0000593P0002976
58.719357416,3.211421692,0.,64.053589774,3.223275853,0.,         0000593P0002977
69.387820656,3.235129821,0.,74.723064615,3.246985949,0.,         0000593P0002978
83.033069264,3.265452581,0.,86.008737425,3.272065144,0.,         0000593P0002979
88.984352359,3.278677575,0.,91.959968103,3.28529002,0.,          0000593P0002980
94.935638731,3.291902625,0.,104.126928517,3.312327833,0.,        0000593P0002981
110.344431245,3.326144742,0.,116.559776379,3.339957045,0.,       0000593P0002982
122.775117354,3.353769394,0.,128.992613607,3.367586295,0.,       0000593P0002983
137.791154317,3.387138576,0.,140.374062237,3.392878316,0.,       0000593P0002984
142.95694327,3.398617946,0.,145.539823928,3.404357528,0.,        0000593P0002985
148.122731465,3.410097133,0.,155.734040218,3.427010515,0.,       0000593P0002986
160.763108889,3.438185705,0.,165.791424628,3.449359216,0.,       0000593P0002987
170.819741791,3.460532856,0.,175.848814154,3.471708389,0.,       0000593P0002988
183.034573778,3.487676777,0.,185.19190916,3.492470904,0.,        0000593P0002989
187.349245964,3.49726507,0.,189.506582499,3.50205927,0.,         0000593P0002990
191.663917136,3.506853494,0.,199.101011731,3.523380942,0.,       0000593P0002991
204.381593215,3.535116092,0.,209.661211643,3.546849116,0.,       0000593P0002992
214.940828954,3.558581991,0.,220.221408001,3.57031678,0.,        0000593P0002993
232.090510423,3.596692549,0.,238.682301566,3.611340694,0.,       0000593P0002994
245.271219673,3.625982236,0.,251.860139541,3.640623969,0.,       0000593P0002995
258.451942882,3.655272384,0.,267.929480569,3.676333703,0.,       0000593P0002996
270.817712268,3.682752059,0.,273.705896415,3.689170318,0.,       0000593P0002997
276.59407962,3.695588555,0.,279.482308731,3.70200685,0.,         0000593P0002998
287.392109294,3.719584097,0.,292.414359928,3.730744467,0.,       0000593P0002999
297.435860642,3.741903017,0.,302.457363837,3.753061358,0.,       0000593P0003000
307.479621422,3.764221506,0.,317.790158983,3.787133677,0.,       0000593P0003001
323.079905494,3.79888901,0.,328.368683388,3.810642768,0.,        0000593P0003002
333.657456218,3.822397475,0.,338.947185871,3.834153661,0.,       0000593P0003003
345.937625048,3.849687955,0.,347.639166883,3.853469033,0.,       0000593P0003004
349.340709457,3.85724996,0.,351.042252338,3.861030741,0.,        0000593P0003005
352.743795957,3.864811419,0.,355.371115638,3.870649047,0.,       0000593P0003006
356.296890279,3.872706015,0.,357.222665926,3.874762992,0.,       0000593P0003007
358.148442784,3.876820002,0.,359.074220866,3.878877071,0.,360.,  0000593P0003008
3.880934235,0.,0.,1.,-0.,-0.,1.;                                 0000593P0003009
510,597,1,1,599;                                                 0000595P0003010
128,1,30,1,9,0,0,1,0,0,0.,0.,0.5,0.5,0.,0.,0.,0.,0.,0.,0.,0.,0., 0000597P0003011
0.,1.583477534,1.583477534,1.583477534,1.583477534,1.583477534,  0000597P0003012
1.583477534,1.583477534,3.166955068,3.166955068,3.166955068,     0000597P0003013
3.166955068,3.166955068,3.166955068,3.166955068,4.750432602,     0000597P0003014
4.750432602,4.750432602,4.750432602,4.750432602,4.750432602,     0000597P0003015
4.750432602,6.333910135,6.333910135,6.333910135,6.333910135,     0000597P0003016
6.333910135,6.333910135,6.333910135,6.333910135,6.333910135,     0000597P0003017
6.333910135,1.,1.,1.,1.,1.,1.,1.,1.,1.,1.,1.,1.,1.,1.,1.,1.,1.,  0000597P0003018
1.,1.,1.,1.,1.,1.,1.,1.,1.,1.,1.,1.,1.,1.,1.,1.,1.,1.,1.,1.,1.,  0000597P0003019
1.,1.,1.,1.,1.,1.,1.,1.,1.,1.,1.,1.,1.,1.,1.,1.,1.,1.,1.,1.,1.,  0000597P0003020
1.,1.,1.,2.512006597,8.96231267E-09,2.249999824,2.078997561,     0000597P0003021
-3.143482203E-07,2.500006172,2.51200723,-0.438427543,            0000597P0003022
2.227777585,2.078998488,-0.362869898,2.477784541,2.425944345,    0000597P0003023
-0.876853377,2.205555265,2.007770147,-0.725692815,2.455565756,   0000597P0003024
2.253750201,-1.295969509,2.183333143,1.865268773,-1.072567883,   0000597P0003025
2.433340012,2.000541337,-1.676443682,2.16111097,1.655696993,     0000597P0003026
-1.387468645,2.411116058,1.676437031,-2.000550828,2.138888723,   0000597P0003027
1.387453021,-1.655707667,2.388894725,1.295963527,-2.253752409,   0000597P0003028
2.116666475,1.072570224,-1.86525973,2.36667339,0.876857714,      0000597P0003029
-2.425922154,2.094444235,0.725708454,-2.00775296,2.344451782,    0000597P0003030
4.663595101E-06,-2.598093045,2.049999782,4.402790641E-06,        0000597P0003031
-2.150245946,2.300007636,-0.876855376,-2.425922703,2.005555359,  0000597P0003032
-0.725708101,-2.007752808,2.25556245,-1.295968702,-2.253752466,  0000597P0003033
1.98333315,-1.072577802,-1.865259658,2.233339763,-1.676447749,   0000597P0003034
-2.0005531,1.961110929,-1.387470199,-1.655705013,2.21111751,     0000597P0003035
-2.000557161,-1.676442896,1.938888696,-1.655709289,-1.38746515,  0000597P0003036
2.18889565,-2.253753752,-1.295965666,1.916666465,-1.865260866,   0000597P0003037
-1.072575165,2.16667375,-2.425921093,-0.876855511,1.894444242,   0000597P0003038
-2.007751271,-0.725708888,2.144451549,-2.598088541,              0000597P0003039
1.86535507E-08,1.849999802,-2.150241431,4.109991449E-07,         0000597P0003040
2.100006944,-2.425920747,0.87685548,1.805555362,-2.007750476,    0000597P0003041
0.725709554,2.055562338,-2.253753412,1.295965528,1.783333139,    0000597P0003042
-1.865259956,1.072575612,2.033340137,-2.000557666,1.67644294,    0000597P0003043
1.761110908,-1.655709582,1.387465806,2.011118237,-1.676448673,   0000597P0003044
2.000553851,1.738888675,-1.387471048,1.655706673,1.988896377,    0000597P0003045
-1.295969155,2.253753489,1.716666454,-1.072577844,1.86526163,    0000597P0003046
1.966674124,-0.876855469,2.42592276,1.694444245,-0.725707533,    0000597P0003047
2.007753154,1.944451437,4.659716475E-06,2.598091597,1.649999822, 0000597P0003048
5.160722219E-06,2.150243694,1.900006252,0.876857621,2.425921297, 0000597P0003049
1.605555369,0.725709022,2.007751369,1.855562105,1.295964576,     0000597P0003050
2.253751765,1.583333129,1.072570954,1.865260928,1.833340497,     0000597P0003051
1.676435092,2.000555532,1.561110882,1.387454619,1.655707852,     0000597P0003052
1.811119162,2.000547747,1.676445249,1.538888634,1.655703431,     0000597P0003053
1.387477134,1.78889783,2.253750338,1.295967132,1.516666461,      0000597P0003054
1.865270932,1.07256094,1.766673875,2.425937432,0.876853149,      0000597P0003055
1.494444339,2.007759652,0.725691746,1.744448131,2.512007613,     0000597P0003056
0.438427563,1.472222019,2.078999212,0.362869191,1.722229347,     0000597P0003057
2.512008247,1.120364157E-08,1.44999978,2.079000126,              0000597P0003058
-3.92934064E-07,1.700007715,0.,0.461899757,0.,6.333910135;       0000597P0003059
508,4,0,19,71,0,1,0,601,0,19,72,1,1,0,603,0,19,73,1,1,0,605,0,   0000599P0003060
19,54,0,1,0,607;                                                 0000599P0003061
126,1,1,1,0,1,0,0.,0.,6.333910135,6.333910135,1.,1.,0.,          0000601P0003062
6.333910135,0.,0.,0.,0.,0.,6.333910135,0.,0.,1.;                 0000601P0003063
126,1,1,1,0,1,0,0.,0.,0.461891743,0.461891743,1.,1.,0.,0.,0.,    0000603P0003064
0.461891743,0.,0.,0.,0.461891743,0.,0.,1.;                       0000603P0003065
126,85,7,1,0,1,0,0.,0.,0.,0.,0.,0.,0.,0.,4.200138066E-02,        0000605P0003066
4.200138066E-02,4.200138066E-02,4.200138066E-02,4.200138066E-02, 0000605P0003067
4.200138066E-02,0.132944908,0.132944908,0.132944908,0.132944908, 0000605P0003068
0.132944908,0.132944908,0.227839279,0.227839279,0.227839279,     0000605P0003069
0.227839279,0.227839279,0.227839279,0.289788616,0.289788616,     0000605P0003070
0.289788616,0.289788616,0.289788616,0.289788616,0.380595135,     0000605P0003071
0.380595135,0.380595135,0.380595135,0.380595135,0.380595135,     0000605P0003072
0.461185249,0.461185249,0.461185249,0.461185249,0.461185249,     0000605P0003073
0.461185249,0.503186979,0.503186979,0.503186979,0.503186979,     0000605P0003074
0.503186979,0.503186979,0.576994094,0.576994094,0.576994094,     0000605P0003075
0.576994094,0.576994094,0.576994094,0.629995805,0.629995805,     0000605P0003076
0.629995805,0.629995805,0.629995805,0.629995805,0.747500761,     0000605P0003077
0.747500761,0.747500761,0.747500761,0.747500761,0.747500761,     0000605P0003078
0.807135875,0.807135875,0.807135875,0.807135875,0.807135875,     0000605P0003079
0.807135875,0.868011629,0.868011629,0.868011629,0.868011629,     0000605P0003080
0.868011629,0.868011629,0.959155392,0.959155392,0.959155392,     0000605P0003081
0.959155392,0.959155392,0.959155392,1.,1.,1.,1.,1.,1.,1.,1.,1.,  0000605P0003082
1.,1.,1.,1.,1.,1.,1.,1.,1.,1.,1.,1.,1.,1.,1.,1.,1.,1.,1.,1.,1.,  0000605P0003083
1.,1.,1.,1.,1.,1.,1.,1.,1.,1.,1.,1.,1.,1.,1.,1.,1.,1.,1.,1.,1.,  0000605P0003084
1.,1.,1.,1.,1.,1.,1.,1.,1.,1.,1.,1.,1.,1.,1.,1.,1.,1.,1.,1.,1.,  0000605P0003085
1.,1.,1.,1.,1.,1.,1.,1.,1.,1.,1.,1.,1.,1.,1.,1.,1.,1.,1.,1.,1.,  0000605P0003086
1.,0.461891743,0.,0.,0.461891977,3.800202986E-02,0.,0.461893503, 0000605P0003087
7.60051905E-02,0.,0.461895342,0.114008708,0.,0.461896963,        0000605P0003088
0.1520124,0.,0.461898154,0.190016326,0.,0.461898883,0.228020437, 0000605P0003089
0.,0.461899757,0.348311964,0.,0.461898237,0.430611175,0.,        0000605P0003090
0.46189507,0.51290039,0.,0.461892169,0.595183378,0.,0.461890528, 0000605P0003091
0.67747215,0.,0.461889804,0.759770224,0.,0.461889866,            0000605P0003092
0.927916827,0.,0.461890695,1.013792799,0.,0.461891974,           0000605P0003093
1.099658196,0.,0.4618931,1.18551684,0.,0.461893765,1.2713825,0., 0000605P0003094
0.46189405,1.35725903,0.,0.46189406,1.499172729,0.,0.461893943,  0000605P0003095
1.555226739,0.,0.461893752,1.611279362,0.,0.461893546,           0000605P0003096
1.667331072,0.,0.461893385,1.723383526,0.,0.461893304,           0000605P0003097
1.779437221,0.,0.461893301,1.917651162,0.,0.461893474,           0000605P0003098
1.999825171,0.,0.461893859,2.081990375,0.,0.461894363,           0000605P0003099
2.164150107,0.,0.461894811,2.246315681,0.,0.461895041,           0000605P0003100
2.328490278,0.,0.461894996,2.48357159,0.,0.461894774,            0000605P0003101
2.556497019,0.,0.461894315,2.629417539,0.,0.461893651,           0000605P0003102
2.702334875,0.,0.461892874,2.775255236,0.,0.461892103,           0000605P0003103
2.848180408,0.,0.461891094,2.959102254,0.,0.461890776,           0000605P0003104
2.99710574,0.,0.461890503,3.035109258,0.,0.461890288,            0000605P0003105
3.073112778,0.,0.46189014,3.111116271,0.,0.461890066,            0000605P0003106
3.149119707,0.,0.46189007,3.253904066,0.,0.461890303,            0000605P0003107
3.320689397,0.,0.46189077,3.387471601,0.,0.461891433,            0000605P0003108
3.454251862,0.,0.461892214,3.521034233,0.,0.461893015,           0000605P0003109
3.587819863,0.,0.461894279,3.70255769,0.,0.461894773,            0000605P0003110
3.750514979,0.,0.461895202,3.798471694,0.,0.461895537,           0000605P0003111
3.846428039,0.,0.461895761,3.894384753,0.,0.461895868,           0000605P0003112
3.942342038,0.,0.461895861,4.096618051,0.,0.461895322,           0000605P0003113
4.202981225,0.,0.4618943,4.309308293,0.,0.461893242,4.415622333, 0000605P0003114
0.,0.461892474,4.52194893,0.,0.461892186,4.628311537,0.,         0000605P0003115
0.46189221,4.788588867,0.,0.461892294,4.842548582,0.,            0000605P0003116
0.461892441,4.896507333,0.,0.461892607,4.950465505,0.,           0000605P0003117
0.461892735,5.004424434,0.,0.461892792,5.058384473,0.,           0000605P0003118
0.461892784,5.167424217,0.,0.461892713,5.222506978,0.,           0000605P0003119
0.461892572,5.277588523,0.,0.461892385,5.332669222,0.,           0000605P0003120
0.461892201,5.387750526,0.,0.461892079,5.44283285,0.,            0000605P0003121
0.461892078,5.580380652,0.,0.46189237,5.662859822,0.,0.46189303, 0000605P0003122
5.745329727,0.,0.46189443,5.827793933,0.,0.461896138,            0000605P0003123
5.910264492,0.,0.461897088,5.992745083,0.,0.461896961,           0000605P0003124
6.112170584,0.,0.461896748,6.14912766,0.,0.461896276,            0000605P0003125
6.186084775,0.,0.461895588,6.223041789,0.,0.461894859,           0000605P0003126
6.259998503,0.,0.461894393,6.296954664,0.,0.461894625,           0000605P0003127
6.333909962,0.,0.,1.,0.,0.,1.;                                   0000605P0003128
126,1,1,1,0,1,0,0.,0.,0.46189463,0.46189463,1.,1.,0.46189463,    0000607P0003129
6.333910135,0.,0.,6.333910135,0.,0.,0.46189463,0.,0.,1.;         0000607P0003130
510,611,1,1,613;                                                 0000609P0003131
128,1,20,1,11,0,0,1,0,0,0.,0.,0.1,0.1,0.,0.,0.,0.,0.,0.,0.,0.,   0000611P0003132
0.,0.,0.,0.,3.166955068,3.166955068,3.166955068,3.166955068,     0000611P0003133
3.166955068,3.166955068,3.166955068,3.166955068,3.166955068,     0000611P0003134
6.333910135,6.333910135,6.333910135,6.333910135,6.333910135,     0000611P0003135
6.333910135,6.333910135,6.333910135,6.333910135,6.333910135,     0000611P0003136
6.333910135,6.333910135,1.,1.,1.,1.,1.,1.,1.,1.,1.,1.,1.,1.,1.,  0000611P0003137
1.,1.,1.,1.,1.,1.,1.,1.,1.,1.,1.,1.,1.,1.,1.,1.,1.,1.,1.,1.,1.,  0000611P0003138
1.,1.,1.,1.,1.,1.,1.,1.,2.512005131,8.961771769E-09,2.149999824, 0000611P0003139
2.512006597,8.96231267E-09,2.249999824,2.512005937,-0.717426423, 0000611P0003140
2.11363616,2.512007633,-0.717426894,2.21363616,2.286675199,      0000611P0003141
-1.434848285,2.077272284,2.286678731,-1.4348493,2.177272284,     0000611P0003142
1.835741309,-2.073632485,2.040909344,1.835738199,-2.073635278,   0000611P0003143
2.140909344,1.190627217,-2.554964501,2.004545165,1.190631069,    0000611P0003144
-2.5549599,2.104545165,0.412643857,-2.81429975,1.968181284,      0000611P0003145
0.412644463,-2.814310804,2.068181284,-0.412624126,-2.814233753,  0000611P0003146
1.931818209,-0.412626735,-2.814229639,2.031818209,-1.190588911,  0000611P0003147
-2.555019261,1.895454325,-1.190587932,-2.555022752,1.995454325,  0000611P0003148
-1.835855259,-2.073604967,1.859090725,-1.835856759,-2.073606025, 0000611P0003149
1.959090725,-2.286620381,-1.43485354,1.822727067,-2.286621946,   0000611P0003150
-1.43485449,1.922727067,-2.737386,3.341542332E-08,1.749999802,   0000611P0003151
-2.737387797,4.610094795E-08,1.849999802,-2.286619944,           0000611P0003152
1.43485347,1.677272537,-2.286621381,1.434854404,1.777272537,     0000611P0003153
-1.83585321,2.073607078,1.640908879,-1.83585412,2.073608743,     0000611P0003154
1.740908879,-1.190601261,2.555006556,1.604545279,-1.190603804,   0000611P0003155
2.55500642,1.704545279,-0.412607778,2.814275476,1.568181395,     0000611P0003156
-0.41260571,2.814283284,1.668181395,0.412641481,2.814235319,     0000611P0003157
1.531818319,0.412641415,2.814227962,1.631818319,1.190605708,     0000611P0003158
2.555008462,1.495454439,1.190603421,2.555016418,1.595454439,     0000611P0003159
1.835771495,2.073622479,1.45909026,1.835777015,2.073622409,      0000611P0003160
1.559090259,2.286660978,1.434847799,1.42272732,2.28666045,       0000611P0003161
1.434848669,1.52272732,2.512005607,0.717426443,1.386363444,      0000611P0003162
2.51200721,0.717426914,1.486363444,2.512006414,1.120279336E-08,  0000611P0003163
1.34999978,2.512008247,1.120364157E-08,1.44999978,0.,0.1,0.,     0000611P0003164
6.333910135;                                                     0000611P0003165
508,4,0,19,74,0,1,0,615,0,19,75,1,1,0,617,0,19,71,1,1,0,619,0,   0000613P0003166
19,57,0,1,0,621;                                                 0000613P0003167
126,1,1,1,0,1,0,0.,0.,6.333910135,6.333910135,1.,1.,0.,          0000615P0003168
6.333910135,0.,0.,0.,0.,0.,6.333910135,0.,0.,1.;                 0000615P0003169
126,1,1,1,0,1,0,0.,0.,0.1,0.1,1.,1.,0.,0.,0.,0.1,0.,0.,0.,0.1,   0000617P0003170
0.,0.,1.;                                                        0000617P0003171
126,1,1,1,0,1,0,0.,0.,6.333910135,6.333910135,1.,1.,0.1,0.,0.,   0000619P0003172
0.1,6.333910135,0.,0.,6.333910135,0.,0.,1.;                      0000619P0003173
126,1,1,1,0,1,0,0.,0.,0.1,0.1,1.,1.,0.1,6.333910135,0.,0.,       0000621P0003174
6.333910135,0.,0.,0.1,0.,0.,1.;                                  0000621P0003175
510,625,1,1,627;                                                 0000623P0003176
128,1,26,1,8,0,0,1,0,0,0.,0.,0.5,0.5,0.,0.,0.,0.,0.,0.,0.,0.,0., 0000625P0003177
1.583477534,1.583477534,1.583477534,1.583477534,1.583477534,     0000625P0003178
1.583477534,3.166955068,3.166955068,3.166955068,3.166955068,     0000625P0003179
3.166955068,3.166955068,4.750432602,4.750432602,4.750432602,     0000625P0003180
4.750432602,4.750432602,4.750432602,6.333910135,6.333910135,     0000625P0003181
6.333910135,6.333910135,6.333910135,6.333910135,6.333910135,     0000625P0003182
6.333910135,6.333910135,1.,1.,1.,1.,1.,1.,1.,1.,1.,1.,1.,1.,1.,  0000625P0003183
1.,1.,1.,1.,1.,1.,1.,1.,1.,1.,1.,1.,1.,1.,1.,1.,1.,1.,1.,1.,1.,  0000625P0003184
1.,1.,1.,1.,1.,1.,1.,1.,1.,1.,1.,1.,1.,1.,1.,1.,1.,1.,1.,1.,     0000625P0003185
2.078988764,-3.14351464E-07,1.900006172,2.512005131,             0000625P0003186
8.961771769E-09,2.149999824,2.07898886,-0.408226654,1.875006837, 0000625P0003187
2.512005685,-0.493230663,2.124999805,1.987403737,-0.816392778,   0000625P0003188
1.850011162,2.401352356,-0.986459091,2.099999682,1.8041892,      0000625P0003189
-1.200645092,1.825004438,2.179947109,-1.450722994,2.074999873,   0000625P0003190
1.536893418,-1.536918356,1.800005354,1.857015086,-1.85701871,    0000625P0003191
2.049999847,1.200638945,-1.804182491,1.77500644,1.450712199,     0000625P0003192
-2.179964006,2.024999816,0.816417441,-1.987386843,1.750007291,   0000625P0003193
0.986463626,-2.401324655,1.999999792,5.026527143E-06,            0000625P0003194
-2.170590701,1.70000771,5.166149667E-06,-2.622686948,1.94999978, 0000625P0003195
-0.816418412,-1.987387368,1.650006793,-0.986462305,-2.401325389, 0000625P0003196
1.899999806,-1.200650274,-1.804183518,1.625006249,-1.450720697,  0000625P0003197
-2.179963958,1.874999822,-1.53691534,-1.53690894,1.60000652,     0000625P0003198
-1.857027591,-1.857022203,1.849999814,-1.80418473,-1.200645643,  0000625P0003199
1.575007063,-2.17996629,-1.450716302,1.824999799,-1.987385802,   0000625P0003200
-0.816418652,1.550007125,-2.40132412,-0.986461803,1.799999797,   0000625P0003201
-2.170586893,3.767888419E-07,1.500006944,-2.622682193,           0000625P0003202
1.59389506E-08,1.749999802,-1.987385437,0.816419323,1.450006763, 0000625P0003203
-2.401323819,0.986461767,1.699999807,-1.804184249,1.200646219,   0000625P0003204
1.425006824,-2.179966048,1.450716152,1.674999805,-1.536915072,   0000625P0003205
1.536909517,1.400007368,-1.857028498,1.857022377,1.64999979,     0000625P0003206
-1.200649796,1.804184241,1.375007639,-1.450721188,2.179965046,   0000625P0003207
1.624999782,-0.816417755,1.987387706,1.350007095,-0.986462392,   0000625P0003208
2.401325592,1.599999798,5.771644864E-06,2.170590346,1.300006177, 0000625P0003209
5.168416917E-06,2.622685706,1.549999824,0.816418098,1.987386394, 0000625P0003210
1.250006597,0.986463539,2.401324062,1.499999812,1.200639564,     0000625P0003211
1.804182046,1.225007448,1.450712201,2.179963892,1.474999788,     0000625P0003212
1.536894278,1.536919439,1.200008534,1.857016249,1.857024348,     0000625P0003213
1.449999757,1.804191011,1.200643618,1.17500945,2.179952006,      0000625P0003214
1.450720003,1.424999731,1.987402027,0.816392031,1.150002726,     0000625P0003215
2.401345392,0.986458862,1.399999922,2.07898905,0.408225946,      0000625P0003216
1.125007051,2.512005859,0.493230683,1.374999799,2.078989131,     0000625P0003217
-3.929391532E-07,1.100007715,2.512006414,1.120279425E-08,        0000625P0003218
1.34999978,3.811132285E-02,0.5,0.,6.333910135;                   0000625P0003219
508,4,0,19,70,0,1,0,629,0,19,76,1,1,0,631,0,19,74,1,1,0,633,0,   0000627P0003220
19,58,0,1,0,635;                                                 0000627P0003221
126,76,6,1,0,1,0,0.,0.,0.,0.,0.,0.,0.,1.543024318E-02,           0000629P0003222
1.543024318E-02,1.543024318E-02,1.543024318E-02,1.543024318E-02, 0000629P0003223
4.379057988E-02,4.379057988E-02,4.379057988E-02,4.379057988E-02, 0000629P0003224
4.379057988E-02,0.131943068,0.131943068,0.131943068,0.131943068, 0000629P0003225
0.131943068,0.215640438,0.215640438,0.215640438,0.215640438,     0000629P0003226
0.215640438,0.263779116,0.263779116,0.263779116,0.263779116,     0000629P0003227
0.263779116,0.373606442,0.373606442,0.373606442,0.373606442,     0000629P0003228
0.373606442,0.461606435,0.461606435,0.461606435,0.461606435,     0000629P0003229
0.461606435,0.497563563,0.497563563,0.497563563,0.497563563,     0000629P0003230
0.497563563,0.581374395,0.581374395,0.581374395,0.581374395,     0000629P0003231
0.581374395,0.624424423,0.624424423,0.624424423,0.624424423,     0000629P0003232
0.624424423,0.72802345,0.72802345,0.72802345,0.72802345,         0000629P0003233
0.72802345,0.777619402,0.777619402,0.777619402,0.777619402,      0000629P0003234
0.777619402,0.866529887,0.866529887,0.866529887,0.866529887,     0000629P0003235
0.866529887,0.966073839,0.966073839,0.966073839,0.966073839,     0000629P0003236
0.966073839,1.,1.,1.,1.,1.,1.,1.,1.,1.,1.,1.,1.,1.,1.,1.,1.,1.,  0000629P0003237
1.,1.,1.,1.,1.,1.,1.,1.,1.,1.,1.,1.,1.,1.,1.,1.,1.,1.,1.,1.,1.,  0000629P0003238
1.,1.,1.,1.,1.,1.,1.,1.,1.,1.,1.,1.,1.,1.,1.,1.,1.,1.,1.,1.,1.,  0000629P0003239
1.,1.,1.,1.,1.,1.,1.,1.,1.,1.,1.,1.,1.,1.,1.,1.,1.,1.,1.,1.,1.,  0000629P0003240
1.,1.,1.,1.,3.811726794E-02,6.333910049,0.,3.811728307E-02,      0000629P0003241
6.317622267,0.,3.811711548E-02,6.301334401,0.,3.811682428E-02,   0000629P0003242
6.2850464,0.,3.811645936E-02,6.268758292,0.,3.811605866E-02,     0000629P0003243
6.252470098,0.,3.811489356E-02,6.206244479,0.,3.811411578E-02,   0000629P0003244
6.176306887,0.,3.811346085E-02,6.146369165,0.,3.811301263E-02,   0000629P0003245
6.116431402,0.,3.811279276E-02,6.086493672,0.,3.811266085E-02,   0000629P0003246
5.963500803,0.,3.811446901E-02,5.870431487,0.,3.811746534E-02,   0000629P0003247
5.777380678,0.,3.811895395E-02,5.684330177,0.,3.811955638E-02,   0000629P0003248
5.591262338,0.,3.81195093E-02,5.409857754,0.,3.811893839E-02,    0000629P0003249
5.321495254,0.,3.811818158E-02,5.233145431,0.,3.811778675E-02,   0000629P0003250
5.144795389,0.,3.811760417E-02,5.056432259,0.,3.811758125E-02,   0000629P0003251
4.917264968,0.,3.811762189E-02,4.866448714,0.,3.81177165E-02,    0000629P0003252
4.815633364,0.,3.811782496E-02,4.764818101,0.,3.811789667E-02,   0000629P0003253
4.714002095,0.,3.811792437E-02,4.547253022,0.,3.811763473E-02,   0000629P0003254
4.431276303,0.,3.811683638E-02,4.315350409,0.,3.811576502E-02,   0000629P0003255
4.199424024,0.,3.811518985E-02,4.083446627,0.,3.811520539E-02,   0000629P0003256
3.874618681,0.,3.811558895E-02,3.781710715,0.,3.811642733E-02,   0000629P0003257
3.688819647,0.,3.81175554E-02,3.595928736,0.,3.81186329E-02,     0000629P0003258
3.503021096,0.,3.811979849E-02,3.372171555,0.,3.812009506E-02,   0000629P0003259
3.33421506,0.,3.812033442E-02,3.296258556,0.,3.812050553E-02,    0000629P0003260
3.258302066,0.,3.812060198E-02,3.220345613,0.,3.81206686E-02,    0000629P0003261
3.093918384,0.,3.812030426E-02,3.005436216,0.,3.811950725E-02,   0000629P0003262
2.916967232,0.,3.81184838E-02,2.828498078,0.,3.811748535E-02,    0000629P0003263
2.740015483,0.,3.811627771E-02,2.606100197,0.,3.811592041E-02,   0000629P0003264
2.560655842,0.,3.81156392E-02,2.515211943,0.,3.811544927E-02,    0000629P0003265
2.469768037,0.,3.811535499E-02,2.424323675,0.,3.811532974E-02,   0000629P0003266
2.26951994,0.,3.811581067E-02,2.160127933,0.,3.811671532E-02,    0000629P0003267
2.050774235,0.,3.811742374E-02,1.941420937,0.,3.811770264E-02,   0000629P0003268
1.8320297,0.,3.811770066E-02,1.670317062,0.,3.811763841E-02,     0000629P0003269
1.617962707,0.,3.811751268E-02,1.565609229,0.,3.81173855E-02,    0000629P0003270
1.513255659,0.,3.811732052E-02,1.460901044,0.,3.811732109E-02,   0000629P0003271
1.314692592,0.,3.811754898E-02,1.220822594,0.,3.811807236E-02,   0000629P0003272
1.126970224,0.,3.811907728E-02,1.03311804,0.,3.811985296E-02,    0000629P0003273
0.939248636,0.,3.812000603E-02,0.740316295,0.,3.811915411E-02,   0000629P0003274
0.635211265,0.,3.811712225E-02,0.530137901,0.,3.811250849E-02,   0000629P0003275
0.425064367,0.,3.811132285E-02,0.319957436,0.,3.811345737E-02,   0000629P0003276
0.179063292,0.,3.811428834E-02,0.143250036,0.,3.811544716E-02,   0000629P0003277
0.107436877,0.,3.811673888E-02,7.162398517E-02,0.,               0000629P0003278
3.811773413E-02,3.581159428E-02,0.,3.81177691E-02,0.,0.,0.,1.,   0000629P0003279
0.,0.,1.;                                                        0000629P0003280
126,1,1,1,0,1,0,3.81177691E-02,3.81177691E-02,0.5,0.5,1.,1.,     0000631P0003281
3.81177691E-02,0.,0.,0.5,0.,0.,3.81177691E-02,0.5,0.,0.,1.;      0000631P0003282
126,1,1,1,0,1,0,0.,0.,6.333910135,6.333910135,1.,1.,0.5,0.,0.,   0000633P0003283
0.5,6.333910135,0.,0.,6.333910135,0.,0.,1.;                      0000633P0003284
126,1,1,1,0,1,0,3.811727066E-02,3.811727066E-02,0.5,0.5,1.,1.,   0000635P0003285
0.5,6.333910135,0.,3.811726794E-02,6.333910049,0.,               0000635P0003286
3.811727066E-02,0.5,0.,0.,1.;                                    0000635P0003287
510,639,1,1,647;                                                 0000637P0003288
192,641,643,2.112,645;                                           0000639P0003289
116,0.,8.881784197E-16,5.,0;                                     0000641P0003290
123,0.,-2.220446049E-16,-1.;                                     0000643P0003291
123,1.,0.,0.;                                                    0000645P0003292
508,4,0,19,77,1,1,0,649,0,19,78,0,1,0,651,0,19,60,0,1,0,653,0,   0000647P0003293
19,79,1,1,0,655;                                                 0000647P0003294
126,1,1,1,0,1,0,1.480937767,1.480937767,1.719051303,1.719051303, 0000649P0003295
1.,1.,360.,1.480937767,0.,360.,1.719051303,0.,1.480937767,       0000649P0003296
1.719051303,0.,0.,1.;                                            0000649P0003297
126,85,7,1,0,1,0,0.,0.,0.,0.,0.,0.,0.,0.,4.036489906E-02,        0000651P0003298
4.036489906E-02,4.036489906E-02,4.036489906E-02,4.036489906E-02, 0000651P0003299
4.036489906E-02,0.13256806,0.13256806,0.13256806,0.13256806,     0000651P0003300
0.13256806,0.13256806,0.191555286,0.191555286,0.191555286,       0000651P0003301
0.191555286,0.191555286,0.191555286,0.251391564,0.251391564,     0000651P0003302
0.251391564,0.251391564,0.251391564,0.251391564,0.370073199,     0000651P0003303
0.370073199,0.370073199,0.370073199,0.370073199,0.370073199,     0000651P0003304
0.419074909,0.419074909,0.419074909,0.419074909,0.419074909,     0000651P0003305
0.419074909,0.49684172,0.49684172,0.49684172,0.49684172,         0000651P0003306
0.49684172,0.49684172,0.5388435,0.5388435,0.5388435,0.5388435,   0000651P0003307
0.5388435,0.5388435,0.619417173,0.619417173,0.619417173,         0000651P0003308
0.619417173,0.619417173,0.619417173,0.710212461,0.710212461,     0000651P0003309
0.710212461,0.710212461,0.710212461,0.710212461,0.772160581,     0000651P0003310
0.772160581,0.772160581,0.772160581,0.772160581,0.772160581,     0000651P0003311
0.867054938,0.867054938,0.867054938,0.867054938,0.867054938,     0000651P0003312
0.867054938,0.95799857,0.95799857,0.95799857,0.95799857,         0000651P0003313
0.95799857,0.95799857,1.,1.,1.,1.,1.,1.,1.,1.,1.,1.,1.,1.,1.,1., 0000651P0003314
1.,1.,1.,1.,1.,1.,1.,1.,1.,1.,1.,1.,1.,1.,1.,1.,1.,1.,1.,1.,1.,  0000651P0003315
1.,1.,1.,1.,1.,1.,1.,1.,1.,1.,1.,1.,1.,1.,1.,1.,1.,1.,1.,1.,1.,  0000651P0003316
1.,1.,1.,1.,1.,1.,1.,1.,1.,1.,1.,1.,1.,1.,1.,1.,1.,1.,1.,1.,1.,  0000651P0003317
1.,1.,1.,1.,1.,1.,1.,1.,1.,1.,1.,1.,1.,1.,1.,1.,1.,360.,         0000651P0003318
1.71905129,0.,357.92416692,1.714438735,0.,355.848338231,         0000651P0003319
1.709825844,0.,353.772512645,1.705212789,0.,351.696689415,       0000651P0003320
1.700599693,0.,349.620868336,1.695986635,0.,347.545049746,       0000651P0003321
1.691373644,0.,340.727572087,1.676223638,0.,335.985164778,       0000651P0003322
1.665685202,0.,331.24329263,1.655148251,0.,326.501761542,        0000651P0003323
1.644611966,0.,321.759884634,1.634074664,0.,317.017465921,       0000651P0003324
1.623536071,0.,309.24228373,1.606257959,0.,306.208704848,        0000651P0003325
1.599516675,0.,303.175184761,1.592775513,0.,300.141702404,       0000651P0003326
1.586034443,0.,297.108184562,1.579293313,0.,294.074609889,       0000651P0003327
1.572552079,0.,287.963952346,1.558972965,0.,284.886708197,       0000651P0003328
1.552134725,0.,281.809524894,1.54529664,0.,278.732379839,        0000651P0003329
1.538458642,0.,275.655194837,1.531620532,0.,272.577947511,       0000651P0003330
1.524782238,0.,263.397412617,1.504381005,0.,257.291425184,       0000651P0003331
1.490811923,0.,251.187578726,1.477247331,0.,245.084480759,       0000651P0003332
1.463684287,0.,238.980638722,1.450119634,0.,232.874657533,       0000651P0003333
1.436550501,0.,224.251311848,1.417387517,0.,221.731300775,       0000651P0003334
1.411787544,0.,219.211312751,1.406187675,0.,216.691339295,       0000651P0003335
1.400587887,0.,214.171351091,1.39498811,0.,211.651339688,        0000651P0003336
1.389388312,0.,205.132093776,1.374901737,0.,201.132509976,       0000651P0003337
1.366014213,0.,197.13315921,1.357127203,0.,193.133956289,        0000651P0003338
1.348240458,0.,189.134604003,1.33935327,0.,185.135017573,        0000651P0003339
1.33046543,0.,178.975747871,1.316778166,0.,176.815741843,        0000651P0003340
1.311978115,0.,174.655732967,1.307178022,0.,172.495723292,       0000651P0003341
1.302377893,0.,170.33571485,1.297577738,0.,168.175709658,        0000651P0003342
1.29277757,0.,161.872096501,1.278769044,0.,157.728105932,        0000651P0003343
1.269559801,0.,153.584395379,1.260351182,0.,149.440862896,       0000651P0003344
1.25114302,0.,145.297153341,1.241934568,0.,141.153164608,        0000651P0003345
1.232725612,0.,132.340282832,1.213141435,0.,127.670325971,       0000651P0003346
1.202763875,0.,123.000872361,1.192387532,0.,118.331737669,       0000651P0003347
1.182011907,0.,113.662280851,1.171635488,0.,108.992319096,       0000651P0003348
1.161257824,0.,101.137270072,1.143802051,0.,97.951400025,        0000651P0003349
1.136722254,0.,94.765603472,1.12964258,0.,91.579854234,          0000651P0003350
1.122562995,0.,88.394059756,1.115483327,0.,85.208193445,         0000651P0003351
1.108403554,0.,77.142355461,1.090479489,0.,72.261434641,         0000651P0003352
1.079633193,0.,67.381143535,1.068788534,0.,62.501250813,         0000651P0003353
1.057945041,0.,57.620956028,1.047100754,0.,52.740029483,         0000651P0003354
1.036254805,0.,43.183043749,1.015017212,0.,38.505426453,         0000651P0003355
1.004622133,0.,33.828323528,0.994227642,0.,29.151555286,         0000651P0003356
0.983833123,0.,24.474475475,0.973437698,0.,19.796893601,         0000651P0003357
0.963042065,0.,12.959995603,0.947849376,0.,10.799994925,         0000651P0003358
0.943049783,0.,8.640004139,0.938250504,0.,6.480018151,           0000651P0003359
0.933451524,0.,4.320021816,0.928652706,0.,2.160009383,           0000651P0003360
0.923853751,0.,3.929664619E-06,0.919054166,0.,0.,1.,-0.,-0.,1.;  0000651P0003361
126,1,1,1,0,1,0,0.680938938,0.680938938,0.919054166,0.919054166, 0000653P0003362
1.,1.,-2.37142157E-11,0.919054166,0.,-2.37142157E-11,            0000653P0003363
0.680938938,0.,0.680938938,0.919054166,0.,0.,1.;                 0000653P0003364
126,71,6,1,0,1,0,0.,0.,0.,0.,0.,0.,0.,3.392612718E-02,           0000655P0003365
3.392612718E-02,3.392612718E-02,3.392612718E-02,3.392612718E-02, 0000655P0003366
0.13346878,0.13346878,0.13346878,0.13346878,0.13346878,          0000655P0003367
0.222378573,0.222378573,0.222378573,0.222378573,0.222378573,     0000655P0003368
0.271971286,0.271971286,0.271971286,0.271971286,0.271971286,     0000655P0003369
0.375501828,0.375501828,0.375501828,0.375501828,0.375501828,     0000655P0003370
0.426707647,0.426707647,0.426707647,0.426707647,0.426707647,     0000655P0003371
0.502567659,0.502567659,0.502567659,0.502567659,0.502567659,     0000655P0003372
0.537569247,0.537569247,0.537569247,0.537569247,0.537569247,     0000655P0003373
0.626569021,0.626569021,0.626569021,0.626569021,0.626569021,     0000655P0003374
0.736572631,0.736572631,0.736572631,0.736572631,0.736572631,     0000655P0003375
0.783673493,0.783673493,0.783673493,0.783673493,0.783673493,     0000655P0003376
0.868438934,0.868438934,0.868438934,0.868438934,0.868438934,     0000655P0003377
0.95576354,0.95576354,0.95576354,0.95576354,0.95576354,1.,1.,1., 0000655P0003378
1.,1.,1.,1.,1.,1.,1.,1.,1.,1.,1.,1.,1.,1.,1.,1.,1.,1.,1.,1.,1.,  0000655P0003379
1.,1.,1.,1.,1.,1.,1.,1.,1.,1.,1.,1.,1.,1.,1.,1.,1.,1.,1.,1.,1.,  0000655P0003380
1.,1.,1.,1.,1.,1.,1.,1.,1.,1.,1.,1.,1.,1.,1.,1.,1.,1.,1.,1.,1.,  0000655P0003381
1.,1.,1.,1.,1.,1.,1.,1.,1.,1.,1.,1.,1.,1.964820478E-06,          0000655P0003382
0.680938938,0.,2.035503126,0.685462001,0.,4.070997584,           0000655P0003383
0.689985532,0.,6.10648769,0.694509246,0.,8.141974947,            0000655P0003384
0.699032954,0.,10.177460005,0.703556562,0.,18.185252533,         0000655P0003385
0.721352505,0.,24.159028488,0.734627285,0.,30.131061588,         0000655P0003386
0.747896695,0.,36.1031245,0.761167138,0.,42.076963808,           0000655P0003387
0.774441957,0.,53.383615558,0.799567783,0.,58.718827279,         0000655P0003388
0.811424038,0.,64.053021729,0.823278114,0.,69.387214704,         0000655P0003389
0.835131998,0.,74.722420719,0.846988042,0.,83.032195059,         0000655P0003390
0.865454161,0.,86.007670813,0.872066298,0.,88.983093356,         0000655P0003391
0.8786783,0.,91.958516709,0.885290318,0.,94.933994929,           0000655P0003392
0.891902496,0.,104.120987516,0.912318155,0.,110.334379454,       0000655P0003393
0.926125928,0.,116.54562085,0.939929111,0.,122.756858071,        0000655P0003394
0.95373234,0.,128.970243568,0.967540107,0.,138.254006595,        0000655P0003395
0.988170659,0.,141.326272733,0.994997841,0.,144.398475436,       0000655P0003396
1.00182481,0.,147.470677953,1.008651715,0.,150.542944167,        0000655P0003397
1.015478716,0.,158.166555884,1.032419379,0.,162.718348891,       0000655P0003398
1.04253401,0.,167.269683071,1.052647647,0.,171.821018279,        0000655P0003399
1.062761402,0.,176.372814002,1.072876358,0.,183.024219445,       0000655P0003400
1.087657291,0.,185.124225645,1.092324018,0.,187.224233073,       0000655P0003401
1.096990783,0.,189.324240274,1.101657579,0.,191.424245816,       0000655P0003402
1.106324398,0.,198.863998852,1.122857747,0.,204.20461458,        0000655P0003403
1.134726311,0.,209.544211821,1.146592632,0.,214.88380789,        0000655P0003404
1.158458801,0.,220.224421075,1.170327001,0.,232.16409063,        0000655P0003405
1.196859582,0.,238.766483413,1.211531284,0.,245.365978858,       0000655P0003406
1.226196329,0.,251.965477042,1.240861572,0.,258.567878911,       0000655P0003407
1.255533543,0.,267.993734312,1.276480014,0.,270.819697653,       0000655P0003408
1.282759994,0.,273.645618205,1.289039888,0.,276.471537932,       0000655P0003409
1.295319761,0.,279.297498903,1.301599684,0.,287.209120468,       0000655P0003410
1.319180986,0.,292.295497777,1.330483862,0.,297.38107678,        0000655P0003411
1.341784808,0.,302.46665797,1.353085532,0.,307.553042808,        0000655P0003412
1.364388179,0.,317.877999187,1.387332409,0.,323.118040229,       0000655P0003413
1.39897729,0.,328.357157643,1.41062069,0.,333.59626969,          0000655P0003414
1.422265001,0.,338.836296156,1.433910732,0.,346.729592445,       0000655P0003415
1.451451419,0.,349.383683708,1.457349099,0.,352.037745235,       0000655P0003416
1.463246354,0.,354.691809788,1.469143245,0.,357.345911924,       0000655P0003417
1.475040137,0.,360.,1.480937759,0.,0.,1.,-0.,-0.,1.;             0000655P0003418
510,659,1,1,661;                                                 0000657P0003419
128,1,30,1,9,0,0,1,0,0,0.,0.,0.5,0.5,0.,0.,0.,0.,0.,0.,0.,0.,0., 0000659P0003420
0.,1.583477534,1.583477534,1.583477534,1.583477534,1.583477534,  0000659P0003421
1.583477534,1.583477534,3.166955068,3.166955068,3.166955068,     0000659P0003422
3.166955068,3.166955068,3.166955068,3.166955068,4.750432602,     0000659P0003423
4.750432602,4.750432602,4.750432602,4.750432602,4.750432602,     0000659P0003424
4.750432602,6.333910135,6.333910135,6.333910135,6.333910135,     0000659P0003425
6.333910135,6.333910135,6.333910135,6.333910135,6.333910135,     0000659P0003426
6.333910135,1.,1.,1.,1.,1.,1.,1.,1.,1.,1.,1.,1.,1.,1.,1.,1.,1.,  0000659P0003427
1.,1.,1.,1.,1.,1.,1.,1.,1.,1.,1.,1.,1.,1.,1.,1.,1.,1.,1.,1.,1.,  0000659P0003428
1.,1.,1.,1.,1.,1.,1.,1.,1.,1.,1.,1.,1.,1.,1.,1.,1.,1.,1.,1.,1.,  0000659P0003429
1.,1.,1.,2.512001649,2.240122754E-09,4.649999956,2.078989864,    0000659P0003430
-7.858777185E-08,4.900001543,2.512002281,-0.438426686,           0000659P0003431
4.627777717,2.078990832,-0.362868319,4.877779912,2.425939564,    0000659P0003432
-0.876851656,4.605555397,2.007762796,-0.7256899,4.855561127,     0000659P0003433
2.253745759,-1.295966963,4.583333275,1.865261989,-1.072563701,   0000659P0003434
4.833335383,2.000537392,-1.676440385,4.561111102,1.655691021,    0000659P0003435
-1.38746332,4.811111429,1.676433723,-2.000546892,4.538888854,    0000659P0003436
1.387448072,-1.65570138,4.788890096,1.295960968,-2.253747974,    0000659P0003437
4.516666607,1.072566464,-1.865252703,4.766668761,0.87685598,     0000659P0003438
-2.425917378,4.494444367,0.725705995,-2.007745444,4.744447153,   0000659P0003439
4.656643393E-06,-2.598087928,4.449999914,4.646631876E-06,        0000659P0003440
-2.150237986,4.700003007,-0.876853655,-2.425917922,4.405555491,  0000659P0003441
-0.725705187,-2.007745457,4.655557821,-1.295966155,-2.253748023, 0000659P0003442
4.383333282,-1.07257362,-1.865252874,4.633335134,-1.676444452,   0000659P0003443
-2.000549155,4.361111061,-1.387464874,-1.655699041,4.611112881,  0000659P0003444
-2.000553225,-1.676439589,4.338888828,-1.655703002,-1.387460202, 0000659P0003445
4.588891021,-2.253749316,-1.295963108,4.316666597,-1.865253839,  0000659P0003446
-1.072571406,4.566669121,-2.425916317,-0.876853777,4.294444374,  0000659P0003447
-2.007743756,-0.725706429,4.54444692,-2.598083423,               0000659P0003448
2.560663681E-08,4.249999934,-2.15023347,1.671600591E-07,         0000659P0003449
4.500002315,-2.425915967,0.87685376,4.205555494,-2.007743125,    0000659P0003450
0.72570664,4.455557709,-2.25374897,1.295962981,4.183333271,      0000659P0003451
-1.865253172,1.07257143,4.433335508,-2.000553721,1.676439643,    0000659P0003452
4.16111104,-1.65570361,1.387460482,4.411113608,-1.676445365,     0000659P0003453
2.000549915,4.138888807,-1.387466099,1.655700386,4.388891748,    0000659P0003454
-1.295966596,2.253749053,4.116666586,-1.072574085,1.865254603,   0000659P0003455
4.366669495,-0.876853736,2.425917984,4.094444377,-0.725705074,   0000659P0003456
2.007745639,4.344446808,4.666670897E-06,2.59808648,4.049999954,  0000659P0003457
4.916885278E-06,2.150235733,4.300001622,0.8768559,2.425916517,   0000659P0003458
4.005555501,0.725706108,2.007744019,4.255557476,1.29596203,      0000659P0003459
2.253747322,3.983333261,1.072566771,1.865254144,4.233335868,     0000659P0003460
1.676431795,2.000551587,3.961111014,1.387449294,1.655701879,     0000659P0003461
4.211114533,2.000543811,1.676441942,3.938888766,1.655697144,     0000659P0003462
1.387472185,4.188893201,2.253745902,1.295964573,3.916666593,     0000659P0003463
1.865263905,1.072557181,4.166669246,2.425932656,0.876851415,     0000659P0003464
3.894444471,2.007752136,0.725689287,4.144443502,2.512002666,     0000659P0003465
0.438426693,3.872222151,2.078991475,0.362868084,4.122224718,     0000659P0003466
2.512003299,4.48056614E-09,3.849999912,2.078992429,              0000659P0003467
-1.571750321E-07,4.100003086,0.,0.461891111,0.,6.333910135;      0000659P0003468
508,4,0,19,80,0,1,0,663,0,19,68,1,1,0,665,0,19,61,1,1,0,667,0,   0000661P0003469
19,81,0,1,0,669;                                                 0000661P0003470
126,1,1,1,0,1,0,0.,0.,6.333910135,6.333910135,1.,1.,0.,          0000663P0003471
6.333910135,0.,0.,0.,0.,0.,6.333910135,0.,0.,1.;                 0000663P0003472
126,1,1,1,0,1,0,0.,0.,0.461883097,0.461883097,1.,1.,0.,0.,0.,    0000665P0003473
0.461883097,0.,0.,0.,0.461883097,0.,0.,1.;                       0000665P0003474
126,79,7,1,0,1,0,0.,0.,0.,0.,0.,0.,0.,0.,4.200205058E-02,        0000667P0003475
4.200205058E-02,4.200205058E-02,4.200205058E-02,4.200205058E-02, 0000667P0003476
4.200205058E-02,0.132946986,0.132946986,0.132946986,0.132946986, 0000667P0003477
0.132946986,0.132946986,0.227842042,0.227842042,0.227842042,     0000667P0003478
0.227842042,0.227842042,0.227842042,0.289781302,0.289781302,     0000667P0003479
0.289781302,0.289781302,0.289781302,0.289781302,0.380479734,     0000667P0003480
0.380479734,0.380479734,0.380479734,0.380479734,0.380479734,     0000667P0003481
0.502895424,0.502895424,0.502895424,0.502895424,0.502895424,     0000667P0003482
0.502895424,0.570100671,0.570100671,0.570100671,0.570100671,     0000667P0003483
0.570100671,0.570100671,0.630103358,0.630103358,0.630103358,     0000667P0003484
0.630103358,0.630103358,0.630103358,0.747150884,0.747150884,     0000667P0003485
0.747150884,0.747150884,0.747150884,0.747150884,0.80821778,      0000667P0003486
0.80821778,0.80821778,0.80821778,0.80821778,0.80821778,          0000667P0003487
0.86809806,0.86809806,0.86809806,0.86809806,0.86809806,          0000667P0003488
0.86809806,0.959588494,0.959588494,0.959588494,0.959588494,      0000667P0003489
0.959588494,0.959588494,1.,1.,1.,1.,1.,1.,1.,1.,1.,1.,1.,1.,1.,  0000667P0003490
1.,1.,1.,1.,1.,1.,1.,1.,1.,1.,1.,1.,1.,1.,1.,1.,1.,1.,1.,1.,1.,  0000667P0003491
1.,1.,1.,1.,1.,1.,1.,1.,1.,1.,1.,1.,1.,1.,1.,1.,1.,1.,1.,1.,1.,  0000667P0003492
1.,1.,1.,1.,1.,1.,1.,1.,1.,1.,1.,1.,1.,1.,1.,1.,1.,1.,1.,1.,1.,  0000667P0003493
1.,1.,1.,1.,1.,1.,1.,1.,1.,1.,1.,1.,0.461883097,0.,0.,           0000667P0003494
0.461883331,3.800202986E-02,0.,0.461884858,7.60051905E-02,0.,    0000667P0003495
0.461886696,0.114008708,0.,0.461888317,0.1520124,0.,0.461889508, 0000667P0003496
0.190016326,0.,0.461890237,0.228020437,0.,0.461891111,           0000667P0003497
0.348311925,0.,0.461889591,0.430611097,0.,0.461886425,           0000667P0003498
0.512900273,0.,0.461883524,0.595183222,0.,0.461881883,           0000667P0003499
0.677471955,0.,0.461881159,0.75976999,0.,0.46188122,0.927915805, 0000667P0003500
0.,0.461882049,1.013791027,0.,0.461883329,1.099655674,0.,        0000667P0003501
0.461884454,1.185513568,0.,0.461885119,1.271378479,0.,           0000667P0003502
0.461885404,1.357254259,0.,0.461885414,1.499157197,0.,           0000667P0003503
0.461885298,1.555201195,0.,0.461885106,1.611243806,0.,0.4618849, 0000667P0003504
1.667285506,0.,0.461884739,1.723327948,0.,0.461884659,           0000667P0003505
1.779371632,0.,0.461884655,1.917476455,0.,0.461884828,           0000667P0003506
1.999551286,0.,0.461885212,2.081617365,0.,0.461885714,           0000667P0003507
2.163678005,0.,0.461886163,2.245744453,0.,0.461886394,           0000667P0003508
2.32781987,0.,0.461886342,2.520644486,0.,0.461885852,            0000667P0003509
2.631459349,0.,0.461884759,2.742229962,0.,0.461883337,2.8529855, 0000667P0003510
0.,0.461882064,2.963755508,0.,0.461881427,3.074569588,0.,        0000667P0003511
0.461881419,3.246136721,0.,0.461881607,3.306946079,0.,           0000667P0003512
0.461881991,3.367753483,0.,0.461882542,3.428559679,0.,           0000667P0003513
0.461883209,3.489367212,0.,0.461883922,3.550176811,0.,           0000667P0003514
0.461885233,3.665273864,0.,0.461885836,3.719565504,0.,           0000667P0003515
0.461886373,3.773856086,0.,0.461886801,3.828145988,0.,           0000667P0003516
0.461887089,3.882436581,0.,0.461887224,3.93672824,0.,            0000667P0003517
0.461887212,4.096922366,0.,0.461886675,4.202869128,0.,           0000667P0003518
0.46188566,4.3087805,0.,0.461884606,4.414679038,0.,0.461883839,  0000667P0003519
4.520589941,0.,0.461883546,4.626536136,0.,0.461883561,           0000667P0003520
4.787692498,0.,0.461883647,4.842947008,0.,0.4618838,4.89820043,  0000667P0003521
0.,0.461883971,4.953453194,0.,0.4618841,5.008706801,0.,          0000667P0003522
0.461884153,5.063961651,0.,0.46188413,5.17339445,0.,0.461884055, 0000667P0003523
5.227575497,0.,0.461883912,5.281755416,0.,0.461883729,           0000667P0003524
5.335934549,0.,0.46188355,5.390114234,0.,0.461883432,            0000667P0003525
5.444294853,0.,0.461883434,5.581253419,0.,0.461883731,           0000667P0003526
5.664045162,0.,0.461884399,5.746827466,0.,0.461885816,           0000667P0003527
5.829603968,0.,0.461887536,5.912386944,0.,0.461888469,           0000667P0003528
5.995180136,0.,0.4618883,6.114525534,0.,0.461888076,6.151090135, 0000667P0003529
0.,0.461887601,6.187654767,0.,0.46188692,6.224219296,0.,         0000667P0003530
0.461886204,6.26078353,0.,0.46188575,6.297347221,0.,0.461885979, 0000667P0003531
6.333910066,0.,0.,1.,0.,0.,1.;                                   0000667P0003532
126,1,1,1,0,1,0,0.,0.,0.461885979,0.461885979,1.,1.,0.461885979, 0000669P0003533
6.333910135,0.,0.,6.333910135,0.,0.,0.461885979,0.,0.,1.;        0000669P0003534
510,673,1,1,675;                                                 0000671P0003535
128,1,26,1,8,0,0,1,0,0,0.,0.,0.5,0.5,0.,0.,0.,0.,0.,0.,0.,0.,0., 0000673P0003536
1.583477534,1.583477534,1.583477534,1.583477534,1.583477534,     0000673P0003537
1.583477534,3.166955068,3.166955068,3.166955068,3.166955068,     0000673P0003538
3.166955068,3.166955068,4.750432602,4.750432602,4.750432602,     0000673P0003539
4.750432602,4.750432602,4.750432602,6.333910135,6.333910135,     0000673P0003540
6.333910135,6.333910135,6.333910135,6.333910135,6.333910135,     0000673P0003541
6.333910135,6.333910135,1.,1.,1.,1.,1.,1.,1.,1.,1.,1.,1.,1.,1.,  0000673P0003542
1.,1.,1.,1.,1.,1.,1.,1.,1.,1.,1.,1.,1.,1.,1.,1.,1.,1.,1.,1.,1.,  0000673P0003543
1.,1.,1.,1.,1.,1.,1.,1.,1.,1.,1.,1.,1.,1.,1.,1.,1.,1.,1.,1.,     0000673P0003544
2.078987665,-7.858797701E-08,4.300001543,2.512001283,            0000673P0003545
2.240088115E-09,4.549999956,2.078987807,-0.408226202,            0000673P0003546
4.275002208,2.512001836,-0.493229914,4.524999937,1.987402778,    0000673P0003547
-0.816392121,4.250006533,2.401348675,-0.986457586,4.499999814,   0000673P0003548
1.804188382,-1.200644252,4.224999809,2.179943765,-1.450720778,   0000673P0003549
4.475000005,1.53689278,-1.536917369,4.200000724,1.857012236,     0000673P0003550
-1.85701587,4.449999979,1.200638514,-1.8041814,4.17500181,       0000673P0003551
1.450709971,-2.17996067,4.424999948,0.816417235,-1.987385699,    0000673P0003552
4.150002662,0.986462108,-2.401320979,4.399999924,                0000673P0003553
5.272679133E-06,-2.170589553,4.100003081,5.159133489E-06,        0000673P0003554
-2.62268293,4.349999912,-0.816417755,-1.987386409,4.050002163,   0000673P0003555
-0.9864608,-2.401321707,4.299999938,-1.200649435,-1.8041827,     0000673P0003556
4.025001619,-1.45071848,-2.179960614,4.274999954,-1.536914353,   0000673P0003557
-1.536908301,4.00000189,-1.857024751,-1.857019353,4.249999946,   0000673P0003558
-1.80418364,-1.200645213,3.975002434,-2.179962955,-1.450714074,  0000673P0003559
4.224999931,-1.987384659,-0.816418445,3.950002496,-2.401320443,  0000673P0003560
-0.986460285,4.199999929,-2.170585745,1.306375328E-07,           0000673P0003561
3.900002315,-2.622678175,2.295721568E-08,4.149999934,            0000673P0003562
-1.987384478,0.816418666,3.850002133,-2.401320137,0.986460262,   0000673P0003563
4.099999939,-1.804183431,1.20064538,3.825002195,-2.179962704,    0000673P0003564
1.450713935,4.074999937,-1.536914434,1.536908529,3.800002739,    0000673P0003565
-1.857025648,1.857019537,4.049999922,-1.200649366,1.80418315,    0000673P0003566
3.77500301,-1.450718959,2.17996171,4.024999914,-0.816417549,     0000673P0003567
1.987386562,3.750002466,-0.986460875,2.401321915,3.99999993,     0000673P0003568
5.525494063E-06,2.170589198,3.700001548,5.175437222E-06,         0000673P0003569
2.622681688,3.949999956,0.816417441,1.987385435,3.650001967,     0000673P0003570
0.986462034,2.401320381,3.899999944,1.200638725,1.804181228,     0000673P0003571
3.625002819,1.450709985,2.179960549,3.87499992,1.536893291,      0000673P0003572
1.536918801,3.600003905,1.857013409,1.857021498,3.849999889,     0000673P0003573
1.804189921,1.200643188,3.575004821,2.179948671,1.450717774,     0000673P0003574
3.824999863,1.987400883,0.816391825,3.549998097,2.401341716,     0000673P0003575
0.986457344,3.800000054,2.078987904,0.408225966,3.525002422,     0000673P0003576
2.512002012,0.493229921,3.774999931,2.078988031,                 0000673P0003577
-1.571758537E-07,3.500003086,2.512002566,4.480429361E-09,        0000673P0003578
3.749999912,3.811283451E-02,0.5,0.,6.333910135;                  0000673P0003579
508,4,0,19,79,0,1,0,677,0,19,64,1,1,0,679,0,19,82,1,1,0,681,0,   0000675P0003580
19,83,0,1,0,683;                                                 0000675P0003581
126,71,6,1,0,1,0,0.,0.,0.,0.,0.,0.,0.,4.423646008E-02,           0000677P0003582
4.423646008E-02,4.423646008E-02,4.423646008E-02,4.423646008E-02, 0000677P0003583
0.131561066,0.131561066,0.131561066,0.131561066,0.131561066,     0000677P0003584
0.216326507,0.216326507,0.216326507,0.216326507,0.216326507,     0000677P0003585
0.263427369,0.263427369,0.263427369,0.263427369,0.263427369,     0000677P0003586
0.373430979,0.373430979,0.373430979,0.373430979,0.373430979,     0000677P0003587
0.462430753,0.462430753,0.462430753,0.462430753,0.462430753,     0000677P0003588
0.497432341,0.497432341,0.497432341,0.497432341,0.497432341,     0000677P0003589
0.573292353,0.573292353,0.573292353,0.573292353,0.573292353,     0000677P0003590
0.624498172,0.624498172,0.624498172,0.624498172,0.624498172,     0000677P0003591
0.728028714,0.728028714,0.728028714,0.728028714,0.728028714,     0000677P0003592
0.777621427,0.777621427,0.777621427,0.777621427,0.777621427,     0000677P0003593
0.86653122,0.86653122,0.86653122,0.86653122,0.86653122,          0000677P0003594
0.966073873,0.966073873,0.966073873,0.966073873,0.966073873,1.,  0000677P0003595
1.,1.,1.,1.,1.,1.,1.,1.,1.,1.,1.,1.,1.,1.,1.,1.,1.,1.,1.,1.,1.,  0000677P0003596
1.,1.,1.,1.,1.,1.,1.,1.,1.,1.,1.,1.,1.,1.,1.,1.,1.,1.,1.,1.,1.,  0000677P0003597
1.,1.,1.,1.,1.,1.,1.,1.,1.,1.,1.,1.,1.,1.,1.,1.,1.,1.,1.,1.,1.,  0000677P0003598
1.,1.,1.,1.,1.,1.,1.,1.,1.,1.,1.,1.,1.,1.,1.,3.811877688E-02,    0000677P0003599
6.333910066,0.,3.811882808E-02,6.287215367,0.,3.811735584E-02,   0000677P0003600
6.240518864,0.,3.81158317E-02,6.193822236,0.,3.811479969E-02,    0000677P0003601
6.147125374,0.,3.811429619E-02,6.100427993,0.,3.811421822E-02,   0000677P0003602
5.961549878,0.,3.811602611E-02,5.869355088,0.,3.811896073E-02,   0000677P0003603
5.777178004,0.,3.812044531E-02,5.685001219,0.,3.812105524E-02,   0000677P0003604
5.592807901,0.,3.812103383E-02,5.41114965,0.,3.812045456E-02,    0000677P0003605
5.321658891,0.,3.811968021E-02,5.232181654,0.,3.81192868E-02,    0000677P0003606
5.14270419,0.,3.811910874E-02,5.053212796,0.,3.811909629E-02,    0000677P0003607
4.914013481,0.,3.811913808E-02,4.864292793,0.,3.811923047E-02,   0000677P0003608
4.814572923,0.,3.811933565E-02,4.764853138,0.,3.811940599E-02,   0000677P0003609
4.71513269,0.,3.811944059E-02,4.549292915,0.,3.811915744E-02,    0000677P0003610
4.433129722,0.,3.811836229E-02,4.317017716,0.,3.811728709E-02,   0000677P0003611
4.200905238,0.,3.811670614E-02,4.084741317,0.,3.811671326E-02,   0000677P0003612
3.874671799,0.,3.811710106E-02,3.780707575,0.,3.811795608E-02,   0000677P0003613
3.686761222,0.,3.811910505E-02,3.592815033,0.,3.81201935E-02,    0000677P0003614
3.498851146,0.,3.812134264E-02,3.367954842,0.,3.812162637E-02,   0000677P0003615
3.331007007,0.,3.812185524E-02,3.294059166,0.,3.81220192E-02,    0000677P0003616
3.257111337,0.,3.812211241E-02,3.220163541,0.,3.812217832E-02,   0000677P0003617
3.103137812,0.,3.812188721E-02,3.023052912,0.,3.812124106E-02,   0000677P0003618
2.942976039,0.,3.812038069E-02,2.862899041,0.,3.811947975E-02,   0000677P0003619
2.782813811,0.,3.811814939E-02,2.648682153,0.,3.811766123E-02,   0000677P0003620
2.594627912,0.,3.811726646E-02,2.540574755,0.,3.811699767E-02,   0000677P0003621
2.486521584,0.,3.811686709E-02,2.432467317,0.,3.811684312E-02,   0000677P0003622
2.269126461,0.,3.811732489E-02,2.15980678,0.,3.811822867E-02,    0000677P0003623
2.050525285,0.,3.811893592E-02,1.941244189,0.,3.811921438E-02,   0000677P0003624
1.831925277,0.,3.81192123E-02,1.670288245,0.,3.811915003E-02,    0000677P0003625
1.617937275,0.,3.811902431E-02,1.565587182,0.,3.811889715E-02,   0000677P0003626
1.513236996,0.,3.811883218E-02,1.460885766,0.,3.811883279E-02,   0000677P0003627
1.314681366,0.,3.811906071E-02,1.220812037,0.,3.811958412E-02,   0000677P0003628
1.126960333,0.,3.812058905E-02,1.033108817,0.,3.81213647E-02,    0000677P0003629
0.93924008,0.,3.812151766E-02,0.740309709,0.,3.812066568E-02,    0000677P0003630
0.635205983,0.,3.811863375E-02,0.530133922,0.,3.81140201E-02,    0000677P0003631
0.42506169,0.,3.811283451E-02,0.319956062,0.,3.811496903E-02,    0000677P0003632
0.179063233,0.,3.81158E-02,0.143249989,0.,3.811695882E-02,       0000677P0003633
0.107436842,0.,3.811825055E-02,7.16239617E-02,0.,3.81192458E-02, 0000677P0003634
3.581158254E-02,0.,3.811928077E-02,0.,0.,0.,1.,0.,0.,1.;         0000677P0003635
126,1,1,1,0,1,0,3.811928077E-02,3.811928077E-02,0.5,0.5,1.,1.,   0000679P0003636
3.811928077E-02,0.,0.,0.5,0.,0.,3.811928077E-02,0.5,0.,0.,1.;    0000679P0003637
126,1,1,1,0,1,0,0.,0.,6.333910135,6.333910135,1.,1.,0.5,0.,0.,   0000681P0003638
0.5,6.333910135,0.,0.,6.333910135,0.,0.,1.;                      0000681P0003639
126,1,1,1,0,1,0,3.811877688E-02,3.811877688E-02,0.5,0.5,1.,1.,   0000683P0003640
0.5,6.333910135,0.,3.811877688E-02,6.333910135,0.,               0000683P0003641
3.811877688E-02,0.5,0.,0.,1.;                                    0000683P0003642
510,687,1,1,689;                                                 0000685P0003643
128,1,20,1,11,0,0,1,0,0,0.,0.,0.1,0.1,0.,0.,0.,0.,0.,0.,0.,0.,   0000687P0003644
0.,0.,0.,0.,3.166955068,3.166955068,3.166955068,3.166955068,     0000687P0003645
3.166955068,3.166955068,3.166955068,3.166955068,3.166955068,     0000687P0003646
6.333910135,6.333910135,6.333910135,6.333910135,6.333910135,     0000687P0003647
6.333910135,6.333910135,6.333910135,6.333910135,6.333910135,     0000687P0003648
6.333910135,6.333910135,1.,1.,1.,1.,1.,1.,1.,1.,1.,1.,1.,1.,1.,  0000687P0003649
1.,1.,1.,1.,1.,1.,1.,1.,1.,1.,1.,1.,1.,1.,1.,1.,1.,1.,1.,1.,1.,  0000687P0003650
1.,1.,1.,1.,1.,1.,1.,1.,2.512001283,2.240088115E-09,4.549999956, 0000687P0003651
2.512001649,2.240123642E-09,4.649999956,2.512002087,             0000687P0003652
-0.717425331,4.513636292,2.512002683,-0.717425488,4.613636292,   0000687P0003653
2.286671692,-1.434846093,4.477272416,2.286674223,-1.434846479,   0000687P0003654
4.577272416,1.835738491,-2.073629314,4.440909476,1.835734578,    0000687P0003655
-2.073631199,4.540909476,1.190625385,-2.55496059,4.404545297,    0000687P0003656
1.190628715,-2.554954871,4.504545297,0.412643219,-2.814295439,   0000687P0003657
4.368181417,0.412643645,-2.81430526,4.468181417,-0.412623502,    0000687P0003658
-2.814229441,4.331818341,-0.412625931,-2.814224096,4.431818341,  0000687P0003659
-1.190587094,-2.555015343,4.295454457,-1.190585593,-2.555017716, 0000687P0003660
4.395454457,-1.835852452,-2.073601786,4.259090857,-1.835853149,  0000687P0003661
-2.073601936,4.359090857,-2.286616882,-1.434851336,4.222727199,  0000687P0003662
-2.286617446,-1.434851658,4.322727199,-2.737381806,              0000687P0003663
4.074066062E-08,4.149999934,-2.737382405,5.342696419E-08,        0000687P0003664
4.249999934,-2.286616437,1.434851278,4.077272669,-2.286616873,   0000687P0003665
1.434851584,4.177272669,-1.835850392,2.073603906,4.040909011,    0000687P0003666
-1.835850499,2.073604663,4.140909011,-1.19059943,2.555002644,    0000687P0003667
4.004545411,-1.190601452,2.55500139,4.104545411,-0.412607139,    0000687P0003668
2.814271167,3.968181527,-0.412604891,2.814277744,4.068181527,    0000687P0003669
0.412640858,2.814231006,3.931818451,0.412640611,2.814222417,     0000687P0003670
4.031818451,1.190603889,2.555004545,3.895454571,1.19060108,      0000687P0003671
2.555011383,3.995454571,1.835768689,2.073619298,3.859090392,     0000687P0003672
1.835773405,2.07361832,3.959090392,2.286657479,1.434845594,      0000687P0003673
3.822727452,2.286655949,1.434845836,3.922727452,2.512001761,     0000687P0003674
0.717425338,3.786363576,2.512002264,0.717425495,3.886363576,     0000687P0003675
2.512002566,4.480428473E-09,3.749999912,2.512003299,             0000687P0003676
4.480565252E-09,3.849999912,0.,0.1,0.,6.333910135;               0000687P0003677
508,4,0,19,82,0,1,0,691,0,19,66,1,1,0,693,0,19,80,1,1,0,695,0,   0000689P0003678
19,84,0,1,0,697;                                                 0000689P0003679
126,1,1,1,0,1,0,0.,0.,6.333910135,6.333910135,1.,1.,0.,          0000691P0003680
6.333910135,0.,0.,0.,0.,0.,6.333910135,0.,0.,1.;                 0000691P0003681
126,1,1,1,0,1,0,0.,0.,0.1,0.1,1.,1.,0.,0.,0.,0.1,0.,0.,0.,0.1,   0000693P0003682
0.,0.,1.;                                                        0000693P0003683
126,1,1,1,0,1,0,0.,0.,6.333910135,6.333910135,1.,1.,0.1,0.,0.,   0000695P0003684
0.1,6.333910135,0.,0.,6.333910135,0.,0.,1.;                      0000695P0003685
126,1,1,1,0,1,0,0.,0.,0.1,0.1,1.,1.,0.1,6.333910135,0.,0.,       0000697P0003686
6.333910135,0.,0.,0.1,0.,0.,1.;                                  0000697P0003687
510,701,1,1,709;                                                 0000699P0003688
192,703,705,2.112,707;                                           0000701P0003689
116,0.,8.881784197E-16,5.,0;                                     0000703P0003690
123,0.,-2.220446049E-16,-1.;                                     0000705P0003691
123,1.,0.,0.;                                                    0000707P0003692
508,4,0,19,69,1,1,0,711,0,19,73,0,1,0,713,0,19,85,0,1,0,715,0,   0000709P0003693
19,86,1,1,0,717;                                                 0000709P0003694
126,1,1,1,0,1,0,3.080935427,3.080935427,3.319045566,3.319045566, 0000711P0003695
1.,1.,360.,3.080935427,0.,360.,3.319045566,0.,3.080935427,       0000711P0003696
3.319045566,0.,0.,1.;                                            0000711P0003697
126,85,7,1,0,1,0,0.,0.,0.,0.,0.,0.,0.,0.,4.084460781E-02,        0000713P0003698
4.084460781E-02,4.084460781E-02,4.084460781E-02,4.084460781E-02, 0000713P0003699
4.084460781E-02,0.131988371,0.131988371,0.131988371,0.131988371, 0000713P0003700
0.131988371,0.131988371,0.192864125,0.192864125,0.192864125,     0000713P0003701
0.192864125,0.192864125,0.192864125,0.252499239,0.252499239,     0000713P0003702
0.252499239,0.252499239,0.252499239,0.252499239,0.370004195,     0000713P0003703
0.370004195,0.370004195,0.370004195,0.370004195,0.370004195,     0000713P0003704
0.423005906,0.423005906,0.423005906,0.423005906,0.423005906,     0000713P0003705
0.423005906,0.496813021,0.496813021,0.496813021,0.496813021,     0000713P0003706
0.496813021,0.496813021,0.538814751,0.538814751,0.538814751,     0000713P0003707
0.538814751,0.538814751,0.538814751,0.619404865,0.619404865,     0000713P0003708
0.619404865,0.619404865,0.619404865,0.619404865,0.710211384,     0000713P0003709
0.710211384,0.710211384,0.710211384,0.710211384,0.710211384,     0000713P0003710
0.772160721,0.772160721,0.772160721,0.772160721,0.772160721,     0000713P0003711
0.772160721,0.867055092,0.867055092,0.867055092,0.867055092,     0000713P0003712
0.867055092,0.867055092,0.957998619,0.957998619,0.957998619,     0000713P0003713
0.957998619,0.957998619,0.957998619,1.,1.,1.,1.,1.,1.,1.,1.,1.,  0000713P0003714
1.,1.,1.,1.,1.,1.,1.,1.,1.,1.,1.,1.,1.,1.,1.,1.,1.,1.,1.,1.,1.,  0000713P0003715
1.,1.,1.,1.,1.,1.,1.,1.,1.,1.,1.,1.,1.,1.,1.,1.,1.,1.,1.,1.,1.,  0000713P0003716
1.,1.,1.,1.,1.,1.,1.,1.,1.,1.,1.,1.,1.,1.,1.,1.,1.,1.,1.,1.,1.,  0000713P0003717
1.,1.,1.,1.,1.,1.,1.,1.,1.,1.,1.,1.,1.,1.,1.,1.,1.,1.,1.,1.,1.,  0000713P0003718
1.,360.,3.319045555,0.,357.899492403,3.314378173,0.,             0000713P0003719
355.798989266,3.309710447,0.,353.698489141,3.305042554,0.,       0000713P0003720
351.597991248,3.300374622,0.,349.49749547,3.295706731,0.,        0000713P0003721
347.397002358,3.29103891,0.,340.609321769,3.275955132,0.,        0000713P0003722
335.921428972,3.265537843,0.,331.23404008,3.255121955,0.,        0000713P0003723
326.546972449,3.244706692,0.,321.859577954,3.234290465,0.,       0000713P0003724
317.171671422,3.223873011,0.,309.353836877,3.206500121,0.,       0000713P0003725
306.223119679,3.199542973,0.,303.092470962,3.192585969,0.,       0000713P0003726
299.96186602,3.185629071,0.,296.831219426,3.178672101,0.,        0000713P0003727
293.700506595,3.171715009,0.,287.503065754,3.15794305,0.,        0000713P0003728
284.436164125,3.151127795,0.,281.369322276,3.144312692,0.,       0000713P0003729
278.302517887,3.137497671,0.,275.235674102,3.130682537,0.,       0000713P0003730
272.168769121,3.123867221,0.,263.05908083,3.103623409,0.,        0000713P0003731
257.013724654,3.090189053,0.,250.970402255,3.07675896,0.,        0000713P0003732
244.927800473,3.06333036,0.,238.884482525,3.049900215,0.,        0000713P0003733
232.839132514,3.036465823,0.,224.070583262,3.016980163,0.,       0000713P0003734
221.344848761,3.010923035,0.,218.619148169,3.004866044,0.,       0000713P0003735
215.893469019,2.998809158,0.,213.167768165,2.992752271,0.,       0000713P0003736
210.44203318,2.986695342,0.,203.920706447,2.972204163,0.,        0000713P0003737
200.124823305,2.963769283,0.,196.329119795,2.955334787,0.,       0000713P0003738
192.533530253,2.946900481,0.,188.737825435,2.938465817,0.,       0000713P0003739
184.941939996,2.930030633,0.,178.98629879,2.916795877,0.,        0000713P0003740
176.826292759,2.911995827,0.,174.66628388,2.907195734,0.,        0000713P0003741
172.506274201,2.902395605,0.,170.346265755,2.897595451,0.,       0000713P0003742
168.186260559,2.892795282,0.,161.881796983,2.878784867,0.,       0000713P0003743
157.73695561,2.869573733,0.,153.59239454,2.860363223,0.,         0000713P0003744
149.448011723,2.851153172,0.,145.303451656,2.84194283,0.,        0000713P0003745
141.158612124,2.832731982,0.,132.344296864,2.81314462,0.,        0000713P0003746
127.673756524,2.802765764,0.,123.003719745,2.792388124,0.,       0000713P0003747
118.33400208,2.782011204,0.,113.66396209,2.771633489,0.,         0000713P0003748
108.993416849,2.761254529,0.,101.137718442,2.743797313,0.,       0000713P0003749
97.951782064,2.736717368,0.,94.765919186,2.729637546,0.,         0000713P0003750
91.580103627,2.722557814,0.,88.394242824,2.715477999,0.,         0000713P0003751
85.20831018,2.708398078,0.,77.142399425,2.690473852,0.,          0000713P0003752
72.261472151,2.679627542,0.,67.381174595,2.668782868,0.,         0000713P0003753
62.501275425,2.657939361,0.,57.62097419,2.64709506,0.,           0000713P0003754
52.74004119,2.636249096,0.,43.183048817,2.615011489,0.,          0000713P0003755
38.505431332,2.604616409,0.,33.828328217,2.594221918,0.,         0000713P0003756
29.151559785,2.583827399,0.,24.474479785,2.573431973,0.,         0000713P0003757
19.796897721,2.563036339,0.,12.959999533,2.54784365,0.,          0000713P0003758
10.799998855,2.543044057,0.,8.640008069,2.538244778,0.,          0000713P0003759
6.48002208,2.533445798,0.,4.320025746,2.52864698,0.,2.160013313, 0000713P0003760
2.523848025,0.,7.859352952E-06,2.51904844,0.,0.,1.,-0.,-0.,1.;   0000713P0003761
126,1,1,1,0,1,0,2.280936597,2.280936597,2.51904844,2.51904844,   0000715P0003762
1.,1.,-2.37142157E-11,2.51904844,0.,-2.37142157E-11,2.280936597, 0000715P0003763
0.,2.280936597,2.51904844,0.,0.,1.;                              0000715P0003764
126,79,7,1,0,1,0,0.,0.,0.,0.,0.,0.,0.,0.,3.392680356E-02,        0000717P0003765
3.392680356E-02,3.392680356E-02,3.392680356E-02,3.392680356E-02, 0000717P0003766
3.392680356E-02,0.133472237,0.133472237,0.133472237,0.133472237, 0000717P0003767
0.133472237,0.133472237,0.222384202,0.222384202,0.222384202,     0000717P0003768
0.222384202,0.222384202,0.222384202,0.271980019,0.271980019,     0000717P0003769
0.271980019,0.271980019,0.271980019,0.271980019,0.375558446,     0000717P0003770
0.375558446,0.375558446,0.375558446,0.375558446,0.375558446,     0000717P0003771
0.501934236,0.501934236,0.501934236,0.501934236,0.501934236,     0000717P0003772
0.501934236,0.538500716,0.538500716,0.538500716,0.538500716,     0000717P0003773
0.538500716,0.538500716,0.626502419,0.626502419,0.626502419,     0000717P0003774
0.626502419,0.626502419,0.626502419,0.735947594,0.735947594,     0000717P0003775
0.735947594,0.735947594,0.735947594,0.735947594,0.78461911,      0000717P0003776
0.78461911,0.78461911,0.78461911,0.78461911,0.78461911,          0000717P0003777
0.868514945,0.868514945,0.868514945,0.868514945,0.868514945,     0000717P0003778
0.868514945,0.957247108,0.957247108,0.957247108,0.957247108,     0000717P0003779
0.957247108,0.957247108,1.,1.,1.,1.,1.,1.,1.,1.,1.,1.,1.,1.,1.,  0000717P0003780
1.,1.,1.,1.,1.,1.,1.,1.,1.,1.,1.,1.,1.,1.,1.,1.,1.,1.,1.,1.,1.,  0000717P0003781
1.,1.,1.,1.,1.,1.,1.,1.,1.,1.,1.,1.,1.,1.,1.,1.,1.,1.,1.,1.,1.,  0000717P0003782
1.,1.,1.,1.,1.,1.,1.,1.,1.,1.,1.,1.,1.,1.,1.,1.,1.,1.,1.,1.,1.,  0000717P0003783
1.,1.,1.,1.,1.,1.,1.,1.,1.,1.,1.,1.,5.89445151E-06,2.280936597,  0000717P0003784
0.,1.744721562,2.284813509,0.,3.489432442,2.288690756,0.,        0000717P0003785
5.234139877,2.292568174,0.,6.978844848,2.296445641,0.,           0000717P0003786
8.72354797,2.300323078,0.,10.468249493,2.304200443,0.,           0000717P0003787
17.332114102,2.319454202,0.,22.45232615,2.330832344,0.,          0000717P0003788
27.571751692,2.342207751,0.,32.69069203,2.353582068,0.,          0000717P0003789
37.810152707,2.364958077,0.,42.930408267,2.376336146,0.,         0000717P0003790
52.621887653,2.39787271,0.,57.194825304,2.408034953,0.,          0000717P0003791
61.76730417,2.41819626,0.,66.339491748,2.428356862,0.,           0000717P0003792
70.911968141,2.438517998,0.,75.484900595,2.448680088,0.,         0000717P0003793
82.607695201,2.464508482,0.,85.158205537,2.470176257,0.,         0000717P0003794
87.708692264,2.475843969,0.,90.259164132,2.48151165,0.,          0000717P0003795
92.809652026,2.487179382,0.,95.360164729,2.492847197,0.,         0000717P0003796
103.237196704,2.510351815,0.,108.56505997,2.522191691,0.,        0000717P0003797
113.891953902,2.534029543,0.,119.21823026,2.5458661,0.,          0000717P0003798
124.545119966,2.557703977,0.,129.872977497,2.569543831,0.,       0000717P0003799
141.698427992,2.595822567,0.,148.20090003,2.610272198,0.,        0000717P0003800
154.700411898,2.624714909,0.,161.198984428,2.639155358,0.,       0000717P0003801
167.698501635,2.653598072,0.,174.200984334,2.66804772,0.,        0000717P0003802
182.580337265,2.686668533,0.,184.460781787,2.690847333,0.,       0000717P0003803
186.341227779,2.695026164,0.,188.221674037,2.699205021,0.,       0000717P0003804
190.10211949,2.7033839,0.,191.982563204,2.707562795,0.,          0000717P0003805
198.388515852,2.721798738,0.,202.914611654,2.731857162,0.,       0000717P0003806
207.440274005,2.741914647,0.,211.965660723,2.75197146,0.,        0000717P0003807
216.491321748,2.762028755,0.,221.01741545,2.77208686,0.,         0000717P0003808
231.171169793,2.794650744,0.,236.801135738,2.807161579,0.,       0000717P0003809
242.429831786,2.81966943,0.,248.05772187,2.832175507,0.,         0000717P0003810
253.686422135,2.844683541,0.,259.316395846,2.857194578,0.,       0000717P0003811
267.447592497,2.875264008,0.,269.950569619,2.88082623,0.,        0000717P0003812
272.453524126,2.886388412,0.,274.956463828,2.891950554,0.,       0000717P0003813
277.459416898,2.897512704,0.,279.962391534,2.903074871,0.,       0000717P0003814
286.779698487,2.918224364,0.,291.094522607,2.927812717,0.,       0000717P0003815
295.409005435,2.937400206,0.,299.723272617,2.946987079,0.,       0000717P0003816
304.037758991,2.956574386,0.,308.352589503,2.96616259,0.,        0000717P0003817
317.230040185,2.98589016,0.,321.793732291,2.996031948,0.,        0000717P0003818
326.356975272,3.006173133,0.,330.919930079,3.016314264,0.,       0000717P0003819
335.48316513,3.026456227,0.,340.046842946,3.036598576,0.,        0000717P0003820
346.808481943,3.051624332,0.,349.007071483,3.056509839,0.,       0000717P0003821
351.205649902,3.061395088,0.,353.404222714,3.066280089,0.,       0000717P0003822
355.602806399,3.071164959,0.,357.801407214,3.076049939,0.,360.,  0000717P0003823
3.08093541,0.,0.,1.,-0.,-0.,1.;                                  0000717P0003824
510,721,1,1,723;                                                 0000719P0003825
128,1,30,1,9,0,0,1,0,0,0.,0.,0.5,0.5,0.,0.,0.,0.,0.,0.,0.,0.,0., 0000721P0003826
0.,1.583477534,1.583477534,1.583477534,1.583477534,1.583477534,  0000721P0003827
1.583477534,1.583477534,3.166955068,3.166955068,3.166955068,     0000721P0003828
3.166955068,3.166955068,3.166955068,3.166955068,4.750432602,     0000721P0003829
4.750432602,4.750432602,4.750432602,4.750432602,4.750432602,     0000721P0003830
4.750432602,6.333910135,6.333910135,6.333910135,6.333910135,     0000721P0003831
6.333910135,6.333910135,6.333910135,6.333910135,6.333910135,     0000721P0003832
6.333910135,1.,1.,1.,1.,1.,1.,1.,1.,1.,1.,1.,1.,1.,1.,1.,1.,1.,  0000721P0003833
1.,1.,1.,1.,1.,1.,1.,1.,1.,1.,1.,1.,1.,1.,1.,1.,1.,1.,1.,1.,1.,  0000721P0003834
1.,1.,1.,1.,1.,1.,1.,1.,1.,1.,1.,1.,1.,1.,1.,1.,1.,1.,1.,1.,1.,  0000721P0003835
1.,1.,1.,2.512004948,6.721291079E-09,3.049999868,2.078994995,    0000721P0003836
-2.35761866E-07,3.300004629,2.512005581,-0.438427257,            0000721P0003837
3.027777629,2.078995936,-0.362869372,3.277782998,2.425942752,    0000721P0003838
-0.876852803,3.005555309,2.007767697,-0.725691843,3.255564213,   0000721P0003839
2.25374872,-1.29596866,2.983333187,1.865266512,-1.072566489,     0000721P0003840
3.233338469,2.000540022,-1.676442583,2.961111014,1.655695002,    0000721P0003841
-1.38746687,3.211114515,1.676435928,-2.000549516,2.938888767,    0000721P0003842
1.387451371,-1.655705571,3.188893182,1.295962674,-2.253750931,   0000721P0003843
2.916666519,1.07256897,-1.865257388,3.166671847,0.876857136,     0000721P0003844
-2.425920562,2.894444279,0.725707635,-2.007750455,3.144450239,   0000721P0003845
4.661277549E-06,-2.598091339,2.849999826,4.484070538E-06,        0000721P0003846
-2.150243293,3.100006093,-0.876854802,-2.42592111,2.805555403,   0000721P0003847
-0.72570713,-2.007750358,3.055560907,-1.295967853,-2.253750985,  0000721P0003848
2.783333194,-1.072576408,-1.865257396,3.03333822,-1.67644665,    0000721P0003849
-2.000551785,2.761110973,-1.387468424,-1.655703022,3.011115967,  0000721P0003850
-2.000555849,-1.676441794,2.73888874,-1.655707193,-1.387463501,  0000721P0003851
2.988894107,-2.253752274,-1.295964813,2.716666509,-1.865258524,  0000721P0003852
-1.072573912,2.966672207,-2.425919501,-0.876854933,2.694444286,  0000721P0003853
-2.007748766,-0.725708068,2.944450006,-2.598086835,              0000721P0003854
2.097157914E-08,2.649999846,-2.150238777,3.297199784E-07,        0000721P0003855
2.900005401,-2.425919154,0.876854907,2.605555406,-2.007748025,   0000721P0003856
0.725708583,2.855560795,-2.253751931,1.295964679,2.583333183,    0000721P0003857
-1.865257695,1.072574218,2.833338594,-2.000556351,1.676441841,   0000721P0003858
2.561110952,-1.655707591,1.387464031,2.811116694,-1.67644757,    0000721P0003859
2.000552539,2.538888719,-1.387469398,1.655704577,2.788894834,    0000721P0003860
-1.295968302,2.253752011,2.516666498,-1.072576591,1.865259288,   0000721P0003861
2.766672581,-0.876854892,2.425921168,2.494444289,-0.725706714,   0000721P0003862
2.007750649,2.744449894,4.662034948E-06,2.598089892,2.449999866, 0000721P0003863
5.079443767E-06,2.15024104,2.700004709,0.876857047,2.425919704,  0000721P0003864
2.405555413,0.725708051,2.007748919,2.655560562,1.295963727,     0000721P0003865
2.253750284,2.383333173,1.072569559,1.865258667,2.633338954,     0000721P0003866
1.676433993,2.000554217,2.361110926,1.387452844,1.655705861,     0000721P0003867
2.611117619,2.000546435,1.676444147,2.338888678,1.655701336,     0000721P0003868
1.387475484,2.588896287,2.253748859,1.295966279,2.316666505,     0000721P0003869
1.86526859,1.072559687,2.566672332,2.42593584,0.876852571,       0000721P0003870
2.294444383,2.007757147,0.725690926,2.544446588,2.512005964,     0000721P0003871
0.438427273,2.272222063,2.078996633,0.362868822,2.522227804,     0000721P0003872
2.512006597,8.962357079E-09,2.249999824,2.078997561,             0000721P0003873
-3.143481759E-07,2.500006172,0.,0.461896875,0.,6.333910135;      0000721P0003874
508,4,0,19,87,0,1,0,725,0,19,88,1,1,0,727,0,19,89,1,1,0,729,0,   0000723P0003875
19,72,0,1,0,731;                                                 0000723P0003876
126,1,1,1,0,1,0,0.,0.,6.333910135,6.333910135,1.,1.,0.,          0000725P0003877
6.333910135,0.,0.,0.,0.,0.,6.333910135,0.,0.,1.;                 0000725P0003878
126,1,1,1,0,1,0,0.,0.,0.461888861,0.461888861,1.,1.,0.,0.,0.,    0000727P0003879
0.461888861,0.,0.,0.,0.461888861,0.,0.,1.;                       0000727P0003880
126,79,7,1,0,1,0,0.,0.,0.,0.,0.,0.,0.,0.,4.200213487E-02,        0000729P0003881
4.200213487E-02,4.200213487E-02,4.200213487E-02,4.200213487E-02, 0000729P0003882
4.200213487E-02,0.132947332,0.132947332,0.132947332,0.132947332, 0000729P0003883
0.132947332,0.132947332,0.227843998,0.227843998,0.227843998,     0000729P0003884
0.227843998,0.227843998,0.227843998,0.289803078,0.289803078,     0000729P0003885
0.289803078,0.289803078,0.289803078,0.289803078,0.380690935,     0000729P0003886
0.380690935,0.380690935,0.380690935,0.380690935,0.380690935,     0000729P0003887
0.502382179,0.502382179,0.502382179,0.502382179,0.502382179,     0000729P0003888
0.502382179,0.590013993,0.590013993,0.590013993,0.590013993,     0000729P0003889
0.590013993,0.590013993,0.630016149,0.630016149,0.630016149,     0000729P0003890
0.630016149,0.630016149,0.630016149,0.747310751,0.747310751,     0000729P0003891
0.747310751,0.747310751,0.747310751,0.747310751,0.807240131,     0000729P0003892
0.807240131,0.807240131,0.807240131,0.807240131,0.807240131,     0000729P0003893
0.867536943,0.867536943,0.867536943,0.867536943,0.867536943,     0000729P0003894
0.867536943,0.960002568,0.960002568,0.960002568,0.960002568,     0000729P0003895
0.960002568,0.960002568,1.,1.,1.,1.,1.,1.,1.,1.,1.,1.,1.,1.,1.,  0000729P0003896
1.,1.,1.,1.,1.,1.,1.,1.,1.,1.,1.,1.,1.,1.,1.,1.,1.,1.,1.,1.,1.,  0000729P0003897
1.,1.,1.,1.,1.,1.,1.,1.,1.,1.,1.,1.,1.,1.,1.,1.,1.,1.,1.,1.,1.,  0000729P0003898
1.,1.,1.,1.,1.,1.,1.,1.,1.,1.,1.,1.,1.,1.,1.,1.,1.,1.,1.,1.,1.,  0000729P0003899
1.,1.,1.,1.,1.,1.,1.,1.,1.,1.,1.,1.,0.461888861,0.,0.,           0000729P0003900
0.461889095,3.800202986E-02,0.,0.461890622,7.60051905E-02,0.,    0000729P0003901
0.46189246,0.114008708,0.,0.461894081,0.1520124,0.,0.461895272,  0000729P0003902
0.190016326,0.,0.461896001,0.228020437,0.,0.461896875,           0000729P0003903
0.348311997,0.,0.461895355,0.430611241,0.,0.461892188,           0000729P0003904
0.512900489,0.,0.461889287,0.595183509,0.,0.461887646,           0000729P0003905
0.677472315,0.,0.461886923,0.759770422,0.,0.461886984,           0000729P0003906
0.927917593,0.,0.461887813,1.0137941,0.,0.461889093,1.099660033, 0000729P0003907
0.,0.461890218,1.185519211,0.,0.461890883,1.271385407,0.,        0000729P0003908
0.461891168,1.357262472,0.,0.461891178,1.499184515,0.,           0000729P0003909
0.461891061,1.555246335,0.,0.46189087,1.611306766,0.,            0000729P0003910
0.461890664,1.667366285,0.,0.461890502,1.723426548,0.,           0000729P0003911
0.461890422,1.779488053,0.,0.461890419,1.917781921,0.,           0000729P0003912
0.461890593,2.000028101,0.,0.461890979,2.082265437,0.,           0000729P0003913
0.461891483,2.164497278,0.,0.461891932,2.246734986,0.,           0000729P0003914
0.461892161,2.328981754,0.,0.461892101,2.521321905,0.,           0000729P0003915
0.46189161,2.631479515,0.,0.461890527,2.741594208,0.,            0000729P0003916
0.461889118,2.851694154,0.,0.461887852,2.961808254,0.,           0000729P0003917
0.461887207,3.071965089,0.,0.461887171,3.261358124,0.,           0000729P0003918
0.461887481,3.340656461,0.,0.461888125,3.419947426,0.,           0000729P0003919
0.461889027,3.499233782,0.,0.461890037,3.578525008,0.,           0000729P0003920
0.461890973,3.657823791,0.,0.461892059,3.773306224,0.,           0000729P0003921
0.46189236,3.809500008,0.,0.46189261,3.845693837,0.,0.461892799, 0000729P0003922
3.881887676,0.,0.461892925,3.918081493,0.,0.461892986,           0000729P0003923
3.954275253,0.,0.461892978,4.096596257,0.,0.461892441,           0000729P0003924
4.202766799,0.,0.461891422,4.308901569,0.,0.461890366,           0000729P0003925
4.415023401,0.,0.461889598,4.5211577,0.,0.461889307,4.627327676, 0000729P0003926
0.,0.461889326,4.787678039,0.,0.46188941,4.841903071,0.,         0000729P0003927
0.461889558,4.896127116,0.,0.461889725,4.950350565,0.,           0000729P0003928
0.461889854,5.004574787,0.,0.461889911,5.058800146,0.,           0000729P0003929
0.461889901,5.167580365,0.,0.461889831,5.22213824,0.,            0000729P0003930
0.461889692,5.276694955,0.,0.461889508,5.331250861,0.,           0000729P0003931
0.461889326,5.38580734,0.,0.461889203,5.440364787,0.,            0000729P0003932
0.461889188,5.578582326,0.,0.461889476,5.662256843,0.,           0000729P0003933
0.461890136,5.745921428,0.,0.461891574,5.829579898,0.,           0000729P0003934
0.461893328,5.913245201,0.,0.461894258,5.996921299,0.,           0000729P0003935
0.461894048,6.116774066,0.,0.461893815,6.1529639,0.,0.461893338, 0000729P0003936
6.189153759,0.,0.461892663,6.225343513,0.,0.46189196,            0000729P0003937
6.261532975,0.,0.461891516,6.297721903,0.,0.461891743,           0000729P0003938
6.333910066,0.,0.,1.,0.,0.,1.;                                   0000729P0003939
126,1,1,1,0,1,0,0.,0.,0.461891743,0.461891743,1.,1.,0.461891743, 0000731P0003940
6.333910066,0.,0.,6.333910135,0.,0.,0.461891743,0.,0.,1.;        0000731P0003941
510,735,1,1,737;                                                 0000733P0003942
128,1,20,1,11,0,0,1,0,0,0.,0.,0.1,0.1,0.,0.,0.,0.,0.,0.,0.,0.,   0000735P0003943
0.,0.,0.,0.,3.166955068,3.166955068,3.166955068,3.166955068,     0000735P0003944
3.166955068,3.166955068,3.166955068,3.166955068,3.166955068,     0000735P0003945
6.333910135,6.333910135,6.333910135,6.333910135,6.333910135,     0000735P0003946
6.333910135,6.333910135,6.333910135,6.333910135,6.333910135,     0000735P0003947
6.333910135,6.333910135,1.,1.,1.,1.,1.,1.,1.,1.,1.,1.,1.,1.,1.,  0000735P0003948
1.,1.,1.,1.,1.,1.,1.,1.,1.,1.,1.,1.,1.,1.,1.,1.,1.,1.,1.,1.,1.,  0000735P0003949
1.,1.,1.,1.,1.,1.,1.,1.,2.512003848,6.720985546E-09,2.949999868, 0000735P0003950
2.512004948,6.721291967E-09,3.049999868,2.512004654,             0000735P0003951
-0.717426059,2.913636204,2.512005983,-0.717426425,3.013636204,   0000735P0003952
2.28667403,-1.434847554,2.877272328,2.286677228,-1.434848359,    0000735P0003953
2.977272328,1.835740369,-2.073631428,2.840909388,1.835736992,    0000735P0003954
-2.073633918,2.940909388,1.190626606,-2.554963197,2.804545209,   0000735P0003955
1.190630285,-2.554958223,2.904545209,0.412643644,-2.814298313,   0000735P0003956
2.768181328,0.412644191,-2.814308956,2.868181328,-0.412623918,   0000735P0003957
-2.814232316,2.731818253,-0.412626467,-2.814227791,2.831818253,  0000735P0003958
-1.190588306,-2.555017955,2.695454369,-1.190587152,-2.555021074, 0000735P0003959
2.795454369,-1.835854323,-2.073603907,2.659090769,-1.835855556,  0000735P0003960
-2.073604662,2.759090769,-2.286619215,-1.434852806,2.622727111,  0000735P0003961
-2.286620446,-1.434853546,2.722727111,-2.737384602,              0000735P0003962
3.5857461E-08,2.549999846,-2.737386,4.854329383E-08,2.649999846, 0000735P0003963
-2.286618775,1.434852739,2.477272581,-2.286619878,1.434853464,   0000735P0003964
2.577272581,-1.835852271,2.07360602,2.440908923,-1.835852913,    0000735P0003965
2.073607383,2.540908923,-1.190600651,2.555005252,2.404545323,    0000735P0003966
-1.19060302,2.555004744,2.504545323,-0.412607565,2.81427404,     0000735P0003967
2.368181439,-0.412605437,2.814281438,2.468181439,0.412641273,    0000735P0003968
2.814233881,2.331818363,0.412641147,2.814226114,2.431818363,     0000735P0003969
1.190605102,2.555007156,2.295454483,1.19060264,2.555014739,      0000735P0003970
2.395454483,1.83577056,2.073621419,2.259090304,1.835775812,      0000735P0003971
2.073621046,2.359090304,2.286659812,1.434847064,2.222727364,     0000735P0003972
2.286658949,1.434847725,2.322727364,2.512004325,0.717426075,     0000735P0003973
2.186363488,2.512005561,0.717426441,2.286363488,2.512005131,     0000735P0003974
8.96181529E-09,2.149999824,2.512006597,8.962357079E-09,          0000735P0003975
2.249999824,0.,0.1,0.,6.333910135;                               0000735P0003976
508,4,0,19,90,0,1,0,739,0,19,91,1,1,0,741,0,19,87,1,1,0,743,0,   0000737P0003977
19,75,0,1,0,745;                                                 0000737P0003978
126,1,1,1,0,1,0,0.,0.,6.333910135,6.333910135,1.,1.,0.,          0000739P0003979
6.333910135,0.,0.,0.,0.,0.,6.333910135,0.,0.,1.;                 0000739P0003980
126,1,1,1,0,1,0,0.,0.,0.1,0.1,1.,1.,0.,0.,0.,0.1,0.,0.,0.,0.1,   0000741P0003981
0.,0.,1.;                                                        0000741P0003982
126,1,1,1,0,1,0,0.,0.,6.333910135,6.333910135,1.,1.,0.1,0.,0.,   0000743P0003983
0.1,6.333910135,0.,0.,6.333910135,0.,0.,1.;                      0000743P0003984
126,1,1,1,0,1,0,0.,0.,0.1,0.1,1.,1.,0.1,6.333910135,0.,0.,       0000745P0003985
6.333910135,0.,0.,0.1,0.,0.,1.;                                  0000745P0003986
510,749,1,1,751;                                                 0000747P0003987
128,1,26,1,8,0,0,1,0,0,0.,0.,0.5,0.5,0.,0.,0.,0.,0.,0.,0.,0.,0., 0000749P0003988
1.583477534,1.583477534,1.583477534,1.583477534,1.583477534,     0000749P0003989
1.583477534,3.166955068,3.166955068,3.166955068,3.166955068,     0000749P0003990
3.166955068,3.166955068,4.750432602,4.750432602,4.750432602,     0000749P0003991
4.750432602,4.750432602,4.750432602,6.333910135,6.333910135,     0000749P0003992
6.333910135,6.333910135,6.333910135,6.333910135,6.333910135,     0000749P0003993
6.333910135,6.333910135,1.,1.,1.,1.,1.,1.,1.,1.,1.,1.,1.,1.,1.,  0000749P0003994
1.,1.,1.,1.,1.,1.,1.,1.,1.,1.,1.,1.,1.,1.,1.,1.,1.,1.,1.,1.,1.,  0000749P0003995
1.,1.,1.,1.,1.,1.,1.,1.,1.,1.,1.,1.,1.,1.,1.,1.,1.,1.,1.,1.,     0000749P0003996
2.078988398,-2.357637063E-07,2.700004629,2.512003848,            0000749P0003997
6.720985546E-09,2.949999868,2.078988509,-0.408226503,            0000749P0003998
2.675005294,2.512004402,-0.493230414,2.924999849,1.987403417,    0000749P0003999
-0.816392559,2.650009619,2.401351129,-0.986458589,2.899999726,   0000749P0004000
1.804188927,-1.200644812,2.625002895,2.179945994,-1.450722256,   0000749P0004001
2.874999917,1.536893205,-1.536918027,2.600003811,1.857014136,    0000749P0004002
-1.857017764,2.849999891,1.200638801,-1.804182127,2.575004897,   0000749P0004003
1.450711456,-2.179962894,2.82499986,0.816417372,-1.987386462,    0000749P0004004
2.550005748,0.98646312,-2.401323429,2.799999836,5.108577711E-06, 0000749P0004005
-2.170590318,2.500006167,5.163810682E-06,-2.622685609,           0000749P0004006
2.749999824,-0.816418193,-1.987387048,2.45000525,-0.986461804,   0000749P0004007
-2.401324161,2.69999985,-1.200649995,-1.804183245,2.425004706,   0000749P0004008
-1.450719958,-2.179962843,2.674999866,-1.536915011,-1.536908727, 0000749P0004009
2.400004977,-1.857026644,-1.857021253,2.649999858,-1.804184366,  0000749P0004010
-1.2006455,2.37500552,-2.179965178,-1.450715559,2.624999843,     0000749P0004011
-1.987385421,-0.816418583,2.350005582,-2.401322894,-0.986461297, 0000749P0004012
2.599999841,-2.17058651,2.947384861E-07,2.300005401,             0000749P0004013
-2.622680854,1.827863283E-08,2.549999846,-1.987385117,           0000749P0004014
0.816419104,2.25000522,-2.401322592,0.986461265,2.499999851,     0000749P0004015
-1.804183976,1.200645939,2.225005281,-2.179964933,1.450715413,   0000749P0004016
2.474999849,-1.53691486,1.536909188,2.200005825,-1.857027548,    0000749P0004017
1.85702143,2.449999834,-1.200649652,1.804183877,2.175006096,     0000749P0004018
-1.450720445,2.179963934,2.424999826,-0.816417686,1.987387325,   0000749P0004019
2.150005552,-0.986461886,2.401324366,2.399999842,                0000749P0004020
5.689594672E-06,2.170589963,2.100004634,5.170757266E-06,         0000749P0004021
2.622684366,2.349999868,0.816417879,1.987386074,2.050005053,     0000749P0004022
0.986463037,2.401322835,2.299999856,1.200639284,1.804181774,     0000749P0004023
2.025005905,1.450711463,2.179962778,2.274999832,1.536893949,     0000749P0004024
1.536919227,2.000006991,1.857015303,1.857023398,2.249999801,     0000749P0004025
1.804190648,1.200643475,1.975007907,2.179950894,1.45071926,      0000749P0004026
2.224999775,1.987401646,0.816391962,1.950001183,2.401344167,     0000749P0004027
0.986458356,2.199999966,2.078988668,0.408225953,1.925005508,     0000749P0004028
2.512004577,0.493230429,2.174999843,2.078988764,                 0000749P0004029
-3.143514196E-07,1.900006172,2.512005131,8.961816178E-09,        0000749P0004030
2.149999824,3.811205416E-02,0.5,0.,6.333910135;                  0000749P0004031
508,4,0,19,86,0,1,0,753,0,19,92,1,1,0,755,0,19,90,1,1,0,757,0,   0000751P0004032
19,76,0,1,0,759;                                                 0000751P0004033
126,79,7,1,0,1,0,0.,0.,0.,0.,0.,0.,0.,0.,4.27528924E-02,         0000753P0004034
4.27528924E-02,4.27528924E-02,4.27528924E-02,4.27528924E-02,     0000753P0004035
4.27528924E-02,0.131485055,0.131485055,0.131485055,0.131485055,  0000753P0004036
0.131485055,0.131485055,0.21538089,0.21538089,0.21538089,        0000753P0004037
0.21538089,0.21538089,0.21538089,0.264052406,0.264052406,        0000753P0004038
0.264052406,0.264052406,0.264052406,0.264052406,0.373497581,     0000753P0004039
0.373497581,0.373497581,0.373497581,0.373497581,0.373497581,     0000753P0004040
0.461499284,0.461499284,0.461499284,0.461499284,0.461499284,     0000753P0004041
0.461499284,0.498065764,0.498065764,0.498065764,0.498065764,     0000753P0004042
0.498065764,0.498065764,0.624441554,0.624441554,0.624441554,     0000753P0004043
0.624441554,0.624441554,0.624441554,0.728019981,0.728019981,     0000753P0004044
0.728019981,0.728019981,0.728019981,0.728019981,0.777615798,     0000753P0004045
0.777615798,0.777615798,0.777615798,0.777615798,0.777615798,     0000753P0004046
0.866527763,0.866527763,0.866527763,0.866527763,0.866527763,     0000753P0004047
0.866527763,0.966073196,0.966073196,0.966073196,0.966073196,     0000753P0004048
0.966073196,0.966073196,1.,1.,1.,1.,1.,1.,1.,1.,1.,1.,1.,1.,1.,  0000753P0004049
1.,1.,1.,1.,1.,1.,1.,1.,1.,1.,1.,1.,1.,1.,1.,1.,1.,1.,1.,1.,1.,  0000753P0004050
1.,1.,1.,1.,1.,1.,1.,1.,1.,1.,1.,1.,1.,1.,1.,1.,1.,1.,1.,1.,1.,  0000753P0004051
1.,1.,1.,1.,1.,1.,1.,1.,1.,1.,1.,1.,1.,1.,1.,1.,1.,1.,1.,1.,1.,  0000753P0004052
1.,1.,1.,1.,1.,1.,1.,1.,1.,1.,1.,1.,3.81177691E-02,6.333909997,  0000753P0004053
0.,3.811781152E-02,6.295229055,0.,3.811683711E-02,6.256546932,   0000753P0004054
0.,3.811560622E-02,6.21786447,0.,3.811453051E-02,6.179181854,0., 0000753P0004055
3.811377557E-02,6.140499004,0.,3.81133635E-02,6.10181596,0.,     0000753P0004056
3.811309294E-02,5.982848665,0.,3.81143094E-02,5.902553616,0.,    0000753P0004057
3.811655973E-02,5.822267415,0.,3.811853155E-02,5.741986825,0.,   0000753P0004058
3.811959074E-02,5.661701268,0.,3.812004375E-02,5.581407578,0.,   0000753P0004059
3.812002991E-02,5.425216882,0.,3.811962452E-02,5.349301052,0.,   0000753P0004060
3.811902626E-02,5.273390874,0.,3.811852702E-02,5.197484263,0.,   0000753P0004061
3.811824451E-02,5.121573772,0.,3.811810853E-02,5.045657366,0.,   0000753P0004062
3.811808527E-02,4.925711715,0.,3.811811268E-02,4.881673716,0.,   0000753P0004063
3.811817913E-02,4.837636163,0.,3.811826754E-02,4.79359892,0.,    0000753P0004064
3.811835105E-02,4.749561489,0.,3.811840338E-02,4.705523724,0.,   0000753P0004065
3.811842247E-02,4.562462362,0.,3.811821521E-02,4.463408101,0.,   0000753P0004066
3.811767633E-02,4.364376346,0.,3.811687881E-02,4.265358649,0.,   0000753P0004067
3.811610664E-02,4.166326419,0.,3.811569761E-02,4.067271552,0.,   0000753P0004068
3.811570611E-02,3.888623869,0.,3.811597868E-02,3.808990548,0.,   0000753P0004069
3.811656514E-02,3.729364805,0.,3.811740646E-02,3.649743956,0.,   0000753P0004070
3.811835856E-02,3.570118395,0.,3.811924704E-02,3.490485355,0.,   0000753P0004071
3.812025303E-02,3.377777903,0.,3.812051781E-02,3.344693068,0.,   0000753P0004072
3.812074259E-02,3.311608221,0.,3.812092006E-02,3.278523375,0.,   0000753P0004073
3.812104502E-02,3.245438546,0.,3.812111441E-02,3.212353749,0.,   0000753P0004074
3.812117191E-02,3.064926278,0.,3.812054563E-02,2.950520732,0.,   0000753P0004075
3.811923076E-02,2.836167153,0.,3.81176446E-02,2.721829818,0.,    0000753P0004076
3.811641912E-02,2.607475582,0.,3.811586947E-02,2.493069263,0.,   0000753P0004077
3.811583666E-02,2.285009318,0.,3.811617792E-02,2.191269786,0.,   0000753P0004078
3.811683219E-02,2.09754753,0.,3.811752321E-02,2.003836379,0.,    0000753P0004079
3.811800745E-02,1.910114572,0.,3.811820636E-02,1.816375688,0.,   0000753P0004080
3.811820463E-02,1.677786257,0.,3.811816007E-02,1.632912197,0.,   0000753P0004081
3.811807044E-02,1.588038514,0.,3.811796206E-02,1.543165042,0.,   0000753P0004082
3.811787082E-02,1.498291232,0.,3.811782444E-02,1.453416933,0.,   0000753P0004083
3.811782494E-02,1.328096573,0.,3.811798778E-02,1.24763897,0.,    0000753P0004084
3.811835198E-02,1.167189237,0.,3.811900697E-02,1.086744621,0.,   0000753P0004085
3.811980283E-02,1.006295165,0.,3.812036719E-02,0.925838094,0.,   0000753P0004086
3.812049836E-02,0.755325228,0.,3.811990138E-02,0.665239368,0.,   0000753P0004087
3.811849689E-02,0.575167813,0.,3.811564878E-02,0.485105234,0.,   0000753P0004088
3.811267361E-02,0.395033039,0.,3.811205416E-02,0.304945479,0.,   0000753P0004089
3.811388375E-02,0.184179449,0.,3.811455481E-02,0.153482379,0.,   0000753P0004090
3.811545441E-02,0.122785361,0.,3.811650465E-02,9.208848507E-02,  0000753P0004091
0.,3.811752713E-02,6.139186698E-02,0.,3.811824302E-02,           0000753P0004092
3.069564898E-02,0.,3.8118273E-02,0.,0.,0.,1.,0.,0.,1.;           0000753P0004093
126,1,1,1,0,1,0,3.8118273E-02,3.8118273E-02,0.5,0.5,1.,1.,       0000755P0004094
3.8118273E-02,0.,0.,0.5,0.,0.,3.8118273E-02,0.5,0.,0.,1.;        0000755P0004095
126,1,1,1,0,1,0,0.,0.,6.333910135,6.333910135,1.,1.,0.5,0.,0.,   0000757P0004096
0.5,6.333910135,0.,0.,6.333910135,0.,0.,1.;                      0000757P0004097
126,1,1,1,0,1,0,3.81177691E-02,3.81177691E-02,0.5,0.5,1.,1.,0.5, 0000759P0004098
6.333910135,0.,3.81177691E-02,6.333910135,0.,3.81177691E-02,0.5, 0000759P0004099
0.,0.,1.;                                                        0000759P0004100
510,763,1,1,771;                                                 0000761P0004101
192,765,767,2.112,769;                                           0000763P0004102
116,0.,8.881784197E-16,5.,0;                                     0000765P0004103
123,0.,-2.220446049E-16,-1.;                                     0000767P0004104
123,1.,0.,0.;                                                    0000769P0004105
508,4,0,19,85,1,1,0,773,0,19,89,0,1,0,775,0,19,77,0,1,0,777,0,   0000771P0004106
19,93,1,1,0,779;                                                 0000771P0004107
126,1,1,1,0,1,0,2.280936597,2.280936597,2.51904844,2.51904844,   0000773P0004108
1.,1.,360.,2.280936597,0.,360.,2.51904844,0.,2.280936597,        0000773P0004109
2.51904844,0.,0.,1.;                                             0000773P0004110
126,79,7,1,0,1,0,0.,0.,0.,0.,0.,0.,0.,0.,3.999743229E-02,        0000775P0004111
3.999743229E-02,3.999743229E-02,3.999743229E-02,3.999743229E-02, 0000775P0004112
3.999743229E-02,0.132463057,0.132463057,0.132463057,0.132463057, 0000775P0004113
0.132463057,0.132463057,0.192759869,0.192759869,0.192759869,     0000775P0004114
0.192759869,0.192759869,0.192759869,0.252689249,0.252689249,     0000775P0004115
0.252689249,0.252689249,0.252689249,0.252689249,0.369983851,     0000775P0004116
0.369983851,0.369983851,0.369983851,0.369983851,0.369983851,     0000775P0004117
0.409986007,0.409986007,0.409986007,0.409986007,0.409986007,     0000775P0004118
0.409986007,0.497617821,0.497617821,0.497617821,0.497617821,     0000775P0004119
0.497617821,0.497617821,0.619309065,0.619309065,0.619309065,     0000775P0004120
0.619309065,0.619309065,0.619309065,0.710196922,0.710196922,     0000775P0004121
0.710196922,0.710196922,0.710196922,0.710196922,0.772156002,     0000775P0004122
0.772156002,0.772156002,0.772156002,0.772156002,0.772156002,     0000775P0004123
0.867052668,0.867052668,0.867052668,0.867052668,0.867052668,     0000775P0004124
0.867052668,0.957997865,0.957997865,0.957997865,0.957997865,     0000775P0004125
0.957997865,0.957997865,1.,1.,1.,1.,1.,1.,1.,1.,1.,1.,1.,1.,1.,  0000775P0004126
1.,1.,1.,1.,1.,1.,1.,1.,1.,1.,1.,1.,1.,1.,1.,1.,1.,1.,1.,1.,1.,  0000775P0004127
1.,1.,1.,1.,1.,1.,1.,1.,1.,1.,1.,1.,1.,1.,1.,1.,1.,1.,1.,1.,1.,  0000775P0004128
1.,1.,1.,1.,1.,1.,1.,1.,1.,1.,1.,1.,1.,1.,1.,1.,1.,1.,1.,1.,1.,  0000775P0004129
1.,1.,1.,1.,1.,1.,1.,1.,1.,1.,1.,1.,360.,2.519048423,0.,         0000775P0004130
357.943099672,2.514477937,0.,355.886203238,2.50990712,0.,        0000775P0004131
353.829309813,2.50533614,0.,351.772418858,2.500765119,0.,        0000775P0004132
349.715530186,2.496194133,0.,347.658643961,2.491623212,0.,       0000775P0004133
340.84668054,2.47648545,0.,336.090842593,2.465917162,0.,         0000775P0004134
331.33554872,2.455350388,0.,326.580601492,2.444784295,0.,        0000775P0004135
321.825303817,2.434217171,0.,317.069456978,2.423648738,0.,       0000775P0004136
309.213557533,2.406191256,0.,306.112673123,2.399300403,0.,       0000775P0004137
303.011854065,2.392409688,0.,299.911076762,2.385519074,0.,       0000775P0004138
296.81025972,2.378628392,0.,293.709379501,2.371737594,0.,        0000775P0004139
287.526689193,2.357998413,0.,284.444707741,2.351149648,0.,       0000775P0004140
281.362787526,2.344301038,0.,278.280905648,2.337452512,0.,       0000775P0004141
275.198983392,2.330603871,0.,272.11699852,2.323755043,0.,        0000775P0004142
263.003158907,2.303502003,0.,256.968751305,2.290091975,0.,       0000775P0004143
250.936358611,2.276686172,0.,244.904681554,2.263281849,0.,       0000775P0004144
238.872293299,2.249875995,0.,232.837891854,2.236465934,0.,       0000775P0004145
224.748826637,2.218490237,0.,222.691691788,2.213918861,0.,       0000775P0004146
220.634554669,2.209347514,0.,218.577416778,2.204776199,0.,       0000775P0004147
216.520279614,2.200204916,0.,214.463144681,2.195633664,0.,       0000775P0004148
207.899502943,2.181048365,0.,203.392417621,2.171033108,0.,       0000775P0004149
198.885754456,2.161018822,0.,194.379359104,2.151005072,0.,       0000775P0004150
189.872693907,2.140990585,0.,185.365605264,2.130974988,0.,       0000775P0004151
174.601050471,2.107053738,0.,168.340052354,2.093140086,0.,       0000775P0004152
162.081493732,2.079231543,0.,155.823758873,2.065324786,0.,       0000775P0004153
149.565205218,2.051416381,0.,143.30421472,2.037502855,0.,        0000775P0004154
132.372228838,2.013209558,0.,127.697586536,2.002821586,0.,       0000775P0004155
123.023449977,1.992434836,0.,118.349633918,1.982048809,0.,       0000775P0004156
113.675494126,1.971661983,0.,109.00084687,1.961273907,0.,        0000775P0004157
101.140605624,1.943806596,0.,97.954225356,1.936725665,0.,        0000775P0004158
94.767918637,1.929644857,0.,91.581659269,1.922564139,0.,         0000775P0004159
88.395354624,1.915483337,0.,85.208978089,1.90840243,0.,          0000775P0004160
77.142593098,1.89047715,0.,72.261635385,1.879630772,0.,          0000775P0004161
67.381307409,1.86878603,0.,62.501377832,1.857942456,0.,          0000775P0004162
57.621046178,1.847098087,0.,52.740082739,1.836252056,0.,         0000775P0004163
43.183058082,1.815014377,0.,38.505438725,1.804619293,0.,         0000775P0004164
33.828333738,1.794224798,0.,29.151563435,1.783830274,0.,         0000775P0004165
24.474481563,1.773434844,0.,19.796897627,1.763039207,0.,         0000775P0004166
12.959997568,1.747846513,0.,10.79999689,1.74304692,0.,           0000775P0004167
8.640006104,1.738247641,0.,6.480020115,1.733448661,0.,           0000775P0004168
4.320023781,1.728649843,0.,2.160011348,1.723850888,0.,           0000775P0004169
5.894508811E-06,1.719051303,0.,0.,1.,-0.,-0.,1.;                 0000775P0004170
126,1,1,1,0,1,0,1.480937767,1.480937767,1.719051303,1.719051303, 0000777P0004171
1.,1.,-2.37142157E-11,1.719051303,0.,-2.37142157E-11,            0000777P0004172
1.480937767,0.,1.480937767,1.719051303,0.,0.,1.;                 0000777P0004173
126,79,7,1,0,1,0,0.,0.,0.,0.,0.,0.,0.,0.,3.39267934E-02,         0000779P0004174
3.39267934E-02,3.39267934E-02,3.39267934E-02,3.39267934E-02,     0000779P0004175
3.39267934E-02,0.133471803,0.133471803,0.133471803,0.133471803,  0000779P0004176
0.133471803,0.133471803,0.222383544,0.222383544,0.222383544,     0000779P0004177
0.222383544,0.222383544,0.222383544,0.271978298,0.271978298,     0000779P0004178
0.271978298,0.271978298,0.271978298,0.271978298,0.375534266,     0000779P0004179
0.375534266,0.375534266,0.375534266,0.375534266,0.375534266,     0000779P0004180
0.501076798,0.501076798,0.501076798,0.501076798,0.501076798,     0000779P0004181
0.501076798,0.538608241,0.538608241,0.538608241,0.538608241,     0000779P0004182
0.538608241,0.538608241,0.626609883,0.626609883,0.626609883,     0000779P0004183
0.626609883,0.626609883,0.626609883,0.736922891,0.736922891,     0000779P0004184
0.736922891,0.736922891,0.736922891,0.736922891,0.784731882,     0000779P0004185
0.784731882,0.784731882,0.784731882,0.784731882,0.784731882,     0000779P0004186
0.868681631,0.868681631,0.868681631,0.868681631,0.868681631,     0000779P0004187
0.868681631,0.956868075,0.956868075,0.956868075,0.956868075,     0000779P0004188
0.956868075,0.956868075,1.,1.,1.,1.,1.,1.,1.,1.,1.,1.,1.,1.,1.,  0000779P0004189
1.,1.,1.,1.,1.,1.,1.,1.,1.,1.,1.,1.,1.,1.,1.,1.,1.,1.,1.,1.,1.,  0000779P0004190
1.,1.,1.,1.,1.,1.,1.,1.,1.,1.,1.,1.,1.,1.,1.,1.,1.,1.,1.,1.,1.,  0000779P0004191
1.,1.,1.,1.,1.,1.,1.,1.,1.,1.,1.,1.,1.,1.,1.,1.,1.,1.,1.,1.,1.,  0000779P0004192
1.,1.,1.,1.,1.,1.,1.,1.,1.,1.,1.,1.,3.929607318E-06,1.480937767, 0000779P0004193
0.,1.744719403,1.484814679,0.,3.489430089,1.488691925,0.,        0000779P0004194
5.234137331,1.492569343,0.,6.978842108,1.49644681,0.,            0000779P0004195
8.723545036,1.500324246,0.,10.468246366,1.50420161,0.,           0000779P0004196
17.332089961,1.519455323,0.,22.452281167,1.530833418,0.,         0000779P0004197
27.571685882,1.54220878,0.,32.690605405,1.55358305,0.,           0000779P0004198
37.810045256,1.564959013,0.,42.930279975,1.576337035,0.,         0000779P0004199
52.621727875,1.59787353,0.,57.194654855,1.608035748,0.,          0000779P0004200
61.767123055,1.618197032,0.,66.339299971,1.62835761,0.,          0000779P0004201
70.911765697,1.638518723,0.,75.484687479,1.648680789,0.,         0000779P0004202
82.607417224,1.664509038,0.,85.157873361,1.670176693,0.,         0000779P0004203
87.70830589,1.675844285,0.,90.258723562,1.681511845,0.,          0000779P0004204
92.809157259,1.687179457,0.,95.359615762,1.692847151,0.,         0000779P0004205
103.235439613,1.710349084,0.,108.562147549,1.722186393,0.,       0000779P0004206
113.887887193,1.73402168,0.,119.213009921,1.745855673,0.,        0000779P0004207
124.538745339,1.757690985,0.,129.865447549,1.769528272,0.,       0000779P0004208
141.646894816,1.795709224,0.,148.106402508,1.810063383,0.,       0000779P0004209
154.563049593,1.824410848,0.,161.018779341,1.838756099,0.,       0000779P0004210
167.475431598,1.853103558,0.,173.934949778,1.86745772,0.,        0000779P0004211
182.321077588,1.88609357,0.,184.251147195,1.890382646,0.,        0000779P0004212
186.181218698,1.894671755,0.,188.11129041,1.898960892,0.,        0000779P0004213
190.041361021,1.903250051,0.,191.971429595,1.907539227,0.,       0000779P0004214
198.427007008,1.921885452,0.,202.953102779,1.931943876,0.,       0000779P0004215
207.478765101,1.94200136,0.,212.004151793,1.952058173,0.,        0000779P0004216
216.529812798,1.962115467,0.,221.055906485,1.972173571,0.,       0000779P0004217
231.254293252,1.994836636,0.,236.928960559,2.007446804,0.,       0000779P0004218
242.602307004,2.020053872,0.,248.274815288,2.032659098,0.,       0000779P0004219
253.948165808,2.04526636,0.,259.622840021,2.057876739,0.,        0000779P0004220
267.754315892,2.075946796,0.,270.212936053,2.081410448,0.,       0000779P0004221
272.671535327,2.08687406,0.,275.130121128,2.092337636,0.,        0000779P0004222
277.588719315,2.097801218,0.,280.047337277,2.103264813,0.,       0000779P0004223
286.823064573,2.118321906,0.,291.140664808,2.127916428,0.,       0000779P0004224
295.457922657,2.137510082,0.,299.77496419,2.147103119,0.,        0000779P0004225
304.092225639,2.156696593,0.,308.409832325,2.166290967,0.,       0000779P0004226
317.261996165,2.18596235,0.,321.797608766,2.196041741,0.,        0000779P0004227
326.332785656,2.206120554,0.,330.867682989,2.216199321,0.,       0000779P0004228
335.402851926,2.226278899,0.,339.93844987,2.236358855,0.,        0000779P0004229
346.691520821,2.251365606,0.,348.9096043,2.256294441,0.,         0000779P0004230
351.127676149,2.261223013,0.,353.345742004,2.26615133,0.,        0000779P0004231
355.563819025,2.271079509,0.,357.781913759,2.276007798,0.,360.,  0000779P0004232
2.280936584,0.,0.,1.,-0.,-0.,1.;                                 0000779P0004233
510,783,1,1,785;                                                 0000781P0004234
128,1,30,1,9,0,0,1,0,0,0.,0.,0.5,0.5,0.,0.,0.,0.,0.,0.,0.,0.,0., 0000783P0004235
0.,1.583477534,1.583477534,1.583477534,1.583477534,1.583477534,  0000783P0004236
1.583477534,1.583477534,3.166955068,3.166955068,3.166955068,     0000783P0004237
3.166955068,3.166955068,3.166955068,3.166955068,4.750432602,     0000783P0004238
4.750432602,4.750432602,4.750432602,4.750432602,4.750432602,     0000783P0004239
4.750432602,6.333910135,6.333910135,6.333910135,6.333910135,     0000783P0004240
6.333910135,6.333910135,6.333910135,6.333910135,6.333910135,     0000783P0004241
6.333910135,1.,1.,1.,1.,1.,1.,1.,1.,1.,1.,1.,1.,1.,1.,1.,1.,1.,  0000783P0004242
1.,1.,1.,1.,1.,1.,1.,1.,1.,1.,1.,1.,1.,1.,1.,1.,1.,1.,1.,1.,1.,  0000783P0004243
1.,1.,1.,1.,1.,1.,1.,1.,1.,1.,1.,1.,1.,1.,1.,1.,1.,1.,1.,1.,1.,  0000783P0004244
1.,1.,1.,2.512003299,4.480559035E-09,3.849999912,2.078992429,    0000783P0004245
-1.571750401E-07,4.100003086,2.512003931,-0.438426972,           0000783P0004246
3.827777673,2.078993384,-0.362868846,4.077781455,2.425941158,    0000783P0004247
-0.87685223,3.805555353,2.007765247,-0.725690872,4.05556267,     0000783P0004248
2.25374724,-1.295967811,3.783333231,1.86526425,-1.072565095,     0000783P0004249
4.033336926,2.000538707,-1.676441484,3.761111058,1.655693011,    0000783P0004250
-1.387465095,4.011112972,1.676434826,-2.000548204,3.73888881,    0000783P0004251
1.387449722,-1.655703476,3.988891639,1.295961821,-2.253749452,   0000783P0004252
3.716666563,1.072567717,-1.865255045,3.966670304,0.876856558,    0000783P0004253
-2.42591897,3.694444323,0.725706815,-2.007747949,3.944448696,    0000783P0004254
4.658960305E-06,-2.598089634,3.64999987,4.565350952E-06,         0000783P0004255
-2.150240639,3.90000455,-0.876854229,-2.425919516,3.605555447,   0000783P0004256
-0.725706158,-2.007747908,3.855559364,-1.295967004,-2.253749504, 0000783P0004257
3.583333238,-1.072575014,-1.865255135,3.833336677,-1.676445551,  0000783P0004258
-2.00055047,3.561111017,-1.387466649,-1.655701031,3.811114424,   0000783P0004259
-2.000554537,-1.676440691,3.538888784,-1.655705097,-1.387461851, 0000783P0004260
3.788892564,-2.253750795,-1.295963961,3.516666553,-1.865256181,  0000783P0004261
-1.072572659,3.766670664,-2.425917909,-0.876854355,3.49444433,   0000783P0004262
-2.007746261,-0.725707249,3.744448463,-2.598085129,              0000783P0004263
2.328927984E-08,3.44999989,-2.150236124,2.484402692E-07,         0000783P0004264
3.700003858,-2.42591756,0.876854333,3.40555545,-2.007745575,     0000783P0004265
0.725707611,3.655559252,-2.25375045,1.29596383,3.383333227,      0000783P0004266
-1.865255434,1.072572824,3.633337051,-2.000555036,1.676440742,   0000783P0004267
3.361110996,-1.655705601,1.387462256,3.611115151,-1.676446468,   0000783P0004268
2.000551227,3.338888763,-1.387467749,1.655702482,3.588893291,    0000783P0004269
-1.295967449,2.253750532,3.316666542,-1.072575338,1.865256945,   0000783P0004270
3.566671038,-0.876854314,2.425919576,3.294444333,-0.725705894,   0000783P0004271
2.007748144,3.544448351,4.664353069E-06,2.598088186,3.24999991,  0000783P0004272
4.99816475E-06,2.150238387,3.500003166,0.876856473,2.42591811,   0000783P0004273
3.205555457,0.725707079,2.007746469,3.455559019,1.295962879,     0000783P0004274
2.253748803,3.183333217,1.072568165,1.865256406,3.433337411,     0000783P0004275
1.676432894,2.000552902,3.16111097,1.387451069,1.65570387,       0000783P0004276
3.411116076,2.000545123,1.676443044,3.138888722,1.65569924,      0000783P0004277
1.387473835,3.388894744,2.253747381,1.295965426,3.116666549,     0000783P0004278
1.865266247,1.072558434,3.366670789,2.425934248,0.876851993,     0000783P0004279
3.094444427,2.007754642,0.725690106,3.344445045,2.512004315,     0000783P0004280
0.438426983,3.072222107,2.078994054,0.362868453,3.322226261,     0000783P0004281
2.512004948,6.721292856E-09,3.049999868,2.078994995,             0000783P0004282
-2.357618651E-07,3.300004629,0.,0.461893993,0.,6.333910135;      0000783P0004283
508,4,0,19,94,0,1,0,787,0,19,81,1,1,0,789,0,19,78,1,1,0,791,0,   0000785P0004284
19,88,0,1,0,793;                                                 0000785P0004285
126,1,1,1,0,1,0,0.,0.,6.333910135,6.333910135,1.,1.,0.,          0000787P0004286
6.333910135,0.,0.,0.,0.,0.,6.333910135,0.,0.,1.;                 0000787P0004287
126,1,1,1,0,1,0,0.,0.,0.461885979,0.461885979,1.,1.,0.,0.,0.,    0000789P0004288
0.461885979,0.,0.,0.,0.461885979,0.,0.,1.;                       0000789P0004289
126,85,7,1,0,1,0,0.,0.,0.,0.,0.,0.,0.,0.,4.200143023E-02,        0000791P0004290
4.200143023E-02,4.200143023E-02,4.200143023E-02,4.200143023E-02, 0000791P0004291
4.200143023E-02,0.132945062,0.132945062,0.132945062,0.132945062, 0000791P0004292
0.132945062,0.132945062,0.227839419,0.227839419,0.227839419,     0000791P0004293
0.227839419,0.227839419,0.227839419,0.289787539,0.289787539,     0000791P0004294
0.289787539,0.289787539,0.289787539,0.289787539,0.380582827,     0000791P0004295
0.380582827,0.380582827,0.380582827,0.380582827,0.380582827,     0000791P0004296
0.4611565,0.4611565,0.4611565,0.4611565,0.4611565,0.4611565,     0000791P0004297
0.50315828,0.50315828,0.50315828,0.50315828,0.50315828,          0000791P0004298
0.50315828,0.580925091,0.580925091,0.580925091,0.580925091,      0000791P0004299
0.580925091,0.580925091,0.629926801,0.629926801,0.629926801,     0000791P0004300
0.629926801,0.629926801,0.629926801,0.748608436,0.748608436,     0000791P0004301
0.748608436,0.748608436,0.748608436,0.748608436,0.808444714,     0000791P0004302
0.808444714,0.808444714,0.808444714,0.808444714,0.808444714,     0000791P0004303
0.86743194,0.86743194,0.86743194,0.86743194,0.86743194,          0000791P0004304
0.86743194,0.959635101,0.959635101,0.959635101,0.959635101,      0000791P0004305
0.959635101,0.959635101,1.,1.,1.,1.,1.,1.,1.,1.,1.,1.,1.,1.,1.,  0000791P0004306
1.,1.,1.,1.,1.,1.,1.,1.,1.,1.,1.,1.,1.,1.,1.,1.,1.,1.,1.,1.,1.,  0000791P0004307
1.,1.,1.,1.,1.,1.,1.,1.,1.,1.,1.,1.,1.,1.,1.,1.,1.,1.,1.,1.,1.,  0000791P0004308
1.,1.,1.,1.,1.,1.,1.,1.,1.,1.,1.,1.,1.,1.,1.,1.,1.,1.,1.,1.,1.,  0000791P0004309
1.,1.,1.,1.,1.,1.,1.,1.,1.,1.,1.,1.,1.,1.,1.,1.,1.,1.,           0000791P0004310
0.461885979,0.,0.,0.461886213,3.800202986E-02,0.,0.46188774,     0000791P0004311
7.60051905E-02,0.,0.461889578,0.114008708,0.,0.461891199,        0000791P0004312
0.1520124,0.,0.46189239,0.190016326,0.,0.461893119,0.228020437,  0000791P0004313
0.,0.461893993,0.34831196,0.,0.461892473,0.430611169,0.,         0000791P0004314
0.461889306,0.51290038,0.,0.461886405,0.595183364,0.,            0000791P0004315
0.461884765,0.677472133,0.,0.461884041,0.759770204,0.,           0000791P0004316
0.461884102,0.927916691,0.,0.461884931,1.013792549,0.,           0000791P0004317
0.461886211,1.099657832,0.,0.461887336,1.185516362,0.,           0000791P0004318
0.461888001,1.271381909,0.,0.461888286,1.357258325,0.,           0000791P0004319
0.461888296,1.499170744,0.,0.46188818,1.555223588,0.,            0000791P0004320
0.461887988,1.611275043,0.,0.461887782,1.667325586,0.,           0000791P0004321
0.461887621,1.723376873,0.,0.461887541,1.779429402,0.,           0000791P0004322
0.461887537,1.917631917,0.,0.46188771,1.99979566,0.,0.461888095, 0000791P0004323
2.081950603,0.,0.461888598,2.164100079,0.,0.461889047,           0000791P0004324
2.246255393,0.,0.461889277,2.328419723,0.,0.461889233,           0000791P0004325
2.483475814,0.,0.46188901,2.556386274,0.,0.461888552,            0000791P0004326
2.629291829,0.,0.461887889,2.702194205,0.,0.461887112,           0000791P0004327
2.775099602,0.,0.461886341,2.848009805,0.,0.461885331,           0000791P0004328
2.958916689,0.,0.461885013,2.996920175,0.,0.46188474,            0000791P0004329
3.034923693,0.,0.461884525,3.072927213,0.,0.461884377,           0000791P0004330
3.110930706,0.,0.461884303,3.148934142,0.,0.461884306,           0000791P0004331
3.257301168,0.,0.461884563,3.327670443,0.,0.461885082,           0000791P0004332
3.398035657,0.,0.461885813,3.468398342,0.,0.461886661,           0000791P0004333
3.538763747,0.,0.461887507,3.60913336,0.,0.461888728,            0000791P0004334
3.723834614,0.,0.461889162,3.768172357,0.,0.461889532,           0000791P0004335
3.812509711,0.,0.461889819,3.856846812,0.,0.461890011,           0000791P0004336
3.90118416,0.,0.461890103,3.94552189,0.,0.461890099,4.097243157, 0000791P0004337
0.,0.461889551,4.204673088,0.,0.461888509,4.31206502,0.,         0000791P0004338
0.461887441,4.419443423,0.,0.461886673,4.526834879,0.,           0000791P0004339
0.461886407,4.63426425,0.,0.461886456,4.795788098,0.,            0000791P0004340
0.461886548,4.849929791,0.,0.4618867,4.904070501,0.,0.461886864, 0000791P0004341
4.958210623,0.,0.461886987,5.012351512,0.,0.461887036,           0000791P0004342
5.066493528,0.,0.46188701,5.174006379,0.,0.461886935,            0000791P0004343
5.227380054,0.,0.461886796,5.280752678,0.,0.461886617,           0000791P0004344
5.334124569,0.,0.461886441,5.38749697,0.,0.461886322,            0000791P0004345
5.440870232,0.,0.461886305,5.577667627,0.,0.461886587,           0000791P0004346
5.661105892,0.,0.461887241,5.744534355,0.,0.461888664,           0000791P0004347
5.827956778,0.,0.461890408,5.911385923,0.,0.461891354,           0000791P0004348
5.994825692,0.,0.46189118,6.11477547,0.,0.461890956,6.15129841,  0000791P0004349
0.,0.46189048,6.18782138,0.,0.4618898,6.224344245,0.,            0000791P0004350
0.461889085,6.260866815,0.,0.461888632,6.297388844,0.,           0000791P0004351
0.461888861,6.333910032,0.,0.,1.,0.,0.,1.;                       0000791P0004352
126,1,1,1,0,1,0,0.,0.,0.461888861,0.461888861,1.,1.,0.461888861, 0000793P0004353
6.333910135,0.,0.,6.333910135,0.,0.,0.461888861,0.,0.,1.;        0000793P0004354
510,797,1,1,799;                                                 0000795P0004355
128,1,26,1,8,0,0,1,0,0,0.,0.,0.5,0.5,0.,0.,0.,0.,0.,0.,0.,0.,0., 0000797P0004356
1.583477534,1.583477534,1.583477534,1.583477534,1.583477534,     0000797P0004357
1.583477534,3.166955068,3.166955068,3.166955068,3.166955068,     0000797P0004358
3.166955068,3.166955068,4.750432602,4.750432602,4.750432602,     0000797P0004359
4.750432602,4.750432602,4.750432602,6.333910135,6.333910135,     0000797P0004360
6.333910135,6.333910135,6.333910135,6.333910135,6.333910135,     0000797P0004361
6.333910135,6.333910135,1.,1.,1.,1.,1.,1.,1.,1.,1.,1.,1.,1.,1.,  0000797P0004362
1.,1.,1.,1.,1.,1.,1.,1.,1.,1.,1.,1.,1.,1.,1.,1.,1.,1.,1.,1.,1.,  0000797P0004363
1.,1.,1.,1.,1.,1.,1.,1.,1.,1.,1.,1.,1.,1.,1.,1.,1.,1.,1.,1.,     0000797P0004364
2.078988031,-1.571758617E-07,3.500003086,2.512002566,            0000797P0004365
4.480421367E-09,3.749999912,2.078988158,-0.408226352,            0000797P0004366
3.475003751,2.512003119,-0.493230164,3.724999893,1.987403098,    0000797P0004367
-0.81639234,3.450008076,2.401349902,-0.986458088,3.69999977,     0000797P0004368
1.804188655,-1.200644532,3.425001352,2.17994488,-1.450721517,    0000797P0004369
3.674999961,1.536892992,-1.536917698,3.400002267,1.857013186,    0000797P0004370
-1.857016817,3.649999935,1.200638658,-1.804181764,3.375003354,   0000797P0004371
1.450710713,-2.179961782,3.624999904,0.816417304,-1.98738608,    0000797P0004372
3.350004205,0.986462614,-2.401322204,3.59999988,5.190628395E-06, 0000797P0004373
-2.170589936,3.300004624,5.161471969E-06,-2.62268427,            0000797P0004374
3.549999868,-0.816417974,-1.987386729,3.250003706,-0.986461302,  0000797P0004375
-2.401322934,3.499999894,-1.200649715,-1.804182973,3.225003162,  0000797P0004376
-1.450719219,-2.179961729,3.47499991,-1.536914682,-1.536908514,  0000797P0004377
3.200003434,-1.857025698,-1.857020303,3.449999902,-1.804184003,  0000797P0004378
-1.200645356,3.175003977,-2.179964067,-1.450714816,3.424999887,  0000797P0004379
-1.98738504,-0.816418514,3.150004039,-2.401321669,-0.986460791,  0000797P0004380
3.399999885,-2.170586127,2.126880405E-07,3.100003858,            0000797P0004381
-2.622679515,2.061805393E-08,3.34999989,-1.987384797,            0000797P0004382
0.816418885,3.050003676,-2.401321365,0.986460764,3.299999895,    0000797P0004383
-1.804183703,1.20064566,3.025003738,-2.179963819,1.450714674,    0000797P0004384
3.274999893,-1.536914647,1.536908858,3.000004282,-1.857026598,   0000797P0004385
1.857020484,3.249999878,-1.200649509,1.804183514,2.975004553,    0000797P0004386
-1.450719702,2.179962822,3.22499987,-0.816417617,1.987386944,    0000797P0004387
2.950004009,-0.986461381,2.401323141,3.199999886,5.60754438E-06, 0000797P0004388
2.170589581,2.900003091,5.173097357E-06,2.622683027,3.149999912, 0000797P0004389
0.81641766,1.987385755,2.85000351,0.986462535,2.401321608,       0000797P0004390
3.0999999,1.200639005,1.804181501,2.825004362,1.450710724,       0000797P0004391
2.179961663,3.074999876,1.53689362,1.536919014,2.800005448,      0000797P0004392
1.857014356,1.857022448,3.049999845,1.804190284,1.200643331,     0000797P0004393
2.775006364,2.179949782,1.450718517,3.024999819,1.987401265,     0000797P0004394
0.816391893,2.74999964,2.401342941,0.98645785,3.00000001,        0000797P0004395
2.078988286,0.40822596,2.725003965,2.512003295,0.493230175,      0000797P0004396
2.974999887,2.078988398,-2.357637054E-07,2.700004629,            0000797P0004397
2.512003848,6.720985546E-09,2.949999868,3.811255805E-02,0.5,0.,  0000797P0004398
6.333910135;                                                     0000797P0004399
508,4,0,19,93,0,1,0,801,0,19,83,1,1,0,803,0,19,95,1,1,0,805,0,   0000799P0004400
19,92,0,1,0,807;                                                 0000799P0004401
126,79,7,1,0,1,0,0.,0.,0.,0.,0.,0.,0.,0.,4.313192539E-02,        0000801P0004402
4.313192539E-02,4.313192539E-02,4.313192539E-02,4.313192539E-02, 0000801P0004403
4.313192539E-02,0.131318369,0.131318369,0.131318369,0.131318369, 0000801P0004404
0.131318369,0.131318369,0.215268118,0.215268118,0.215268118,     0000801P0004405
0.215268118,0.215268118,0.215268118,0.263077109,0.263077109,     0000801P0004406
0.263077109,0.263077109,0.263077109,0.263077109,0.373390117,     0000801P0004407
0.373390117,0.373390117,0.373390117,0.373390117,0.373390117,     0000801P0004408
0.461391759,0.461391759,0.461391759,0.461391759,0.461391759,     0000801P0004409
0.461391759,0.498923202,0.498923202,0.498923202,0.498923202,     0000801P0004410
0.498923202,0.498923202,0.624465734,0.624465734,0.624465734,     0000801P0004411
0.624465734,0.624465734,0.624465734,0.728021702,0.728021702,     0000801P0004412
0.728021702,0.728021702,0.728021702,0.728021702,0.777616456,     0000801P0004413
0.777616456,0.777616456,0.777616456,0.777616456,0.777616456,     0000801P0004414
0.866528197,0.866528197,0.866528197,0.866528197,0.866528197,     0000801P0004415
0.866528197,0.966073207,0.966073207,0.966073207,0.966073207,     0000801P0004416
0.966073207,0.966073207,1.,1.,1.,1.,1.,1.,1.,1.,1.,1.,1.,1.,1.,  0000801P0004417
1.,1.,1.,1.,1.,1.,1.,1.,1.,1.,1.,1.,1.,1.,1.,1.,1.,1.,1.,1.,1.,  0000801P0004418
1.,1.,1.,1.,1.,1.,1.,1.,1.,1.,1.,1.,1.,1.,1.,1.,1.,1.,1.,1.,1.,  0000801P0004419
1.,1.,1.,1.,1.,1.,1.,1.,1.,1.,1.,1.,1.,1.,1.,1.,1.,1.,1.,1.,1.,  0000801P0004420
1.,1.,1.,1.,1.,1.,1.,1.,1.,1.,1.,1.,3.8118273E-02,6.333910084,   0000801P0004421
0.,3.811831578E-02,6.294886131,0.,3.811732375E-02,6.255861024,   0000801P0004422
0.,3.811607731E-02,6.216835579,0.,3.811499617E-02,6.177809985,   0000801P0004423
0.,3.811424614E-02,6.138784154,0.,3.811384604E-02,6.099758124,   0000801P0004424
0.,3.811362815E-02,5.980941592,0.,3.811485722E-02,5.901140613,   0000801P0004425
0.,3.81170846E-02,5.821348218,0.,3.811903384E-02,5.741561269,0., 0000801P0004426
3.812008859E-02,5.661769503,0.,3.812054267E-02,5.581969846,0.,   0000801P0004427
3.812053861E-02,5.426224056,0.,3.812013551E-02,5.350259386,0.,   0000801P0004428
3.811953651E-02,5.274300385,0.,3.811903526E-02,5.198344964,0.,   0000801P0004429
3.811875091E-02,5.122385648,0.,3.811861353E-02,5.046420397,0.,   0000801P0004430
3.811858891E-02,4.927206309,0.,3.811861504E-02,4.883948731,0.,   0000801P0004431
3.811867836E-02,4.840691565,0.,3.811876348E-02,4.797434689,0.,   0000801P0004432
3.811884601E-02,4.754177645,0.,3.81189011E-02,4.710920298,0.,    0000801P0004433
3.811893703E-02,4.567854004,0.,3.811874322E-02,4.468013273,0.,   0000801P0004434
3.811821025E-02,4.368195944,0.,3.811740659E-02,4.26839324,0.,    0000801P0004435
3.811662158E-02,4.16857543,0.,3.81162039E-02,4.068734081,0.,     0000801P0004436
3.811620801E-02,3.889301126,0.,3.811647837E-02,3.809667805,0.,   0000801P0004437
3.811706279E-02,3.730042062,0.,3.811790278E-02,3.650421213,0.,   0000801P0004438
3.811885453E-02,3.570795651,0.,3.811974358E-02,3.49116261,0.,    0000801P0004439
3.812075922E-02,3.377582051,0.,3.812103089E-02,3.343624108,0.,   0000801P0004440
3.812126025E-02,3.309666149,0.,3.812143942E-02,3.275708187,0.,   0000801P0004441
3.812156288E-02,3.24175024,0.,3.812162753E-02,3.207792333,0.,    0000801P0004442
3.812164991E-02,3.060245665,0.,3.812100417E-02,2.946596035,0.,   0000801P0004443
3.811969149E-02,2.83299662,0.,3.811812197E-02,2.719413061,0.,    0000801P0004444
3.811691457E-02,2.605813001,0.,3.81163726E-02,2.49216261,0.,     0000801P0004445
3.811634103E-02,2.284876869,0.,3.811668257E-02,2.191157665,0.,   0000801P0004446
3.811733675E-02,2.097455717,0.,3.811802749E-02,2.003764864,0.,   0000801P0004447
3.811851146E-02,1.910063366,0.,3.811871027E-02,1.816344808,0.,   0000801P0004448
3.811870851E-02,1.677776633,0.,3.811866395E-02,1.632903526,0.,   0000801P0004449
3.811857432E-02,1.588030797,0.,3.811846594E-02,1.543158279,0.,   0000801P0004450
3.811837471E-02,1.498285423,0.,3.811832833E-02,1.453412077,0.,   0000801P0004451
3.811832884E-02,1.328092858,0.,3.811849168E-02,1.247635442,0.,   0000801P0004452
3.811885589E-02,1.167185898,0.,3.811951089E-02,1.086741469,0.,   0000801P0004453
3.812030675E-02,1.006292201,0.,3.81208711E-02,0.925835317,0.,    0000801P0004454
3.812100224E-02,0.755323005,0.,3.812040524E-02,0.665237512,0.,   0000801P0004455
3.811900074E-02,0.575166324,0.,3.811615263E-02,0.48510411,0.,    0000801P0004456
3.811317749E-02,0.395032282,0.,3.811255805E-02,0.304945088,0.,   0000801P0004457
3.811438764E-02,0.184179429,0.,3.811505869E-02,0.153482362,0.,   0000801P0004458
3.81159583E-02,0.122785347,0.,3.811700854E-02,9.208847484E-02,   0000801P0004459
0.,3.811803102E-02,6.139186016E-02,0.,3.811874691E-02,           0000801P0004460
3.069564557E-02,0.,3.811877688E-02,0.,0.,0.,1.,0.,0.,1.;         0000801P0004461
126,1,1,1,0,1,0,3.811877688E-02,3.811877688E-02,0.5,0.5,1.,1.,   0000803P0004462
3.811877688E-02,0.,0.,0.5,0.,0.,3.811877688E-02,0.5,0.,0.,1.;    0000803P0004463
126,1,1,1,0,1,0,0.,0.,6.333910135,6.333910135,1.,1.,0.5,0.,0.,   0000805P0004464
0.5,6.333910135,0.,0.,6.333910135,0.,0.,1.;                      0000805P0004465
126,1,1,1,0,1,0,3.8118273E-02,3.8118273E-02,0.5,0.5,1.,1.,0.5,   0000807P0004466
6.333910135,0.,3.8118273E-02,6.333910084,0.,3.8118273E-02,0.5,   0000807P0004467
0.,0.,1.;                                                        0000807P0004468
510,811,1,1,813;                                                 0000809P0004469
128,1,20,1,11,0,0,1,0,0,0.,0.,0.1,0.1,0.,0.,0.,0.,0.,0.,0.,0.,   0000811P0004470
0.,0.,0.,0.,3.166955068,3.166955068,3.166955068,3.166955068,     0000811P0004471
3.166955068,3.166955068,3.166955068,3.166955068,3.166955068,     0000811P0004472
6.333910135,6.333910135,6.333910135,6.333910135,6.333910135,     0000811P0004473
6.333910135,6.333910135,6.333910135,6.333910135,6.333910135,     0000811P0004474
6.333910135,6.333910135,1.,1.,1.,1.,1.,1.,1.,1.,1.,1.,1.,1.,1.,  0000811P0004475
1.,1.,1.,1.,1.,1.,1.,1.,1.,1.,1.,1.,1.,1.,1.,1.,1.,1.,1.,1.,1.,  0000811P0004476
1.,1.,1.,1.,1.,1.,1.,1.,2.512002566,4.480420479E-09,3.749999912, 0000811P0004477
2.512003299,4.480558147E-09,3.849999912,2.512003371,             0000811P0004478
-0.717425695,3.713636248,2.512004333,-0.717425957,3.813636248,   0000811P0004479
2.286672861,-1.434846824,3.677272372,2.286675725,-1.434847419,   0000811P0004480
3.777272372,1.83573943,-2.073630371,3.640909432,1.835735785,     0000811P0004481
-2.073632559,3.740909432,1.190625996,-2.554961894,3.604545253,   0000811P0004482
1.1906295,-2.554956547,3.704545253,0.412643431,-2.814296876,     0000811P0004483
3.568181373,0.412643918,-2.814307108,3.668181372,-0.41262371,    0000811P0004484
-2.814230878,3.531818297,-0.412626199,-2.814225944,3.631818297,  0000811P0004485
-1.1905877,-2.555016649,3.495454413,-1.190586373,-2.555019395,   0000811P0004486
3.595454413,-1.835853387,-2.073602846,3.459090813,-1.835854352,  0000811P0004487
-2.073603299,3.559090813,-2.286618048,-1.434852071,3.422727155,  0000811P0004488
-2.286618946,-1.434852602,3.522727155,-2.737383204,              0000811P0004489
3.829913098E-08,3.34999989,-2.737384203,5.098527378E-08,         0000811P0004490
3.44999989,-2.286617606,1.434852008,3.277272625,-2.286618376,    0000811P0004491
1.434852524,3.377272625,-1.835851331,2.073604963,3.240908967,    0000811P0004492
-1.835851706,2.073606023,3.340908967,-1.19060004,2.555003948,    0000811P0004493
3.204545367,-1.190602236,2.555003067,3.304545367,-0.412607352,   0000811P0004494
2.814272603,3.168181483,-0.412605164,2.814279591,3.268181483,    0000811P0004495
0.412641065,2.814232443,3.131818407,0.412640879,2.814224265,     0000811P0004496
3.231818407,1.190604496,2.55500585,3.095454527,1.19060186,       0000811P0004497
2.555013061,3.195454527,1.835769624,2.073620359,3.059090348,     0000811P0004498
1.835774609,2.073619683,3.159090348,2.286658645,1.434846329,     0000811P0004499
3.022727408,2.286657449,1.43484678,3.122727408,2.512003043,      0000811P0004500
0.717425706,2.986363532,2.512003913,0.717425968,3.086363532,     0000811P0004501
2.512003848,6.720984658E-09,2.949999868,2.512004948,             0000811P0004502
6.721292856E-09,3.049999868,0.,0.1,0.,6.333910135;               0000811P0004503
508,4,0,19,95,0,1,0,815,0,19,84,1,1,0,817,0,19,94,1,1,0,819,0,   0000813P0004504
19,91,0,1,0,821;                                                 0000813P0004505
126,1,1,1,0,1,0,0.,0.,6.333910135,6.333910135,1.,1.,0.,          0000815P0004506
6.333910135,0.,0.,0.,0.,0.,6.333910135,0.,0.,1.;                 0000815P0004507
126,1,1,1,0,1,0,0.,0.,0.1,0.1,1.,1.,0.,0.,0.,0.1,0.,0.,0.,0.1,   0000817P0004508
0.,0.,1.;                                                        0000817P0004509
126,1,1,1,0,1,0,0.,0.,6.333910135,6.333910135,1.,1.,0.1,0.,0.,   0000819P0004510
0.1,6.333910135,0.,0.,6.333910135,0.,0.,1.;                      0000819P0004511
126,1,1,1,0,1,0,0.,0.,0.1,0.1,1.,1.,0.1,6.333910135,0.,0.,       0000821P0004512
6.333910135,0.,0.,0.1,0.,0.,1.;                                  0000821P0004513
S      1G      4D    822P   4513                                        T0000001
