                                                                        S0000001
,,31HOpen CASCADE IGES processor 7.9,13HFilename.iges,                  G0000001
16HOpen CASCADE 7.9,31HOpen CASCADE IGES processor 7.9,32,308,15,308,15,G0000002
,1.,2,2HMM,1,0.01,15H20261004.214557,1.57668E-07,48.015804,7Hjiayuxu,,  G0000003
11,0,15H20261004.214557,;                                               G0000004
     402       1       0       0       0       0       0       000000000D0000001
     402       0       0       1       1                               0D0000002
     186       2       0       0       0       0       0       000020000D0000003
     186       0       0       1       0                               0D0000004
     514       3       0       0       0       0       0       000010000D0000005
     514       0       0       3       1                               0D0000006
     510       6       0       0       0       0       0       000010000D0000007
     510       0       0       1       1                               0D0000008
     190       7       0       0       0       0       0       000010000D0000009
     190       0       0       1       1                               0D0000010
     116       8       0       0       0       0       0       000010400D0000011
     116       0       0       1       0                               0D0000012
     123       9       0       0       0       0       0       000010200D0000013
     123       0       0       1       0                               0D0000014
     123      10       0       0       0       0       0       000010200D0000015
     123       0       0       1       0                               0D0000016
     508      11       0       0       0       0       0       000010000D0000017
     508       0       0       1       1                               0D0000018
     504      12       0       0       0       0       0       000010001D0000019
     504       0       0      12       1                               0D0000020
     100      24       0       0       0       0      23       000010000D0000021
     100       0       0       1       0                               0D0000022
     124      25       0       0       0       0       0       000000000D0000023
     124       0       0       1       0                               0D0000024
     502      26       0       0       0       0       0       000010000D0000025
     502       0       0      17       1                               0D0000026
     100      43       0       0       0       0      29       000010000D0000027
     100       0       0       1       0                               0D0000028
     124      44       0       0       0       0       0       000000000D0000029
     124       0       0       1       0                               0D0000030
     110      45       0       0       0       0       0       000010000D0000031
     110       0       0       1       0                               0D0000032
     100      46       0       0       0       0      35       000010000D0000033
     100       0       0       1       0                               0D0000034
     124      47       0       0       0       0       0       000000000D0000035
     124       0       0       1       0                               0D0000036
     104      48       0       0       0       0      39       000010000D0000037
     104       0       0       2       1                               0D0000038
     124      50       0       0       0       0       0       000000000D0000039
     124       0       0       2       0                               0D0000040
     104      52       0       0       0       0      43       000010000D0000041
     104       0       0       2       1                               0D0000042
     124      54       0       0       0       0       0       000000000D0000043
     124       0       0       2       0                               0D0000044
     110      56       0       0       0       0       0       000010000D0000045
     110       0       0       1       0                               0D0000046
     104      57       0       0       0       0      49       000010000D0000047
     104       0       0       2       1                               0D0000048
     124      59       0       0       0       0       0       000000000D0000049
     124       0       0       2       0                               0D0000050
     104      61       0       0       0       0      53       000010000D0000051
     104       0       0       2       1                               0D0000052
     124      63       0       0       0       0       0       000000000D0000053
     124       0       0       2       0                               0D0000054
     110      65       0       0       0       0       0       000010000D0000055
     110       0       0       1       0                               0D0000056
     126      66       0       0       0       0       0       000010000D0000057
     126       0       0      40       0                               0D0000058
     126     106       0       0       0       0       0       000010000D0000059
     126       0       0      33       0                               0D0000060
     110     139       0       0       0       0       0       000010000D0000061
     110       0       0       1       0                               0D0000062
     100     140       0       0       0       0      65       000010000D0000063
     100       0       0       1       0                               0D0000064
     124     141       0       0       0       0       0       000000000D0000065
     124       0       0       1       0                               0D0000066
     110     142       0       0       0       0       0       000010000D0000067
     110       0       0       1       0                               0D0000068
     100     143       0       0       0       0      71       000010000D0000069
     100       0       0       1       0                               0D0000070
     124     144       0       0       0       0       0       000000000D0000071
     124       0       0       2       0                               0D0000072
     100     146       0       0       0       0      75       000010000D0000073
     100       0       0       1       0                               0D0000074
     124     147       0       0       0       0       0       000000000D0000075
     124       0       0       2       0                               0D0000076
     100     149       0       0       0       0      79       000010000D0000077
     100       0       0       1       0                               0D0000078
     124     150       0       0       0       0       0       000000000D0000079
     124       0       0       2       0                               0D0000080
     100     152       0       0       0       0      83       000010000D0000081
     100       0       0       1       0                               0D0000082
     124     153       0       0       0       0       0       000000000D0000083
     124       0       0       2       0                               0D0000084
     110     155       0       0       0       0       0       000010000D0000085
     110       0       0       1       0                               0D0000086
     100     156       0       0       0       0      89       000010000D0000087
     100       0       0       1       0                               0D0000088
     124     157       0       0       0       0       0       000000000D0000089
     124       0       0       2       0                               0D0000090
     100     159       0       0       0       0      93       000010000D0000091
     100       0       0       1       0                               0D0000092
     124     160       0       0       0       0       0       000000000D0000093
     124       0       0       1       0                               0D0000094
     110     161       0       0       0       0       0       000010000D0000095
     110       0       0       1       0                               0D0000096
     100     162       0       0       0       0      99       000010000D0000097
     100       0       0       1       0                               0D0000098
     124     163       0       0       0       0       0       000000000D0000099
     124       0       0       2       0                               0D0000100
     100     165       0       0       0       0     103       000010000D0000101
     100       0       0       1       0                               0D0000102
     124     166       0       0       0       0       0       000000000D0000103
     124       0       0       2       0                               0D0000104
     100     168       0       0       0       0     107       000010000D0000105
     100       0       0       1       0                               0D0000106
     124     169       0       0       0       0       0       000000000D0000107
     124       0       0       1       0                               0D0000108
     110     170       0       0       0       0       0       000010000D0000109
     110       0       0       1       0                               0D0000110
     100     171       0       0       0       0     113       000010000D0000111
     100       0       0       1       0                               0D0000112
     124     172       0       0       0       0       0       000000000D0000113
     124       0       0       2       0                               0D0000114
     100     174       0       0       0       0     117       000010000D0000115
     100       0       0       1       0                               0D0000116
     124     175       0       0       0       0       0       000000000D0000117
     124       0       0       2       0                               0D0000118
     110     177       0       0       0       0       0       000010000D0000119
     110       0       0       1       0                               0D0000120
     110     178       0       0       0       0       0       000010000D0000121
     110       0       0       1       0                               0D0000122
     100     179       0       0       0       0     125       000010000D0000123
     100       0       0       1       0                               0D0000124
     124     180       0       0       0       0       0       000000000D0000125
     124       0       0       1       0                               0D0000126
     100     181       0       0       0       0     129       000010000D0000127
     100       0       0       1       0                               0D0000128
     124     182       0       0       0       0       0       000000000D0000129
     124       0       0       2       0                               0D0000130
     100     184       0       0       0       0     133       000010000D0000131
     100       0       0       1       0                               0D0000132
     124     185       0       0       0       0       0       000000000D0000133
     124       0       0       2       0                               0D0000134
     100     187       0       0       0       0     137       000010000D0000135
     100       0       0       1       0                               0D0000136
     124     188       0       0       0       0       0       000000000D0000137
     124       0       0       1       0                               0D0000138
     100     189       0       0       0       0     141       000010000D0000139
     100       0       0       1       0                               0D0000140
     124     190       0       0       0       0       0       000000000D0000141
     124       0       0       2       0                               0D0000142
     110     192       0       0       0       0       0       000010000D0000143
     110       0       0       1       0                               0D0000144
     110     193       0       0       0       0       0       000010000D0000145
     110       0       0       1       0                               0D0000146
     100     194       0       0       0       0     149       000010000D0000147
     100       0       0       1       0                               0D0000148
     124     195       0       0       0       0       0       000000000D0000149
     124       0       0       2       0                               0D0000150
     110     197       0       0       0       0       0       000010000D0000151
     110       0       0       1       0                               0D0000152
     126     198       0       0       0       0       0       000010000D0000153
     126       0       0      61       0                               0D0000154
     126     259       0       0       0       0       0       000010000D0000155
     126       0       0      55       0                               0D0000156
     126     314       0       0       0       0       0       000010000D0000157
     126       0       0      37       0                               0D0000158
     100     351       0       0       0       0     161       000010000D0000159
     100       0       0       1       0                               0D0000160
     124     352       0       0       0       0       0       000000000D0000161
     124       0       0       2       0                               0D0000162
     100     354       0       0       0       0     165       000010000D0000163
     100       0       0       1       0                               0D0000164
     124     355       0       0       0       0       0       000000000D0000165
     124       0       0       2       0                               0D0000166
     100     357       0       0       0       0     169       000010000D0000167
     100       0       0       1       0                               0D0000168
     124     358       0       0       0       0       0       000000000D0000169
     124       0       0       2       0                               0D0000170
     110     360       0       0       0       0       0       000010000D0000171
     110       0       0       1       0                               0D0000172
     110     361       0       0       0       0       0       000010000D0000173
     110       0       0       1       0                               0D0000174
     100     362       0       0       0       0     177       000010000D0000175
     100       0       0       1       0                               0D0000176
     124     363       0       0       0       0       0       000000000D0000177
     124       0       0       2       0                               0D0000178
     508     365       0       0       0       0       0       000010000D0000179
     508       0       0       1       1                               0D0000180
     510     366       0       0       0       0       0       000010000D0000181
     510       0       0       1       1                               0D0000182
     192     367       0       0       0       0       0       000010000D0000183
     192       0       0       1       1                               0D0000184
     116     368       0       0       0       0       0       000010400D0000185
     116       0       0       1       0                               0D0000186
     123     369       0       0       0       0       0       000010200D0000187
     123       0       0       1       0                               0D0000188
     123     370       0       0       0       0       0       000010200D0000189
     123       0       0       1       0                               0D0000190
     508     371       0       0       0       0       0       000010000D0000191
     508       0       0       2       1                               0D0000192
     110     373       0       0       0       0       0       000010000D0000193
     110       0       0       1       0                               0D0000194
     110     374       0       0       0       0       0       000010000D0000195
     110       0       0       1       0                               0D0000196
     110     375       0       0       0       0       0       000010000D0000197
     110       0       0       1       0                               0D0000198
     110     376       0       0       0       0       0       000010000D0000199
     110       0       0       1       0                               0D0000200
     510     377       0       0       0       0       0       000010000D0000201
     510       0       0       1       1                               0D0000202
     192     378       0       0       0       0       0       000010000D0000203
     192       0       0       1       1                               0D0000204
     116     379       0       0       0       0       0       000010400D0000205
     116       0       0       1       0                               0D0000206
     123     380       0       0       0       0       0       000010200D0000207
     123       0       0       1       0                               0D0000208
     123     381       0       0       0       0       0       000010200D0000209
     123       0       0       1       0                               0D0000210
     508     382       0       0       0       0       0       000010000D0000211
     508       0       0       4       1                               0D0000212
     126     386       0       0       0       0       0       000010000D0000213
     126       0       0       9       0                               0D0000214
     126     395       0       0       0       0       0       000010000D0000215
     126       0       0       9       0                               0D0000216
     110     404       0       0       0       0       0       000010000D0000217
     110       0       0       1       0                               0D0000218
     110     405       0       0       0       0       0       000010000D0000219
     110       0       0       1       0                               0D0000220
     110     406       0       0       0       0       0       000010000D0000221
     110       0       0       1       0                               0D0000222
     126     407       0       0       0       0       0       000010000D0000223
     126       0       0       8       0                               0D0000224
     126     415       0       0       0       0       0       000010000D0000225
     126       0       0       9       0                               0D0000226
     126     424       0       0       0       0       0       000010000D0000227
     126       0       0       3       0                               0D0000228
     126     427       0       0       0       0       0       000010000D0000229
     126       0       0      33       0                               0D0000230
     126     460       0       0       0       0       0       000010000D0000231
     126       0       0      25       0                               0D0000232
     126     485       0       0       0       0       0       000010000D0000233
     126       0       0       3       0                               0D0000234
     510     488       0       0       0       0       0       000010000D0000235
     510       0       0       1       1                               0D0000236
     190     489       0       0       0       0       0       000010000D0000237
     190       0       0       1       1                               0D0000238
     116     490       0       0       0       0       0       000010400D0000239
     116       0       0       1       0                               0D0000240
     123     491       0       0       0       0       0       000010200D0000241
     123       0       0       1       0                               0D0000242
     123     492       0       0       0       0       0       000010200D0000243
     123       0       0       1       0                               0D0000244
     508     493       0       0       0       0       0       000010000D0000245
     508       0       0       1       1                               0D0000246
     508     494       0       0       0       0       0       000010000D0000247
     508       0       0       1       1                               0D0000248
     510     495       0       0       0       0       0       000010000D0000249
     510       0       0       1       1                               0D0000250
     192     496       0       0       0       0       0       000010000D0000251
     192       0       0       1       1                               0D0000252
     116     497       0       0       0       0       0       000010400D0000253
     116       0       0       1       0                               0D0000254
     123     498       0       0       0       0       0       000010200D0000255
     123       0       0       1       0                               0D0000256
     123     499       0       0       0       0       0       000010200D0000257
     123       0       0       1       0                               0D0000258
     508     500       0       0       0       0       0       000010000D0000259
     508       0       0       3       1                               0D0000260
     110     503       0       0       0       0       0       000010000D0000261
     110       0       0       1       0                               0D0000262
     110     504       0       0       0       0       0       000010000D0000263
     110       0       0       1       0                               0D0000264
     110     505       0       0       0       0       0       000010000D0000265
     110       0       0       1       0                               0D0000266
     110     506       0       0       0       0       0       000010000D0000267
     110       0       0       1       0                               0D0000268
     126     507       0       0       0       0       0       000010000D0000269
     126       0       0       9       0                               0D0000270
     126     516       0       0       0       0       0       000010000D0000271
     126       0       0      10       0                               0D0000272
     126     526       0       0       0       0       0       000010000D0000273
     126       0       0       9       0                               0D0000274
     126     535       0       0       0       0       0       000010000D0000275
     126       0       0      10       0                               0D0000276
     110     545       0       0       0       0       0       000010000D0000277
     110       0       0       1       0                               0D0000278
     510     546       0       0       0       0       0       000010000D0000279
     510       0       0       1       1                               0D0000280
     190     547       0       0       0       0       0       000010000D0000281
     190       0       0       1       1                               0D0000282
     116     548       0       0       0       0       0       000010400D0000283
     116       0       0       1       0                               0D0000284
     123     549       0       0       0       0       0       000010200D0000285
     123       0       0       1       0                               0D0000286
     123     550       0       0       0       0       0       000010200D0000287
     123       0       0       1       0                               0D0000288
     508     551       0       0       0       0       0       000010000D0000289
     508       0       0       2       1                               0D0000290
     510     553       0       0       0       0       0       000010000D0000291
     510       0       0       1       1                               0D0000292
     192     554       0       0       0       0       0       000010000D0000293
     192       0       0       1       1                               0D0000294
     116     555       0       0       0       0       0       000010400D0000295
     116       0       0       1       0                               0D0000296
     123     556       0       0       0       0       0       000010200D0000297
     123       0       0       1       0                               0D0000298
     123     557       0       0       0       0       0       000010200D0000299
     123       0       0       1       0                               0D0000300
     508     558       0       0       0       0       0       000010000D0000301
     508       0       0       2       1                               0D0000302
     126     560       0       0       0       0       0       000010000D0000303
     126       0       0      26       0                               0D0000304
     110     586       0       0       0       0       0       000010000D0000305
     110       0       0       1       0                               0D0000306
     110     587       0       0       0       0       0       000010000D0000307
     110       0       0       1       0                               0D0000308
     110     588       0       0       0       0       0       000010000D0000309
     110       0       0       1       0                               0D0000310
     126     589       0       0       0       0       0       000010000D0000311
     126       0       0      32       0                               0D0000312
     110     621       0       0       0       0       0       000010000D0000313
     110       0       0       1       0                               0D0000314
     510     622       0       0       0       0       0       000010000D0000315
     510       0       0       1       1                               0D0000316
     192     623       0       0       0       0       0       000010000D0000317
     192       0       0       1       1                               0D0000318
     116     624       0       0       0       0       0       000010400D0000319
     116       0       0       1       0                               0D0000320
     123     625       0       0       0       0       0       000010200D0000321
     123       0       0       1       0                               0D0000322
     123     626       0       0       0       0       0       000010200D0000323
     123       0       0       1       0                               0D0000324
     508     627       0       0       0       0       0       000010000D0000325
     508       0       0       2       1                               0D0000326
     110     629       0       0       0       0       0       000010000D0000327
     110       0       0       1       0                               0D0000328
     110     630       0       0       0       0       0       000010000D0000329
     110       0       0       1       0                               0D0000330
     110     631       0       0       0       0       0       000010000D0000331
     110       0       0       1       0                               0D0000332
     110     632       0       0       0       0       0       000010000D0000333
     110       0       0       1       0                               0D0000334
     510     633       0       0       0       0       0       000010000D0000335
     510       0       0       1       1                               0D0000336
     190     634       0       0       0       0       0       000010000D0000337
     190       0       0       1       1                               0D0000338
     116     635       0       0       0       0       0       000010400D0000339
     116       0       0       1       0                               0D0000340
     123     636       0       0       0       0       0       000010200D0000341
     123       0       0       1       0                               0D0000342
     123     637       0       0       0       0       0       000010200D0000343
     123       0       0       1       0                               0D0000344
     508     638       0       0       0       0       0       000010000D0000345
     508       0       0       1       1                               0D0000346
     508     639       0       0       0       0       0       000010000D0000347
     508       0       0       1       1                               0D0000348
     510     640       0       0       0       0       0       000010000D0000349
     510       0       0       1       1                               0D0000350
     190     641       0       0       0       0       0       000010000D0000351
     190       0       0       1       1                               0D0000352
     116     642       0       0       0       0       0       000010400D0000353
     116       0       0       1       0                               0D0000354
     123     643       0       0       0       0       0       000010200D0000355
     123       0       0       1       0                               0D0000356
     123     644       0       0       0       0       0       000010200D0000357
     123       0       0       1       0                               0D0000358
     508     645       0       0       0       0       0       000010000D0000359
     508       0       0       1       1                               0D0000360
     508     646       0       0       0       0       0       000010000D0000361
     508       0       0       1       1                               0D0000362
     510     647       0       0       0       0       0       000010000D0000363
     510       0       0       1       1                               0D0000364
     190     648       0       0       0       0       0       000010000D0000365
     190       0       0       1       1                               0D0000366
     116     649       0       0       0       0       0       000010400D0000367
     116       0       0       1       0                               0D0000368
     123     650       0       0       0       0       0       000010200D0000369
     123       0       0       1       0                               0D0000370
     123     651       0       0       0       0       0       000010200D0000371
     123       0       0       1       0                               0D0000372
     508     652       0       0       0       0       0       000010000D0000373
     508       0       0       1       1                               0D0000374
     508     653       0       0       0       0       0       000010000D0000375
     508       0       0       1       1                               0D0000376
     510     654       0       0       0       0       0       000010000D0000377
     510       0       0       1       1                               0D0000378
     192     655       0       0       0       0       0       000010000D0000379
     192       0       0       1       1                               0D0000380
     116     656       0       0       0       0       0       000010400D0000381
     116       0       0       1       0                               0D0000382
     123     657       0       0       0       0       0       000010200D0000383
     123       0       0       1       0                               0D0000384
     123     658       0       0       0       0       0       000010200D0000385
     123       0       0       1       0                               0D0000386
     508     659       0       0       0       0       0       000010000D0000387
     508       0       0       2       1                               0D0000388
     110     661       0       0       0       0       0       000010000D0000389
     110       0       0       1       0                               0D0000390
     110     662       0       0       0       0       0       000010000D0000391
     110       0       0       1       0                               0D0000392
     110     663       0       0       0       0       0       000010000D0000393
     110       0       0       1       0                               0D0000394
     110     664       0       0       0       0       0       000010000D0000395
     110       0       0       1       0                               0D0000396
     510     665       0       0       0       0       0       000010000D0000397
     510       0       0       1       1                               0D0000398
     192     666       0       0       0       0       0       000010000D0000399
     192       0       0       1       1                               0D0000400
     116     667       0       0       0       0       0       000010400D0000401
     116       0       0       1       0                               0D0000402
     123     668       0       0       0       0       0       000010200D0000403
     123       0       0       1       0                               0D0000404
     123     669       0       0       0       0       0       000010200D0000405
     123       0       0       1       0                               0D0000406
     508     670       0       0       0       0       0       000010000D0000407
     508       0       0       2       1                               0D0000408
     110     672       0       0       0       0       0       000010000D0000409
     110       0       0       1       0                               0D0000410
     110     673       0       0       0       0       0       000010000D0000411
     110       0       0       1       0                               0D0000412
     110     674       0       0       0       0       0       000010000D0000413
     110       0       0       1       0                               0D0000414
     110     675       0       0       0       0       0       000010000D0000415
     110       0       0       1       0                               0D0000416
     510     676       0       0       0       0       0       000010000D0000417
     510       0       0       1       1                               0D0000418
     192     677       0       0       0       0       0       000010000D0000419
     192       0       0       1       1                               0D0000420
     116     678       0       0       0       0       0       000010400D0000421
     116       0       0       1       0                               0D0000422
     123     679       0       0       0       0       0       000010200D0000423
     123       0       0       1       0                               0D0000424
     123     680       0       0       0       0       0       000010200D0000425
     123       0       0       1       0                               0D0000426
     508     681       0       0       0       0       0       000010000D0000427
     508       0       0       2       1                               0D0000428
     110     683       0       0       0       0       0       000010000D0000429
     110       0       0       1       0                               0D0000430
     110     684       0       0       0       0       0       000010000D0000431
     110       0       0       1       0                               0D0000432
     110     685       0       0       0       0       0       000010000D0000433
     110       0       0       1       0                               0D0000434
     110     686       0       0       0       0       0       000010000D0000435
     110       0       0       1       0                               0D0000436
     510     687       0       0       0       0       0       000010000D0000437
     510       0       0       1       1                               0D0000438
     190     688       0       0       0       0       0       000010000D0000439
     190       0       0       1       1                               0D0000440
     116     689       0       0       0       0       0       000010400D0000441
     116       0       0       1       0                               0D0000442
     123     690       0       0       0       0       0       000010200D0000443
     123       0       0       1       0                               0D0000444
     123     691       0       0       0       0       0       000010200D0000445
     123       0       0       1       0                               0D0000446
     508     692       0       0       0       0       0       000010000D0000447
     508       0       0       1       1                               0D0000448
     508     693       0       0       0       0       0       000010000D0000449
     508       0       0       1       1                               0D0000450
     510     694       0       0       0       0       0       000010000D0000451
     510       0       0       1       1                               0D0000452
     190     695       0       0       0       0       0       000010000D0000453
     190       0       0       1       1                               0D0000454
     116     696       0       0       0       0       0       000010400D0000455
     116       0       0       1       0                               0D0000456
     123     697       0       0       0       0       0       000010200D0000457
     123       0       0       1       0                               0D0000458
     123     698       0       0       0       0       0       000010200D0000459
     123       0       0       1       0                               0D0000460
     508     699       0       0       0       0       0       000010000D0000461
     508       0       0       1       1                               0D0000462
     508     700       0       0       0       0       0       000010000D0000463
     508       0       0       1       1                               0D0000464
     510     701       0       0       0       0       0       000010000D0000465
     510       0       0       1       1                               0D0000466
     190     702       0       0       0       0       0       000010000D0000467
     190       0       0       1       1                               0D0000468
     116     703       0       0       0       0       0       000010400D0000469
     116       0       0       1       0                               0D0000470
     123     704       0       0       0       0       0       000010200D0000471
     123       0       0       1       0                               0D0000472
     123     705       0       0       0       0       0       000010200D0000473
     123       0       0       1       0                               0D0000474
     508     706       0       0       0       0       0       000010000D0000475
     508       0       0       1       1                               0D0000476
     508     707       0       0       0       0       0       000010000D0000477
     508       0       0       1       1                               0D0000478
     510     708       0       0       0       0       0       000010000D0000479
     510       0       0       1       1                               0D0000480
     192     709       0       0       0       0       0       000010000D0000481
     192       0       0       1       1                               0D0000482
     116     710       0       0       0       0       0       000010400D0000483
     116       0       0       1       0                               0D0000484
     123     711       0       0       0       0       0       000010200D0000485
     123       0       0       1       0                               0D0000486
     123     712       0       0       0       0       0       000010200D0000487
     123       0       0       1       0                               0D0000488
     508     713       0       0       0       0       0       000010000D0000489
     508       0       0       2       1                               0D0000490
     110     715       0       0       0       0       0       000010000D0000491
     110       0       0       1       0                               0D0000492
     110     716       0       0       0       0       0       000010000D0000493
     110       0       0       1       0                               0D0000494
     110     717       0       0       0       0       0       000010000D0000495
     110       0       0       1       0                               0D0000496
     110     718       0       0       0       0       0       000010000D0000497
     110       0       0       1       0                               0D0000498
     510     719       0       0       0       0       0       000010000D0000499
     510       0       0       1       1                               0D0000500
     192     720       0       0       0       0       0       000010000D0000501
     192       0       0       1       1                               0D0000502
     116     721       0       0       0       0       0       000010400D0000503
     116       0       0       1       0                               0D0000504
     123     722       0       0       0       0       0       000010200D0000505
     123       0       0       1       0                               0D0000506
     123     723       0       0       0       0       0       000010200D0000507
     123       0       0       1       0                               0D0000508
     508     724       0       0       0       0       0       000010000D0000509
     508       0       0       2       1                               0D0000510
     110     726       0       0       0       0       0       000010000D0000511
     110       0       0       1       0                               0D0000512
     110     727       0       0       0       0       0       000010000D0000513
     110       0       0       1       0                               0D0000514
     110     728       0       0       0       0       0       000010000D0000515
     110       0       0       1       0                               0D0000516
     110     729       0       0       0       0       0       000010000D0000517
     110       0       0       1       0                               0D0000518
     510     730       0       0       0       0       0       000010000D0000519
     510       0       0       1       1                               0D0000520
     192     731       0       0       0       0       0       000010000D0000521
     192       0       0       1       1                               0D0000522
     116     732       0       0       0       0       0       000010400D0000523
     116       0       0       1       0                               0D0000524
     123     733       0       0       0       0       0       000010200D0000525
     123       0       0       1       0                               0D0000526
     123     734       0       0       0       0       0       000010200D0000527
     123       0       0       1       0                               0D0000528
     508     735       0       0       0       0       0       000010000D0000529
     508       0       0       2       1                               0D0000530
     110     737       0       0       0       0       0       000010000D0000531
     110       0       0       1       0                               0D0000532
     110     738       0       0       0       0       0       000010000D0000533
     110       0       0       1       0                               0D0000534
     110     739       0       0       0       0       0       000010000D0000535
     110       0       0       1       0                               0D0000536
     126     740       0       0       0       0       0       000010000D0000537
     126       0       0      83       0                               0D0000538
     126     823       0       0       0       0       0       000010000D0000539
     126       0       0      68       0                               0D0000540
     126     891       0       0       0       0       0       000010000D0000541
     126       0       0      52       0                               0D0000542
     510     943       0       0       0       0       0       000010000D0000543
     510       0       0       1       1                               0D0000544
     190     944       0       0       0       0       0       000010000D0000545
     190       0       0       1       1                               0D0000546
     116     945       0       0       0       0       0       000010400D0000547
     116       0       0       1       0                               0D0000548
     123     946       0       0       0       0       0       000010200D0000549
     123       0       0       1       0                               0D0000550
     123     947       0       0       0       0       0       000010200D0000551
     123       0       0       1       0                               0D0000552
     508     948       0       0       0       0       0       000010000D0000553
     508       0       0       1       1                               0D0000554
     508     949       0       0       0       0       0       000010000D0000555
     508       0       0       1       1                               0D0000556
     510     950       0       0       0       0       0       000010000D0000557
     510       0       0       1       1                               0D0000558
     190     951       0       0       0       0       0       000010000D0000559
     190       0       0       1       1                               0D0000560
     116     952       0       0       0       0       0       000010400D0000561
     116       0       0       1       0                               0D0000562
     123     953       0       0       0       0       0       000010200D0000563
     123       0       0       1       0                               0D0000564
     123     954       0       0       0       0       0       000010200D0000565
     123       0       0       1       0                               0D0000566
     508     955       0       0       0       0       0       000010000D0000567
     508       0       0       1       1                               0D0000568
     508     956       0       0       0       0       0       000010000D0000569
     508       0       0       1       1                               0D0000570
     510     957       0       0       0       0       0       000010000D0000571
     510       0       0       1       1                               0D0000572
     192     958       0       0       0       0       0       000010000D0000573
     192       0       0       1       1                               0D0000574
     116     959       0       0       0       0       0       000010400D0000575
     116       0       0       1       0                               0D0000576
     123     960       0       0       0       0       0       000010200D0000577
     123       0       0       1       0                               0D0000578
     123     961       0       0       0       0       0       000010200D0000579
     123       0       0       1       0                               0D0000580
     508     962       0       0       0       0       0       000010000D0000581
     508       0       0       2       1                               0D0000582
     110     964       0       0       0       0       0       000010000D0000583
     110       0       0       1       0                               0D0000584
     110     965       0       0       0       0       0       000010000D0000585
     110       0       0       1       0                               0D0000586
     110     966       0       0       0       0       0       000010000D0000587
     110       0       0       1       0                               0D0000588
     110     967       0       0       0       0       0       000010000D0000589
     110       0       0       1       0                               0D0000590
     508     968       0       0       0       0       0       000010000D0000591
     508       0       0       1       1                               0D0000592
     126     969       0       0       0       0       0       000010000D0000593
     126       0       0      52       0                               0D0000594
     126    1021       0       0       0       0       0       000010000D0000595
     126       0       0      68       0                               0D0000596
     126    1089       0       0       0       0       0       000010000D0000597
     126       0       0      83       0                               0D0000598
     510    1172       0       0       0       0       0       000010000D0000599
     510       0       0       1       1                               0D0000600
     192    1173       0       0       0       0       0       000010000D0000601
     192       0       0       1       1                               0D0000602
     116    1174       0       0       0       0       0       000010400D0000603
     116       0       0       1       0                               0D0000604
     123    1175       0       0       0       0       0       000010200D0000605
     123       0       0       1       0                               0D0000606
     123    1176       0       0       0       0       0       000010200D0000607
     123       0       0       1       0                               0D0000608
     508    1177       0       0       0       0       0       000010000D0000609
     508       0       0       2       1                               0D0000610
     110    1179       0       0       0       0       0       000010000D0000611
     110       0       0       1       0                               0D0000612
     110    1180       0       0       0       0       0       000010000D0000613
     110       0       0       1       0                               0D0000614
     110    1181       0       0       0       0       0       000010000D0000615
     110       0       0       1       0                               0D0000616
     110    1182       0       0       0       0       0       000010000D0000617
     110       0       0       1       0                               0D0000618
     510    1183       0       0       0       0       0       000010000D0000619
     510       0       0       1       1                               0D0000620
     190    1184       0       0       0       0       0       000010000D0000621
     190       0       0       1       1                               0D0000622
     116    1185       0       0       0       0       0       000010400D0000623
     116       0       0       1       0                               0D0000624
     123    1186       0       0       0       0       0       000010200D0000625
     123       0       0       1       0                               0D0000626
     123    1187       0       0       0       0       0       000010200D0000627
     123       0       0       1       0                               0D0000628
     508    1188       0       0       0       0       0       000010000D0000629
     508       0       0       1       1                               0D0000630
     508    1189       0       0       0       0       0       000010000D0000631
     508       0       0       1       1                               0D0000632
402,1,3;                                                         0000001P0000001
186,5,1,0;                                                       0000003P0000002
514,25,7,0,181,1,201,1,235,0,249,1,279,0,291,1,315,1,335,0,349,  0000005P0000003
0,363,1,377,1,397,1,417,0,437,0,451,1,465,1,479,1,499,0,519,0,   0000005P0000004
543,1,557,1,571,0,599,0,619,1;                                   0000005P0000005
510,9,2,1,17,179;                                                0000007P0000006
190,11,13,15;                                                    0000009P0000007
116,0.,0.,23.,0;                                                 0000011P0000008
123,0.,0.,1.;                                                    0000013P0000009
123,1.,0.,0.;                                                    0000015P0000010
508,1,0,19,1,1,0;                                                0000017P0000011
504,49,21,25,1,25,1,27,25,2,25,2,31,25,1,25,3,33,25,3,25,3,37,   0000019P0000012
25,4,25,5,41,25,5,25,6,45,25,6,25,2,47,25,6,25,7,51,25,7,25,8,   0000019P0000013
55,25,8,25,9,57,25,9,25,10,59,25,10,25,11,61,25,4,25,11,63,25,   0000019P0000014
12,25,12,67,25,13,25,14,69,25,14,25,14,73,25,13,25,8,77,25,4,25, 0000019P0000015
13,81,25,9,25,11,85,25,10,25,15,87,25,15,25,15,91,25,16,25,16,   0000019P0000016
95,25,12,25,16,97,25,17,25,17,101,25,18,25,18,105,25,19,25,19,   0000019P0000017
109,25,17,25,20,111,25,20,25,20,115,25,21,25,21,119,25,18,25,21, 0000019P0000018
121,25,22,25,19,123,25,22,25,22,127,25,23,25,23,131,25,24,25,24, 0000019P0000019
135,25,25,25,25,139,25,26,25,26,143,25,23,25,26,145,25,27,25,24, 0000019P0000020
147,25,27,25,27,151,25,28,25,25,153,25,28,25,29,155,25,29,25,30, 0000019P0000021
157,25,30,25,28,159,25,31,25,31,163,25,32,25,32,167,25,33,25,33, 0000019P0000022
171,25,32,25,33,173,25,34,25,31,175,25,34,25,34;                 0000019P0000023
100,0.,0.,0.,18.,0.,18.,0.;                                      0000021P0000024
124,1.,0.,0.,0.,0.,1.,0.,0.,0.,0.,1.,23.;                        0000023P0000025
502,34,18.,-4.408728477E-15,23.,16.,-3.918869757E-15,23.,18.,    0000025P0000026
-4.408728477E-15,43.,-13.,-9.327379053,13.,-2.939152318E-15,     0000025P0000027
-16.,0.,16.,-3.918869757E-15,16.,9.797174393E-16,16.,0.,-13.,    0000025P0000028
9.327379053,13.,-13.,9.327379053,15.394804318,-16.,              0000025P0000029
-4.408728477E-15,18.,-13.,-9.327379053,15.394804318,19.,         0000025P0000030
-4.653657837E-15,43.,-13.,-3.918869757E-15,-16.,19.,             0000025P0000031
-3.918869757E-15,-16.,-33.,-4.408728477E-15,18.,19.,             0000025P0000032
-4.653657837E-15,48.,19.,-4.408728477E-15,-18.,-33.,             0000025P0000033
-4.653657837E-15,19.,16.,-3.918869757E-15,48.,39.,               0000025P0000034
-4.408728477E-15,-18.,-38.,-4.653657837E-15,19.,16.,             0000025P0000035
-3.918869757E-15,25.,39.,-4.653657837E-15,-19.,-38.,             0000025P0000036
-3.918869757E-15,16.,13.,-3.184081678E-15,25.,44.,               0000025P0000037
-4.653657837E-15,-19.,-15.,-3.918869757E-15,16.,13.,             0000025P0000038
-3.184081678E-15,14.,-13.,2.553512957E-15,14.,-3.206039422E-15,  0000025P0000039
-13.,5.196152423,44.,-3.918869757E-15,-16.,-15.,                 0000025P0000040
-3.429011038E-15,-14.,21.,-3.429011038E-15,-14.,21.,             0000025P0000041
-3.918869757E-15,-16.;                                           0000025P0000042
100,0.,0.,0.,16.,0.,16.,0.;                                      0000027P0000043
124,1.,0.,0.,0.,0.,1.,0.,0.,0.,0.,1.,23.;                        0000029P0000044
110,18.,-4.408728477E-15,23.,18.,-4.408728477E-15,43.;           0000031P0000045
100,0.,0.,0.,18.,0.,18.,0.;                                      0000033P0000046
124,1.,0.,0.,0.,0.,1.,0.,0.,0.,0.,1.,43.;                        0000035P0000047
104,1.953125E-03,0.,3.90625E-03,0.,-0.,-1.,0.,18.384776311,      0000037P0000048
9.327379053,1.38552969E-15,16.;                                  0000037P0000049
124,-0.707106781,0.,0.707106781,0.,0.,-1.,0.,0.,0.707106781,0.,  0000039P0000050
0.707106781,0.;                                                  0000039P0000051
104,1.953125E-03,0.,3.90625E-03,0.,-0.,-1.,0.,-4.15658907E-15,   0000041P0000052
-16.,22.627416998,-3.918869757E-15;                              0000041P0000053
124,0.707106781,0.,-0.707106781,0.,0.,1.,0.,0.,0.707106781,0.,   0000043P0000054
0.707106781,0.;                                                  0000043P0000055
110,16.,-3.918869757E-15,16.,16.,-3.918869757E-15,23.;           0000045P0000056
104,1.953125E-03,0.,3.90625E-03,0.,-0.,-1.,0.,22.627416998,0.,   0000047P0000057
1.38552969E-15,16.;                                              0000047P0000058
124,0.707106781,0.,-0.707106781,0.,0.,1.,0.,0.,0.707106781,0.,   0000049P0000059
0.707106781,0.;                                                  0000049P0000060
104,1.953125E-03,0.,3.90625E-03,0.,-0.,-1.,0.,-4.15658907E-15,   0000051P0000061
-16.,18.384776311,-9.327379053;                                  0000051P0000062
124,-0.707106781,0.,0.707106781,0.,0.,-1.,0.,0.,0.707106781,0.,  0000053P0000063
0.707106781,0.;                                                  0000053P0000064
110,-13.,9.327379053,13.,-13.,9.327379053,15.394804318;          0000055P0000065
126,41,5,0,0,1,0,9.545757242E-08,9.545757242E-08,                0000057P0000066
9.545757242E-08,9.545757242E-08,9.545757242E-08,9.545757242E-08, 0000057P0000067
6.919655491E-02,6.919655491E-02,6.919655491E-02,6.919655491E-02, 0000057P0000068
0.128167985,0.128167985,0.128167985,0.128167985,0.188183859,     0000057P0000069
0.188183859,0.188183859,0.188183859,0.249403167,0.249403167,     0000057P0000070
0.249403167,0.249403167,0.312039967,0.312039967,0.312039967,     0000057P0000071
0.312039967,0.376391563,0.376391563,0.376391563,0.376391563,     0000057P0000072
0.453940958,0.453940958,0.453940958,0.453940958,0.597961836,     0000057P0000073
0.597961836,0.597961836,0.597961836,0.771119763,0.771119763,     0000057P0000074
0.771119763,0.771119763,1.,1.,1.,1.,1.,1.,1.,1.,1.,1.,1.,1.,1.,  0000057P0000075
1.,1.,1.,1.,1.,1.,1.,1.,1.,1.,1.,1.,1.,1.,1.,1.,1.,1.,1.,1.,1.,  0000057P0000076
1.,1.,1.,1.,1.,1.,1.,1.,1.,1.,1.,1.,1.,1.,-13.,9.327379053,      0000057P0000077
15.394804318,-13.058066788,9.246448707,15.443838281,             0000057P0000078
-13.115878711,9.164543878,15.492735573,-13.173430119,9.08163829, 0000057P0000079
15.541488801,-13.230714439,8.997703572,15.59008983,-13.33630969, 0000057P0000080
8.840274386,15.679811855,-13.384695772,8.767069901,15.720976935, 0000057P0000081
-13.432877807,8.693076919,15.76201955,-13.480850618,8.618275211, 0000057P0000082
15.802933764,-13.577212154,8.465671685,15.885214822,             0000057P0000083
-13.625593176,8.387840175,15.926576831,-13.673745492,            0000057P0000084
8.309125948,15.967792457,-13.721662308,8.229504562,16.008854317, 0000057P0000085
-13.817965799,8.066779899,16.091474592,-13.8663426,7.983638792,  0000057P0000086
16.133026428,-13.914458487,7.899498805,16.174401401,             0000057P0000087
-13.962304428,7.814329987,16.215590115,-14.058537645,7.6398738,  0000057P0000088
16.298523592,-14.10691176,7.550536702,16.340259108,              0000057P0000089
-14.154981945,7.460054467,16.381777828,-14.202735968,            0000057P0000090
7.368389792,16.423067459,-14.298882592,7.180072245,16.506285102, 0000057P0000091
-14.347256814,7.083351489,16.548199581,-14.39526796,6.98529666,  0000057P0000092
16.589843153,-14.442899015,6.885860396,16.631199182,             0000057P0000093
-14.547049234,6.66343561,16.721717881,-14.6033876,6.539799216,   0000057P0000094
16.770741914,-14.659112506,6.413992852,16.819288911,             0000057P0000095
-14.714184101,6.285917623,16.867320805,-14.869532904,            0000057P0000096
5.913195593,17.002958137,-14.96804533,5.662850639,17.089149623,  0000057P0000097
-15.063886481,5.403532688,17.173166514,-15.156639434,            0000057P0000098
5.134431672,17.254620383,-15.352728267,4.518651094,17.427095896, 0000057P0000099
-15.454457258,4.167140965,17.516761506,-15.549907843,            0000057P0000100
3.798577103,17.601049979,-15.637560409,3.411479905,17.678574315, 0000057P0000101
-15.818124399,2.467095781,17.838463448,-15.905386809,            0000057P0000102
1.886054999,17.91589578,-15.967819735,1.27401878,17.971396338,   0000057P0000103
-15.999999928,0.64178688,17.999999936,-16.,2.939152318E-15,18.,  0000057P0000104
9.545757242E-08,1.,0.648822364,4.979455947E-03,0.760923613;      0000057P0000105
126,31,4,0,0,1,0,0.,0.,0.,0.,0.,8.847015258E-02,8.847015258E-02, 0000059P0000106
8.847015258E-02,0.181816007,0.181816007,0.181816007,0.282507167, 0000059P0000107
0.282507167,0.282507167,0.372264286,0.372264286,0.372264286,     0000059P0000108
0.451398767,0.451398767,0.451398767,0.524605814,0.524605814,     0000059P0000109
0.524605814,0.600435597,0.600435597,0.600435597,0.730864531,     0000059P0000110
0.730864531,0.730864531,0.854416403,0.854416403,0.854416403,     0000059P0000111
0.999999905,0.999999905,0.999999905,0.999999905,0.999999905,1.,  0000059P0000112
1.,1.,1.,1.,1.,1.,1.,1.,1.,1.,1.,1.,1.,1.,1.,1.,1.,1.,1.,1.,1.,  0000059P0000113
1.,1.,1.,1.,1.,1.,1.,1.,1.,1.,-16.,0.,18.,-15.999999965,         0000059P0000114
-0.307357508,17.999999969,-15.992127916,-0.614481719,            0000059P0000115
17.993002497,-15.976408601,-0.918443374,17.979030095,            0000059P0000116
-15.929761222,-1.530351855,17.937591022,-15.898050658,           0000059P0000117
-1.837495038,17.909429812,-15.859437416,-2.136296149,            0000059P0000118
17.875159723,-15.767293131,-2.737146625,17.793455087,            0000059P0000119
-15.712788001,-3.037858815,17.745161648,-15.652761174,           0000059P0000120
-3.327634019,17.692032681,-15.530608584,-3.855569891,            0000059P0000121
17.584057504,-15.469390091,-4.096040929,17.529999025,            0000059P0000122
-15.405129902,-4.328651956,17.473323198,-15.279238058,           0000059P0000123
-4.752666054,17.362440365,-15.218197561,-4.945681513,            0000059P0000124
17.308736952,-15.155377361,-5.133431343,17.25353613,             0000059P0000125
-15.031377805,-5.48542092,17.144722287,-14.970429018,            0000059P0000126
-5.650366879,17.091300952,-14.908268692,-5.8113927,17.03688738,  0000059P0000127
-14.779472883,-6.131724024,16.924296324,-14.71275749,            0000059P0000128
-6.290760889,16.866054402,-14.644977615,-6.446117575,            0000059P0000129
16.80696948,-14.457953628,-6.859287569,16.644189135,             0000059P0000130
-14.336796539,-7.110330554,16.539007521,-14.213181735,           0000059P0000131
-7.35227092,16.431996077,-13.96817857,-7.807251736,16.220554472, 0000059P0000132
-13.847019512,-8.021144508,16.116288444,-13.724106719,           0000059P0000133
-8.228290734,16.010838091,-13.452843095,-8.665944243,            0000059P0000134
15.778884598,-13.303866805,-8.894032692,15.651982514,            0000059P0000135
-13.152875801,-9.114308967,15.523898874,-13.,-9.327379053,       0000059P0000136
15.394804318,0.,0.999999905,0.648729776,-5.01945772E-03,         0000059P0000137
0.761002288;                                                     0000059P0000138
110,-13.,-9.327379053,13.,-13.,-9.327379053,15.394804318;        0000061P0000139
100,0.,0.,0.,19.,0.,19.,0.;                                      0000063P0000140
124,1.,0.,0.,0.,0.,1.,0.,0.,0.,0.,1.,43.;                        0000065P0000141
110,-13.,-3.918869757E-15,-16.,19.,-3.918869757E-15,-16.;        0000067P0000142
100,0.,0.,0.,16.,0.,16.,0.;                                      0000069P0000143
124,-2.220446049E-16,0.,1.,19.,0.,1.,0.,0.,-1.,0.,               0000071P0000144
-2.220446049E-16,-7.105427358E-15;                               0000071P0000145
100,0.,0.,0.,16.,0.,-13.,9.327379053;                            0000073P0000146
124,-2.220446049E-16,0.,1.,-13.,0.,1.,0.,0.,-1.,0.,              0000075P0000147
-2.220446049E-16,0.;                                             0000075P0000148
100,0.,0.,0.,-13.,-9.327379053,16.,-3.918869757E-15;             0000077P0000149
124,-2.220446049E-16,0.,1.,-13.,0.,1.,0.,0.,-1.,0.,              0000079P0000150
-2.220446049E-16,0.;                                             0000079P0000151
100,0.,0.,0.,15.394804318,9.327379053,15.394804318,-9.327379053; 0000081P0000152
124,-2.220446049E-16,0.,-1.,-13.,0.,1.,0.,0.,1.,0.,              0000083P0000153
-2.220446049E-16,0.;                                             0000083P0000154
110,-16.,-4.408728477E-15,18.,-33.,-4.408728477E-15,18.;         0000085P0000155
100,0.,0.,0.,18.,0.,18.,0.;                                      0000087P0000156
124,-2.220446049E-16,0.,-1.,-33.,0.,1.,0.,0.,1.,0.,              0000089P0000157
-2.220446049E-16,-4.440892099E-15;                               0000089P0000158
100,0.,0.,0.,19.,0.,19.,0.;                                      0000091P0000159
124,1.,0.,0.,0.,0.,1.,0.,0.,0.,0.,1.,48.;                        0000093P0000160
110,19.,-4.653657837E-15,43.,19.,-4.653657837E-15,48.;           0000095P0000161
100,0.,0.,0.,18.,0.,18.,0.;                                      0000097P0000162
124,-2.220446049E-16,0.,1.,19.,0.,1.,0.,0.,-1.,0.,               0000099P0000163
-2.220446049E-16,0.;                                             0000099P0000164
100,0.,0.,0.,19.,0.,19.,0.;                                      0000101P0000165
124,-2.220446049E-16,0.,-1.,-33.,0.,1.,0.,0.,1.,0.,              0000103P0000166
-2.220446049E-16,-4.440892099E-15;                               0000103P0000167
100,0.,0.,0.,16.,0.,16.,0.;                                      0000105P0000168
124,1.,0.,0.,0.,0.,1.,0.,0.,0.,0.,1.,48.;                        0000107P0000169
110,19.,-4.408728477E-15,-18.,39.,-4.408728477E-15,-18.;         0000109P0000170
100,0.,0.,0.,18.,0.,18.,0.;                                      0000111P0000171
124,-2.220446049E-16,0.,1.,39.,0.,1.,0.,0.,-1.,0.,               0000113P0000172
-2.220446049E-16,-4.440892099E-15;                               0000113P0000173
100,0.,0.,0.,19.,0.,19.,0.;                                      0000115P0000174
124,-2.220446049E-16,0.,-1.,-38.,0.,1.,0.,0.,1.,0.,              0000117P0000175
-2.220446049E-16,-5.551115123E-15;                               0000117P0000176
110,-33.,-4.653657837E-15,19.,-38.,-4.653657837E-15,19.;         0000119P0000177
110,16.,-3.918869757E-15,25.,16.,-3.918869757E-15,48.;           0000121P0000178
100,0.,0.,0.,16.,0.,16.,0.;                                      0000123P0000179
124,1.,0.,0.,0.,0.,1.,0.,0.,0.,0.,1.,25.;                        0000125P0000180
100,0.,0.,0.,19.,0.,19.,0.;                                      0000127P0000181
124,-2.220446049E-16,0.,1.,39.,0.,1.,0.,0.,-1.,0.,               0000129P0000182
-2.220446049E-16,-4.440892099E-15;                               0000129P0000183
100,0.,0.,0.,16.,0.,16.,0.;                                      0000131P0000184
124,-2.220446049E-16,0.,-1.,-38.,0.,1.,0.,0.,1.,0.,              0000133P0000185
-2.220446049E-16,-5.107025913E-15;                               0000133P0000186
100,0.,0.,0.,13.,0.,13.,0.;                                      0000135P0000187
124,1.,0.,0.,0.,0.,1.,0.,0.,0.,0.,1.,25.;                        0000137P0000188
100,0.,0.,0.,19.,0.,19.,0.;                                      0000139P0000189
124,-2.220446049E-16,0.,1.,44.,0.,1.,0.,0.,-1.,0.,               0000141P0000190
-2.220446049E-16,-5.551115123E-15;                               0000141P0000191
110,39.,-4.653657837E-15,-19.,44.,-4.653657837E-15,-19.;         0000143P0000192
110,-15.,-3.918869757E-15,16.,-38.,-3.918869757E-15,16.;         0000145P0000193
100,0.,0.,0.,16.,0.,16.,0.;                                      0000147P0000194
124,-2.220446049E-16,0.,-1.,-15.,0.,1.,0.,0.,1.,0.,              0000149P0000195
-2.220446049E-16,0.;                                             0000149P0000196
110,13.,-3.184081678E-15,14.,13.,-3.184081678E-15,25.;           0000151P0000197
126,71,8,0,0,1,0,0.,0.,0.,0.,0.,0.,0.,0.,0.,0.126937249,         0000153P0000198
0.126937249,0.126937249,0.126937249,0.126937249,0.126937249,     0000153P0000199
0.126937249,0.236895318,0.236895318,0.236895318,0.236895318,     0000153P0000200
0.236895318,0.236895318,0.236895318,0.329016257,0.329016257,     0000153P0000201
0.329016257,0.329016257,0.329016257,0.329016257,0.329016257,     0000153P0000202
0.456655408,0.456655408,0.456655408,0.456655408,0.456655408,     0000153P0000203
0.456655408,0.456655408,0.540519851,0.540519851,0.540519851,     0000153P0000204
0.540519851,0.540519851,0.540519851,0.540519851,0.622214122,     0000153P0000205
0.622214122,0.622214122,0.622214122,0.622214122,0.622214122,     0000153P0000206
0.622214122,0.683988507,0.683988507,0.683988507,0.683988507,     0000153P0000207
0.683988507,0.683988507,0.683988507,0.736424154,0.736424154,     0000153P0000208
0.736424154,0.736424154,0.736424154,0.736424154,0.736424154,     0000153P0000209
0.846408843,0.846408843,0.846408843,0.846408843,0.846408843,     0000153P0000210
0.846408843,0.846408843,1.,1.,1.,1.,1.,1.,1.,1.,1.,1.,1.,1.,1.,  0000153P0000211
1.,1.,1.,1.,1.,1.,1.,1.,1.,1.,1.,1.,1.,1.,1.,1.,1.,1.,1.,1.,1.,  0000153P0000212
1.,1.,1.,1.,1.,1.,1.,1.,1.,1.,1.,1.,1.,1.,1.,1.,1.,1.,1.,1.,1.,  0000153P0000213
1.,1.,1.,1.,1.,1.,1.,1.,1.,1.,1.,1.,1.,1.,1.,1.,1.,1.,1.,1.,1.,  0000153P0000214
1.,1.,1.,1.,1.,13.,-7.347880795E-16,14.,13.,0.688111225,14.,     0000153P0000215
12.958369852,1.361721734,13.961343079,12.878198394,2.016606553,  0000153P0000216
13.886899142,12.763118407,2.648921379,13.780133868,12.617347445, 0000153P0000217
3.255086598,13.645121373,12.44572254,3.831741372,13.486542061,   0000153P0000218
12.253728781,4.375767814,13.30966565,11.868897103,5.324969772,   0000153P0000219
12.956300165,11.677022303,5.745362472,12.780548675,11.473693052, 0000153P0000220
6.146445187,12.594853287,11.260394713,6.529174322,12.400712163,  0000153P0000221
11.038295658,6.894570724,12.199336321,10.808240595,7.243709556,  0000153P0000222
11.991652705,10.570743892,7.577710187,11.778307248,10.120926442, 0000153P0000223
8.165829761,11.376495767,9.910896793,8.42395165,11.189720123,    0000153P0000224
9.696231499,8.672482666,10.999770181,9.477189404,8.911811359,    0000153P0000225
10.807010211,9.253941023,9.142323045,10.611740447,9.026558918,   0000153P0000226
9.364398938,10.414197945,8.795008067,9.578415295,10.214557459,   0000153P0000227
8.232321515,10.070621485,9.733568403,7.897455913,10.34151428,    0000153P0000228
9.450613345,7.55446936,10.598194087,9.164621528,7.202842625,     0000153P0000229
10.841404796,8.876002656,6.841782628,11.071785074,8.585099208,   0000153P0000230
6.470173211,11.289819248,8.292296562,6.086301372,11.495815009,   0000153P0000231
7.998165754,5.425236555,11.817435413,7.51012199,5.160663746,     0000153P0000232
11.937850014,7.319426829,4.889603449,12.053195315,7.12921579,    0000153P0000233
4.608586466,12.164523092,6.93801406,4.314773309,12.272034822,    0000153P0000234
6.745431553,4.006016009,12.375223159,6.552384859,3.680919924,    0000153P0000235
12.473013414,6.36131917,3.005741543,12.652444637,5.996325676,    0000153P0000236
2.663780326,12.732512478,5.825994001,2.274241551,12.813713048,   0000153P0000237
5.647575881,1.813689905,12.894559384,5.461197022,1.272728053,    0000153P0000238
12.966675252,5.285012154,0.649354623,13.014581588,5.15552336,    0000153P0000239
-6.856029123E-02,13.027728021,5.12872694,-1.561579852,           0000153P0000240
12.921950807,5.388672312,-2.126157347,12.84533739,5.573768026,   0000153P0000241
-2.620337705,12.752256868,5.789011135,-3.045325548,12.65218789,  0000153P0000242
6.003219551,-3.406076125,12.55557206,6.20092547,-3.721880998,    0000153P0000243
12.462619981,6.383693426,-4.031817204,12.364606564,6.571418501,  0000153P0000244
-4.680859316,12.132177829,6.989889933,-4.968008524,12.019992611, 0000153P0000245
7.183751435,-5.245391382,11.902811018,7.377947058,-5.514096345,  0000153P0000246
11.780907522,7.571720651,-5.775271274,11.654326085,7.764803586,  0000153P0000247
-6.030115262,11.522876429,7.957269595,-6.279821311,11.386154446, 0000153P0000248
8.149401239,-7.040722009,10.944548517,8.744641195,-7.533155586,  0000153P0000249
10.622683952,9.143970635,-8.008191009,10.276568321,9.538928767,  0000153P0000250
-8.468041145,9.904417655,9.928873615,-8.913576782,9.504206106,   0000153P0000251
10.312772374,-9.3446531,9.073785191,10.689039844,-9.759928893,   0000153P0000252
8.610979735,11.055472578,-10.712004964,7.419105008,11.903075494, 0000153P0000253
-11.23936291,6.647630471,12.378955944,-11.73193346,5.789519151,  0000153P0000254
12.828071686,-12.176282709,4.836177963,13.236518569,             0000153P0000255
-12.55327045,3.781009817,13.585203723,-12.838153473,2.620634274, 0000153P0000256
13.849707179,-13.,1.356880424,14.,-13.,3.245314018E-15,14.,0.,   0000153P0000257
1.,1.364033579E-03,0.459363278,0.888247442;                      0000153P0000258
126,57,8,0,0,1,0,0.,0.,0.,0.,0.,0.,0.,0.,0.,0.103615682,         0000155P0000259
0.103615682,0.103615682,0.103615682,0.103615682,0.103615682,     0000155P0000260
0.103615682,0.213870237,0.213870237,0.213870237,0.213870237,     0000155P0000261
0.213870237,0.213870237,0.213870237,0.307347673,0.307347673,     0000155P0000262
0.307347673,0.307347673,0.307347673,0.307347673,0.307347673,     0000155P0000263
0.428926566,0.428926566,0.428926566,0.428926566,0.428926566,     0000155P0000264
0.428926566,0.428926566,0.568015032,0.568015032,0.568015032,     0000155P0000265
0.568015032,0.568015032,0.568015032,0.568015032,0.699940382,     0000155P0000266
0.699940382,0.699940382,0.699940382,0.699940382,0.699940382,     0000155P0000267
0.699940382,0.832767884,0.832767884,0.832767884,0.832767884,     0000155P0000268
0.832767884,0.832767884,0.832767884,1.,1.,1.,1.,1.,1.,1.,1.,1.,  0000155P0000269
1.,1.,1.,1.,1.,1.,1.,1.,1.,1.,1.,1.,1.,1.,1.,1.,1.,1.,1.,1.,1.,  0000155P0000270
1.,1.,1.,1.,1.,1.,1.,1.,1.,1.,1.,1.,1.,1.,1.,1.,1.,1.,1.,1.,1.,  0000155P0000271
1.,1.,1.,1.,1.,1.,1.,1.,1.,1.,1.,1.,1.,1.,1.,1.,-13.,            0000155P0000272
1.776356839E-15,14.,-13.,-0.318536126,14.,-12.991079976,         0000155P0000273
-0.636844925,13.991717211,-12.973262225,-0.954133604,            0000155P0000274
13.975172049,-12.946659002,-1.269608246,13.950473355,            0000155P0000275
-12.911472998,-1.582477351,13.917818201,-12.867997808,           0000155P0000276
-1.891955393,13.877491695,-12.816618411,-2.197266364,            0000155P0000277
13.82986679,-12.695236997,-2.817274322,13.717451851,             0000155P0000278
-12.624249157,-3.13134078,13.651753385,-12.545294391,            0000155P0000279
-3.43956335,13.578745989,-12.458831621,-3.741677034,             0000155P0000280
13.498880375,-12.365332422,-4.037435185,13.412620664,            0000155P0000281
-12.265281019,-4.326609506,13.320444394,-12.159174293,           0000155P0000282
-4.608990053,13.222842515,-11.952859099,-5.117874317,            0000155P0000283
13.033396915,-11.854149764,-5.346491397,12.942881168,            0000155P0000284
-11.751629195,-5.570274463,12.849009746,-11.645518508,           0000155P0000285
-5.789268076,12.752007892,-11.5360245,-6.003523368,12.652088504, 0000155P0000286
-11.423339657,-6.213098042,12.549452126,-11.307642147,           0000155P0000287
-6.418056372,12.444286956,-11.034911769,-6.879130715,            0000155P0000288
12.196928319,-10.875880207,-7.13215031,12.053081794,             0000155P0000289
-10.712340138,-7.377705722,11.9055979,-10.5445888,-7.61598418,   0000155P0000290
11.754809553,-10.372880333,-7.847180928,11.601014514,            0000155P0000291
-10.197424442,-8.071497749,11.444475945,-10.018385066,           0000155P0000292
-8.289141486,11.285422974,-9.62708881,-8.741917555,10.939439074, 0000155P0000293
-9.413759357,-8.975057675,10.751789555,-9.196120119,             0000155P0000294
-9.199988575,10.56144776,-8.974348941,-9.416953497,10.368722697, 0000155P0000295
-8.748564552,-9.626192066,10.173890255,-8.518819048,             0000155P0000296
-9.827939076,9.977196153,-8.285090379,-10.022423285,9.778858875, 0000155P0000297
-7.821706885,-10.387655723,9.389575436,-7.592611585,             0000155P0000298
-10.558994352,9.198898622,-7.35984796,-10.724122733,9.007170798, 0000155P0000299
-7.123267894,-10.883224989,8.814544357,-6.882699799,             0000155P0000300
-11.03643628,8.621206104,-6.637932285,-11.183850367,8.427387884, 0000155P0000301
-6.388697833,-11.325527171,8.233377225,-5.87887788,              0000155P0000302
-11.598403338,7.844353107,-5.619832718,-11.72866565,7.650570764, 0000155P0000303
-5.355726059,-11.853262174,7.457363282,-5.085075389,             0000155P0000304
-11.972666985,7.264390225,-4.806721542,-12.086941175,            0000155P0000305
7.071852062,-4.519839633,-12.195820692,6.880553866,-4.223949998, 0000155P0000306
-12.298804176,6.691969002,-3.534902602,-12.51665617,6.27706392,  0000155P0000307
-3.144552425,-12.625115163,6.058524599,-2.729835601,             0000155P0000308
-12.726037489,5.84511787,-2.278656655,-12.818998107,5.637843053, 0000155P0000309
-1.784827749,-12.899855341,5.446706946,-1.245512281,             0000155P0000310
-12.962270024,5.290545428,-0.65511642,-13.,5.196152423,          0000155P0000311
-5.329070518E-15,-13.,5.196152423,0.,1.,0.459502085,             0000155P0000312
-0.207913285,0.863498639;                                        0000155P0000313
126,41,6,0,0,1,0,0.,0.,0.,0.,0.,0.,0.,8.942046051E-02,           0000157P0000314
8.942046051E-02,8.942046051E-02,8.942046051E-02,8.942046051E-02, 0000157P0000315
0.165086959,0.165086959,0.165086959,0.165086959,0.165086959,     0000157P0000316
0.233270608,0.233270608,0.233270608,0.233270608,0.233270608,     0000157P0000317
0.336516595,0.336516595,0.336516595,0.336516595,0.336516595,     0000157P0000318
0.469975615,0.469975615,0.469975615,0.469975615,0.469975615,     0000157P0000319
0.61209019,0.61209019,0.61209019,0.61209019,0.61209019,          0000157P0000320
0.780562675,0.780562675,0.780562675,0.780562675,0.780562675,1.,  0000157P0000321
1.,1.,1.,1.,1.,1.,1.,1.,1.,1.,1.,1.,1.,1.,1.,1.,1.,1.,1.,1.,1.,  0000157P0000322
1.,1.,1.,1.,1.,1.,1.,1.,1.,1.,1.,1.,1.,1.,1.,1.,1.,1.,1.,1.,1.,  0000157P0000323
1.,1.,1.,1.,1.,1.,-1.194030629E-15,-13.,5.196152423,0.471779757, 0000157P0000324
-13.,5.196152423,0.913339468,-12.979453248,5.247560277,          0000157P0000325
1.328402006,-12.943303465,5.337986167,1.717829492,-12.894606988, 0000157P0000326
5.455441631,2.079464222,-12.837034962,5.588727632,2.691024293,   0000157P0000327
-12.721625562,5.846106187,2.958620357,-12.663486794,5.972271482, 0000157P0000328
3.214361224,-12.601085227,6.10342694,3.459569264,-12.535133695,  0000157P0000329
6.237580937,3.69636565,-12.465790231,6.374086269,4.136727422,    0000157P0000330
-12.326209091,6.639637763,4.340316015,-12.25703519,6.767515718,  0000157P0000331
4.539019375,-12.185084069,6.896637922,4.733282411,-12.110486444, 0000157P0000332
7.026570556,4.92373573,-12.033220293,7.157186204,5.395039674,    0000157P0000333
-11.831688364,7.487690144,5.671625233,-11.703852826,7.688387114, 0000157P0000334
5.94151279,-11.569788659,7.889660704,6.205331219,-11.429575409,  0000157P0000335
8.09092057,6.463831775,-11.283039531,8.291981039,7.046425886,    0000157P0000336
-10.931381065,8.752812658,7.366838008,-10.722108633,9.011961044, 0000157P0000337
7.679924793,-10.501563317,9.269726702,7.986071425,-10.269392534, 0000157P0000338
9.525523025,8.285424699,-10.025136403,9.778818055,8.889571532,   0000157P0000339
-9.494600844,10.295553638,9.193291144,-9.206768436,10.558445632, 0000157P0000340
9.489257477,-8.903948316,10.817163392,9.777161914,-8.585366351,  0000157P0000341
11.070942274,10.056354799,-8.250247247,11.318815802,             0000157P0000342
10.645440745,-7.480055761,11.845031757,10.951532007,             0000157P0000343
-7.037831259,12.120595854,11.242755205,-6.569629844,             0000157P0000344
12.384450064,11.51691361,-6.07405338,12.634145479,11.771054439,  0000157P0000345
-5.549932398,12.866597845,12.301633809,-4.275472271,             0000157P0000346
13.353500408,12.56567115,-3.494771803,13.597115966,12.777256583, 0000157P0000347
-2.664566625,13.793155666,12.924558517,-1.796671955,             0000157P0000348
13.929954172,13.,-0.903985652,14.,13.,-1.776356839E-15,14.,0.,   0000157P0000349
1.,-0.460692777,-0.206213101,0.86327187;                         0000157P0000350
100,0.,0.,0.,16.,0.,16.,0.;                                      0000159P0000351
124,-2.220446049E-16,0.,1.,44.,0.,1.,0.,0.,-1.,0.,               0000161P0000352
-2.220446049E-16,-5.551115123E-15;                               0000161P0000353
100,0.,0.,0.,14.,0.,14.,0.;                                      0000163P0000354
124,-2.220446049E-16,0.,1.,-15.,0.,1.,0.,0.,-1.,0.,              0000165P0000355
-2.220446049E-16,-5.551115123E-15;                               0000165P0000356
100,0.,0.,0.,14.,0.,14.,0.;                                      0000167P0000357
124,-2.220446049E-16,0.,1.,21.,0.,1.,0.,0.,-1.,0.,               0000169P0000358
-2.220446049E-16,-1.35447209E-14;                                0000169P0000359
110,-15.,-3.429011038E-15,-14.,21.,-3.429011038E-15,-14.;        0000171P0000360
110,21.,-3.918869757E-15,-16.,44.,-3.918869757E-15,-16.;         0000173P0000361
100,0.,0.,0.,16.,0.,16.,0.;                                      0000175P0000362
124,-2.220446049E-16,0.,1.,21.,0.,1.,0.,0.,-1.,0.,               0000177P0000363
-2.220446049E-16,-4.440892099E-16;                               0000177P0000364
508,1,0,19,2,0,0;                                                0000179P0000365
510,183,1,1,191;                                                 0000181P0000366
192,185,187,18.,189;                                             0000183P0000367
116,0.,0.,23.,0;                                                 0000185P0000368
123,0.,0.,1.;                                                    0000187P0000369
123,1.,0.,0.;                                                    0000189P0000370
508,4,0,19,3,1,1,0,193,0,19,4,0,1,0,195,0,19,3,0,1,0,197,0,19,1, 0000191P0000371
1,1,0,199;                                                       0000191P0000372
110,360.,0.,0.,360.,20.,0.;                                      0000193P0000373
110,360.,20.,0.,0.,20.,0.;                                       0000195P0000374
110,2.37142157E-11,20.,0.,2.37142157E-11,0.,0.;                  0000197P0000375
110,0.,0.,0.,360.,0.,0.;                                         0000199P0000376
510,203,1,1,211;                                                 0000201P0000377
192,205,207,16.,209;                                             0000203P0000378
116,0.,0.,0.,0;                                                  0000205P0000379
123,0.,0.,1.;                                                    0000207P0000380
123,1.,0.,0.;                                                    0000209P0000381
508,11,0,19,5,1,1,0,213,0,19,6,1,1,0,215,0,19,7,1,1,0,217,0,19,  0000211P0000382
2,0,1,0,219,0,19,7,0,1,0,221,0,19,8,1,1,0,223,0,19,9,1,1,0,225,  0000211P0000383
0,19,10,1,1,0,227,0,19,11,1,1,0,229,0,19,12,1,1,0,231,0,19,13,0, 0000211P0000384
1,0,233;                                                         0000211P0000385
126,8,8,1,0,1,0,0.622368489,0.622368489,0.622368489,0.622368489, 0000213P0000386
0.622368489,0.622368489,0.622368489,0.622368489,0.622368489,     0000213P0000387
1.570796327,1.570796327,1.570796327,1.570796327,1.570796327,     0000213P0000388
1.570796327,1.570796327,1.570796327,1.570796327,1.,1.,1.,1.,1.,  0000213P0000389
1.,1.,1.,1.,215.659087696,13.,0.,222.451701777,11.894206747,0.,  0000213P0000390
229.2443158,10.579597429,0.,236.036929825,9.079854931,0.,        0000213P0000391
242.829543845,7.424922805,0.,249.622157873,5.649941954,0.,       0000213P0000392
256.414771895,3.79371137,0.,263.207385919,1.896855688,0.,270.,   0000213P0000393
1.764424836E-12,0.,0.622368489,1.570796327,-0.,-0.,1.;           0000213P0000394
126,8,8,1,0,1,0,4.71238898,4.71238898,4.71238898,4.71238898,     0000215P0000395
4.71238898,4.71238898,4.71238898,4.71238898,4.71238898,          0000215P0000396
6.283185307,6.283185307,6.283185307,6.283185307,6.283185307,     0000215P0000397
6.283185307,6.283185307,6.283185307,6.283185307,1.,1.,1.,1.,1.,  0000215P0000398
1.,1.,1.,1.,270.,-5.076557636E-12,0.,281.250000043,3.141592666,  0000215P0000399
0.,292.500000029,6.28318606,0.,303.750000015,9.240212182,0.,     0000215P0000400
315.,11.828140008,0.,326.249999986,13.885088738,0.,              0000215P0000401
337.499999971,15.29502758,0.,348.749999957,15.999999997,0.,360., 0000215P0000402
16.,0.,4.71238898,6.283185307,-0.,-0.,1.;                        0000215P0000403
110,360.,16.,0.,360.,23.,0.;                                     0000217P0000404
110,360.,23.,0.,0.,23.,0.;                                       0000219P0000405
110,2.37142157E-11,23.,0.,2.37142157E-11,16.,0.;                 0000221P0000406
126,8,8,1,0,1,0,0.,0.,0.,0.,0.,0.,0.,0.,0.,1.570796327,          0000223P0000407
1.570796327,1.570796327,1.570796327,1.570796327,1.570796327,     0000223P0000408
1.570796327,1.570796327,1.570796327,1.,1.,1.,1.,1.,1.,1.,1.,1.,  0000223P0000409
-8.983887546E-15,16.,0.,11.250000043,15.999999997,0.,            0000223P0000410
22.500000029,15.29502758,0.,33.750000014,13.885088738,0.,45.,    0000223P0000411
11.828140008,0.,56.249999986,9.240212182,0.,67.499999971,        0000223P0000412
6.28318606,0.,78.749999957,3.141592666,0.,90.,1.646670432E-12,   0000223P0000413
0.,0.,1.570796327,-0.,-0.,1.;                                    0000223P0000414
126,8,8,1,0,1,0,4.71238898,4.71238898,4.71238898,4.71238898,     0000225P0000415
4.71238898,4.71238898,4.71238898,4.71238898,4.71238898,          0000225P0000416
5.660816819,5.660816819,5.660816819,5.660816819,5.660816819,     0000225P0000417
5.660816819,5.660816819,5.660816819,5.660816819,1.,1.,1.,1.,1.,  0000225P0000418
1.,1.,1.,1.,90.,-4.961855747E-12,0.,96.792614081,1.896855688,0., 0000225P0000419
103.585228104,3.79371137,0.,110.377842128,5.649941954,0.,        0000225P0000420
117.170456152,7.424922805,0.,123.963070175,9.079854931,0.,       0000225P0000421
130.755684199,10.579597429,0.,137.548298223,11.894206747,0.,     0000225P0000422
144.340912304,13.,0.,4.71238898,5.660816819,-0.,-0.,1.;          0000225P0000423
126,1,1,1,0,1,0,13.,13.,15.394804318,15.394804318,1.,1.,         0000227P0000424
144.340912304,13.,0.,144.340912304,15.394804318,0.,13.,          0000227P0000425
15.394804318,0.,0.,1.;                                           0000227P0000426
126,41,5,1,0,1,0,9.545757242E-08,9.545757242E-08,                0000229P0000427
9.545757242E-08,9.545757242E-08,9.545757242E-08,9.545757242E-08, 0000229P0000428
6.919655491E-02,6.919655491E-02,6.919655491E-02,6.919655491E-02, 0000229P0000429
0.128167985,0.128167985,0.128167985,0.128167985,0.188183859,     0000229P0000430
0.188183859,0.188183859,0.188183859,0.249403167,0.249403167,     0000229P0000431
0.249403167,0.249403167,0.312039967,0.312039967,0.312039967,     0000229P0000432
0.312039967,0.376391563,0.376391563,0.376391563,0.376391563,     0000229P0000433
0.453940958,0.453940958,0.453940958,0.453940958,0.597961836,     0000229P0000434
0.597961836,0.597961836,0.597961836,0.771119763,0.771119763,     0000229P0000435
0.771119763,0.771119763,1.,1.,1.,1.,1.,1.,1.,1.,1.,1.,1.,1.,1.,  0000229P0000436
1.,1.,1.,1.,1.,1.,1.,1.,1.,1.,1.,1.,1.,1.,1.,1.,1.,1.,1.,1.,1.,  0000229P0000437
1.,1.,1.,1.,1.,1.,1.,1.,1.,1.,1.,1.,1.,1.,144.340912304,         0000229P0000438
15.394804318,0.,144.697602106,15.443838281,0.,145.05659525,      0000229P0000439
15.492735573,0.,145.417984996,15.541488801,0.,145.781871378,     0000229P0000440
15.59008983,0.,146.460695517,15.679811855,0.,146.774920827,      0000229P0000441
15.720976935,0.,147.091103345,15.76201955,0.,147.409313744,      0000229P0000442
15.802933764,0.,148.055613623,15.885214822,0.,148.38377832,      0000229P0000443
15.926576831,0.,148.714200403,15.967792457,0.,149.046964768,     0000229P0000444
16.008854317,0.,149.724080672,16.091474592,0.,150.068530837,     0000229P0000445
16.133026428,0.,150.415608699,16.174401401,0.,150.76541789,      0000229P0000446
16.215590115,0.,151.478886536,16.298523592,0.,151.842679233,     0000229P0000447
16.340259108,0.,152.209566575,16.381777828,0.,152.579677394,     0000229P0000448
16.423067459,0.,153.336847879,16.506285102,0.,153.72409424,      0000229P0000449
16.548199581,0.,154.115039863,16.589843153,0.,154.509848308,     0000229P0000450
16.631199182,0.,155.389343581,16.721717881,0.,155.875857235,     0000229P0000451
16.770741914,0.,156.368546447,16.819288911,0.,156.867753502,     0000229P0000452
16.867320805,0.,158.313758051,17.002958137,0.,159.276966872,     0000229P0000453
17.089149623,0.,160.266658334,17.173166514,0.,161.285664666,     0000229P0000454
17.254620383,0.,163.599870052,17.427095896,0.,164.909813361,     0000229P0000455
17.516761506,0.,166.272408887,17.601049979,0.,167.692882408,     0000229P0000456
17.678574315,0.,171.135968026,17.838463448,0.,173.238339678,     0000229P0000457
17.91589578,0.,175.437762722,17.971396338,0.,177.701770027,      0000229P0000458
17.999999936,0.,180.,18.,0.,9.545757242E-08,1.,-0.,-0.,1.;       0000229P0000459
126,31,4,1,0,1,0,0.,0.,0.,0.,0.,8.847015258E-02,8.847015258E-02, 0000231P0000460
8.847015258E-02,0.181816007,0.181816007,0.181816007,0.282507167, 0000231P0000461
0.282507167,0.282507167,0.372264286,0.372264286,0.372264286,     0000231P0000462
0.451398767,0.451398767,0.451398767,0.524605814,0.524605814,     0000231P0000463
0.524605814,0.600435597,0.600435597,0.600435597,0.730864531,     0000231P0000464
0.730864531,0.730864531,0.854416403,0.854416403,0.854416403,     0000231P0000465
0.999999905,0.999999905,0.999999905,0.999999905,0.999999905,1.,  0000231P0000466
1.,1.,1.,1.,1.,1.,1.,1.,1.,1.,1.,1.,1.,1.,1.,1.,1.,1.,1.,1.,1.,  0000231P0000467
1.,1.,1.,1.,1.,1.,1.,1.,1.,1.,180.,18.,0.,181.100643001,         0000231P0000468
17.999999969,0.,182.200441258,17.993002497,0.,183.290044233,     0000231P0000469
17.979030095,0.,185.487637934,17.937591022,0.,186.592960156,     0000231P0000470
17.909429812,0.,187.671555642,17.875159723,0.,189.84834719,      0000231P0000471
17.793455087,0.,190.942339558,17.745161648,0.,192.001770769,     0000231P0000472
17.692032681,0.,193.942247498,17.584057504,0.,194.830626481,     0000231P0000473
17.529999025,0.,195.694649072,17.473323198,0.,197.278549321,     0000231P0000474
17.362440365,0.,198.003362518,17.308736952,0.,198.712241001,     0000231P0000475
17.25353613,0.,200.048637769,17.144722287,0.,200.678268279,      0000231P0000476
17.091300952,0.,201.296312871,17.03688738,0.,202.532663688,      0000231P0000477
16.924296324,0.,203.150184932,16.866054402,0.,203.757101137,     0000231P0000478
16.80696948,0.,205.381177743,16.644189135,0.,206.379080107,      0000231P0000479
16.539007521,0.,207.351776939,16.431996077,0.,209.202263801,     0000231P0000480
16.220554472,0.,210.082357397,16.116288444,0.,210.944740865,     0000231P0000481
16.010838091,0.,212.788599493,15.778884598,0.,213.763896582,     0000231P0000482
15.651982514,0.,214.720009498,15.523898874,0.,215.659087696,     0000231P0000483
15.394804318,0.,0.,0.999999905,-0.,-0.,1.;                       0000231P0000484
126,1,1,1,0,1,0,6.205195282,6.205195282,8.5999996,8.5999996,1.,  0000233P0000485
1.,215.659087696,15.394804318,0.,215.659087696,13.,0.,           0000233P0000486
6.205195282,8.5999996,0.,0.,1.;                                  0000233P0000487
510,237,2,1,245,247;                                             0000235P0000488
190,239,241,243;                                                 0000237P0000489
116,0.,0.,43.,0;                                                 0000239P0000490
123,0.,0.,1.;                                                    0000241P0000491
123,1.,0.,0.;                                                    0000243P0000492
508,1,0,19,14,1,0;                                               0000245P0000493
508,1,0,19,4,0,0;                                                0000247P0000494
510,251,1,1,259;                                                 0000249P0000495
192,253,255,16.,257;                                             0000251P0000496
116,-13.,0.,0.,0;                                                0000253P0000497
123,1.,0.,-2.220446049E-16;                                      0000255P0000498
123,-2.220446049E-16,0.,-1.;                                     0000257P0000499
508,9,0,19,15,1,1,0,261,0,19,16,0,1,0,263,0,19,15,0,1,0,265,0,   0000259P0000500
19,17,1,1,0,267,0,19,9,0,1,0,269,0,19,8,0,1,0,271,0,19,6,0,1,0,  0000259P0000501
273,0,19,5,0,1,0,275,0,19,18,1,1,0,277;                          0000259P0000502
110,360.,0.,0.,360.,32.,0.;                                      0000261P0000503
110,360.,32.,0.,0.,32.,0.;                                       0000263P0000504
110,2.37142157E-11,32.,0.,2.37142157E-11,0.,0.;                  0000265P0000505
110,0.,0.,0.,144.340912304,0.,0.;                                0000267P0000506
126,8,8,1,0,1,0,4.712389011,4.712389011,4.712389011,4.712389011, 0000269P0000507
4.712389011,4.712389011,4.712389011,4.712389011,4.712389011,     0000269P0000508
5.660816849,5.660816849,5.660816849,5.660816849,5.660816849,     0000269P0000509
5.660816849,5.660816849,5.660816849,5.660816849,1.,1.,1.,1.,1.,  0000269P0000510
1.,1.,1.,1.,144.340912304,-4.416395645E-13,0.,137.548298223,     0000269P0000511
1.105793253,0.,130.755684199,2.420402571,0.,123.963070175,       0000269P0000512
3.920145069,0.,117.170456152,5.575077195,0.,110.377842128,       0000269P0000513
7.350058047,0.,103.585228104,9.206288629,0.,96.792614081,        0000269P0000514
11.103144312,0.,90.,13.,0.,4.712389011,5.660816849,-0.,-0.,1.;   0000269P0000515
126,8,8,1,0,1,0,1.25001034E-08,1.25001034E-08,1.25001034E-08,    0000271P0000516
1.25001034E-08,1.25001034E-08,1.25001034E-08,1.25001034E-08,     0000271P0000517
1.25001034E-08,1.25001034E-08,1.570796339,1.570796339,           0000271P0000518
1.570796339,1.570796339,1.570796339,1.570796339,1.570796339,     0000271P0000519
1.570796339,1.570796339,1.,1.,1.,1.,1.,1.,1.,1.,1.,90.,13.,0.,   0000271P0000520
101.250000043,16.141592666,0.,112.500000029,19.28318606,0.,      0000271P0000521
123.750000014,22.240212182,0.,135.000000001,24.828140008,0.,     0000271P0000522
146.249999985,26.885088738,0.,157.499999971,28.29502758,0.,      0000271P0000523
168.749999957,28.999999997,0.,180.,29.,0.,1.25001034E-08,        0000271P0000524
1.570796339,-0.,-0.,1.;                                          0000271P0000525
126,8,8,1,0,1,0,4.712388968,4.712388968,4.712388968,4.712388968, 0000273P0000526
4.712388968,4.712388968,4.712388968,4.712388968,4.712388968,     0000273P0000527
6.283185295,6.283185295,6.283185295,6.283185295,6.283185295,     0000273P0000528
6.283185295,6.283185295,6.283185295,6.283185295,1.,1.,1.,1.,1.,  0000273P0000529
1.,1.,1.,1.,180.,29.,0.,191.250000043,28.999999997,0.,           0000273P0000530
202.500000029,28.29502758,0.,213.750000014,26.885088738,0.,      0000273P0000531
225.000000002,24.828140008,0.,236.249999985,22.240212182,0.,     0000273P0000532
247.499999972,19.28318606,0.,258.749999957,16.141592666,0.,270., 0000273P0000533
13.,0.,4.712388968,6.283185295,-0.,-0.,1.;                       0000273P0000534
126,8,8,1,0,1,0,0.622368458,0.622368458,0.622368458,0.622368458, 0000275P0000535
0.622368458,0.622368458,0.622368458,0.622368458,0.622368458,     0000275P0000536
1.570796296,1.570796296,1.570796296,1.570796296,1.570796296,     0000275P0000537
1.570796296,1.570796296,1.570796296,1.570796296,1.,1.,1.,1.,1.,  0000275P0000538
1.,1.,1.,1.,270.,13.,0.,263.207385919,11.103144312,0.,           0000275P0000539
256.414771895,9.206288629,0.,249.622157873,7.350058046,0.,       0000275P0000540
242.829543845,5.575077195,0.,236.036929825,3.920145069,0.,       0000275P0000541
229.2443158,2.420402571,0.,222.451701777,1.105793253,0.,         0000275P0000542
215.659087696,-4.290262019E-12,0.,0.622368458,1.570796296,-0.,   0000275P0000543
-0.,1.;                                                          0000275P0000544
110,215.659087696,0.,0.,360.,0.,0.;                              0000277P0000545
510,281,1,1,289;                                                 0000279P0000546
190,283,285,287;                                                 0000281P0000547
116,-13.,0.,0.,0;                                                0000283P0000548
123,-1.,0.,-2.220446049E-16;                                     0000285P0000549
123,-2.220446049E-16,0.,1.;                                      0000287P0000550
508,5,0,19,10,1,0,0,19,19,1,0,0,19,13,0,0,0,19,18,1,0,0,19,17,1, 0000289P0000551
0;                                                               0000289P0000552
510,293,1,1,301;                                                 0000291P0000553
192,295,297,18.,299;                                             0000293P0000554
116,-13.,0.,0.,0;                                                0000295P0000555
123,-1.,0.,-2.220446049E-16;                                     0000297P0000556
123,-2.220446049E-16,0.,1.;                                      0000299P0000557
508,6,0,19,12,0,1,0,303,0,19,20,1,1,0,305,0,19,21,0,1,0,307,0,   0000301P0000558
19,20,0,1,0,309,0,19,11,0,1,0,311,0,19,19,1,1,0,313;             0000301P0000559
126,31,4,1,0,1,0,9.522991051E-08,9.522991051E-08,                0000303P0000560
9.522991051E-08,9.522991051E-08,9.522991051E-08,0.145583597,     0000303P0000561
0.145583597,0.145583597,0.269135469,0.269135469,0.269135469,     0000303P0000562
0.399564403,0.399564403,0.399564403,0.475394186,0.475394186,     0000303P0000563
0.475394186,0.548601233,0.548601233,0.548601233,0.627735714,     0000303P0000564
0.627735714,0.627735714,0.717492833,0.717492833,0.717492833,     0000303P0000565
0.818183993,0.818183993,0.818183993,0.911529847,0.911529847,     0000303P0000566
0.911529847,1.,1.,1.,1.,1.,1.,1.,1.,1.,1.,1.,1.,1.,1.,1.,1.,1.,  0000303P0000567
1.,1.,1.,1.,1.,1.,1.,1.,1.,1.,1.,1.,1.,1.,1.,1.,1.,1.,1.,1.,     0000303P0000568
328.789233989,-3.056780117E-14,0.,329.582229882,0.152875801,0.,  0000303P0000569
330.393178232,0.303866805,0.,331.223841988,0.452843095,0.,       0000303P0000570
332.800498097,0.724106719,0.,333.540285081,0.847019512,0.,       0000303P0000571
334.297583323,0.96817857,0.,335.894582737,1.213181735,0.,        0000303P0000572
336.736527972,1.336796539,0.,337.602729239,1.457953628,0.,       0000303P0000573
339.016279202,1.644977615,0.,339.545314229,1.71275749,0.,        0000303P0000574
340.084377332,1.779472883,0.,341.165173709,1.908268692,0.,       0000303P0000575
341.706168857,1.970429018,0.,342.258008892,2.031377805,0.,       0000303P0000576
343.430742669,2.155377361,0.,344.053604798,2.218197561,0.,       0000303P0000577
344.691253047,2.279238058,0.,346.086318374,2.405129902,0.,       0000303P0000578
346.848297415,2.469390091,0.,347.632697548,2.530608584,0.,       0000303P0000579
349.347956451,2.652761174,0.,350.285521634,2.712788001,0.,       0000303P0000580
351.254704583,2.767293131,0.,353.184872692,2.859437416,0.,       0000303P0000581
354.14200913,2.898050658,0.,355.123496725,2.929761222,0.,        0000303P0000582
357.075723166,2.976408601,0.,358.044050592,2.992127916,0.,       0000303P0000583
359.021650666,2.999999965,0.,360.,3.,0.,9.522991051E-08,1.,-0.,  0000303P0000584
-0.,1.;                                                          0000303P0000585
110,360.,3.,0.,360.,20.,0.;                                      0000305P0000586
110,360.,20.,0.,0.,20.,0.;                                       0000307P0000587
110,2.37142157E-11,20.,0.,2.37142157E-11,3.,0.;                  0000309P0000588
126,41,5,1,0,1,0,0.,0.,0.,0.,0.,0.,0.228880237,0.228880237,      0000311P0000589
0.228880237,0.228880237,0.402038164,0.402038164,0.402038164,     0000311P0000590
0.402038164,0.546059042,0.546059042,0.546059042,0.546059042,     0000311P0000591
0.623608437,0.623608437,0.623608437,0.623608437,0.687960033,     0000311P0000592
0.687960033,0.687960033,0.687960033,0.750596833,0.750596833,     0000311P0000593
0.750596833,0.750596833,0.811816141,0.811816141,0.811816141,     0000311P0000594
0.811816141,0.871832015,0.871832015,0.871832015,0.871832015,     0000311P0000595
0.930803445,0.930803445,0.930803445,0.930803445,0.999999905,     0000311P0000596
0.999999905,0.999999905,0.999999905,0.999999905,0.999999905,1.,  0000311P0000597
1.,1.,1.,1.,1.,1.,1.,1.,1.,1.,1.,1.,1.,1.,1.,1.,1.,1.,1.,1.,1.,  0000311P0000598
1.,1.,1.,1.,1.,1.,1.,1.,1.,1.,1.,1.,1.,1.,1.,1.,1.,1.,1.,1.,0.,  0000311P0000599
3.,0.,2.042871087,2.999999928,0.,4.055321266,2.967819735,0.,     0000311P0000600
6.0089302,2.905386809,0.,7.873641442,2.818124399,0.,             0000311P0000601
10.922488417,2.637560409,0.,12.178561766,2.549907843,0.,         0000311P0000602
13.381497011,2.454457258,0.,14.53590268,2.352728267,0.,          0000311P0000603
16.571427884,2.156639434,0.,17.466194954,2.063886481,0.,         0000311P0000604
18.333659058,1.96804533,0.,19.176316143,1.869532904,0.,          0000311P0000605
20.438844054,1.714184101,0.,20.874225783,1.659112506,0.,         0000311P0000606
21.30343586,1.6033876,0.,21.726774804,1.547049234,0.,            0000311P0000607
22.491158868,1.442899015,0.,22.833947973,1.39526796,0.,          0000311P0000608
23.173035493,1.347256814,0.,23.508564312,1.298882592,0.,         0000311P0000609
24.16391694,1.202735968,0.,24.483921065,1.154981945,0.,          0000311P0000610
24.800798603,1.10691176,0.,25.114661402,1.058537645,0.,          0000311P0000611
25.729526388,0.962304428,0.,26.030658952,0.914458487,0.,         0000311P0000612
26.329106132,0.8663426,0.,26.624957185,0.817965799,0.,           0000311P0000613
27.205865542,0.721662308,0.,27.491020768,0.673745492,0.,         0000311P0000614
27.773837905,0.625593176,0.,28.05438936,0.577212154,0.,          0000311P0000615
28.60625103,0.480850618,0.,28.877637158,0.432877807,0.,          0000311P0000616
29.146964334,0.384695772,0.,29.414292112,0.33630969,0.,          0000311P0000617
29.99107446,0.230714439,0.,30.299796587,0.173430119,0.,          0000311P0000618
30.605931651,0.115878711,0.,30.90956261,5.806678804E-02,0.,      0000311P0000619
31.210766011,-4.896307081E-14,0.,0.,0.999999905,-0.,-0.,1.;      0000311P0000620
110,31.210766011,0.,0.,328.789233989,0.,0.;                      0000313P0000621
510,317,1,1,325;                                                 0000315P0000622
192,319,321,19.,323;                                             0000317P0000623
116,0.,0.,43.,0;                                                 0000319P0000624
123,0.,0.,1.;                                                    0000321P0000625
123,1.,0.,0.;                                                    0000323P0000626
508,4,0,19,22,0,1,0,327,0,19,23,0,1,0,329,0,19,14,1,1,0,331,0,   0000325P0000627
19,23,1,1,0,333;                                                 0000325P0000628
110,360.,5.,0.,0.,5.,0.;                                         0000327P0000629
110,0.,5.,0.,0.,0.,0.;                                           0000329P0000630
110,0.,0.,0.,360.,0.,0.;                                         0000331P0000631
110,360.,0.,0.,360.,5.,0.;                                       0000333P0000632
510,337,2,1,345,347;                                             0000335P0000633
190,339,341,343;                                                 0000337P0000634
116,19.,0.,0.,0;                                                 0000339P0000635
123,1.,0.,-2.220446049E-16;                                      0000341P0000636
123,-2.220446049E-16,0.,-1.;                                     0000343P0000637
508,1,0,19,24,1,0;                                               0000345P0000638
508,1,0,19,16,0,0;                                               0000347P0000639
510,351,2,1,359,361;                                             0000349P0000640
190,353,355,357;                                                 0000351P0000641
116,-33.,0.,-4.440892099E-15,0;                                  0000353P0000642
123,-1.,0.,-2.220446049E-16;                                     0000355P0000643
123,-2.220446049E-16,0.,1.;                                      0000357P0000644
508,1,0,19,25,1,0;                                               0000359P0000645
508,1,0,19,21,0,0;                                               0000361P0000646
510,365,2,1,373,375;                                             0000363P0000647
190,367,369,371;                                                 0000365P0000648
116,0.,0.,48.,0;                                                 0000367P0000649
123,0.,0.,1.;                                                    0000369P0000650
123,1.,0.,0.;                                                    0000371P0000651
508,1,0,19,22,1,0;                                               0000373P0000652
508,1,0,19,26,0,0;                                               0000375P0000653
510,379,1,1,387;                                                 0000377P0000654
192,381,383,18.,385;                                             0000379P0000655
116,19.,0.,0.,0;                                                 0000381P0000656
123,1.,0.,-2.220446049E-16;                                      0000383P0000657
123,-2.220446049E-16,0.,-1.;                                     0000385P0000658
508,4,0,19,27,1,1,0,389,0,19,28,0,1,0,391,0,19,27,0,1,0,393,0,   0000387P0000659
19,24,1,1,0,395;                                                 0000387P0000660
110,360.,0.,0.,360.,20.,0.;                                      0000389P0000661
110,360.,20.,0.,0.,20.,0.;                                       0000391P0000662
110,2.37142157E-11,20.,0.,2.37142157E-11,0.,0.;                  0000393P0000663
110,0.,0.,0.,360.,0.,0.;                                         0000395P0000664
510,399,1,1,407;                                                 0000397P0000665
192,401,403,19.,405;                                             0000399P0000666
116,-33.,0.,-4.440892099E-15,0;                                  0000401P0000667
123,-1.,0.,-2.220446049E-16;                                     0000403P0000668
123,-2.220446049E-16,0.,1.;                                      0000405P0000669
508,4,0,19,29,0,1,0,409,0,19,30,0,1,0,411,0,19,25,1,1,0,413,0,   0000407P0000670
19,30,1,1,0,415;                                                 0000407P0000671
110,360.,5.,0.,0.,5.,0.;                                         0000409P0000672
110,0.,5.,0.,0.,0.,0.;                                           0000411P0000673
110,0.,0.,0.,360.,0.,0.;                                         0000413P0000674
110,360.,0.,0.,360.,5.,0.;                                       0000415P0000675
510,419,1,1,427;                                                 0000417P0000676
192,421,423,16.,425;                                             0000419P0000677
116,0.,0.,25.,0;                                                 0000421P0000678
123,0.,0.,1.;                                                    0000423P0000679
123,1.,0.,0.;                                                    0000425P0000680
508,4,0,19,26,0,1,0,429,0,19,31,0,1,0,431,0,19,32,1,1,0,433,0,   0000427P0000681
19,31,1,1,0,435;                                                 0000427P0000682
110,360.,23.,0.,0.,23.,0.;                                       0000429P0000683
110,0.,23.,0.,0.,0.,0.;                                          0000431P0000684
110,0.,0.,0.,360.,0.,0.;                                         0000433P0000685
110,360.,0.,0.,360.,23.,0.;                                      0000435P0000686
510,439,2,1,447,449;                                             0000437P0000687
190,441,443,445;                                                 0000439P0000688
116,39.,0.,-4.440892099E-15,0;                                   0000441P0000689
123,1.,0.,-2.220446049E-16;                                      0000443P0000690
123,-2.220446049E-16,0.,-1.;                                     0000445P0000691
508,1,0,19,33,1,0;                                               0000447P0000692
508,1,0,19,28,0,0;                                               0000449P0000693
510,453,2,1,461,463;                                             0000451P0000694
190,455,457,459;                                                 0000453P0000695
116,-38.,0.,-5.551115123E-15,0;                                  0000455P0000696
123,-1.,0.,-2.220446049E-16;                                     0000457P0000697
123,-2.220446049E-16,0.,1.;                                      0000459P0000698
508,1,0,19,29,1,0;                                               0000461P0000699
508,1,0,19,34,0,0;                                               0000463P0000700
510,467,2,1,475,477;                                             0000465P0000701
190,469,471,473;                                                 0000467P0000702
116,0.,0.,25.,0;                                                 0000469P0000703
123,0.,0.,1.;                                                    0000471P0000704
123,1.,0.,0.;                                                    0000473P0000705
508,1,0,19,32,1,0;                                               0000475P0000706
508,1,0,19,35,0,0;                                               0000477P0000707
510,481,1,1,489;                                                 0000479P0000708
192,483,485,19.,487;                                             0000481P0000709
116,39.,0.,-4.440892099E-15,0;                                   0000483P0000710
123,1.,0.,-2.220446049E-16;                                      0000485P0000711
123,-2.220446049E-16,0.,-1.;                                     0000487P0000712
508,4,0,19,36,0,1,0,491,0,19,37,0,1,0,493,0,19,33,1,1,0,495,0,   0000489P0000713
19,37,1,1,0,497;                                                 0000489P0000714
110,360.,5.,0.,0.,5.,0.;                                         0000491P0000715
110,0.,5.,0.,0.,0.,0.;                                           0000493P0000716
110,0.,0.,0.,360.,0.,0.;                                         0000495P0000717
110,360.,0.,0.,360.,5.,0.;                                       0000497P0000718
510,501,1,1,509;                                                 0000499P0000719
192,503,505,16.,507;                                             0000501P0000720
116,-15.,0.,0.,0;                                                0000503P0000721
123,-1.,0.,-2.220446049E-16;                                     0000505P0000722
123,-2.220446049E-16,0.,1.;                                      0000507P0000723
508,4,0,19,34,0,1,0,511,0,19,38,0,1,0,513,0,19,39,1,1,0,515,0,   0000509P0000724
19,38,1,1,0,517;                                                 0000509P0000725
110,360.,23.,0.,0.,23.,0.;                                       0000511P0000726
110,0.,23.,0.,0.,0.,0.;                                          0000513P0000727
110,0.,0.,0.,360.,0.,0.;                                         0000515P0000728
110,360.,0.,0.,360.,23.,0.;                                      0000517P0000729
510,521,1,1,529;                                                 0000519P0000730
192,523,525,13.,527;                                             0000521P0000731
116,0.,0.,0.,0;                                                  0000523P0000732
123,0.,0.,1.;                                                    0000525P0000733
123,1.,0.,0.;                                                    0000527P0000734
508,6,0,19,40,1,1,0,531,0,19,35,0,1,0,533,0,19,40,0,1,0,535,0,   0000529P0000735
19,41,1,1,0,537,0,19,42,1,1,0,539,0,19,43,1,1,0,541;             0000529P0000736
110,360.,14.,0.,360.,25.,0.;                                     0000531P0000737
110,360.,25.,0.,0.,25.,0.;                                       0000533P0000738
110,2.37142157E-11,25.,0.,2.37142157E-11,14.,0.;                 0000535P0000739
126,112,3,1,0,1,0,0.,0.,0.,0.,9.090909091E-03,1.818181818E-02,   0000537P0000740
2.727272727E-02,3.636363636E-02,4.545454545E-02,5.454545455E-02, 0000537P0000741
6.363636364E-02,7.272727273E-02,8.181818182E-02,9.090909091E-02, 0000537P0000742
1.E-01,0.109090909,0.118181818,0.127272727,0.136363636,          0000537P0000743
0.145454545,0.154545455,0.163636364,0.172727273,0.181818182,     0000537P0000744
0.190909091,0.2,0.209090909,0.218181818,0.227272727,0.236363636, 0000537P0000745
0.245454545,0.254545455,0.263636364,0.272727273,0.281818182,     0000537P0000746
0.290909091,0.3,0.309090909,0.318181818,0.327272727,0.336363636, 0000537P0000747
0.345454545,0.354545455,0.363636364,0.372727273,0.381818182,     0000537P0000748
0.390909091,0.4,0.409090909,0.418181818,0.427272727,0.436363636, 0000537P0000749
0.445454545,0.454545455,0.463636364,0.472727273,0.481818182,     0000537P0000750
0.490909091,0.5,0.509090909,0.518181818,0.527272727,0.536363636, 0000537P0000751
0.545454545,0.554545455,0.563636364,0.572727273,0.581818182,     0000537P0000752
0.590909091,0.6,0.609090909,0.618181818,0.627272727,0.636363636, 0000537P0000753
0.645454545,0.654545455,0.663636364,0.672727273,0.681818182,     0000537P0000754
0.690909091,0.7,0.709090909,0.718181818,0.727272727,0.736363636, 0000537P0000755
0.745454545,0.754545455,0.763636364,0.772727273,0.781818182,     0000537P0000756
0.790909091,0.8,0.809090909,0.818181818,0.827272727,0.836363636, 0000537P0000757
0.845454545,0.854545455,0.863636364,0.872727273,0.881818182,     0000537P0000758
0.890909091,0.9,0.909090909,0.918181818,0.927272727,0.936363636, 0000537P0000759
0.945454545,0.954545455,0.963636364,0.972727273,0.981818182,     0000537P0000760
0.990909091,1.,1.,1.,1.,1.,1.,1.,1.,1.,1.,1.,1.,1.,1.,1.,1.,1.,  0000537P0000761
1.,1.,1.,1.,1.,1.,1.,1.,1.,1.,1.,1.,1.,1.,1.,1.,1.,1.,1.,1.,1.,  0000537P0000762
1.,1.,1.,1.,1.,1.,1.,1.,1.,1.,1.,1.,1.,1.,1.,1.,1.,1.,1.,1.,1.,  0000537P0000763
1.,1.,1.,1.,1.,1.,1.,1.,1.,1.,1.,1.,1.,1.,1.,1.,1.,1.,1.,1.,1.,  0000537P0000764
1.,1.,1.,1.,1.,1.,1.,1.,1.,1.,1.,1.,1.,1.,1.,1.,1.,1.,1.,1.,1.,  0000537P0000765
1.,1.,1.,1.,1.,1.,1.,1.,1.,1.,1.,1.,1.,1.,1.,1.,0.,14.,0.,       0000537P0000766
0.579191739,14.000002207,0.,1.731468881,13.996297146,0.,         0000537P0000767
3.4408061,13.980007604,0.,5.130323516,13.953372178,0.,           0000537P0000768
6.799216206,13.916813389,0.,8.446625432,13.870777736,0.,         0000537P0000769
10.071624477,13.815739086,0.,11.67321214,13.752197721,0.,        0000537P0000770
13.250303592,13.680680623,0.,14.801728781,13.601740922,0.,       0000537P0000771
16.326208265,13.515959214,0.,17.822417016,13.423937984,0.,       0000537P0000772
19.288724252,13.326321504,0.,20.724146445,13.223720477,0.,       0000537P0000773
22.124776791,13.116991996,0.,23.497148152,13.006189505,0.,       0000537P0000774
24.848679898,12.891130078,0.,26.178543403,12.772255102,0.,       0000537P0000775
27.488114671,12.64980998,0.,28.778181491,12.524064033,0.,        0000537P0000776
30.049699566,12.39525167,0.,31.303597316,12.263588274,0.,        0000537P0000777
32.540835957,12.129265984,0.,33.762398633,11.992455146,0.,       0000537P0000778
34.969306846,11.853303208,0.,36.162597325,11.711938158,0.,       0000537P0000779
37.343428521,11.568456372,0.,38.512706788,11.422968244,0.,       0000537P0000780
39.670723087,11.275650591,0.,40.818222779,11.126615845,0.,       0000537P0000781
41.955844035,10.975980529,0.,43.084272572,10.823847154,0.,       0000537P0000782
44.204206167,10.670309107,0.,45.316369327,10.51544952,0.,        0000537P0000783
46.421517933,10.359341243,0.,47.520434104,10.20204839,0.,        0000537P0000784
48.613970339,10.043620526,0.,49.702906303,9.884114694,0.,        0000537P0000785
50.787580617,9.723651951,0.,51.86883714,9.562279085,0.,          0000537P0000786
52.947449301,9.400055148,0.,54.024259469,9.237031496,0.,         0000537P0000787
55.100141345,9.073258676,0.,56.176012519,8.908786256,0.,         0000537P0000788
57.252837328,8.743664565,0.,58.331633353,8.577946371,0.,         0000537P0000789
59.413488846,8.411687405,0.,60.499549301,8.244952076,0.,         0000537P0000790
61.591133562,8.077800092,0.,62.689380053,7.910344792,0.,         0000537P0000791
63.796660648,7.74254423,0.,64.911411573,7.574990064,0.,          0000537P0000792
66.027540819,7.408968792,0.,67.156170214,7.243241239,0.,         0000537P0000793
68.303228845,7.077454104,0.,69.474914998,6.911341592,0.,         0000537P0000794
70.676215953,6.744973564,0.,71.91151585,6.578695262,0.,          0000537P0000795
73.183776994,6.413254184,0.,74.497323001,6.249486797,0.,         0000537P0000796
75.847625183,6.089578739,0.,77.251746661,5.93335098,0.,          0000537P0000797
78.783239416,5.775980609,0.,80.484899167,5.619065484,0.,         0000537P0000798
82.390245479,5.468396548,0.,84.523922786,5.33467487,0.,          0000537P0000799
86.906997375,5.233051427,0.,89.570661616,5.184375661,0.,         0000537P0000800
92.538062445,5.210623362,0.,95.93208448,5.351594808,0.,          0000537P0000801
98.843411474,5.558135008,0.,101.421412552,5.792568601,0.,        0000537P0000802
103.662573566,6.031702834,0.,105.633765018,6.264167268,0.,       0000537P0000803
107.431056691,6.491476553,0.,109.220014167,6.729692127,0.,       0000537P0000804
111.175824052,7.002155192,0.,113.02820303,7.269493705,0.,        0000537P0000805
114.84730026,7.538449525,0.,116.626581305,7.806228987,0.,        0000537P0000806
118.380293657,8.073249478,0.,120.119640083,8.33990524,0.,        0000537P0000807
121.850033337,8.605891935,0.,123.570830269,8.870122541,0.,       0000537P0000808
125.288602694,9.132725429,0.,127.007182701,9.393482625,0.,       0000537P0000809
128.730502838,9.652239431,0.,130.461967913,9.908787072,0.,       0000537P0000810
132.204727026,10.162888084,0.,133.961667854,10.414262966,0.,     0000537P0000811
135.735510311,10.66259355,0.,137.528701195,10.907501946,0.,      0000537P0000812
139.343955974,11.148613433,0.,141.182387827,11.385310244,0.,     0000537P0000813
143.05063951,11.617639259,0.,144.960370182,11.846081467,0.,      0000537P0000814
146.911921293,12.069588451,0.,148.908393952,12.287374082,0.,     0000537P0000815
150.952004994,12.498445915,0.,153.045096916,12.701730214,0.,     0000537P0000816
155.18990002,12.896037777,0.,157.388628227,13.080072261,0.,      0000537P0000817
159.643485094,13.25242697,0.,161.956693927,13.411584592,0.,      0000537P0000818
164.330522224,13.555915958,0.,166.767309009,13.683679001,0.,     0000537P0000819
169.269495085,13.793017153,0.,171.839653308,13.881959034,0.,     0000537P0000820
174.480537609,13.948412747,0.,177.195087212,13.990179685,0.,     0000537P0000821
179.056116599,13.999989806,0.,180.,14.,0.,0.,1.,0.,0.,1.;        0000537P0000822
126,90,3,1,0,1,0,0.,0.,0.,0.,1.136363636E-02,2.272727273E-02,    0000539P0000823
3.409090909E-02,4.545454545E-02,5.681818182E-02,6.818181818E-02, 0000539P0000824
7.954545455E-02,9.090909091E-02,0.102272727,0.113636364,0.125,   0000539P0000825
0.136363636,0.147727273,0.159090909,0.170454545,0.181818182,     0000539P0000826
0.193181818,0.204545455,0.215909091,0.227272727,0.238636364,     0000539P0000827
0.25,0.261363636,0.272727273,0.284090909,0.295454545,            0000539P0000828
0.306818182,0.318181818,0.329545455,0.340909091,0.352272727,     0000539P0000829
0.363636364,0.375,0.386363636,0.397727273,0.409090909,           0000539P0000830
0.420454545,0.431818182,0.443181818,0.454545455,0.465909091,     0000539P0000831
0.477272727,0.488636364,0.5,0.511363636,0.522727273,0.534090909, 0000539P0000832
0.545454545,0.556818182,0.568181818,0.579545455,0.590909091,     0000539P0000833
0.602272727,0.613636364,0.625,0.636363636,0.647727273,           0000539P0000834
0.659090909,0.670454545,0.681818182,0.693181818,0.704545455,     0000539P0000835
0.715909091,0.727272727,0.738636364,0.75,0.761363636,            0000539P0000836
0.772727273,0.784090909,0.795454545,0.806818182,0.818181818,     0000539P0000837
0.829545455,0.840909091,0.852272727,0.863636364,0.875,           0000539P0000838
0.886363636,0.897727273,0.909090909,0.920454545,0.931818182,     0000539P0000839
0.943181818,0.954545455,0.965909091,0.977272727,0.988636364,1.,  0000539P0000840
1.,1.,1.,1.,1.,1.,1.,1.,1.,1.,1.,1.,1.,1.,1.,1.,1.,1.,1.,1.,1.,  0000539P0000841
1.,1.,1.,1.,1.,1.,1.,1.,1.,1.,1.,1.,1.,1.,1.,1.,1.,1.,1.,1.,1.,  0000539P0000842
1.,1.,1.,1.,1.,1.,1.,1.,1.,1.,1.,1.,1.,1.,1.,1.,1.,1.,1.,1.,1.,  0000539P0000843
1.,1.,1.,1.,1.,1.,1.,1.,1.,1.,1.,1.,1.,1.,1.,1.,1.,1.,1.,1.,1.,  0000539P0000844
1.,1.,1.,1.,1.,1.,1.,1.,1.,1.,180.,14.,0.,180.410580143,         0000539P0000845
14.000001789,0.,181.231517558,13.998138941,0.,182.461266308,     0000539P0000846
13.989788755,0.,183.688372335,13.975917602,0.,184.911838373,     0000539P0000847
13.956589886,0.,186.130655476,13.931889291,0.,187.343798678,     0000539P0000848
13.9019215,0.,188.550225432,13.866813368,0.,189.748867629,       0000539P0000849
13.826713389,0.,190.93864663,13.781790525,0.,192.11840284,       0000539P0000850
13.732238311,0.,193.28800126,13.678221218,0.,194.447351783,      0000539P0000851
13.619902917,0.,195.596335747,13.55745053,0.,196.734825897,      0000539P0000852
13.491033462,0.,197.862679662,13.420823801,0.,198.979745122,     0000539P0000853
13.346995868,0.,200.085842884,13.269727633,0.,201.180831623,     0000539P0000854
13.189195486,0.,202.264363072,13.105593752,0.,203.336854838,     0000539P0000855
13.019057153,0.,204.398749672,12.929709785,0.,205.450228758,     0000539P0000856
12.83769181,0.,206.491540389,12.743133349,0.,207.52291392,       0000539P0000857
12.646161428,0.,208.544582496,12.546898307,0.,209.556785104,     0000539P0000858
12.445461219,0.,210.559742226,12.34196508,0.,211.553757437,      0000539P0000859
12.236511925,0.,212.539196289,12.129191778,0.,213.516316762,     0000539P0000860
12.020101548,0.,214.485408204,11.909330572,0.,215.44675548,      0000539P0000861
11.796964506,0.,216.400649738,11.68308431,0.,217.347386698,      0000539P0000862
11.567766558,0.,218.287268185,11.451083394,0.,219.220603109,     0000539P0000863
11.333102547,0.,220.147707375,11.213887478,0.,221.068908528,     0000539P0000864
11.093496945,0.,221.98453255,10.971986716,0.,222.894841517,      0000539P0000865
10.849418714,0.,223.800107902,10.725851348,0.,224.700606712,     0000539P0000866
10.601340735,0.,225.59661906,10.475940462,0.,226.488432752,      0000539P0000867
10.349701735,0.,227.376343546,10.222673454,0.,228.26065686,      0000539P0000868
10.094902208,0.,229.141687144,9.966432632,0.,230.019766218,      0000539P0000869
9.83730643,0.,230.895218205,9.70756636,0.,231.768459124,         0000539P0000870
9.577241684,0.,232.639631066,9.446402868,0.,233.508968171,       0000539P0000871
9.315109417,0.,234.376954702,9.183384422,0.,235.243996584,       0000539P0000872
9.051264296,0.,236.110513549,8.918785879,0.,236.976918977,       0000539P0000873
8.785990291,0.,237.843628702,8.652922467,0.,238.711066522,       0000539P0000874
8.519631184,0.,239.57965408,8.386171465,0.,240.44986667,         0000539P0000875
8.252596954,0.,241.322040983,8.118990063,0.,242.197109058,       0000539P0000876
7.985351031,0.,243.072358871,7.852245475,0.,243.949974062,       0000539P0000877
7.719499717,0.,244.831609044,7.587038086,0.,245.718825133,       0000539P0000878
7.45481857,0.,246.612983573,7.322852508,0.,247.515282125,        0000539P0000879
7.191201948,0.,248.426758026,7.059982276,0.,249.348279256,       0000539P0000880
6.929366126,0.,250.280613472,6.79957688,0.,251.224195062,        0000539P0000881
6.670922519,0.,252.180019024,6.543678486,0.,253.146326295,       0000539P0000882
6.418534162,0.,254.119169339,6.296439879,0.,255.108918296,       0000539P0000883
6.176612978,0.,256.121438248,6.059040711,0.,257.162562736,       0000539P0000884
5.943901605,0.,258.237034279,5.831721092,0.,259.348953076,       0000539P0000885
5.723328682,0.,260.50184689,5.619866512,0.,261.698867218,        0000539P0000886
5.5227823,0.,262.942973953,5.433824337,0.,264.237148458,         0000539P0000887
5.355034532,0.,265.58460623,5.288737302,0.,266.989078098,        0000539P0000888
5.237536543,0.,268.454908491,5.204273356,0.,269.476907402,       0000539P0000889
5.196171729,0.,270.,5.196152423,0.,0.,1.,-0.,-0.,1.;             0000539P0000890
126,68,3,1,0,1,0,0.,0.,0.,0.,1.515151515E-02,3.03030303E-02,     0000541P0000891
4.545454545E-02,6.060606061E-02,7.575757576E-02,9.090909091E-02, 0000541P0000892
0.106060606,0.121212121,0.136363636,0.151515152,0.166666667,     0000541P0000893
0.181818182,0.196969697,0.212121212,0.227272727,0.242424242,     0000541P0000894
0.257575758,0.272727273,0.287878788,0.303030303,0.318181818,     0000541P0000895
0.333333333,0.348484848,0.363636364,0.378787879,0.393939394,     0000541P0000896
0.409090909,0.424242424,0.439393939,0.454545455,0.46969697,      0000541P0000897
0.484848485,0.5,0.515151515,0.53030303,0.545454545,0.560606061,  0000541P0000898
0.575757576,0.590909091,0.606060606,0.621212121,0.636363636,     0000541P0000899
0.651515152,0.666666667,0.681818182,0.696969697,0.712121212,     0000541P0000900
0.727272727,0.742424242,0.757575758,0.772727273,0.787878788,     0000541P0000901
0.803030303,0.818181818,0.833333333,0.848484848,0.863636364,     0000541P0000902
0.878787879,0.893939394,0.909090909,0.924242424,0.939393939,     0000541P0000903
0.954545455,0.96969697,0.984848485,1.,1.,1.,1.,1.,1.,1.,1.,1.,   0000541P0000904
1.,1.,1.,1.,1.,1.,1.,1.,1.,1.,1.,1.,1.,1.,1.,1.,1.,1.,1.,1.,1.,  0000541P0000905
1.,1.,1.,1.,1.,1.,1.,1.,1.,1.,1.,1.,1.,1.,1.,1.,1.,1.,1.,1.,1.,  0000541P0000906
1.,1.,1.,1.,1.,1.,1.,1.,1.,1.,1.,1.,1.,1.,1.,1.,1.,1.,1.,1.,1.,  0000541P0000907
1.,270.,5.196152423,0.,270.704278426,5.196166624,0.,             0000541P0000908
272.075987151,5.210902395,0.,274.028302576,5.270139561,0.,       0000541P0000909
275.882570406,5.359470873,0.,277.639329017,5.472034655,0.,       0000541P0000910
279.299592746,5.601562095,0.,280.847850518,5.740802953,0.,       0000541P0000911
282.318372676,5.887889949,0.,283.737184785,6.042254062,0.,       0000541P0000912
285.104690754,6.201418981,0.,286.430034391,6.364316207,0.,       0000541P0000913
287.724905889,6.530750678,0.,288.996488192,6.700372428,0.,       0000541P0000914
290.243525394,6.871918185,0.,291.469825091,7.044955254,0.,       0000541P0000915
292.678712857,7.219150891,0.,293.875287279,7.394564155,0.,       0000541P0000916
295.060924444,7.570817973,0.,296.236823631,7.747575183,0.,       0000541P0000917
297.404431644,7.924595178,0.,298.565285422,8.101702644,0.,       0000541P0000918
299.721065528,8.278787543,0.,300.873708062,8.455814526,0.,       0000541P0000919
302.025075859,8.632763385,0.,303.174962101,8.809319184,0.,       0000541P0000920
304.324630659,8.985410743,0.,305.474927437,9.160916405,0.,       0000541P0000921
306.626750398,9.33573423,0.,307.780934977,9.509761876,0.,        0000541P0000922
308.938303123,9.6829017,0.,310.09964177,9.855055264,0.,          0000541P0000923
311.265798943,10.026135023,0.,312.437378401,10.19601787,0.,      0000541P0000924
313.614985187,10.364582786,0.,314.799464925,10.531740827,0.,     0000541P0000925
315.991551615,10.697383314,0.,317.19196757,10.861395451,0.,      0000541P0000926
318.401402135,11.023652406,0.,319.620523407,11.184020149,0.,     0000541P0000927
320.84997895,11.342354789,0.,322.090407194,11.498503178,0.,      0000541P0000928
323.342416616,11.652299935,0.,324.606913726,11.803605761,0.,     0000541P0000929
325.884578537,11.952241084,0.,327.176102237,12.098015898,0.,     0000541P0000930
328.482149411,12.240724431,0.,329.803371469,12.380146423,0.,     0000541P0000931
331.140408165,12.516046739,0.,332.493886317,12.64817503,0.,      0000541P0000932
333.86444235,12.77626688,0.,335.252653112,12.900038937,0.,       0000541P0000933
336.659310516,13.019206653,0.,338.084413298,13.133417566,0.,     0000541P0000934
339.535390774,13.242845716,0.,341.009544125,13.346815645,0.,     0000541P0000935
342.505469558,13.444794554,0.,344.021534066,13.536254058,0.,     0000541P0000936
345.5562758,13.620707316,0.,347.10828862,13.697699177,0.,        0000541P0000937
348.676244751,13.766808914,0.,350.258880368,13.827649587,0.,     0000541P0000938
351.854991053,13.879868282,0.,353.463424678,13.923146223,0.,     0000541P0000939
355.083074787,13.95719854,0.,356.712874814,13.981775512,0.,      0000541P0000940
358.351788933,13.996658272,0.,359.449807159,14.000002869,0.,     0000541P0000941
360.,14.,0.,0.,1.,-0.,-0.,1.;                                    0000541P0000942
510,545,2,1,553,555;                                             0000543P0000943
190,547,549,551;                                                 0000545P0000944
116,44.,0.,-5.551115123E-15,0;                                   0000547P0000945
123,1.,0.,-2.220446049E-16;                                      0000549P0000946
123,-2.220446049E-16,0.,-1.;                                     0000551P0000947
508,1,0,19,36,1,0;                                               0000553P0000948
508,1,0,19,44,0,0;                                               0000555P0000949
510,559,2,1,567,569;                                             0000557P0000950
190,561,563,565;                                                 0000559P0000951
116,-15.,0.,0.,0;                                                0000561P0000952
123,-1.,0.,-2.220446049E-16;                                     0000563P0000953
123,-2.220446049E-16,0.,1.;                                      0000565P0000954
508,1,0,19,39,1,0;                                               0000567P0000955
508,1,0,19,45,1,0;                                               0000569P0000956
510,573,2,1,581,591;                                             0000571P0000957
192,575,577,14.,579;                                             0000573P0000958
116,-40.,0.,0.,0;                                                0000575P0000959
123,1.,0.,-2.220446049E-16;                                      0000577P0000960
123,-2.220446049E-16,0.,-1.;                                     0000579P0000961
508,4,0,19,46,0,1,0,583,0,19,47,0,1,0,585,0,19,45,1,1,0,587,0,   0000581P0000962
19,47,1,1,0,589;                                                 0000581P0000963
110,360.,61.,0.,0.,61.,0.;                                       0000583P0000964
110,0.,61.,0.,0.,25.,0.;                                         0000585P0000965
110,0.,25.,0.,360.,25.,0.;                                       0000587P0000966
110,360.,25.,0.,360.,61.,0.;                                     0000589P0000967
508,3,0,19,43,0,1,0,593,0,19,42,0,1,0,595,0,19,41,0,1,0,597;     0000591P0000968
126,68,3,1,0,1,0,0.,0.,0.,0.,1.515151515E-02,3.03030303E-02,     0000593P0000969
4.545454545E-02,6.060606061E-02,7.575757576E-02,9.090909091E-02, 0000593P0000970
0.106060606,0.121212121,0.136363636,0.151515152,0.166666667,     0000593P0000971
0.181818182,0.196969697,0.212121212,0.227272727,0.242424242,     0000593P0000972
0.257575758,0.272727273,0.287878788,0.303030303,0.318181818,     0000593P0000973
0.333333333,0.348484848,0.363636364,0.378787879,0.393939394,     0000593P0000974
0.409090909,0.424242424,0.439393939,0.454545455,0.46969697,      0000593P0000975
0.484848485,0.5,0.515151515,0.53030303,0.545454545,0.560606061,  0000593P0000976
0.575757576,0.590909091,0.606060606,0.621212121,0.636363636,     0000593P0000977
0.651515152,0.666666667,0.681818182,0.696969697,0.712121212,     0000593P0000978
0.727272727,0.742424242,0.757575758,0.772727273,0.787878788,     0000593P0000979
0.803030303,0.818181818,0.833333333,0.848484848,0.863636364,     0000593P0000980
0.878787879,0.893939394,0.909090909,0.924242424,0.939393939,     0000593P0000981
0.954545455,0.96969697,0.984848485,1.,1.,1.,1.,1.,1.,1.,1.,1.,   0000593P0000982
1.,1.,1.,1.,1.,1.,1.,1.,1.,1.,1.,1.,1.,1.,1.,1.,1.,1.,1.,1.,1.,  0000593P0000983
1.,1.,1.,1.,1.,1.,1.,1.,1.,1.,1.,1.,1.,1.,1.,1.,1.,1.,1.,1.,1.,  0000593P0000984
1.,1.,1.,1.,1.,1.,1.,1.,1.,1.,1.,1.,1.,1.,1.,1.,1.,1.,1.,1.,1.,  0000593P0000985
1.,180.,53.,0.,180.510893753,53.000002754,0.,181.530481378,      0000593P0000986
52.996401136,0.,183.052156744,52.980371455,0.,184.565027039,     0000593P0000987
52.953895615,0.,186.067967284,52.917200321,0.,187.559828256,     0000593P0000988
52.870542551,0.,189.039428891,52.814214028,0.,190.505551255,     0000593P0000989
52.748540404,0.,191.956935134,52.673881832,0.,193.392272284,     0000593P0000990
52.590633234,0.,194.810203213,52.499224407,0.,196.209305072,     0000593P0000991
52.400121089,0.,197.588113579,52.293822351,0.,198.945018733,     0000593P0000992
52.180871711,0.,200.278632431,52.061817036,0.,201.586395811,     0000593P0000993
51.937361573,0.,202.875044234,51.80728426,0.,204.144474965,      0000593P0000994
51.671934174,0.,205.39531532,51.531586142,0.,206.62799169,       0000593P0000995
51.38651267,0.,207.842981771,51.23696456,0.,209.040749618,       0000593P0000996
51.083175987,0.,210.221765291,50.925363055,0.,211.386502457,     0000593P0000997
50.763723964,0.,212.535438724,50.59843926,0.,213.669066317,      0000593P0000998
50.429670146,0.,214.787857916,50.257564469,0.,215.892474969,     0000593P0000999
50.082222237,0.,216.983296424,49.903768961,0.,218.060715146,     0000593P0001000
49.722313969,0.,219.125115615,49.537952593,0.,220.176881582,     0000593P0001001
49.3507648,0.,221.216393753,49.160815144,0.,222.244036878,       0000593P0001002
48.968150987,0.,223.260178644,48.772806339,0.,224.265251434,     0000593P0001003
48.574784944,0.,225.259450067,48.374120821,0.,226.242925913,     0000593P0001004
48.170839023,0.,227.215998721,47.964913299,0.,228.178889019,     0000593P0001005
47.756318398,0.,229.131791,47.545013607,0.,230.074845706,        0000593P0001006
47.330946753,0.,231.008171245,47.114045114,0.,231.931763362,     0000593P0001007
46.894238213,0.,232.845856332,46.671366196,0.,233.749425545,     0000593P0001008
46.445549799,0.,234.642959082,46.216500868,0.,235.526826428,     0000593P0001009
45.983901396,0.,236.401000606,45.747471941,0.,237.265123256,     0000593P0001010
45.506952225,0.,238.118520315,45.262092805,0.,238.960065466,     0000593P0001011
45.012690253,0.,239.78847263,44.758503006,0.,240.604523224,      0000593P0001012
44.49849245,0.,241.407126822,44.231973409,0.,242.194738908,      0000593P0001013
43.958143702,0.,242.962035448,43.677295684,0.,243.707978411,     0000593P0001014
43.387897155,0.,244.432224656,43.087396436,0.,245.130453489,     0000593P0001015
42.773761605,0.,245.792101186,42.446901858,0.,246.415307949,     0000593P0001016
42.101033358,0.,246.992365388,41.728435711,0.,247.491814996,     0000593P0001017
41.332590175,0.,247.88687239,40.913410916,0.,248.148235673,      0000593P0001018
40.471014963,0.,248.213117696,40.159808822,0.,248.213210702,40., 0000593P0001019
0.,0.,1.,-0.,-0.,1.;                                             0000593P0001020
126,90,3,1,0,1,0,0.,0.,0.,0.,1.136363636E-02,2.272727273E-02,    0000595P0001021
3.409090909E-02,4.545454545E-02,5.681818182E-02,6.818181818E-02, 0000595P0001022
7.954545455E-02,9.090909091E-02,0.102272727,0.113636364,0.125,   0000595P0001023
0.136363636,0.147727273,0.159090909,0.170454545,0.181818182,     0000595P0001024
0.193181818,0.204545455,0.215909091,0.227272727,0.238636364,     0000595P0001025
0.25,0.261363636,0.272727273,0.284090909,0.295454545,            0000595P0001026
0.306818182,0.318181818,0.329545455,0.340909091,0.352272727,     0000595P0001027
0.363636364,0.375,0.386363636,0.397727273,0.409090909,           0000595P0001028
0.420454545,0.431818182,0.443181818,0.454545455,0.465909091,     0000595P0001029
0.477272727,0.488636364,0.5,0.511363636,0.522727273,0.534090909, 0000595P0001030
0.545454545,0.556818182,0.568181818,0.579545455,0.590909091,     0000595P0001031
0.602272727,0.613636364,0.625,0.636363636,0.647727273,           0000595P0001032
0.659090909,0.670454545,0.681818182,0.693181818,0.704545455,     0000595P0001033
0.715909091,0.727272727,0.738636364,0.75,0.761363636,            0000595P0001034
0.772727273,0.784090909,0.795454545,0.806818182,0.818181818,     0000595P0001035
0.829545455,0.840909091,0.852272727,0.863636364,0.875,           0000595P0001036
0.886363636,0.897727273,0.909090909,0.920454545,0.931818182,     0000595P0001037
0.943181818,0.954545455,0.965909091,0.977272727,0.988636364,1.,  0000595P0001038
1.,1.,1.,1.,1.,1.,1.,1.,1.,1.,1.,1.,1.,1.,1.,1.,1.,1.,1.,1.,1.,  0000595P0001039
1.,1.,1.,1.,1.,1.,1.,1.,1.,1.,1.,1.,1.,1.,1.,1.,1.,1.,1.,1.,1.,  0000595P0001040
1.,1.,1.,1.,1.,1.,1.,1.,1.,1.,1.,1.,1.,1.,1.,1.,1.,1.,1.,1.,1.,  0000595P0001041
1.,1.,1.,1.,1.,1.,1.,1.,1.,1.,1.,1.,1.,1.,1.,1.,1.,1.,1.,1.,1.,  0000595P0001042
1.,1.,1.,1.,1.,1.,1.,1.,1.,1.,248.213210702,40.,0.,              0000595P0001043
248.213114674,39.881309464,0.,248.177429742,39.649433938,0.,     0000595P0001044
248.030738235,39.317085524,0.,247.804649841,38.999073882,0.,     0000595P0001045
247.511347346,38.694538095,0.,247.161959118,38.402726196,0.,     0000595P0001046
246.766390886,38.122972978,0.,246.333337614,37.854644002,0.,     0000595P0001047
245.870242986,37.597092411,0.,245.383269047,37.349616362,0.,     0000595P0001048
244.877266131,37.111423003,0.,244.355726039,36.881590712,0.,     0000595P0001049
243.820801062,36.659059394,0.,243.273079156,36.442539974,0.,     0000595P0001050
242.71227394,36.230750165,0.,242.13450589,36.02145785,0.,        0000595P0001051
241.543861604,35.815551433,0.,240.943293345,35.613424612,0.,     0000595P0001052
240.333859562,35.414875596,0.,239.716789883,35.219822398,0.,     0000595P0001053
239.092935398,35.028111605,0.,238.46291885,34.839570018,0.,      0000595P0001054
237.827097301,34.653991346,0.,237.18557241,34.471139808,0.,      0000595P0001055
236.538195152,34.290751068,0.,235.884542526,34.112526893,0.,     0000595P0001056
235.224009203,33.936157615,0.,234.555464768,33.761239653,0.,     0000595P0001057
233.881479418,33.588348816,0.,233.20182567,33.417327015,0.,      0000595P0001058
232.516678227,33.248138847,0.,231.826066601,33.080722963,0.,     0000595P0001059
231.130022414,32.915031224,0.,230.428540616,32.751017573,0.,     0000595P0001060
229.721590023,32.588640282,0.,229.009112242,32.427860971,0.,     0000595P0001061
228.291017368,32.268643152,0.,227.567203831,32.110955922,0.,     0000595P0001062
226.83748445,31.954757524,0.,226.101863126,31.80005428,0.,       0000595P0001063
225.360402146,31.646871076,0.,224.612920615,31.495186834,0.,     0000595P0001064
223.859300509,31.345000118,0.,223.09940468,31.196311333,0.,      0000595P0001065
222.333098771,31.049127261,0.,221.560245266,30.903459615,0.,     0000595P0001066
220.780704978,30.759325187,0.,219.994336577,30.616745588,0.,     0000595P0001067
219.200996424,30.475747058,0.,218.400539005,30.336360364,0.,     0000595P0001068
217.592814597,30.198620295,0.,216.777677261,30.062566697,0.,     0000595P0001069
215.954916935,29.92823441,0.,215.124317023,29.795662616,0.,      0000595P0001070
214.285666062,29.664896865,0.,213.438754132,29.535988455,0.,     0000595P0001071
212.583373312,29.408994508,0.,211.719317243,29.283977894,0.,     0000595P0001072
210.846380137,29.16100709,0.,209.964358735,29.040156423,0.,      0000595P0001073
209.073042928,28.921504864,0.,208.172248639,28.805140219,0.,     0000595P0001074
207.261692168,28.691143092,0.,206.341143152,28.579608001,0.,     0000595P0001075
205.410445392,28.470643916,0.,204.469424819,28.364362623,0.,     0000595P0001076
203.517911683,28.260881706,0.,202.555738918,28.160324253,0.,     0000595P0001077
201.582721391,28.062817052,0.,200.598735172,27.96849809,0.,      0000595P0001078
199.603415628,27.877488382,0.,198.596420506,27.789920628,0.,     0000595P0001079
197.578113052,27.705992209,0.,196.548667964,27.625881492,0.,     0000595P0001080
195.508296615,27.549768897,0.,194.457186862,27.477831249,0.,     0000595P0001081
193.395519729,27.410243316,0.,192.32346396,27.347177299,0.,      0000595P0001082
191.241182202,27.288803327,0.,190.148812727,27.235287991,0.,     0000595P0001083
189.046536712,27.186799707,0.,187.935487251,27.14353901,0.,      0000595P0001084
186.816726299,27.105680378,0.,185.691308964,27.073377095,0.,     0000595P0001085
184.560269254,27.046759964,0.,183.42462699,27.025937904,0.,      0000595P0001086
182.285388866,27.01099716,0.,181.143551983,27.002004158,0.,      0000595P0001087
180.381253046,26.999998173,0.,180.,27.,0.,0.,1.,-0.,-0.,1.;      0000595P0001088
126,112,3,1,0,1,0,0.,0.,0.,0.,9.090909091E-03,1.818181818E-02,   0000597P0001089
2.727272727E-02,3.636363636E-02,4.545454545E-02,5.454545455E-02, 0000597P0001090
6.363636364E-02,7.272727273E-02,8.181818182E-02,9.090909091E-02, 0000597P0001091
0.1,0.109090909,0.118181818,0.127272727,0.136363636,0.145454545, 0000597P0001092
0.154545455,0.163636364,0.172727273,0.181818182,0.190909091,0.2, 0000597P0001093
0.209090909,0.218181818,0.227272727,0.236363636,0.245454545,     0000597P0001094
0.254545455,0.263636364,0.272727273,0.281818182,0.290909091,0.3, 0000597P0001095
0.309090909,0.318181818,0.327272727,0.336363636,0.345454545,     0000597P0001096
0.354545455,0.363636364,0.372727273,0.381818182,0.390909091,0.4, 0000597P0001097
0.409090909,0.418181818,0.427272727,0.436363636,0.445454545,     0000597P0001098
0.454545455,0.463636364,0.472727273,0.481818182,0.490909091,0.5, 0000597P0001099
0.509090909,0.518181818,0.527272727,0.536363636,0.545454545,     0000597P0001100
0.554545455,0.563636364,0.572727273,0.581818182,0.590909091,0.6, 0000597P0001101
0.609090909,0.618181818,0.627272727,0.636363636,0.645454545,     0000597P0001102
0.654545455,0.663636364,0.672727273,0.681818182,0.690909091,0.7, 0000597P0001103
0.709090909,0.718181818,0.727272727,0.736363636,0.745454545,     0000597P0001104
0.754545455,0.763636364,0.772727273,0.781818182,0.790909091,0.8, 0000597P0001105
0.809090909,0.818181818,0.827272727,0.836363636,0.845454545,     0000597P0001106
0.854545455,0.863636364,0.872727273,0.881818182,0.890909091,0.9, 0000597P0001107
0.909090909,0.918181818,0.927272727,0.936363636,0.945454545,     0000597P0001108
0.954545455,0.963636364,0.972727273,0.981818182,0.990909091,1.,  0000597P0001109
1.,1.,1.,1.,1.,1.,1.,1.,1.,1.,1.,1.,1.,1.,1.,1.,1.,1.,1.,1.,1.,  0000597P0001110
1.,1.,1.,1.,1.,1.,1.,1.,1.,1.,1.,1.,1.,1.,1.,1.,1.,1.,1.,1.,1.,  0000597P0001111
1.,1.,1.,1.,1.,1.,1.,1.,1.,1.,1.,1.,1.,1.,1.,1.,1.,1.,1.,1.,1.,  0000597P0001112
1.,1.,1.,1.,1.,1.,1.,1.,1.,1.,1.,1.,1.,1.,1.,1.,1.,1.,1.,1.,1.,  0000597P0001113
1.,1.,1.,1.,1.,1.,1.,1.,1.,1.,1.,1.,1.,1.,1.,1.,1.,1.,1.,1.,1.,  0000597P0001114
1.,1.,1.,1.,1.,1.,1.,1.,1.,1.,1.,180.,27.,0.,179.123527367,      0000597P0001115
27.000012777,0.,177.395446421,27.010573673,0.,174.875618526,     0000597P0001116
27.05556574,0.,172.425720189,27.127194673,0.,170.043613274,      0000597P0001117
27.223151553,0.,167.727268445,27.341253963,0.,165.474762594,     0000597P0001118
27.479460242,0.,163.284249729,27.635859906,0.,161.153942089,     0000597P0001119
27.808671414,0.,159.082090928,27.99623885,0.,157.066968662,      0000597P0001120
28.197029809,0.,155.106853218,28.409633516,0.,153.200007233,     0000597P0001121
28.632760484,0.,151.344678915,28.865239242,0.,149.53902349,      0000597P0001122
29.106026411,0.,147.781321857,29.354169276,0.,146.069090567,     0000597P0001123
29.608947677,0.,144.402329798,29.869348554,0.,142.771017077,     0000597P0001124
30.136082476,0.,141.169818785,30.409411998,0.,139.598390496,     0000597P0001125
30.688866694,0.,138.055066072,30.97427247,0.,136.538544173,      0000597P0001126
31.26548094,0.,135.047434001,31.562447089,0.,133.580381341,      0000597P0001127
31.865213887,0.,132.136029852,32.173927606,0.,130.713078213,     0000597P0001128
32.488836726,0.,129.310137527,32.810345705,0.,127.926312907,     0000597P0001129
33.138892239,0.,126.559111421,33.475508772,0.,125.212347378,     0000597P0001130
33.819862921,0.,123.885753553,34.172820123,0.,122.575740089,     0000597P0001131
34.536481075,0.,121.279045125,34.9137482,0.,120.007382043,       0000597P0001132
35.303109461,0.,118.728319107,35.719668908,0.,117.622957788,     0000597P0001133
36.105142463,0.,116.577989915,36.496042587,0.,115.519022803,     0000597P0001134
36.928671425,0.,114.43939827,37.424927794,0.,113.390103507,      0000597P0001135
38.000691665,0.,112.472789422,38.655746503,0.,111.850445174,     0000597P0001136
39.424000337,0.,111.734926173,40.097473731,0.,111.949374797,     0000597P0001137
40.701668071,0.,112.398289644,41.240916936,0.,112.991316514,     0000597P0001138
41.721884645,0.,113.662728633,42.149352786,0.,114.365720663,     0000597P0001139
42.529111203,0.,115.074733771,42.868989809,0.,115.782660186,     0000597P0001140
43.178821845,0.,116.511629591,43.474997599,0.,117.263037956,     0000597P0001141
43.761256261,0.,118.027331443,44.036631804,0.,118.801005346,     0000597P0001142
44.302104012,0.,119.580894173,44.558352227,0.,120.365646831,     0000597P0001143
44.806354611,0.,121.155189844,45.047200035,0.,121.951075339,     0000597P0001144
45.282203972,0.,122.755325113,45.512595734,0.,123.574429996,     0000597P0001145
45.740616326,0.,124.402624563,45.964953739,0.,125.237368582,     0000597P0001146
46.18526091,0.,126.079255693,46.401980633,0.,126.928121831,      0000597P0001147
46.615298166,0.,127.78407957,46.825427765,0.,128.647232949,      0000597P0001148
47.032541058,0.,129.517746213,47.236790627,0.,130.395818113,     0000597P0001149
47.438307343,0.,131.281681626,47.637203945,0.,132.175597916,     0000597P0001150
47.83357634,0.,133.07784927,48.02750424,0.,133.988743132,        0000597P0001151
48.219053187,0.,134.908573913,48.408268122,0.,135.837743562,     0000597P0001152
48.595195857,0.,136.776251096,48.779789489,0.,137.724499512,     0000597P0001153
48.962070455,0.,138.682986614,49.142061157,0.,139.652174552,     0000597P0001154
49.319761584,0.,140.632526343,49.495156317,0.,141.624498571,     0000597P0001155
49.668213521,0.,142.628542866,49.838885619,0.,143.645116495,     0000597P0001156
50.007111229,0.,144.674648185,50.172810364,0.,145.717674315,     0000597P0001157
50.335905346,0.,146.774334309,50.496244886,0.,147.845330222,     0000597P0001158
50.65374887,0.,148.93160189,50.80835109,0.,150.033990979,        0000597P0001159
50.959948471,0.,151.153334973,51.108414916,0.,152.29044511,      0000597P0001160
51.253597739,0.,153.446119862,51.395319142,0.,154.621133568,     0000597P0001161
51.533374897,0.,155.816290213,51.667539189,0.,157.032242824,     0000597P0001162
51.797547597,0.,158.270186539,51.923161371,0.,159.529292684,     0000597P0001163
52.04392838,0.,160.816306435,52.160076086,0.,162.137199017,      0000597P0001164
52.271570545,0.,163.488334055,52.377505361,0.,164.868740956,     0000597P0001165
52.477243728,0.,166.276837904,52.570113107,0.,167.711308607,     0000597P0001166
52.655486603,0.,169.170864736,52.732760711,0.,170.654305615,     0000597P0001167
52.801360814,0.,172.160496895,52.860739198,0.,173.688369682,     0000597P0001168
52.910375127,0.,175.236912612,52.949774084,0.,176.805165619,     0000597P0001169
52.978468189,0.,178.392208295,52.996012615,0.,179.462178083,     0000597P0001170
53.000002054,0.,180.,53.,0.,0.,1.,-0.,-0.,1.;                    0000597P0001171
510,601,1,1,609;                                                 0000599P0001172
192,603,605,16.,607;                                             0000601P0001173
116,21.,0.,-4.440892099E-16,0;                                   0000603P0001174
123,1.,0.,-2.220446049E-16;                                      0000605P0001175
123,-2.220446049E-16,0.,-1.;                                     0000607P0001176
508,4,0,19,44,0,1,0,611,0,19,48,0,1,0,613,0,19,49,1,1,0,615,0,   0000609P0001177
19,48,1,1,0,617;                                                 0000609P0001178
110,360.,23.,0.,0.,23.,0.;                                       0000611P0001179
110,0.,23.,0.,0.,0.,0.;                                          0000613P0001180
110,0.,0.,0.,360.,0.,0.;                                         0000615P0001181
110,360.,0.,0.,360.,23.,0.;                                      0000617P0001182
510,621,2,1,629,631;                                             0000619P0001183
190,623,625,627;                                                 0000621P0001184
116,21.,0.,-4.440892099E-16,0;                                   0000623P0001185
123,1.,0.,-2.220446049E-16;                                      0000625P0001186
123,-2.220446049E-16,0.,-1.;                                     0000627P0001187
508,1,0,19,49,1,0;                                               0000629P0001188
508,1,0,19,46,0,0;                                               0000631P0001189
S      1G      4D    632P   1189                                        T0000001
